step,slot,new_chunk,gpu_ms,total_ms,stage,black_head,black_left,black_right,step_ms
0,0,1,83.763,84.492,-1,0,0,0,nan
1,0,0,0.000,0.000,-1,0,0,0,173.638
2,0,0,0.000,0.000,-1,0,0,0,76.571
3,0,0,0.000,0.000,-1,0,0,0,91.585
4,0,0,0.000,0.000,-1,0,0,0,80.292
5,0,0,0.000,0.000,-1,0,0,0,119.748
6,0,0,0.000,0.000,-1,0,0,0,86.097
7,0,0,0.000,0.000,-1,0,0,0,78.029
8,0,0,0.000,0.000,-1,0,0,0,74.912
9,0,0,0.000,0.000,-1,0,0,0,81.300
10,0,0,0.000,0.000,-1,0,0,0,72.617
11,0,0,0.000,0.000,-1,0,0,0,72.925
12,0,0,0.000,0.000,-1,0,0,0,73.029
13,0,0,0.000,0.000,-1,0,0,0,77.496
14,0,0,0.000,0.000,-1,0,0,0,74.892
15,0,0,0.000,0.000,-1,0,0,0,72.043
16,0,0,0.000,0.000,-1,0,0,0,67.498
17,0,0,0.000,0.000,-1,0,0,0,86.857
18,0,0,0.000,0.000,-1,0,0,0,76.468
19,0,0,0.000,0.000,-1,0,0,0,81.716
20,0,0,0.000,0.000,-1,0,0,0,73.717
21,0,0,0.000,0.000,-1,0,0,0,72.510
22,0,0,0.000,0.000,-1,0,0,0,72.895
23,0,0,0.000,0.000,-1,0,0,0,76.926
24,0,0,0.000,0.000,-1,0,0,0,74.683
25,0,0,0.000,0.000,-1,0,0,0,79.962
26,0,0,0.000,0.000,-1,0,0,0,84.474
27,0,0,0.000,0.000,-1,0,0,0,107.903
28,0,0,0.000,0.000,-1,0,0,0,93.557
29,0,0,0.000,0.000,-1,0,0,0,95.422
30,0,0,0.000,0.000,-1,0,0,0,108.730
31,0,0,0.000,0.000,-1,0,0,0,76.497
32,0,1,85.832,86.918,-1,0,0,0,78.892
33,0,0,0.000,0.000,-1,0,0,0,77.931
34,0,0,0.000,0.000,-1,0,0,0,72.833
35,0,0,0.000,0.000,-1,0,0,0,69.596
36,0,0,0.000,0.000,-1,0,0,0,67.118
37,0,0,0.000,0.000,-1,0,0,0,68.104
38,0,0,0.000,0.000,-1,0,0,0,67.939
39,0,0,0.000,0.000,-1,0,0,0,69.484
40,0,0,0.000,0.000,-1,0,0,0,78.030
41,0,0,0.000,0.000,-1,0,0,0,80.992
42,0,0,0.000,0.000,-1,0,0,0,74.754
43,0,0,0.000,0.000,-1,0,0,0,71.355
44,0,0,0.000,0.000,-1,0,0,0,72.001
45,0,0,0.000,0.000,-1,0,0,0,74.724
46,0,0,0.000,0.000,-1,0,0,0,73.089
47,0,0,0.000,0.000,-1,0,0,0,76.075
48,0,0,0.000,0.000,-1,0,0,0,73.999
49,0,0,0.000,0.000,-1,0,0,0,72.887
50,0,0,0.000,0.000,-1,0,0,0,71.052
51,0,0,0.000,0.000,-1,0,0,0,70.992
52,0,0,0.000,0.000,-1,0,0,0,72.819
53,0,0,0.000,0.000,-1,0,0,0,71.961
54,0,0,0.000,0.000,-1,0,0,0,70.626
55,0,0,0.000,0.000,-1,0,0,0,71.657
56,0,0,0.000,0.000,-1,0,0,0,73.308
57,0,0,0.000,0.000,-1,0,0,0,72.955
58,0,0,0.000,0.000,-1,0,0,0,76.180
59,0,0,0.000,0.000,-1,0,0,0,77.244
60,0,0,0.000,0.000,-1,0,0,0,74.685
61,0,0,0.000,0.000,-1,0,0,0,72.572
62,0,0,0.000,0.000,-1,0,0,0,71.370
63,0,0,0.000,0.000,-1,0,0,0,72.655
64,0,1,80.645,81.446,-1,0,0,0,75.037
65,0,0,0.000,0.000,-1,0,0,0,74.270
66,0,0,0.000,0.000,-1,0,0,0,72.274
67,0,0,0.000,0.000,-1,0,0,0,71.151
68,0,0,0.000,0.000,-1,0,0,0,73.809
69,0,0,0.000,0.000,-1,0,0,0,74.570
70,0,0,0.000,0.000,-1,0,0,0,69.296
71,0,0,0.000,0.000,-1,0,0,0,70.484
72,0,0,0.000,0.000,-1,0,0,0,69.643
73,0,0,0.000,0.000,-1,0,0,0,82.853
74,0,0,0.000,0.000,-1,0,0,0,79.251
75,0,0,0.000,0.000,-1,0,0,0,77.310
76,0,0,0.000,0.000,-1,0,0,0,74.273
77,0,0,0.000,0.000,-1,0,0,0,75.037
78,0,0,0.000,0.000,-1,0,0,0,73.381
79,0,0,0.000,0.000,-1,0,0,0,72.312
80,0,0,0.000,0.000,-1,0,0,0,75.464
81,0,0,0.000,0.000,-1,0,0,0,71.267
82,0,0,0.000,0.000,-1,0,0,0,72.934
83,0,0,0.000,0.000,-1,0,0,0,72.849
84,0,0,0.000,0.000,-1,0,0,0,72.710
85,0,0,0.000,0.000,-1,0,0,0,65.819
86,0,0,0.000,0.000,-1,0,0,0,67.511
87,0,0,0.000,0.000,-1,0,0,0,73.564
88,0,0,0.000,0.000,-1,0,0,0,75.019
89,0,0,0.000,0.000,-1,0,0,0,79.889
90,0,0,0.000,0.000,-1,0,0,0,76.309
91,0,0,0.000,0.000,-1,0,0,0,72.363
92,0,0,0.000,0.000,-1,0,0,0,73.469
93,0,0,0.000,0.000,-1,0,0,0,72.756
94,0,0,0.000,0.000,-1,0,0,0,70.627
95,0,0,0.000,0.000,-1,0,0,0,71.572
96,0,1,82.634,84.732,-1,0,0,0,70.944
97,0,0,0.000,0.000,-1,0,0,0,72.869
98,0,0,0.000,0.000,-1,0,0,0,71.284
99,0,0,0.000,0.000,-1,0,0,0,77.030
100,0,0,0.000,0.000,-1,0,0,0,68.804
101,0,0,0.000,0.000,-1,0,0,0,68.972
102,0,0,0.000,0.000,-1,0,0,0,71.169
103,0,0,0.000,0.000,-1,0,0,0,71.577
104,0,0,0.000,0.000,-1,0,0,0,69.431
105,0,0,0.000,0.000,-1,0,0,0,69.061
106,0,0,0.000,0.000,-1,0,0,0,68.386
107,0,0,0.000,0.000,-1,0,0,0,71.334
108,0,0,0.000,0.000,-1,0,0,0,70.492
109,0,0,0.000,0.000,-1,0,0,0,69.260
110,0,0,0.000,0.000,-1,0,0,0,69.278
111,0,0,0.000,0.000,-1,0,0,0,67.979
112,0,0,0.000,0.000,-1,0,0,0,73.018
113,0,0,0.000,0.000,-1,0,0,0,69.254
114,0,0,0.000,0.000,-1,0,0,0,69.453
115,0,0,0.000,0.000,-1,0,0,0,72.443
116,0,0,0.000,0.000,-1,0,0,0,67.043
117,0,0,0.000,0.000,-1,0,0,0,71.216
118,0,0,0.000,0.000,-1,0,0,0,70.525
119,0,0,0.000,0.000,-1,0,0,0,69.211
120,0,0,0.000,0.000,-1,0,0,0,65.423
121,0,0,0.000,0.000,-1,0,0,0,66.365
122,0,0,0.000,0.000,-1,0,0,0,68.066
123,0,0,0.000,0.000,-1,0,0,0,67.014
124,0,0,0.000,0.000,-1,0,0,0,67.018
125,0,0,0.000,0.000,-1,0,0,0,69.741
126,0,0,0.000,0.000,-1,0,0,0,66.479
127,0,0,0.000,0.000,-1,0,0,0,69.520
128,0,1,81.148,82.005,-1,0,0,0,67.645
129,0,0,0.000,0.000,-1,0,0,0,69.403
130,0,0,0.000,0.000,-1,0,0,0,70.028
131,0,0,0.000,0.000,-1,0,0,0,69.568
132,0,0,0.000,0.000,-1,0,0,0,78.405
133,0,0,0.000,0.000,-1,0,0,0,68.887
134,0,0,0.000,0.000,-1,0,0,0,69.065
135,0,0,0.000,0.000,-1,0,0,0,70.789
136,0,0,0.000,0.000,-1,0,0,0,70.972
137,0,0,0.000,0.000,-1,0,0,0,67.174
138,0,0,0.000,0.000,-1,0,0,0,67.726
139,0,0,0.000,0.000,-1,0,0,0,68.329
140,0,0,0.000,0.000,-1,0,0,0,71.278
141,0,0,0.000,0.000,-1,0,0,0,69.682
142,0,0,0.000,0.000,-1,0,0,0,69.695
143,0,0,0.000,0.000,-1,0,0,0,68.514
144,0,0,0.000,0.000,-1,0,0,0,69.231
145,0,0,0.000,0.000,-1,0,0,0,67.477
146,0,0,0.000,0.000,-1,0,0,0,67.855
147,0,0,0.000,0.000,-1,0,0,0,67.368
148,0,0,0.000,0.000,-1,0,0,0,68.692
149,0,0,0.000,0.000,-1,0,0,0,66.646
150,0,0,0.000,0.000,-1,0,0,0,68.806
151,0,0,0.000,0.000,-1,0,0,0,69.983
152,0,0,0.000,0.000,-1,0,0,0,68.453
153,0,0,0.000,0.000,-1,0,0,0,68.119
154,0,0,0.000,0.000,-1,0,0,0,68.882
155,0,0,0.000,0.000,-1,0,0,0,68.698
156,0,0,0.000,0.000,-1,0,0,0,69.444
157,0,0,0.000,0.000,-1,0,0,0,70.418
158,0,0,0.000,0.000,-1,0,0,0,67.253
159,0,0,0.000,0.000,-1,0,0,0,74.280
160,0,1,82.164,83.182,-1,0,0,0,66.811
161,0,0,0.000,0.000,-1,0,0,0,68.667
162,0,0,0.000,0.000,-1,0,0,0,67.582
163,0,0,0.000,0.000,-1,0,0,0,74.187
164,0,0,0.000,0.000,-1,0,0,0,75.602
165,0,0,0.000,0.000,-1,0,0,0,68.746
166,0,0,0.000,0.000,-1,0,0,0,70.027
167,0,0,0.000,0.000,-1,0,0,0,69.508
168,0,0,0.000,0.000,-1,0,0,0,71.504
169,0,0,0.000,0.000,-1,0,0,0,71.891
170,0,0,0.000,0.000,-1,0,0,0,72.718
171,0,0,0.000,0.000,-1,0,0,0,75.120
172,0,0,0.000,0.000,-1,0,0,0,71.307
173,0,0,0.000,0.000,-1,0,0,0,68.393
174,0,0,0.000,0.000,-1,0,0,0,67.442
175,0,0,0.000,0.000,-1,0,0,0,66.135
176,0,0,0.000,0.000,-1,0,0,0,67.950
177,0,0,0.000,0.000,-1,0,0,0,66.212
178,0,0,0.000,0.000,-1,0,0,0,69.286
179,0,0,0.000,0.000,-1,0,0,0,68.082
180,0,0,0.000,0.000,-1,0,0,0,67.429
181,0,0,0.000,0.000,-1,0,0,0,68.839
182,0,0,0.000,0.000,-1,0,0,0,66.805
183,0,0,0.000,0.000,-1,0,0,0,65.108
184,0,0,0.000,0.000,-1,0,0,0,66.709
185,0,0,0.000,0.000,-1,0,0,0,65.386
186,0,0,0.000,0.000,-1,0,0,0,68.334
187,0,0,0.000,0.000,-1,0,0,0,68.482
188,0,0,0.000,0.000,-1,0,0,0,68.900
189,0,0,0.000,0.000,-1,0,0,0,65.153
190,0,0,0.000,0.000,-1,0,0,0,67.173
191,0,0,0.000,0.000,-1,0,0,0,69.110
192,0,1,83.447,85.399,-1,0,0,0,67.728
193,0,0,0.000,0.000,-1,0,0,0,68.956
194,0,0,0.000,0.000,-1,0,0,0,69.263
195,0,0,0.000,0.000,-1,0,0,0,66.600
196,0,0,0.000,0.000,-1,0,0,0,68.497
197,0,0,0.000,0.000,-1,0,0,0,71.629
198,0,0,0.000,0.000,-1,0,0,0,73.201
199,0,0,0.000,0.000,-1,0,0,0,70.893
200,0,0,0.000,0.000,-1,0,0,0,69.426
201,0,0,0.000,0.000,-1,0,0,0,69.606
202,0,0,0.000,0.000,-1,0,0,0,73.666
203,0,0,0.000,0.000,-1,0,0,0,71.162
204,0,0,0.000,0.000,-1,0,0,0,72.318
205,0,0,0.000,0.000,-1,0,0,0,67.193
206,0,0,0.000,0.000,-1,0,0,0,69.558
207,0,0,0.000,0.000,-1,0,0,0,86.447
208,0,0,0.000,0.000,-1,0,0,0,73.813
209,0,0,0.000,0.000,-1,0,0,0,70.131
210,0,0,0.000,0.000,-1,0,0,0,69.949
211,0,0,0.000,0.000,-1,0,0,0,70.074
212,0,0,0.000,0.000,-1,0,0,0,69.732
213,0,0,0.000,0.000,-1,0,0,0,70.171
214,0,0,0.000,0.000,-1,0,0,0,66.660
215,0,0,0.000,0.000,-1,0,0,0,66.405
216,0,0,0.000,0.000,-1,0,0,0,66.293
217,0,0,0.000,0.000,-1,0,0,0,65.964
218,0,0,0.000,0.000,-1,0,0,0,66.858
219,0,0,0.000,0.000,-1,0,0,0,69.659
220,0,0,0.000,0.000,-1,0,0,0,65.377
221,0,0,0.000,0.000,-1,0,0,0,65.305
222,0,0,0.000,0.000,-1,0,0,0,67.394
223,0,0,0.000,0.000,-1,0,0,0,74.141
224,0,1,81.903,82.689,-1,0,0,0,70.476
225,0,0,0.000,0.000,-1,0,0,0,70.047
226,0,0,0.000,0.000,-1,0,0,0,72.636
227,0,0,0.000,0.000,-1,0,0,0,68.296
228,0,0,0.000,0.000,-1,0,0,0,69.946
229,0,0,0.000,0.000,-1,0,0,0,67.365
230,0,0,0.000,0.000,-1,0,0,0,67.494
231,0,0,0.000,0.000,-1,0,0,0,67.301
232,0,0,0.000,0.000,-1,0,0,0,67.880
233,0,0,0.000,0.000,-1,0,0,0,67.993
234,0,0,0.000,0.000,-1,0,0,0,71.697
235,0,0,0.000,0.000,-1,0,0,0,70.979
236,0,0,0.000,0.000,-1,0,0,0,70.275
237,0,0,0.000,0.000,-1,0,0,0,70.725
238,0,0,0.000,0.000,-1,0,0,0,70.593
239,0,0,0.000,0.000,-1,0,0,0,70.712
240,0,0,0.000,0.000,-1,0,0,0,68.904
241,0,0,0.000,0.000,-1,0,0,0,71.344
242,0,0,0.000,0.000,-1,0,0,0,75.722
243,0,0,0.000,0.000,-1,0,0,0,75.882
244,0,0,0.000,0.000,-1,0,0,0,70.993
245,0,0,0.000,0.000,-1,0,0,0,67.332
246,0,0,0.000,0.000,-1,0,0,0,66.444
247,0,0,0.000,0.000,-1,0,0,0,69.530
248,0,0,0.000,0.000,-1,0,0,0,73.754
249,0,0,0.000,0.000,-1,0,0,0,68.858
250,0,0,0.000,0.000,-1,0,0,0,72.258
251,0,0,0.000,0.000,-1,0,0,0,74.112
252,0,0,0.000,0.000,-1,0,0,0,71.961
253,0,0,0.000,0.000,-1,0,0,0,73.207
254,0,0,0.000,0.000,-1,0,0,0,77.455
255,0,0,0.000,0.000,-1,0,0,0,74.482
256,0,1,82.508,83.454,-1,0,0,0,71.243
257,0,0,0.000,0.000,-1,0,0,0,69.269
258,0,0,0.000,0.000,-1,0,0,0,72.493
259,0,0,0.000,0.000,-1,0,0,0,80.678
260,0,0,0.000,0.000,-1,0,0,0,69.421
261,0,0,0.000,0.000,-1,0,0,0,68.273
262,0,0,0.000,0.000,-1,0,0,0,67.413
263,0,0,0.000,0.000,-1,0,0,0,69.319
264,0,0,0.000,0.000,-1,0,0,0,68.167
265,0,0,0.000,0.000,-1,0,0,0,67.632
266,0,0,0.000,0.000,-1,0,0,0,69.955
267,0,0,0.000,0.000,-1,0,0,0,73.247
268,0,0,0.000,0.000,-1,0,0,0,67.938
269,0,0,0.000,0.000,-1,0,0,0,66.731
270,0,0,0.000,0.000,-1,0,0,0,73.337
271,0,0,0.000,0.000,-1,0,0,0,70.793
272,0,0,0.000,0.000,-1,0,0,0,68.277
273,0,0,0.000,0.000,-1,0,0,0,69.887
274,0,0,0.000,0.000,-1,0,0,0,77.290
275,0,0,0.000,0.000,-1,0,0,0,68.293
276,0,0,0.000,0.000,-1,0,0,0,69.010
277,0,0,0.000,0.000,-1,0,0,0,69.256
278,0,0,0.000,0.000,-1,0,0,0,67.666
279,0,0,0.000,0.000,-1,0,0,0,72.090
280,0,0,0.000,0.000,-1,0,0,0,69.247
281,0,0,0.000,0.000,-1,0,0,0,71.808
282,0,0,0.000,0.000,-1,0,0,0,67.366
283,0,0,0.000,0.000,-1,0,0,0,68.345
284,0,0,0.000,0.000,-1,0,0,0,65.915
285,0,0,0.000,0.000,-1,0,0,0,68.961
286,0,0,0.000,0.000,-1,0,0,0,67.879
287,0,0,0.000,0.000,-1,0,0,0,70.467
288,0,1,82.765,83.653,-1,0,0,0,69.521
289,0,0,0.000,0.000,-1,0,0,0,71.285
290,0,0,0.000,0.000,-1,0,0,0,75.739
291,0,0,0.000,0.000,-1,0,0,0,79.398
292,0,0,0.000,0.000,-1,0,0,0,76.593
293,0,0,0.000,0.000,-1,0,0,0,70.555
294,0,0,0.000,0.000,-1,0,0,0,68.852
295,0,0,0.000,0.000,-1,0,0,0,71.581
296,0,0,0.000,0.000,-1,0,0,0,71.714
297,0,0,0.000,0.000,-1,0,0,0,72.157
298,0,0,0.000,0.000,-1,0,0,0,71.138
299,0,0,0.000,0.000,-1,0,0,0,72.036
300,0,0,0.000,0.000,-1,0,0,0,67.811
301,0,0,0.000,0.000,-1,0,0,0,67.974
302,0,0,0.000,0.000,-1,0,0,0,70.254
303,0,0,0.000,0.000,-1,0,0,0,67.875
304,0,0,0.000,0.000,-1,0,0,0,69.754
305,0,0,0.000,0.000,-1,0,0,0,72.411
306,0,0,0.000,0.000,-1,0,0,0,74.127
307,0,0,0.000,0.000,-1,0,0,0,73.125
308,0,0,0.000,0.000,-1,0,0,0,76.760
309,0,0,0.000,0.000,-1,0,0,0,72.427
310,0,0,0.000,0.000,-1,0,0,0,72.515
311,0,0,0.000,0.000,-1,0,0,0,70.842
312,0,0,0.000,0.000,-1,0,0,0,69.187
313,0,0,0.000,0.000,-1,0,0,0,71.079
314,0,0,0.000,0.000,-1,0,0,0,71.240
315,0,0,0.000,0.000,-1,0,0,0,66.996
316,0,0,0.000,0.000,-1,0,0,0,71.952
317,0,0,0.000,0.000,-1,0,0,0,71.285
318,0,0,0.000,0.000,-1,0,0,0,74.401
319,0,0,0.000,0.000,-1,0,0,0,69.868
320,0,1,81.444,82.247,-1,0,0,0,73.291
321,0,0,0.000,0.000,-1,0,0,0,71.460
322,0,0,0.000,0.000,-1,0,0,0,73.365
323,0,0,0.000,0.000,-1,0,0,0,71.770
324,0,0,0.000,0.000,-1,0,0,0,74.237
325,0,0,0.000,0.000,-1,0,0,0,72.535
326,0,0,0.000,0.000,-1,0,0,0,72.578
327,0,0,0.000,0.000,-1,0,0,0,69.119
328,0,0,0.000,0.000,-1,0,0,0,71.338
329,0,0,0.000,0.000,-1,0,0,0,71.349
330,0,0,0.000,0.000,-1,0,0,0,73.591
331,0,0,0.000,0.000,-1,0,0,0,73.571
332,0,0,0.000,0.000,-1,0,0,0,73.446
333,0,0,0.000,0.000,-1,0,0,0,70.783
334,0,0,0.000,0.000,-1,0,0,0,72.358
335,0,0,0.000,0.000,-1,0,0,0,72.351
336,0,0,0.000,0.000,-1,0,0,0,72.401
337,0,0,0.000,0.000,-1,0,0,0,72.517
338,0,0,0.000,0.000,-1,0,0,0,76.844
339,0,0,0.000,0.000,-1,0,0,0,71.246
340,0,0,0.000,0.000,-1,0,0,0,73.319
341,0,0,0.000,0.000,-1,0,0,0,72.649
342,0,0,0.000,0.000,-1,0,0,0,75.256
343,0,0,0.000,0.000,-1,0,0,0,71.238
344,0,0,0.000,0.000,-1,0,0,0,69.099
345,0,0,0.000,0.000,-1,0,0,0,71.804
346,0,0,0.000,0.000,-1,0,0,0,73.857
347,0,0,0.000,0.000,-1,0,0,0,71.558
348,0,0,0.000,0.000,-1,0,0,0,72.277
349,0,0,0.000,0.000,-1,0,0,0,71.044
350,0,0,0.000,0.000,-1,0,0,0,71.241
351,0,0,0.000,0.000,-1,0,0,0,70.978
352,0,1,82.759,84.457,-1,0,0,0,70.865
353,0,0,0.000,0.000,-1,0,0,0,78.140
354,0,0,0.000,0.000,-1,0,0,0,72.283
355,0,0,0.000,0.000,-1,0,0,0,72.863
356,0,0,0.000,0.000,-1,0,0,0,71.312
357,0,0,0.000,0.000,-1,0,0,0,110.977
358,0,0,0.000,0.000,-1,0,0,0,74.581
359,0,0,0.000,0.000,-1,0,0,0,71.245
360,0,0,0.000,0.000,-1,0,0,0,73.713
361,0,0,0.000,0.000,-1,0,0,0,70.204
362,0,0,0.000,0.000,-1,0,0,0,70.704
363,0,0,0.000,0.000,-1,0,0,0,70.031
364,0,0,0.000,0.000,-1,0,0,0,70.755
365,0,0,0.000,0.000,-1,0,0,0,72.211
366,0,0,0.000,0.000,-1,0,0,0,69.541
367,0,0,0.000,0.000,-1,0,0,0,70.442
368,0,0,0.000,0.000,-1,0,0,0,69.127
369,0,0,0.000,0.000,-1,0,0,0,69.417
370,0,0,0.000,0.000,-1,0,0,0,68.962
371,0,0,0.000,0.000,-1,0,0,0,67.891
372,0,0,0.000,0.000,-1,0,0,0,71.830
373,0,0,0.000,0.000,-1,0,0,0,75.377
374,0,0,0.000,0.000,-1,0,0,0,70.162
375,0,0,0.000,0.000,-1,0,0,0,71.454
376,0,0,0.000,0.000,-1,0,0,0,71.731
377,0,0,0.000,0.000,-1,0,0,0,69.018
378,0,0,0.000,0.000,-1,0,0,0,71.073
379,0,0,0.000,0.000,-1,0,0,0,69.030
380,0,0,0.000,0.000,-1,0,0,0,71.832
381,0,0,0.000,0.000,-1,0,0,0,66.237
382,0,0,0.000,0.000,-1,0,0,0,68.447
383,0,0,0.000,0.000,-1,0,0,0,70.054
384,0,1,82.496,83.319,-1,0,0,0,67.255
385,0,0,0.000,0.000,-1,0,0,0,70.886
386,0,0,0.000,0.000,-1,0,0,0,68.115
387,0,0,0.000,0.000,-1,0,0,0,69.915
388,0,0,0.000,0.000,-1,0,0,0,69.968
389,0,0,0.000,0.000,-1,0,0,0,70.099
390,0,0,0.000,0.000,-1,0,0,0,70.891
391,0,0,0.000,0.000,-1,0,0,0,76.884
392,0,0,0.000,0.000,-1,0,0,0,72.256
393,0,0,0.000,0.000,-1,0,0,0,69.183
394,0,0,0.000,0.000,-1,0,0,0,70.003
395,0,0,0.000,0.000,-1,0,0,0,69.948
396,0,0,0.000,0.000,-1,0,0,0,69.502
397,0,0,0.000,0.000,-1,0,0,0,73.477
398,0,0,0.000,0.000,-1,0,0,0,71.666
399,0,0,0.000,0.000,-1,0,0,0,69.478
400,0,0,0.000,0.000,-1,0,0,0,69.460
401,0,0,0.000,0.000,-1,0,0,0,69.819
402,0,0,0.000,0.000,-1,0,0,0,64.818
403,0,0,0.000,0.000,-1,0,0,0,65.810
404,0,0,0.000,0.000,-1,0,0,0,83.937
405,0,0,0.000,0.000,-1,0,0,0,75.330
406,0,0,0.000,0.000,-1,0,0,0,71.165
407,0,0,0.000,0.000,-1,0,0,0,68.461
408,0,0,0.000,0.000,-1,0,0,0,68.433
409,0,0,0.000,0.000,-1,0,0,0,70.938
410,0,0,0.000,0.000,-1,0,0,0,69.590
411,0,0,0.000,0.000,-1,0,0,0,64.155
412,0,0,0.000,0.000,-1,0,0,0,65.206
413,0,0,0.000,0.000,-1,0,0,0,67.914
414,0,0,0.000,0.000,-1,0,0,0,77.642
415,0,0,0.000,0.000,-1,0,0,0,72.193
416,0,1,81.658,82.448,-1,0,0,0,69.447
417,0,0,0.000,0.000,-1,0,0,0,72.479
418,0,0,0.000,0.000,-1,0,0,0,67.713
419,0,0,0.000,0.000,-1,0,0,0,68.259
420,0,0,0.000,0.000,-1,0,0,0,71.963
421,0,0,0.000,0.000,-1,0,0,0,72.638
422,0,0,0.000,0.000,-1,0,0,0,70.132
423,0,0,0.000,0.000,-1,0,0,0,67.237
424,0,0,0.000,0.000,-1,0,0,0,70.413
425,0,0,0.000,0.000,-1,0,0,0,70.809
426,0,0,0.000,0.000,-1,0,0,0,72.110
427,0,0,0.000,0.000,-1,0,0,0,71.055
428,0,0,0.000,0.000,-1,0,0,0,71.092
429,0,0,0.000,0.000,-1,0,0,0,69.517
430,0,0,0.000,0.000,-1,0,0,0,67.649
431,0,0,0.000,0.000,-1,0,0,0,67.365
432,0,0,0.000,0.000,-1,0,0,0,69.259
433,0,0,0.000,0.000,-1,0,0,0,71.328
434,0,0,0.000,0.000,-1,0,0,0,67.918
435,0,0,0.000,0.000,-1,0,0,0,69.981
436,0,0,0.000,0.000,-1,0,0,0,70.679
437,0,0,0.000,0.000,-1,0,0,0,72.020
438,0,0,0.000,0.000,-1,0,0,0,69.651
439,0,0,0.000,0.000,-1,0,0,0,68.973
440,0,0,0.000,0.000,-1,0,0,0,69.180
441,0,0,0.000,0.000,-1,0,0,0,66.907
442,0,0,0.000,0.000,-1,0,0,0,66.525
443,0,0,0.000,0.000,-1,0,0,0,66.440
444,0,0,0.000,0.000,-1,0,0,0,67.524
445,0,0,0.000,0.000,-1,0,0,0,66.539
446,0,0,0.000,0.000,-1,0,0,0,66.457
447,0,0,0.000,0.000,-1,0,0,0,65.476
448,0,1,81.496,82.296,-1,0,0,0,75.716
449,0,0,0.000,0.000,-1,0,0,0,68.082
450,0,0,0.000,0.000,-1,0,0,0,67.333
451,0,0,0.000,0.000,-1,0,0,0,68.658
452,0,0,0.000,0.000,-1,0,0,0,66.324
453,0,0,0.000,0.000,-1,0,0,0,64.781
454,0,0,0.000,0.000,-1,0,0,0,67.011
455,0,0,0.000,0.000,-1,0,0,0,70.229
456,0,0,0.000,0.000,-1,0,0,0,68.785
457,0,0,0.000,0.000,-1,0,0,0,69.076
458,0,0,0.000,0.000,-1,0,0,0,67.348
459,0,0,0.000,0.000,-1,0,0,0,82.871
460,0,0,0.000,0.000,-1,0,0,0,68.149
461,0,0,0.000,0.000,-1,0,0,0,68.876
462,0,0,0.000,0.000,-1,0,0,0,76.686
463,0,0,0.000,0.000,-1,0,0,0,74.634
464,0,0,0.000,0.000,-1,0,0,0,68.499
465,0,0,0.000,0.000,-1,0,0,0,69.515
466,0,0,0.000,0.000,-1,0,0,0,67.680
467,0,0,0.000,0.000,-1,0,0,0,75.453
468,0,0,0.000,0.000,-1,0,0,0,69.843
469,0,0,0.000,0.000,-1,0,0,0,76.864
470,0,0,0.000,0.000,-1,0,0,0,67.145
471,0,0,0.000,0.000,-1,0,0,0,66.196
472,0,0,0.000,0.000,-1,0,0,0,65.546
473,0,0,0.000,0.000,-1,0,0,0,68.622
474,0,0,0.000,0.000,-1,0,0,0,68.949
475,0,0,0.000,0.000,-1,0,0,0,66.470
476,0,0,0.000,0.000,-1,0,0,0,65.969
477,0,0,0.000,0.000,-1,0,0,0,66.437
478,0,0,0.000,0.000,-1,0,0,0,65.821
479,0,0,0.000,0.000,-1,0,0,0,66.094
480,0,1,85.020,87.420,-1,0,0,0,65.885
481,0,0,0.000,0.000,-1,0,0,0,68.389
482,0,0,0.000,0.000,-1,0,0,0,65.196
483,0,0,0.000,0.000,-1,0,0,0,65.305
484,0,0,0.000,0.000,-1,0,0,0,65.525
485,0,0,0.000,0.000,-1,0,0,0,69.026
486,0,0,0.000,0.000,-1,0,0,0,66.881
487,0,0,0.000,0.000,-1,0,0,0,65.465
488,0,0,0.000,0.000,-1,0,0,0,66.034
489,0,0,0.000,0.000,-1,0,0,0,66.943
490,0,0,0.000,0.000,-1,0,0,0,67.709
491,0,0,0.000,0.000,-1,0,0,0,64.739
492,0,0,0.000,0.000,-1,0,0,0,63.444
493,0,0,0.000,0.000,-1,0,0,0,65.372
494,0,0,0.000,0.000,-1,0,0,0,66.514
495,0,0,0.000,0.000,-1,0,0,0,66.517
496,0,0,0.000,0.000,-1,0,0,0,65.756
497,0,0,0.000,0.000,-1,0,0,0,64.212
498,0,0,0.000,0.000,-1,0,0,0,66.131
499,0,0,0.000,0.000,-1,0,0,0,66.999
500,0,0,0.000,0.000,-1,0,0,0,66.632
501,0,0,0.000,0.000,-1,0,0,0,66.501
502,0,0,0.000,0.000,-1,0,0,0,66.800
503,0,0,0.000,0.000,-1,0,0,0,67.736
504,0,0,0.000,0.000,-1,0,0,0,68.049
505,0,0,0.000,0.000,-1,0,0,0,67.682
506,0,0,0.000,0.000,-1,0,0,0,64.783
507,0,0,0.000,0.000,-1,0,0,0,66.906
508,0,0,0.000,0.000,-1,0,0,0,66.118
509,0,0,0.000,0.000,-1,0,0,0,71.181
510,0,0,0.000,0.000,-1,0,0,0,66.467
511,0,0,0.000,0.000,-1,0,0,0,73.467
512,0,1,81.884,82.678,-1,0,0,0,77.537
513,0,0,0.000,0.000,-1,0,0,0,66.580
514,0,0,0.000,0.000,-1,0,0,0,64.873
515,0,0,0.000,0.000,-1,0,0,0,64.348
516,0,0,0.000,0.000,-1,0,0,0,63.327
517,0,0,0.000,0.000,-1,0,0,0,67.069
518,0,0,0.000,0.000,-1,0,0,0,65.120
519,0,0,0.000,0.000,-1,0,0,0,64.566
520,0,0,0.000,0.000,-1,0,0,0,69.449
521,0,0,0.000,0.000,-1,0,0,0,65.003
522,0,0,0.000,0.000,-1,0,0,0,64.859
523,0,0,0.000,0.000,-1,0,0,0,66.468
524,0,0,0.000,0.000,-1,0,0,0,66.157
525,0,0,0.000,0.000,-1,0,0,0,68.881
526,0,0,0.000,0.000,-1,0,0,0,65.574
527,0,0,0.000,0.000,-1,0,0,0,64.760
528,0,0,0.000,0.000,-1,0,0,0,64.705
529,0,0,0.000,0.000,-1,0,0,0,66.525
530,0,0,0.000,0.000,-1,0,0,0,65.691
531,0,0,0.000,0.000,-1,0,0,0,67.381
532,0,0,0.000,0.000,-1,0,0,0,65.204
533,0,0,0.000,0.000,-1,0,0,0,65.243
534,0,0,0.000,0.000,-1,0,0,0,66.166
535,0,0,0.000,0.000,-1,0,0,0,65.466
536,0,0,0.000,0.000,-1,0,0,0,65.951
537,0,0,0.000,0.000,-1,0,0,0,65.871
538,0,0,0.000,0.000,-1,0,0,0,65.092
539,0,0,0.000,0.000,-1,0,0,0,67.171
540,0,0,0.000,0.000,-1,0,0,0,65.600
541,0,0,0.000,0.000,-1,0,0,0,65.474
542,0,0,0.000,0.000,-1,0,0,0,64.698
543,0,0,0.000,0.000,-1,0,0,0,65.765
544,0,1,83.262,84.202,-1,0,0,0,67.007
545,0,0,0.000,0.000,-1,0,0,0,66.871
546,0,0,0.000,0.000,-1,0,0,0,65.302
547,0,0,0.000,0.000,-1,0,0,0,64.649
548,0,0,0.000,0.000,-1,0,0,0,67.747
549,0,0,0.000,0.000,-1,0,0,0,69.692
550,0,0,0.000,0.000,-1,0,0,0,66.431
551,0,0,0.000,0.000,-1,0,0,0,65.330
552,0,0,0.000,0.000,-1,0,0,0,64.352
553,0,0,0.000,0.000,-1,0,0,0,69.681
554,0,0,0.000,0.000,-1,0,0,0,65.681
555,0,0,0.000,0.000,-1,0,0,0,65.416
556,0,0,0.000,0.000,-1,0,0,0,66.451
557,0,0,0.000,0.000,-1,0,0,0,66.415
558,0,0,0.000,0.000,-1,0,0,0,64.673
559,0,0,0.000,0.000,-1,0,0,0,64.146
560,0,0,0.000,0.000,-1,0,0,0,67.693
561,0,0,0.000,0.000,-1,0,0,0,66.111
562,0,0,0.000,0.000,-1,0,0,0,64.622
563,0,0,0.000,0.000,-1,0,0,0,68.442
564,0,0,0.000,0.000,-1,0,0,0,67.761
565,0,0,0.000,0.000,-1,0,0,0,66.852
566,0,0,0.000,0.000,-1,0,0,0,67.929
567,0,0,0.000,0.000,-1,0,0,0,66.006
568,0,0,0.000,0.000,-1,0,0,0,68.143
569,0,0,0.000,0.000,-1,0,0,0,66.452
570,0,0,0.000,0.000,-1,0,0,0,66.555
571,0,0,0.000,0.000,-1,0,0,0,69.141
572,0,0,0.000,0.000,-1,0,0,0,67.192
573,0,0,0.000,0.000,-1,0,0,0,67.399
574,0,0,0.000,0.000,-1,0,0,0,65.926
575,0,0,0.000,0.000,-1,0,0,0,67.420
576,0,1,84.109,86.388,-1,0,0,0,65.452
577,0,0,0.000,0.000,-1,0,0,0,69.704
578,0,0,0.000,0.000,-1,0,0,0,66.300
579,0,0,0.000,0.000,-1,0,0,0,69.608
580,0,0,0.000,0.000,-1,0,0,0,67.371
581,0,0,0.000,0.000,-1,0,0,0,67.245
582,0,0,0.000,0.000,-1,0,0,0,68.916
583,0,0,0.000,0.000,-1,0,0,0,67.045
584,0,0,0.000,0.000,-1,0,0,0,66.606
585,0,0,0.000,0.000,-1,0,0,0,69.186
586,0,0,0.000,0.000,-1,0,0,0,66.959
587,0,0,0.000,0.000,-1,0,0,0,69.085
588,0,0,0.000,0.000,-1,0,0,0,84.082
589,0,0,0.000,0.000,-1,0,0,0,68.478
590,0,0,0.000,0.000,-1,0,0,0,67.738
591,0,0,0.000,0.000,-1,0,0,0,68.141
592,0,0,0.000,0.000,-1,0,0,0,67.496
593,0,0,0.000,0.000,-1,0,0,0,69.134
594,0,0,0.000,0.000,-1,0,0,0,68.395
595,0,0,0.000,0.000,-1,0,0,0,68.527
596,0,0,0.000,0.000,-1,0,0,0,66.250
597,0,0,0.000,0.000,-1,0,0,0,69.131
598,0,0,0.000,0.000,-1,0,0,0,70.006
599,0,0,0.000,0.000,-1,0,0,0,66.735
600,0,0,0.000,0.000,-1,0,0,0,65.961
601,0,0,0.000,0.000,-1,0,0,0,69.206
602,0,0,0.000,0.000,-1,0,0,0,67.965
603,0,0,0.000,0.000,-1,0,0,0,69.489
604,0,0,0.000,0.000,-1,0,0,0,66.632
605,0,0,0.000,0.000,-1,0,0,0,66.790
606,0,0,0.000,0.000,-1,0,0,0,69.538
607,0,0,0.000,0.000,-1,0,0,0,65.215
608,0,1,82.854,85.159,-1,0,0,0,65.187
609,0,0,0.000,0.000,-1,0,0,0,67.238
610,0,0,0.000,0.000,-1,0,0,0,67.314
611,0,0,0.000,0.000,-1,0,0,0,67.066
612,0,0,0.000,0.000,-1,0,0,0,66.622
613,0,0,0.000,0.000,-1,0,0,0,68.502
614,0,0,0.000,0.000,-1,0,0,0,68.866
615,0,0,0.000,0.000,-1,0,0,0,68.170
616,0,0,0.000,0.000,-1,0,0,0,65.646
617,0,0,0.000,0.000,-1,0,0,0,66.861
618,0,0,0.000,0.000,-1,0,0,0,66.506
619,0,0,0.000,0.000,-1,0,0,0,68.810
620,0,0,0.000,0.000,-1,0,0,0,68.009
621,0,0,0.000,0.000,-1,0,0,0,67.525
622,0,0,0.000,0.000,-1,0,0,0,67.057
623,0,0,0.000,0.000,-1,0,0,0,67.180
624,0,0,0.000,0.000,-1,0,0,0,67.092
625,0,0,0.000,0.000,-1,0,0,0,65.694
626,0,0,0.000,0.000,-1,0,0,0,67.345
627,0,0,0.000,0.000,-1,0,0,0,69.167
628,0,0,0.000,0.000,-1,0,0,0,67.197
629,0,0,0.000,0.000,-1,0,0,0,67.348
630,0,0,0.000,0.000,-1,0,0,0,66.847
631,0,0,0.000,0.000,-1,0,0,0,67.701
632,0,0,0.000,0.000,-1,0,0,0,66.309
633,0,0,0.000,0.000,-1,0,0,0,66.213
634,0,0,0.000,0.000,-1,0,0,0,68.092
635,0,0,0.000,0.000,-1,0,0,0,66.589
636,0,0,0.000,0.000,-1,0,0,0,66.537
637,0,0,0.000,0.000,-1,0,0,0,66.946
638,0,0,0.000,0.000,-1,0,0,0,65.746
639,0,0,0.000,0.000,-1,0,0,0,64.603
640,0,1,87.014,89.425,-1,0,0,0,66.382
641,0,0,0.000,0.000,-1,0,0,0,70.356
642,0,0,0.000,0.000,-1,0,0,0,66.473
643,0,0,0.000,0.000,-1,0,0,0,65.398
644,0,0,0.000,0.000,-1,0,0,0,66.156
645,0,0,0.000,0.000,-1,0,0,0,66.921
646,0,0,0.000,0.000,-1,0,0,0,65.494
647,0,0,0.000,0.000,-1,0,0,0,65.391
648,0,0,0.000,0.000,-1,0,0,0,66.559
649,0,0,0.000,0.000,-1,0,0,0,66.180
650,0,0,0.000,0.000,-1,0,0,0,66.537
651,0,0,0.000,0.000,-1,0,0,0,67.008
652,0,0,0.000,0.000,-1,0,0,0,67.911
653,0,0,0.000,0.000,-1,0,0,0,66.815
654,0,0,0.000,0.000,-1,0,0,0,66.944
655,0,0,0.000,0.000,-1,0,0,0,66.571
656,0,0,0.000,0.000,-1,0,0,0,65.841
657,0,0,0.000,0.000,-1,0,0,0,66.259
658,0,0,0.000,0.000,-1,0,0,0,65.792
659,0,0,0.000,0.000,-1,0,0,0,67.768
660,0,0,0.000,0.000,-1,0,0,0,69.155
661,0,0,0.000,0.000,-1,0,0,0,66.263
662,0,0,0.000,0.000,-1,0,0,0,66.499
663,0,0,0.000,0.000,-1,0,0,0,67.639
664,0,0,0.000,0.000,-1,0,0,0,67.220
665,0,0,0.000,0.000,-1,0,0,0,65.941
666,0,0,0.000,0.000,-1,0,0,0,67.724
667,0,0,0.000,0.000,-1,0,0,0,67.890
668,0,0,0.000,0.000,-1,0,0,0,68.556
669,0,0,0.000,0.000,-1,0,0,0,66.923
670,0,0,0.000,0.000,-1,0,0,0,65.888
671,0,0,0.000,0.000,-1,0,0,0,67.865
672,0,1,86.501,88.761,-1,0,0,0,65.603
673,0,0,0.000,0.000,-1,0,0,0,68.987
674,0,0,0.000,0.000,-1,0,0,0,66.169
675,0,0,0.000,0.000,-1,0,0,0,66.782
676,0,0,0.000,0.000,-1,0,0,0,65.822
677,0,0,0.000,0.000,-1,0,0,0,69.823
678,0,0,0.000,0.000,-1,0,0,0,68.270
679,0,0,0.000,0.000,-1,0,0,0,67.756
680,0,0,0.000,0.000,-1,0,0,0,67.548
681,0,0,0.000,0.000,-1,0,0,0,66.917
682,0,0,0.000,0.000,-1,0,0,0,68.817
683,0,0,0.000,0.000,-1,0,0,0,66.925
684,0,0,0.000,0.000,-1,0,0,0,67.824
685,0,0,0.000,0.000,-1,0,0,0,67.356
686,0,0,0.000,0.000,-1,0,0,0,68.114
687,0,0,0.000,0.000,-1,0,0,0,69.435
688,0,0,0.000,0.000,-1,0,0,0,67.587
689,0,0,0.000,0.000,-1,0,0,0,66.250
690,0,0,0.000,0.000,-1,0,0,0,67.249
691,0,0,0.000,0.000,-1,0,0,0,67.633
692,0,0,0.000,0.000,-1,0,0,0,68.576
693,0,0,0.000,0.000,-1,0,0,0,68.443
694,0,0,0.000,0.000,-1,0,0,0,67.104
695,0,0,0.000,0.000,-1,0,0,0,65.864
696,0,0,0.000,0.000,-1,0,0,0,65.850
697,0,0,0.000,0.000,-1,0,0,0,65.957
698,0,0,0.000,0.000,-1,0,0,0,67.675
699,0,0,0.000,0.000,-1,0,0,0,67.437
700,0,0,0.000,0.000,-1,0,0,0,70.136
701,0,0,0.000,0.000,-1,0,0,0,66.021
702,0,0,0.000,0.000,-1,0,0,0,65.939
703,0,0,0.000,0.000,-1,0,0,0,66.781
704,0,1,85.948,88.186,-1,0,0,0,66.221
705,0,0,0.000,0.000,-1,0,0,0,71.688
706,0,0,0.000,0.000,-1,0,0,0,71.127
707,0,0,0.000,0.000,-1,0,0,0,71.161
708,0,0,0.000,0.000,-1,0,0,0,71.114
709,0,0,0.000,0.000,-1,0,0,0,71.845
710,0,0,0.000,0.000,-1,0,0,0,71.246
711,0,0,0.000,0.000,-1,0,0,0,69.278
712,0,0,0.000,0.000,-1,0,0,0,71.918
713,0,0,0.000,0.000,-1,0,0,0,72.281
714,0,0,0.000,0.000,-1,0,0,0,74.113
715,0,0,0.000,0.000,-1,0,0,0,73.475
716,0,0,0.000,0.000,-1,0,0,0,71.609
717,0,0,0.000,0.000,-1,0,0,0,70.348
718,0,0,0.000,0.000,-1,0,0,0,68.988
719,0,0,0.000,0.000,-1,0,0,0,67.066
720,0,0,0.000,0.000,-1,0,0,0,67.352
721,0,0,0.000,0.000,-1,0,0,0,66.026
722,0,0,0.000,0.000,-1,0,0,0,67.605
723,0,0,0.000,0.000,-1,0,0,0,68.076
724,0,0,0.000,0.000,-1,0,0,0,67.441
725,0,0,0.000,0.000,-1,0,0,0,66.800
726,0,0,0.000,0.000,-1,0,0,0,68.047
727,0,0,0.000,0.000,-1,0,0,0,66.154
728,0,0,0.000,0.000,-1,0,0,0,71.222
729,0,0,0.000,0.000,-1,0,0,0,69.631
730,0,0,0.000,0.000,-1,0,0,0,69.390
731,0,0,0.000,0.000,-1,0,0,0,67.056
732,0,0,0.000,0.000,-1,0,0,0,66.759
733,0,0,0.000,0.000,-1,0,0,0,68.376
734,0,0,0.000,0.000,-1,0,0,0,67.696
735,0,0,0.000,0.000,-1,0,0,0,68.482
736,0,1,83.418,85.897,-1,0,0,0,66.086
737,0,0,0.000,0.000,-1,0,0,0,71.730
738,0,0,0.000,0.000,-1,0,0,0,67.058
739,0,0,0.000,0.000,-1,0,0,0,68.926
740,0,0,0.000,0.000,-1,0,0,0,70.233
741,0,0,0.000,0.000,-1,0,0,0,67.332
742,0,0,0.000,0.000,-1,0,0,0,67.255
743,0,0,0.000,0.000,-1,0,0,0,70.716
744,0,0,0.000,0.000,-1,0,0,0,68.272
745,0,0,0.000,0.000,-1,0,0,0,64.657
746,0,0,0.000,0.000,-1,0,0,0,67.641
747,0,0,0.000,0.000,-1,0,0,0,66.218
748,0,0,0.000,0.000,-1,0,0,0,68.487
749,0,0,0.000,0.000,-1,0,0,0,69.402
750,0,0,0.000,0.000,-1,0,0,0,69.742
751,0,0,0.000,0.000,-1,0,0,0,68.114
752,0,0,0.000,0.000,-1,0,0,0,65.735
753,0,0,0.000,0.000,-1,0,0,0,66.617
754,0,0,0.000,0.000,-1,0,0,0,68.116
755,0,0,0.000,0.000,-1,0,0,0,67.253
756,0,0,0.000,0.000,-1,0,0,0,68.167
757,0,0,0.000,0.000,-1,0,0,0,76.046
758,0,0,0.000,0.000,-1,0,0,0,68.533
759,0,0,0.000,0.000,-1,0,0,0,67.903
760,0,0,0.000,0.000,-1,0,0,0,67.203
761,0,0,0.000,0.000,-1,0,0,0,68.034
762,0,0,0.000,0.000,-1,0,0,0,68.133
763,0,0,0.000,0.000,-1,0,0,0,68.430
764,0,0,0.000,0.000,-1,0,0,0,71.855
765,0,0,0.000,0.000,-1,0,0,0,67.962
766,0,0,0.000,0.000,-1,0,0,0,66.513
767,0,0,0.000,0.000,-1,0,0,0,67.698
768,0,1,83.177,85.792,-1,0,0,0,68.668
769,0,0,0.000,0.000,-1,0,0,0,73.614
770,0,0,0.000,0.000,-1,0,0,0,72.884
771,0,0,0.000,0.000,-1,0,0,0,72.539
772,0,0,0.000,0.000,-1,0,0,0,74.185
773,0,0,0.000,0.000,-1,0,0,0,74.898
774,0,0,0.000,0.000,-1,0,0,0,72.907
775,0,0,0.000,0.000,-1,0,0,0,71.134
776,0,0,0.000,0.000,-1,0,0,0,70.369
777,0,0,0.000,0.000,-1,0,0,0,69.891
778,0,0,0.000,0.000,-1,0,0,0,70.212
779,0,0,0.000,0.000,-1,0,0,0,66.527
780,0,0,0.000,0.000,-1,0,0,0,67.872
781,0,0,0.000,0.000,-1,0,0,0,66.708
782,0,0,0.000,0.000,-1,0,0,0,66.576
783,0,0,0.000,0.000,-1,0,0,0,70.281
784,0,0,0.000,0.000,-1,0,0,0,70.729
785,0,0,0.000,0.000,-1,0,0,0,68.300
786,0,0,0.000,0.000,-1,0,0,0,66.872
787,0,0,0.000,0.000,-1,0,0,0,68.421
788,0,0,0.000,0.000,-1,0,0,0,69.136
789,0,0,0.000,0.000,-1,0,0,0,67.115
790,0,0,0.000,0.000,-1,0,0,0,68.442
791,0,0,0.000,0.000,-1,0,0,0,66.119
792,0,0,0.000,0.000,-1,0,0,0,67.938
793,0,0,0.000,0.000,-1,0,0,0,67.265
794,0,0,0.000,0.000,-1,0,0,0,68.188
795,0,0,0.000,0.000,-1,0,0,0,67.648
796,0,0,0.000,0.000,-1,0,0,0,68.996
797,0,0,0.000,0.000,-1,0,0,0,67.956
798,0,0,0.000,0.000,-1,0,0,0,66.631
799,0,0,0.000,0.000,-1,0,0,0,66.641
800,0,1,86.985,89.090,-1,0,0,0,67.199
801,0,0,0.000,0.000,-1,0,0,0,69.186
802,0,0,0.000,0.000,-1,0,0,0,68.129
803,0,0,0.000,0.000,-1,0,0,0,66.798
804,0,0,0.000,0.000,-1,0,0,0,67.851
805,0,0,0.000,0.000,-1,0,0,0,65.975
806,0,0,0.000,0.000,-1,0,0,0,67.397
807,0,0,0.000,0.000,-1,0,0,0,67.315
808,0,0,0.000,0.000,-1,0,0,0,68.819
809,0,0,0.000,0.000,-1,0,0,0,68.359
810,0,0,0.000,0.000,-1,0,0,0,66.352
811,0,0,0.000,0.000,-1,0,0,0,66.963
812,0,0,0.000,0.000,-1,0,0,0,68.298
813,0,0,0.000,0.000,-1,0,0,0,68.654
814,0,0,0.000,0.000,-1,0,0,0,69.227
815,0,0,0.000,0.000,-1,0,0,0,74.508
816,0,0,0.000,0.000,-1,0,0,0,69.665
817,0,0,0.000,0.000,-1,0,0,0,66.657
818,0,0,0.000,0.000,-1,0,0,0,69.435
819,0,0,0.000,0.000,-1,0,0,0,67.571
820,0,0,0.000,0.000,-1,0,0,0,69.535
821,0,0,0.000,0.000,-1,0,0,0,67.468
822,0,0,0.000,0.000,-1,0,0,0,67.369
823,0,0,0.000,0.000,-1,0,0,0,69.171
824,0,0,0.000,0.000,-1,0,0,0,69.854
825,0,0,0.000,0.000,-1,0,0,0,68.394
826,0,0,0.000,0.000,-1,0,0,0,69.039
827,0,0,0.000,0.000,-1,0,0,0,67.966
828,0,0,0.000,0.000,-1,0,0,0,69.867
829,0,0,0.000,0.000,-1,0,0,0,67.538
830,0,0,0.000,0.000,-1,0,0,0,67.768
831,0,0,0.000,0.000,-1,0,0,0,69.787
832,0,1,85.685,88.344,-1,0,0,0,67.636
833,0,0,0.000,0.000,-1,0,0,0,69.147
834,0,0,0.000,0.000,-1,0,0,0,68.921
835,0,0,0.000,0.000,-1,0,0,0,68.192
836,0,0,0.000,0.000,-1,0,0,0,68.080
837,0,0,0.000,0.000,-1,0,0,0,68.309
838,0,0,0.000,0.000,-1,0,0,0,69.969
839,0,0,0.000,0.000,-1,0,0,0,68.299
840,0,0,0.000,0.000,-1,0,0,0,70.070
841,0,0,0.000,0.000,-1,0,0,0,72.675
842,0,0,0.000,0.000,-1,0,0,0,69.329
843,0,0,0.000,0.000,-1,0,0,0,68.608
844,0,0,0.000,0.000,-1,0,0,0,67.311
845,0,0,0.000,0.000,-1,0,0,0,92.406
846,0,0,0.000,0.000,-1,0,0,0,66.593
847,0,0,0.000,0.000,-1,0,0,0,67.428
848,0,0,0.000,0.000,-1,0,0,0,65.967
849,0,0,0.000,0.000,-1,0,0,0,69.571
850,0,0,0.000,0.000,-1,0,0,0,81.373
851,0,0,0.000,0.000,-1,0,0,0,75.329
852,0,0,0.000,0.000,-1,0,0,0,72.883
853,0,0,0.000,0.000,-1,0,0,0,71.462
854,0,0,0.000,0.000,-1,0,0,0,78.713
855,0,0,0.000,0.000,-1,0,0,0,78.648
856,0,0,0.000,0.000,-1,0,0,0,75.626
857,0,0,0.000,0.000,-1,0,0,0,71.537
858,0,0,0.000,0.000,-1,0,0,0,77.805
859,0,0,0.000,0.000,-1,0,0,0,71.286
860,0,0,0.000,0.000,-1,0,0,0,69.575
861,0,0,0.000,0.000,-1,0,0,0,71.316
862,0,0,0.000,0.000,-1,0,0,0,73.422
863,0,0,0.000,0.000,-1,0,0,0,73.368
864,0,1,83.613,85.360,-1,0,0,0,71.130
865,0,0,0.000,0.000,-1,0,0,0,73.605
866,0,0,0.000,0.000,-1,0,0,0,72.623
867,0,0,0.000,0.000,-1,0,0,0,72.830
868,0,0,0.000,0.000,-1,0,0,0,73.347
869,0,0,0.000,0.000,-1,0,0,0,85.088
870,0,0,0.000,0.000,-1,0,0,0,73.146
871,0,0,0.000,0.000,-1,0,0,0,73.772
872,0,0,0.000,0.000,-1,0,0,0,74.592
873,0,0,0.000,0.000,-1,0,0,0,77.124
874,0,0,0.000,0.000,-1,0,0,0,76.835
875,0,0,0.000,0.000,-1,0,0,0,77.602
876,0,0,0.000,0.000,-1,0,0,0,77.483
877,0,0,0.000,0.000,-1,0,0,0,76.279
878,0,0,0.000,0.000,-1,0,0,0,77.197
879,0,0,0.000,0.000,-1,0,0,0,84.355
880,0,0,0.000,0.000,-1,0,0,0,73.813
881,0,0,0.000,0.000,-1,0,0,0,76.629
882,0,0,0.000,0.000,-1,0,0,0,73.059
883,0,0,0.000,0.000,-1,0,0,0,72.891
884,0,0,0.000,0.000,-1,0,0,0,72.732
885,0,0,0.000,0.000,-1,0,0,0,75.048
886,0,0,0.000,0.000,-1,0,0,0,78.920
887,0,0,0.000,0.000,-1,0,0,0,74.174
888,0,0,0.000,0.000,-1,0,0,0,74.527
889,0,0,0.000,0.000,-1,0,0,0,75.712
890,0,0,0.000,0.000,-1,0,0,0,78.618
891,0,0,0.000,0.000,-1,0,0,0,74.742
892,0,0,0.000,0.000,-1,0,0,0,76.736
893,0,0,0.000,0.000,-1,0,0,0,75.569
894,0,0,0.000,0.000,-1,0,0,0,78.265
895,0,0,0.000,0.000,-1,0,0,0,77.151
896,0,1,93.893,96.775,-1,0,0,0,75.295
897,0,0,0.000,0.000,-1,0,0,0,77.462
898,0,0,0.000,0.000,-1,0,0,0,74.556
899,0,0,0.000,0.000,-1,0,0,0,75.984
900,0,0,0.000,0.000,-1,0,0,0,78.222
901,0,0,0.000,0.000,-1,0,0,0,78.859
902,0,0,0.000,0.000,-1,0,0,0,77.147
903,0,0,0.000,0.000,-1,0,0,0,79.231
904,0,0,0.000,0.000,-1,0,0,0,81.172
905,0,0,0.000,0.000,-1,0,0,0,89.846
906,0,0,0.000,0.000,-1,0,0,0,79.213
907,0,0,0.000,0.000,-1,0,0,0,77.431
908,0,0,0.000,0.000,-1,0,0,0,79.102
909,0,0,0.000,0.000,-1,0,0,0,76.104
910,0,0,0.000,0.000,-1,0,0,0,77.534
911,0,0,0.000,0.000,-1,0,0,0,75.188
912,0,0,0.000,0.000,-1,0,0,0,77.249
913,0,0,0.000,0.000,-1,0,0,0,79.308
914,0,0,0.000,0.000,-1,0,0,0,75.106
915,0,0,0.000,0.000,-1,0,0,0,74.545
916,0,0,0.000,0.000,-1,0,0,0,80.338
917,0,0,0.000,0.000,-1,0,0,0,78.095
918,0,0,0.000,0.000,-1,0,0,0,75.641
919,0,0,0.000,0.000,-1,0,0,0,73.341
920,0,0,0.000,0.000,-1,0,0,0,72.967
921,0,0,0.000,0.000,-1,0,0,0,70.549
922,0,0,0.000,0.000,-1,0,0,0,64.605
923,0,0,0.000,0.000,-1,0,0,0,71.190
924,0,0,0.000,0.000,-1,0,0,0,70.137
925,0,0,0.000,0.000,-1,0,0,0,72.552
926,0,0,0.000,0.000,-1,0,0,0,84.139
927,0,0,0.000,0.000,-1,0,0,0,70.657
928,0,1,85.747,88.032,-1,0,0,0,69.375
929,0,0,0.000,0.000,-1,0,0,0,69.198
930,0,0,0.000,0.000,-1,0,0,0,72.730
931,0,0,0.000,0.000,-1,0,0,0,70.440
932,0,0,0.000,0.000,-1,0,0,0,69.153
933,0,0,0.000,0.000,-1,0,0,0,71.088
934,0,0,0.000,0.000,-1,0,0,0,66.921
935,0,0,0.000,0.000,-1,0,0,0,86.763
936,0,0,0.000,0.000,-1,0,0,0,68.264
937,0,0,0.000,0.000,-1,0,0,0,71.856
938,0,0,0.000,0.000,-1,0,0,0,67.715
939,0,0,0.000,0.000,-1,0,0,0,71.022
940,0,0,0.000,0.000,-1,0,0,0,67.768
941,0,0,0.000,0.000,-1,0,0,0,67.301
942,0,0,0.000,0.000,-1,0,0,0,68.605
943,0,0,0.000,0.000,-1,0,0,0,70.650
944,0,0,0.000,0.000,-1,0,0,0,67.118
945,0,0,0.000,0.000,-1,0,0,0,66.220
946,0,0,0.000,0.000,-1,0,0,0,68.687
947,0,0,0.000,0.000,-1,0,0,0,69.566
948,0,0,0.000,0.000,-1,0,0,0,66.589
949,0,0,0.000,0.000,-1,0,0,0,66.796
950,0,0,0.000,0.000,-1,0,0,0,67.768
951,0,0,0.000,0.000,-1,0,0,0,67.799
952,0,0,0.000,0.000,-1,0,0,0,67.063
953,0,0,0.000,0.000,-1,0,0,0,67.707
954,0,0,0.000,0.000,-1,0,0,0,67.828
955,0,0,0.000,0.000,-1,0,0,0,68.277
956,0,0,0.000,0.000,-1,0,0,0,65.949
957,0,0,0.000,0.000,-1,0,0,0,67.555
958,0,0,0.000,0.000,-1,0,0,0,64.900
959,0,0,0.000,0.000,-1,0,0,0,67.138
960,0,1,85.744,88.902,-1,0,0,0,66.576
961,0,0,0.000,0.000,-1,0,0,0,70.316
962,0,0,0.000,0.000,-1,0,0,0,66.897
963,0,0,0.000,0.000,-1,0,0,0,65.924
964,0,0,0.000,0.000,-1,0,0,0,65.588
965,0,0,0.000,0.000,-1,0,0,0,65.609
966,0,0,0.000,0.000,-1,0,0,0,65.912
967,0,0,0.000,0.000,-1,0,0,0,66.355
968,0,0,0.000,0.000,-1,0,0,0,68.440
969,0,0,0.000,0.000,-1,0,0,0,67.009
970,0,0,0.000,0.000,-1,0,0,0,66.324
971,0,0,0.000,0.000,-1,0,0,0,66.239
972,0,0,0.000,0.000,-1,0,0,0,69.407
973,0,0,0.000,0.000,-1,0,0,0,69.827
974,0,0,0.000,0.000,-1,0,0,0,70.243
975,0,0,0.000,0.000,-1,0,0,0,71.045
976,0,0,0.000,0.000,-1,0,0,0,69.781
977,0,0,0.000,0.000,-1,0,0,0,70.921
978,0,0,0.000,0.000,-1,0,0,0,65.917
979,0,0,0.000,0.000,-1,0,0,0,66.132
980,0,0,0.000,0.000,-1,0,0,0,67.342
981,0,0,0.000,0.000,-1,0,0,0,67.459
982,0,0,0.000,0.000,-1,0,0,0,68.204
983,0,0,0.000,0.000,-1,0,0,0,65.393
984,0,0,0.000,0.000,-1,0,0,0,67.079
985,0,0,0.000,0.000,-1,0,0,0,66.967
986,0,0,0.000,0.000,-1,0,0,0,66.565
987,0,0,0.000,0.000,-1,0,0,0,69.239
988,0,0,0.000,0.000,-1,0,0,0,67.606
989,0,0,0.000,0.000,-1,0,0,0,65.533
990,0,0,0.000,0.000,-1,0,0,0,67.263
991,0,0,0.000,0.000,-1,0,0,0,69.598
992,0,1,85.078,87.362,-1,0,0,0,66.822
993,0,0,0.000,0.000,-1,0,0,0,72.813
994,0,0,0.000,0.000,-1,0,0,0,71.045
995,0,0,0.000,0.000,-1,0,0,0,68.377
996,0,0,0.000,0.000,-1,0,0,0,68.676
997,0,0,0.000,0.000,-1,0,0,0,72.433
998,0,0,0.000,0.000,-1,0,0,0,67.943
999,0,0,0.000,0.000,-1,0,0,0,67.462
1000,0,0,0.000,0.000,-1,0,0,0,69.443
1001,0,0,0.000,0.000,-1,0,0,0,68.827
1002,0,0,0.000,0.000,-1,0,0,0,66.240
1003,0,0,0.000,0.000,-1,0,0,0,66.756
1004,0,0,0.000,0.000,-1,0,0,0,67.083
1005,0,0,0.000,0.000,-1,0,0,0,74.094
1006,0,0,0.000,0.000,-1,0,0,0,67.442
1007,0,0,0.000,0.000,-1,0,0,0,65.647
1008,0,0,0.000,0.000,-1,0,0,0,70.401
1009,0,0,0.000,0.000,-1,0,0,0,66.409
1010,0,0,0.000,0.000,-1,0,0,0,67.347
1011,0,0,0.000,0.000,-1,0,0,0,67.107
1012,0,0,0.000,0.000,-1,0,0,0,69.229
1013,0,0,0.000,0.000,-1,0,0,0,66.788
1014,0,0,0.000,0.000,-1,0,0,0,71.263
1015,0,0,0.000,0.000,-1,0,0,0,71.724
1016,0,0,0.000,0.000,-1,0,0,0,69.148
1017,0,0,0.000,0.000,-1,0,0,0,72.710
1018,0,0,0.000,0.000,-1,0,0,0,70.763
1019,0,0,0.000,0.000,-1,0,0,0,68.761
1020,0,0,0.000,0.000,-1,0,0,0,69.748
1021,0,0,0.000,0.000,-1,0,0,0,67.094
1022,0,0,0.000,0.000,-1,0,0,0,71.265
1023,0,0,0.000,0.000,-1,0,0,0,70.543
1024,0,1,85.707,88.083,-1,0,0,0,71.704
1025,0,0,0.000,0.000,-1,0,0,0,72.326
1026,0,0,0.000,0.000,-1,0,0,0,71.972
1027,0,0,0.000,0.000,-1,0,0,0,71.568
1028,0,0,0.000,0.000,-1,0,0,0,68.422
1029,0,0,0.000,0.000,-1,0,0,0,68.757
1030,0,0,0.000,0.000,-1,0,0,0,68.377
1031,0,0,0.000,0.000,-1,0,0,0,69.134
1032,0,0,0.000,0.000,-1,0,0,0,72.228
1033,0,0,0.000,0.000,-1,0,0,0,73.421
1034,0,0,0.000,0.000,-1,0,0,0,70.420
1035,0,0,0.000,0.000,-1,0,0,0,67.638
1036,0,0,0.000,0.000,-1,0,0,0,71.003
1037,0,0,0.000,0.000,-1,0,0,0,72.009
1038,0,0,0.000,0.000,-1,0,0,0,70.683
1039,0,0,0.000,0.000,-1,0,0,0,69.045
1040,0,0,0.000,0.000,-1,0,0,0,74.451
1041,0,0,0.000,0.000,-1,0,0,0,68.477
1042,0,0,0.000,0.000,-1,0,0,0,70.966
1043,0,0,0.000,0.000,-1,0,0,0,70.445
1044,0,0,0.000,0.000,-1,0,0,0,69.751
1045,0,0,0.000,0.000,-1,0,0,0,71.013
1046,0,0,0.000,0.000,-1,0,0,0,71.410
1047,0,0,0.000,0.000,-1,0,0,0,70.557
1048,0,0,0.000,0.000,-1,0,0,0,72.245
1049,0,0,0.000,0.000,-1,0,0,0,72.679
1050,0,0,0.000,0.000,-1,0,0,0,70.922
1051,0,0,0.000,0.000,-1,0,0,0,69.642
1052,0,0,0.000,0.000,-1,0,0,0,70.484
1053,0,0,0.000,0.000,-1,0,0,0,72.200
1054,0,0,0.000,0.000,-1,0,0,0,74.845
1055,0,0,0.000,0.000,-1,0,0,0,72.563
1056,0,1,84.167,87.005,-1,0,0,0,71.525
1057,0,0,0.000,0.000,-1,0,0,0,71.367
1058,0,0,0.000,0.000,-1,0,0,0,70.891
1059,0,0,0.000,0.000,-1,0,0,0,69.383
1060,0,0,0.000,0.000,-1,0,0,0,69.600
1061,0,0,0.000,0.000,-1,0,0,0,71.907
1062,0,0,0.000,0.000,-1,0,0,0,72.082
1063,0,0,0.000,0.000,-1,0,0,0,70.281
1064,0,0,0.000,0.000,-1,0,0,0,71.385
1065,0,0,0.000,0.000,-1,0,0,0,71.041
1066,0,0,0.000,0.000,-1,0,0,0,71.194
1067,0,0,0.000,0.000,-1,0,0,0,71.733
1068,0,0,0.000,0.000,-1,0,0,0,68.737
1069,0,0,0.000,0.000,-1,0,0,0,69.745
1070,0,0,0.000,0.000,-1,0,0,0,71.880
1071,0,0,0.000,0.000,-1,0,0,0,69.144
1072,0,0,0.000,0.000,-1,0,0,0,70.358
1073,0,0,0.000,0.000,-1,0,0,0,70.435
1074,0,0,0.000,0.000,-1,0,0,0,70.697
1075,0,0,0.000,0.000,-1,0,0,0,71.329
1076,0,0,0.000,0.000,-1,0,0,0,72.415
1077,0,0,0.000,0.000,-1,0,0,0,70.207
1078,0,0,0.000,0.000,-1,0,0,0,73.007
1079,0,0,0.000,0.000,-1,0,0,0,73.352
1080,0,0,0.000,0.000,-1,0,0,0,69.334
1081,0,0,0.000,0.000,-1,0,0,0,69.463
1082,0,0,0.000,0.000,-1,0,0,0,72.539
1083,0,0,0.000,0.000,-1,0,0,0,73.142
1084,0,0,0.000,0.000,-1,0,0,0,72.156
1085,0,0,0.000,0.000,-1,0,0,0,72.039
1086,0,0,0.000,0.000,-1,0,0,0,70.381
1087,0,0,0.000,0.000,-1,0,0,0,70.353
1088,0,1,87.364,89.677,-1,0,0,0,68.828
1089,0,0,0.000,0.000,-1,0,0,0,70.809
1090,0,0,0.000,0.000,-1,0,0,0,70.428
1091,0,0,0.000,0.000,-1,0,0,0,73.902
1092,0,0,0.000,0.000,-1,0,0,0,70.964
1093,0,0,0.000,0.000,-1,0,0,0,72.068
1094,0,0,0.000,0.000,-1,0,0,0,71.028
1095,0,0,0.000,0.000,-1,0,0,0,70.335
1096,0,0,0.000,0.000,-1,0,0,0,71.722
1097,0,0,0.000,0.000,-1,0,0,0,71.902
1098,0,0,0.000,0.000,-1,0,0,0,70.438
1099,0,0,0.000,0.000,-1,0,0,0,71.829
1100,0,0,0.000,0.000,-1,0,0,0,68.110
1101,0,0,0.000,0.000,-1,0,0,0,70.856
1102,0,0,0.000,0.000,-1,0,0,0,71.552
1103,0,0,0.000,0.000,-1,0,0,0,71.839
1104,0,0,0.000,0.000,-1,0,0,0,69.091
1105,0,0,0.000,0.000,-1,0,0,0,70.148
1106,0,0,0.000,0.000,-1,0,0,0,72.378
1107,0,0,0.000,0.000,-1,0,0,0,69.606
1108,0,0,0.000,0.000,-1,0,0,0,69.580
1109,0,0,0.000,0.000,-1,0,0,0,69.190
1110,0,0,0.000,0.000,-1,0,0,0,71.428
1111,0,0,0.000,0.000,-1,0,0,0,70.915
1112,0,0,0.000,0.000,-1,0,0,0,71.196
1113,0,0,0.000,0.000,-1,0,0,0,70.722
1114,0,0,0.000,0.000,-1,0,0,0,69.211
1115,0,0,0.000,0.000,-1,0,0,0,71.359
1116,0,0,0.000,0.000,-1,0,0,0,70.055
1117,0,0,0.000,0.000,-1,0,0,0,71.288
1118,0,0,0.000,0.000,-1,0,0,0,72.541
1119,0,0,0.000,0.000,-1,0,0,0,71.517
1120,0,1,85.458,87.695,-1,0,0,0,71.525
1121,0,0,0.000,0.000,-1,0,0,0,70.104
1122,0,0,0.000,0.000,-1,0,0,0,69.975
1123,0,0,0.000,0.000,-1,0,0,0,67.177
1124,0,0,0.000,0.000,-1,0,0,0,72.442
1125,0,0,0.000,0.000,-1,0,0,0,71.993
1126,0,0,0.000,0.000,-1,0,0,0,72.022
1127,0,0,0.000,0.000,-1,0,0,0,72.940
1128,0,0,0.000,0.000,-1,0,0,0,70.214
1129,0,0,0.000,0.000,-1,0,0,0,71.574
1130,0,0,0.000,0.000,-1,0,0,0,69.921
1131,0,0,0.000,0.000,-1,0,0,0,71.757
1132,0,0,0.000,0.000,-1,0,0,0,70.344
1133,0,0,0.000,0.000,-1,0,0,0,69.546
1134,0,0,0.000,0.000,-1,0,0,0,71.061
1135,0,0,0.000,0.000,-1,0,0,0,68.911
1136,0,0,0.000,0.000,-1,0,0,0,70.375
1137,0,0,0.000,0.000,-1,0,0,0,70.206
1138,0,0,0.000,0.000,-1,0,0,0,71.548
1139,0,0,0.000,0.000,-1,0,0,0,71.445
1140,0,0,0.000,0.000,-1,0,0,0,69.595
1141,0,0,0.000,0.000,-1,0,0,0,70.835
1142,0,0,0.000,0.000,-1,0,0,0,71.950
1143,0,0,0.000,0.000,-1,0,0,0,69.993
1144,0,0,0.000,0.000,-1,0,0,0,70.078
1145,0,0,0.000,0.000,-1,0,0,0,68.804
1146,0,0,0.000,0.000,-1,0,0,0,70.193
1147,0,0,0.000,0.000,-1,0,0,0,72.133
1148,0,0,0.000,0.000,-1,0,0,0,72.928
1149,0,0,0.000,0.000,-1,0,0,0,69.699
1150,0,0,0.000,0.000,-1,0,0,0,69.722
1151,0,0,0.000,0.000,-1,0,0,0,71.055
1152,0,1,86.326,88.614,-1,0,0,0,69.353
1153,0,0,0.000,0.000,-1,0,0,0,72.809
1154,0,0,0.000,0.000,-1,0,0,0,69.529
1155,0,0,0.000,0.000,-1,0,0,0,68.270
1156,0,0,0.000,0.000,-1,0,0,0,70.817
1157,0,0,0.000,0.000,-1,0,0,0,70.714
1158,0,0,0.000,0.000,-1,0,0,0,69.014
1159,0,0,0.000,0.000,-1,0,0,0,68.246
1160,0,0,0.000,0.000,-1,0,0,0,70.831
1161,0,0,0.000,0.000,-1,0,0,0,69.997
1162,0,0,0.000,0.000,-1,0,0,0,71.376
1163,0,0,0.000,0.000,-1,0,0,0,72.196
1164,0,0,0.000,0.000,-1,0,0,0,69.356
1165,0,0,0.000,0.000,-1,0,0,0,69.468
1166,0,0,0.000,0.000,-1,0,0,0,69.749
1167,0,0,0.000,0.000,-1,0,0,0,72.479
1168,0,0,0.000,0.000,-1,0,0,0,71.989
1169,0,0,0.000,0.000,-1,0,0,0,71.179
1170,0,0,0.000,0.000,-1,0,0,0,72.144
1171,0,0,0.000,0.000,-1,0,0,0,69.401
1172,0,0,0.000,0.000,-1,0,0,0,71.351
1173,0,0,0.000,0.000,-1,0,0,0,68.961
1174,0,0,0.000,0.000,-1,0,0,0,71.462
1175,0,0,0.000,0.000,-1,0,0,0,71.411
1176,0,0,0.000,0.000,-1,0,0,0,68.886
1177,0,0,0.000,0.000,-1,0,0,0,67.516
1178,0,0,0.000,0.000,-1,0,0,0,70.621
1179,0,0,0.000,0.000,-1,0,0,0,69.903
1180,0,0,0.000,0.000,-1,0,0,0,69.737
1181,0,0,0.000,0.000,-1,0,0,0,68.028
1182,0,0,0.000,0.000,-1,0,0,0,67.613
1183,0,0,0.000,0.000,-1,0,0,0,70.146
1184,0,1,83.693,85.993,-1,0,0,0,69.810
1185,0,0,0.000,0.000,-1,0,0,0,69.331
1186,0,0,0.000,0.000,-1,0,0,0,69.070
1187,0,0,0.000,0.000,-1,0,0,0,68.255
1188,0,0,0.000,0.000,-1,0,0,0,70.343
1189,0,0,0.000,0.000,-1,0,0,0,66.598
1190,0,0,0.000,0.000,-1,0,0,0,68.430
1191,0,0,0.000,0.000,-1,0,0,0,68.986
1192,0,0,0.000,0.000,-1,0,0,0,67.527
1193,0,0,0.000,0.000,-1,0,0,0,70.669
1194,0,0,0.000,0.000,-1,0,0,0,70.603
1195,0,0,0.000,0.000,-1,0,0,0,70.716
1196,0,0,0.000,0.000,-1,0,0,0,68.381
1197,0,0,0.000,0.000,-1,0,0,0,70.676
1198,0,0,0.000,0.000,-1,0,0,0,69.267
1199,0,0,0.000,0.000,-1,0,0,0,71.533
1200,0,0,0.000,0.000,-1,0,0,0,69.254
1201,0,0,0.000,0.000,-1,0,0,0,70.775
1202,0,0,0.000,0.000,-1,0,0,0,67.919
1203,0,0,0.000,0.000,-1,0,0,0,71.810
1204,0,0,0.000,0.000,-1,0,0,0,69.996
1205,0,0,0.000,0.000,-1,0,0,0,69.343
1206,0,0,0.000,0.000,-1,0,0,0,71.265
1207,0,0,0.000,0.000,-1,0,0,0,70.023
1208,0,0,0.000,0.000,-1,0,0,0,68.133
1209,0,0,0.000,0.000,-1,0,0,0,71.784
1210,0,0,0.000,0.000,-1,0,0,0,68.962
1211,0,0,0.000,0.000,-1,0,0,0,69.174
1212,0,0,0.000,0.000,-1,0,0,0,69.009
1213,0,0,0.000,0.000,-1,0,0,0,70.235
1214,0,0,0.000,0.000,-1,0,0,0,72.416
1215,0,0,0.000,0.000,-1,0,0,0,68.698
1216,0,1,82.666,84.154,-1,0,0,0,69.576
1217,0,0,0.000,0.000,-1,0,0,0,70.458
1218,0,0,0.000,0.000,-1,0,0,0,68.171
1219,0,0,0.000,0.000,-1,0,0,0,70.282
1220,0,0,0.000,0.000,-1,0,0,0,68.812
1221,0,0,0.000,0.000,-1,0,0,0,68.903
1222,0,0,0.000,0.000,-1,0,0,0,70.211
1223,0,0,0.000,0.000,-1,0,0,0,72.324
1224,0,0,0.000,0.000,-1,0,0,0,70.597
1225,0,0,0.000,0.000,-1,0,0,0,65.995
1226,0,0,0.000,0.000,-1,0,0,0,67.144
1227,0,0,0.000,0.000,-1,0,0,0,70.053
1228,0,0,0.000,0.000,-1,0,0,0,68.266
1229,0,0,0.000,0.000,-1,0,0,0,71.910
1230,0,0,0.000,0.000,-1,0,0,0,68.180
1231,0,0,0.000,0.000,-1,0,0,0,72.516
1232,0,0,0.000,0.000,-1,0,0,0,67.740
1233,0,0,0.000,0.000,-1,0,0,0,68.747
1234,0,0,0.000,0.000,-1,0,0,0,65.670
1235,0,0,0.000,0.000,-1,0,0,0,68.952
1236,0,0,0.000,0.000,-1,0,0,0,68.344
1237,0,0,0.000,0.000,-1,0,0,0,70.471
1238,0,0,0.000,0.000,-1,0,0,0,70.612
1239,0,0,0.000,0.000,-1,0,0,0,69.003
1240,0,0,0.000,0.000,-1,0,0,0,66.617
1241,0,0,0.000,0.000,-1,0,0,0,67.456
1242,0,0,0.000,0.000,-1,0,0,0,71.854
1243,0,0,0.000,0.000,-1,0,0,0,68.165
1244,0,0,0.000,0.000,-1,0,0,0,69.399
1245,0,0,0.000,0.000,-1,0,0,0,68.712
1246,0,0,0.000,0.000,-1,0,0,0,68.356
1247,0,0,0.000,0.000,-1,0,0,0,73.835
1248,0,1,82.797,84.634,-1,0,0,0,71.714
1249,0,0,0.000,0.000,-1,0,0,0,70.235
1250,0,0,0.000,0.000,-1,0,0,0,70.372
1251,0,0,0.000,0.000,-1,0,0,0,70.029
1252,0,0,0.000,0.000,-1,0,0,0,68.125
1253,0,0,0.000,0.000,-1,0,0,0,73.179
1254,0,0,0.000,0.000,-1,0,0,0,68.906
1255,0,0,0.000,0.000,-1,0,0,0,70.263
1256,0,0,0.000,0.000,-1,0,0,0,70.102
1257,0,0,0.000,0.000,-1,0,0,0,70.423
1258,0,0,0.000,0.000,-1,0,0,0,69.996
1259,0,0,0.000,0.000,-1,0,0,0,67.817
1260,0,0,0.000,0.000,-1,0,0,0,69.135
1261,0,0,0.000,0.000,-1,0,0,0,71.434
1262,0,0,0.000,0.000,-1,0,0,0,70.427
1263,0,0,0.000,0.000,-1,0,0,0,66.479
1264,0,0,0.000,0.000,-1,0,0,0,67.374
1265,0,0,0.000,0.000,-1,0,0,0,69.098
1266,0,0,0.000,0.000,-1,0,0,0,67.638
1267,0,0,0.000,0.000,-1,0,0,0,68.310
1268,0,0,0.000,0.000,-1,0,0,0,67.068
1269,0,0,0.000,0.000,-1,0,0,0,67.083
1270,0,0,0.000,0.000,-1,0,0,0,70.200
1271,0,0,0.000,0.000,-1,0,0,0,70.014
1272,0,0,0.000,0.000,-1,0,0,0,69.169
1273,0,0,0.000,0.000,-1,0,0,0,68.972
1274,0,0,0.000,0.000,-1,0,0,0,68.535
1275,0,0,0.000,0.000,-1,0,0,0,73.972
1276,0,0,0.000,0.000,-1,0,0,0,72.092
1277,0,0,0.000,0.000,-1,0,0,0,68.746
1278,0,0,0.000,0.000,-1,0,0,0,70.141
1279,0,0,0.000,0.000,-1,0,0,0,68.694
1280,0,1,82.964,84.196,-1,0,0,0,68.185
1281,0,0,0.000,0.000,-1,0,0,0,68.973
1282,0,0,0.000,0.000,-1,0,0,0,71.604
1283,0,0,0.000,0.000,-1,0,0,0,70.478
1284,0,0,0.000,0.000,-1,0,0,0,71.475
1285,0,0,0.000,0.000,-1,0,0,0,69.047
1286,0,0,0.000,0.000,-1,0,0,0,70.625
1287,0,0,0.000,0.000,-1,0,0,0,69.480
1288,0,0,0.000,0.000,-1,0,0,0,75.198
1289,0,0,0.000,0.000,-1,0,0,0,68.774
1290,0,0,0.000,0.000,-1,0,0,0,69.948
1291,0,0,0.000,0.000,-1,0,0,0,70.544
1292,0,0,0.000,0.000,-1,0,0,0,71.288
1293,0,0,0.000,0.000,-1,0,0,0,68.537
1294,0,0,0.000,0.000,-1,0,0,0,68.610
1295,0,0,0.000,0.000,-1,0,0,0,69.486
1296,0,0,0.000,0.000,-1,0,0,0,68.550
1297,0,0,0.000,0.000,-1,0,0,0,69.734
1298,0,0,0.000,0.000,-1,0,0,0,69.861
1299,0,0,0.000,0.000,-1,0,0,0,68.485
1300,0,0,0.000,0.000,-1,0,0,0,68.126
1301,0,0,0.000,0.000,-1,0,0,0,70.781
1302,0,0,0.000,0.000,-1,0,0,0,69.325
1303,0,0,0.000,0.000,-1,0,0,0,70.648
1304,0,0,0.000,0.000,-1,0,0,0,65.730
1305,0,0,0.000,0.000,-1,0,0,0,67.762
1306,0,0,0.000,0.000,-1,0,0,0,65.459
1307,0,0,0.000,0.000,-1,0,0,0,68.221
1308,0,0,0.000,0.000,-1,0,0,0,67.544
1309,0,0,0.000,0.000,-1,0,0,0,64.977
1310,0,0,0.000,0.000,-1,0,0,0,65.493
1311,0,0,0.000,0.000,-1,0,0,0,66.975
1312,0,1,83.381,85.579,-1,0,0,0,65.470
1313,0,0,0.000,0.000,-1,0,0,0,67.032
1314,0,0,0.000,0.000,-1,0,0,0,66.055
1315,0,0,0.000,0.000,-1,0,0,0,70.001
1316,0,0,0.000,0.000,-1,0,0,0,64.949
1317,0,0,0.000,0.000,-1,0,0,0,63.773
1318,0,0,0.000,0.000,-1,0,0,0,64.378
1319,0,0,0.000,0.000,-1,0,0,0,64.953
1320,0,0,0.000,0.000,-1,0,0,0,64.320
1321,0,0,0.000,0.000,-1,0,0,0,64.884
1322,0,0,0.000,0.000,-1,0,0,0,65.628
1323,0,0,0.000,0.000,-1,0,0,0,66.751
1324,0,0,0.000,0.000,-1,0,0,0,65.239
1325,0,0,0.000,0.000,-1,0,0,0,65.319
1326,0,0,0.000,0.000,-1,0,0,0,65.670
1327,0,0,0.000,0.000,-1,0,0,0,67.021
1328,0,0,0.000,0.000,-1,0,0,0,65.396
1329,0,0,0.000,0.000,-1,0,0,0,66.153
1330,0,0,0.000,0.000,-1,0,0,0,65.774
1331,0,0,0.000,0.000,-1,0,0,0,65.303
1332,0,0,0.000,0.000,-1,0,0,0,64.767
1333,0,0,0.000,0.000,-1,0,0,0,66.460
1334,0,0,0.000,0.000,-1,0,0,0,65.862
1335,0,0,0.000,0.000,-1,0,0,0,66.659
1336,0,0,0.000,0.000,-1,0,0,0,65.876
1337,0,0,0.000,0.000,-1,0,0,0,64.758
1338,0,0,0.000,0.000,-1,0,0,0,64.014
1339,0,0,0.000,0.000,-1,0,0,0,65.589
1340,0,0,0.000,0.000,-1,0,0,0,66.996
1341,0,0,0.000,0.000,-1,0,0,0,65.150
1342,0,0,0.000,0.000,-1,0,0,0,64.878
1343,0,0,0.000,0.000,-1,0,0,0,67.097
1344,0,1,82.863,84.528,-1,0,0,0,65.581
1345,0,0,0.000,0.000,-1,0,0,0,66.436
1346,0,0,0.000,0.000,-1,0,0,0,64.851
1347,0,0,0.000,0.000,-1,0,0,0,65.595
1348,0,0,0.000,0.000,-1,0,0,0,66.226
1349,0,0,0.000,0.000,-1,0,0,0,67.171
1350,0,0,0.000,0.000,-1,0,0,0,65.433
1351,0,0,0.000,0.000,-1,0,0,0,65.771
1352,0,0,0.000,0.000,-1,0,0,0,66.939
1353,0,0,0.000,0.000,-1,0,0,0,65.911
1354,0,0,0.000,0.000,-1,0,0,0,65.558
1355,0,0,0.000,0.000,-1,0,0,0,64.710
1356,0,0,0.000,0.000,-1,0,0,0,66.570
1357,0,0,0.000,0.000,-1,0,0,0,66.949
1358,0,0,0.000,0.000,-1,0,0,0,66.004
1359,0,0,0.000,0.000,-1,0,0,0,65.807
1360,0,0,0.000,0.000,-1,0,0,0,71.757
1361,0,0,0.000,0.000,-1,0,0,0,66.917
1362,0,0,0.000,0.000,-1,0,0,0,65.808
1363,0,0,0.000,0.000,-1,0,0,0,66.406
1364,0,0,0.000,0.000,-1,0,0,0,69.115
1365,0,0,0.000,0.000,-1,0,0,0,67.395
1366,0,0,0.000,0.000,-1,0,0,0,64.728
1367,0,0,0.000,0.000,-1,0,0,0,65.281
1368,0,0,0.000,0.000,-1,0,0,0,69.601
1369,0,0,0.000,0.000,-1,0,0,0,64.277
1370,0,0,0.000,0.000,-1,0,0,0,65.680
1371,0,0,0.000,0.000,-1,0,0,0,63.943
1372,0,0,0.000,0.000,-1,0,0,0,65.467
1373,0,0,0.000,0.000,-1,0,0,0,64.845
1374,0,0,0.000,0.000,-1,0,0,0,63.096
1375,0,0,0.000,0.000,-1,0,0,0,64.734
1376,0,1,82.955,84.803,-1,0,0,0,65.402
1377,0,0,0.000,0.000,-1,0,0,0,70.690
1378,0,0,0.000,0.000,-1,0,0,0,67.872
1379,0,0,0.000,0.000,-1,0,0,0,69.422
1380,0,0,0.000,0.000,-1,0,0,0,66.197
1381,0,0,0.000,0.000,-1,0,0,0,68.672
1382,0,0,0.000,0.000,-1,0,0,0,67.835
1383,0,0,0.000,0.000,-1,0,0,0,69.369
1384,0,0,0.000,0.000,-1,0,0,0,69.618
1385,0,0,0.000,0.000,-1,0,0,0,68.713
1386,0,0,0.000,0.000,-1,0,0,0,70.598
1387,0,0,0.000,0.000,-1,0,0,0,67.440
1388,0,0,0.000,0.000,-1,0,0,0,68.282
1389,0,0,0.000,0.000,-1,0,0,0,66.671
1390,0,0,0.000,0.000,-1,0,0,0,65.313
1391,0,0,0.000,0.000,-1,0,0,0,64.677
1392,0,0,0.000,0.000,-1,0,0,0,67.283
1393,0,0,0.000,0.000,-1,0,0,0,67.528
1394,0,0,0.000,0.000,-1,0,0,0,64.218
1395,0,0,0.000,0.000,-1,0,0,0,63.965
1396,0,0,0.000,0.000,-1,0,0,0,64.100
1397,0,0,0.000,0.000,-1,0,0,0,66.050
1398,0,0,0.000,0.000,-1,0,0,0,64.297
1399,0,0,0.000,0.000,-1,0,0,0,65.654
1400,0,0,0.000,0.000,-1,0,0,0,64.639
1401,0,0,0.000,0.000,-1,0,0,0,66.047
1402,0,0,0.000,0.000,-1,0,0,0,64.071
1403,0,0,0.000,0.000,-1,0,0,0,67.633
1404,0,0,0.000,0.000,-1,0,0,0,64.131
1405,0,0,0.000,0.000,-1,0,0,0,64.310
1406,0,0,0.000,0.000,-1,0,0,0,63.793
1407,0,0,0.000,0.000,-1,0,0,0,65.234
1408,0,1,83.069,84.743,-1,0,0,0,66.880
1409,0,0,0.000,0.000,-1,0,0,0,67.099
1410,0,0,0.000,0.000,-1,0,0,0,66.345
1411,0,0,0.000,0.000,-1,0,0,0,67.585
1412,0,0,0.000,0.000,-1,0,0,0,64.508
1413,0,0,0.000,0.000,-1,0,0,0,67.818
1414,0,0,0.000,0.000,-1,0,0,0,66.342
1415,0,0,0.000,0.000,-1,0,0,0,66.773
1416,0,0,0.000,0.000,-1,0,0,0,66.132
1417,0,0,0.000,0.000,-1,0,0,0,67.632
1418,0,0,0.000,0.000,-1,0,0,0,65.062
1419,0,0,0.000,0.000,-1,0,0,0,64.344
1420,0,0,0.000,0.000,-1,0,0,0,64.491
1421,0,0,0.000,0.000,-1,0,0,0,70.298
1422,0,0,0.000,0.000,-1,0,0,0,66.508
1423,0,0,0.000,0.000,-1,0,0,0,67.600
1424,0,0,0.000,0.000,-1,0,0,0,65.969
1425,0,0,0.000,0.000,-1,0,0,0,67.616
1426,0,0,0.000,0.000,-1,0,0,0,66.808
1427,0,0,0.000,0.000,-1,0,0,0,66.887
1428,0,0,0.000,0.000,-1,0,0,0,72.538
1429,0,0,0.000,0.000,-1,0,0,0,64.854
1430,0,0,0.000,0.000,-1,0,0,0,65.927
1431,0,0,0.000,0.000,-1,0,0,0,64.120
1432,0,0,0.000,0.000,-1,0,0,0,64.149
1433,0,0,0.000,0.000,-1,0,0,0,67.967
1434,0,0,0.000,0.000,-1,0,0,0,67.411
1435,0,0,0.000,0.000,-1,0,0,0,65.801
1436,0,0,0.000,0.000,-1,0,0,0,64.897
1437,0,0,0.000,0.000,-1,0,0,0,65.320
1438,0,0,0.000,0.000,-1,0,0,0,67.050
1439,0,0,0.000,0.000,-1,0,0,0,64.238
1440,0,1,82.939,84.602,-1,0,0,0,66.789
1441,0,0,0.000,0.000,-1,0,0,0,66.303
1442,0,0,0.000,0.000,-1,0,0,0,65.740
1443,0,0,0.000,0.000,-1,0,0,0,65.751
1444,0,0,0.000,0.000,-1,0,0,0,65.304
1445,0,0,0.000,0.000,-1,0,0,0,66.519
1446,0,0,0.000,0.000,-1,0,0,0,68.143
1447,0,0,0.000,0.000,-1,0,0,0,66.022
1448,0,0,0.000,0.000,-1,0,0,0,65.558
1449,0,0,0.000,0.000,-1,0,0,0,97.560
1450,0,0,0.000,0.000,-1,0,0,0,64.758
1451,0,0,0.000,0.000,-1,0,0,0,66.395
1452,0,0,0.000,0.000,-1,0,0,0,68.327
1453,0,0,0.000,0.000,-1,0,0,0,66.611
1454,0,0,0.000,0.000,-1,0,0,0,68.197
1455,0,0,0.000,0.000,-1,0,0,0,66.505
1456,0,0,0.000,0.000,-1,0,0,0,66.832
1457,0,0,0.000,0.000,-1,0,0,0,66.876
1458,0,0,0.000,0.000,-1,0,0,0,68.501
1459,0,0,0.000,0.000,-1,0,0,0,66.372
1460,0,0,0.000,0.000,-1,0,0,0,66.877
1461,0,0,0.000,0.000,-1,0,0,0,66.945
1462,0,0,0.000,0.000,-1,0,0,0,65.218
1463,0,0,0.000,0.000,-1,0,0,0,64.271
1464,0,0,0.000,0.000,-1,0,0,0,66.742
1465,0,0,0.000,0.000,-1,0,0,0,66.655
1466,0,0,0.000,0.000,-1,0,0,0,71.980
1467,0,0,0.000,0.000,-1,0,0,0,64.464
1468,0,0,0.000,0.000,-1,0,0,0,66.097
1469,0,0,0.000,0.000,-1,0,0,0,64.169
1470,0,0,0.000,0.000,-1,0,0,0,69.962
1471,0,0,0.000,0.000,-1,0,0,0,66.041
1472,0,1,82.949,84.409,-1,0,0,0,66.403
1473,0,0,0.000,0.000,-1,0,0,0,71.783
1474,0,0,0.000,0.000,-1,0,0,0,76.072
1475,0,0,0.000,0.000,-1,0,0,0,73.213
1476,0,0,0.000,0.000,-1,0,0,0,68.858
1477,0,0,0.000,0.000,-1,0,0,0,69.584
1478,0,0,0.000,0.000,-1,0,0,0,70.269
1479,0,0,0.000,0.000,-1,0,0,0,68.616
1480,0,0,0.000,0.000,-1,0,0,0,69.529
1481,0,0,0.000,0.000,-1,0,0,0,68.378
1482,0,0,0.000,0.000,-1,0,0,0,70.354
1483,0,0,0.000,0.000,-1,0,0,0,68.517
1484,0,0,0.000,0.000,-1,0,0,0,71.328
1485,0,0,0.000,0.000,-1,0,0,0,72.954
1486,0,0,0.000,0.000,-1,0,0,0,70.127
1487,0,0,0.000,0.000,-1,0,0,0,70.161
1488,0,0,0.000,0.000,-1,0,0,0,68.797
1489,0,0,0.000,0.000,-1,0,0,0,68.930
1490,0,0,0.000,0.000,-1,0,0,0,72.401
1491,0,0,0.000,0.000,-1,0,0,0,71.870
1492,0,0,0.000,0.000,-1,0,0,0,65.421
1493,0,0,0.000,0.000,-1,0,0,0,66.036
1494,0,0,0.000,0.000,-1,0,0,0,65.008
1495,0,0,0.000,0.000,-1,0,0,0,64.887
1496,0,0,0.000,0.000,-1,0,0,0,67.962
1497,0,0,0.000,0.000,-1,0,0,0,67.699
1498,0,0,0.000,0.000,-1,0,0,0,68.015
1499,0,0,0.000,0.000,-1,0,0,0,71.771
1500,0,0,0.000,0.000,-1,0,0,0,67.047
1501,0,0,0.000,0.000,-1,0,0,0,66.684
1502,0,0,0.000,0.000,-1,0,0,0,66.748
1503,0,0,0.000,0.000,-1,0,0,0,70.902
1504,0,1,84.147,86.481,-1,0,0,0,65.150
1505,0,0,0.000,0.000,-1,0,0,0,66.455
1506,0,0,0.000,0.000,-1,0,0,0,67.082
1507,0,0,0.000,0.000,-1,0,0,0,67.049
1508,0,0,0.000,0.000,-1,0,0,0,65.041
1509,0,0,0.000,0.000,-1,0,0,0,70.839
1510,0,0,0.000,0.000,-1,0,0,0,67.670
1511,0,0,0.000,0.000,-1,0,0,0,66.046
1512,0,0,0.000,0.000,-1,0,0,0,66.009
1513,0,0,0.000,0.000,-1,0,0,0,66.020
1514,0,0,0.000,0.000,-1,0,0,0,67.044
1515,0,0,0.000,0.000,-1,0,0,0,65.740
1516,0,0,0.000,0.000,-1,0,0,0,74.180
1517,0,0,0.000,0.000,-1,0,0,0,66.409
1518,0,0,0.000,0.000,-1,0,0,0,64.813
1519,0,0,0.000,0.000,-1,0,0,0,71.335
1520,0,0,0.000,0.000,-1,0,0,0,67.842
1521,0,0,0.000,0.000,-1,0,0,0,65.401
1522,0,0,0.000,0.000,-1,0,0,0,66.042
1523,0,0,0.000,0.000,-1,0,0,0,65.385
1524,0,0,0.000,0.000,-1,0,0,0,66.890
1525,0,0,0.000,0.000,-1,0,0,0,66.472
1526,0,0,0.000,0.000,-1,0,0,0,65.453
1527,0,0,0.000,0.000,-1,0,0,0,66.892
1528,0,0,0.000,0.000,-1,0,0,0,68.147
1529,0,0,0.000,0.000,-1,0,0,0,66.795
1530,0,0,0.000,0.000,-1,0,0,0,63.671
1531,0,0,0.000,0.000,-1,0,0,0,63.437
1532,0,0,0.000,0.000,-1,0,0,0,65.425
1533,0,0,0.000,0.000,-1,0,0,0,64.853
1534,0,0,0.000,0.000,-1,0,0,0,67.716
1535,0,0,0.000,0.000,-1,0,0,0,66.744
1536,0,1,82.094,82.890,-1,0,0,0,73.585
1537,0,0,0.000,0.000,-1,0,0,0,74.806
1538,0,0,0.000,0.000,-1,0,0,0,69.493
1539,0,0,0.000,0.000,-1,0,0,0,97.422
1540,0,0,0.000,0.000,-1,0,0,0,64.601
1541,0,0,0.000,0.000,-1,0,0,0,83.398
1542,0,0,0.000,0.000,-1,0,0,0,69.557
1543,0,0,0.000,0.000,-1,0,0,0,66.414
1544,0,0,0.000,0.000,-1,0,0,0,65.738
1545,0,0,0.000,0.000,-1,0,0,0,66.823
1546,0,0,0.000,0.000,-1,0,0,0,66.129
1547,0,0,0.000,0.000,-1,0,0,0,64.652
1548,0,0,0.000,0.000,-1,0,0,0,65.288
1549,0,0,0.000,0.000,-1,0,0,0,65.183
1550,0,0,0.000,0.000,-1,0,0,0,66.597
1551,0,0,0.000,0.000,-1,0,0,0,65.139
1552,0,0,0.000,0.000,-1,0,0,0,67.998
1553,0,0,0.000,0.000,-1,0,0,0,66.582
1554,0,0,0.000,0.000,-1,0,0,0,65.000
1555,0,0,0.000,0.000,-1,0,0,0,64.988
1556,0,0,0.000,0.000,-1,0,0,0,68.319
1557,0,0,0.000,0.000,-1,0,0,0,65.865
1558,0,0,0.000,0.000,-1,0,0,0,66.815
1559,0,0,0.000,0.000,-1,0,0,0,67.046
1560,0,0,0.000,0.000,-1,0,0,0,65.672
1561,0,0,0.000,0.000,-1,0,0,0,65.513
1562,0,0,0.000,0.000,-1,0,0,0,68.397
1563,0,0,0.000,0.000,-1,0,0,0,65.357
1564,0,0,0.000,0.000,-1,0,0,0,65.809
1565,0,0,0.000,0.000,-1,0,0,0,66.499
1566,0,0,0.000,0.000,-1,0,0,0,64.139
1567,0,0,0.000,0.000,-1,0,0,0,66.952
1568,0,1,83.705,84.852,-1,0,0,0,65.258
1569,0,0,0.000,0.000,-1,0,0,0,69.655
1570,0,0,0.000,0.000,-1,0,0,0,67.649
1571,0,0,0.000,0.000,-1,0,0,0,68.766
1572,0,0,0.000,0.000,-1,0,0,0,66.392
1573,0,0,0.000,0.000,-1,0,0,0,67.686
1574,0,0,0.000,0.000,-1,0,0,0,67.601
1575,0,0,0.000,0.000,-1,0,0,0,72.566
1576,0,0,0.000,0.000,-1,0,0,0,70.610
1577,0,0,0.000,0.000,-1,0,0,0,70.019
1578,0,0,0.000,0.000,-1,0,0,0,69.228
1579,0,0,0.000,0.000,-1,0,0,0,69.161
1580,0,0,0.000,0.000,-1,0,0,0,70.126
1581,0,0,0.000,0.000,-1,0,0,0,70.067
1582,0,0,0.000,0.000,-1,0,0,0,68.884
1583,0,0,0.000,0.000,-1,0,0,0,70.297
1584,0,0,0.000,0.000,-1,0,0,0,72.233
1585,0,0,0.000,0.000,-1,0,0,0,70.610
1586,0,0,0.000,0.000,-1,0,0,0,69.800
1587,0,0,0.000,0.000,-1,0,0,0,68.300
1588,0,0,0.000,0.000,-1,0,0,0,71.741
1589,0,0,0.000,0.000,-1,0,0,0,67.963
1590,0,0,0.000,0.000,-1,0,0,0,68.927
1591,0,0,0.000,0.000,-1,0,0,0,70.495
1592,0,0,0.000,0.000,-1,0,0,0,63.178
1593,0,0,0.000,0.000,-1,0,0,0,62.986
1594,0,0,0.000,0.000,-1,0,0,0,63.323
1595,0,0,0.000,0.000,-1,0,0,0,64.751
1596,0,0,0.000,0.000,-1,0,0,0,64.242
1597,0,0,0.000,0.000,-1,0,0,0,66.135
1598,0,0,0.000,0.000,-1,0,0,0,67.385
1599,0,0,0.000,0.000,-1,0,0,0,66.524
1600,0,1,82.865,84.551,-1,0,0,0,66.247
1601,0,0,0.000,0.000,-1,0,0,0,69.698
1602,0,0,0.000,0.000,-1,0,0,0,71.377
1603,0,0,0.000,0.000,-1,0,0,0,73.073
1604,0,0,0.000,0.000,-1,0,0,0,69.174
1605,0,0,0.000,0.000,-1,0,0,0,71.993
1606,0,0,0.000,0.000,-1,0,0,0,68.724
1607,0,0,0.000,0.000,-1,0,0,0,71.207
1608,0,0,0.000,0.000,-1,0,0,0,66.598
1609,0,0,0.000,0.000,-1,0,0,0,68.072
1610,0,0,0.000,0.000,-1,0,0,0,69.916
1611,0,0,0.000,0.000,-1,0,0,0,70.928
1612,0,0,0.000,0.000,-1,0,0,0,68.955
1613,0,0,0.000,0.000,-1,0,0,0,69.696
1614,0,0,0.000,0.000,-1,0,0,0,68.558
1615,0,0,0.000,0.000,-1,0,0,0,70.411
1616,0,0,0.000,0.000,-1,0,0,0,67.518
1617,0,0,0.000,0.000,-1,0,0,0,68.793
1618,0,0,0.000,0.000,-1,0,0,0,71.282
1619,0,0,0.000,0.000,-1,0,0,0,69.316
1620,0,0,0.000,0.000,-1,0,0,0,69.606
1621,0,0,0.000,0.000,-1,0,0,0,68.964
1622,0,0,0.000,0.000,-1,0,0,0,69.132
1623,0,0,0.000,0.000,-1,0,0,0,71.505
1624,0,0,0.000,0.000,-1,0,0,0,67.997
1625,0,0,0.000,0.000,-1,0,0,0,69.948
1626,0,0,0.000,0.000,-1,0,0,0,66.328
1627,0,0,0.000,0.000,-1,0,0,0,68.672
1628,0,0,0.000,0.000,-1,0,0,0,73.523
1629,0,0,0.000,0.000,-1,0,0,0,66.573
1630,0,0,0.000,0.000,-1,0,0,0,70.152
1631,0,0,0.000,0.000,-1,0,0,0,68.439
1632,0,1,84.170,85.082,-1,0,0,0,72.142
1633,0,0,0.000,0.000,-1,0,0,0,74.519
1634,0,0,0.000,0.000,-1,0,0,0,70.377
1635,0,0,0.000,0.000,-1,0,0,0,68.288
1636,0,0,0.000,0.000,-1,0,0,0,70.547
1637,0,0,0.000,0.000,-1,0,0,0,69.375
1638,0,0,0.000,0.000,-1,0,0,0,68.071
1639,0,0,0.000,0.000,-1,0,0,0,68.829
1640,0,0,0.000,0.000,-1,0,0,0,66.925
1641,0,0,0.000,0.000,-1,0,0,0,69.259
1642,0,0,0.000,0.000,-1,0,0,0,71.560
1643,0,0,0.000,0.000,-1,0,0,0,68.274
1644,0,0,0.000,0.000,-1,0,0,0,69.219
1645,0,0,0.000,0.000,-1,0,0,0,70.461
1646,0,0,0.000,0.000,-1,0,0,0,71.219
1647,0,0,0.000,0.000,-1,0,0,0,69.405
1648,0,0,0.000,0.000,-1,0,0,0,66.087
1649,0,0,0.000,0.000,-1,0,0,0,70.864
1650,0,0,0.000,0.000,-1,0,0,0,73.181
1651,0,0,0.000,0.000,-1,0,0,0,67.754
1652,0,0,0.000,0.000,-1,0,0,0,68.205
1653,0,0,0.000,0.000,-1,0,0,0,67.307
1654,0,0,0.000,0.000,-1,0,0,0,68.054
1655,0,0,0.000,0.000,-1,0,0,0,68.285
1656,0,0,0.000,0.000,-1,0,0,0,69.599
1657,0,0,0.000,0.000,-1,0,0,0,72.889
1658,0,0,0.000,0.000,-1,0,0,0,69.310
1659,0,0,0.000,0.000,-1,0,0,0,70.977
1660,0,0,0.000,0.000,-1,0,0,0,68.092
1661,0,0,0.000,0.000,-1,0,0,0,68.669
1662,0,0,0.000,0.000,-1,0,0,0,66.839
1663,0,0,0.000,0.000,-1,0,0,0,66.547
1664,0,1,83.839,85.643,-1,0,0,0,68.605
1665,0,0,0.000,0.000,-1,0,0,0,69.173
1666,0,0,0.000,0.000,-1,0,0,0,70.101
1667,0,0,0.000,0.000,-1,0,0,0,67.934
1668,0,0,0.000,0.000,-1,0,0,0,69.942
1669,0,0,0.000,0.000,-1,0,0,0,70.544
1670,0,0,0.000,0.000,-1,0,0,0,71.602
1671,0,0,0.000,0.000,-1,0,0,0,68.313
1672,0,0,0.000,0.000,-1,0,0,0,70.246
1673,0,0,0.000,0.000,-1,0,0,0,67.666
1674,0,0,0.000,0.000,-1,0,0,0,70.757
1675,0,0,0.000,0.000,-1,0,0,0,70.075
1676,0,0,0.000,0.000,-1,0,0,0,69.473
1677,0,0,0.000,0.000,-1,0,0,0,69.527
1678,0,0,0.000,0.000,-1,0,0,0,67.600
1679,0,0,0.000,0.000,-1,0,0,0,66.274
1680,0,0,0.000,0.000,-1,0,0,0,68.000
1681,0,0,0.000,0.000,-1,0,0,0,69.000
1682,0,0,0.000,0.000,-1,0,0,0,71.489
1683,0,0,0.000,0.000,-1,0,0,0,69.749
1684,0,0,0.000,0.000,-1,0,0,0,68.812
1685,0,0,0.000,0.000,-1,0,0,0,68.874
1686,0,0,0.000,0.000,-1,0,0,0,67.872
1687,0,0,0.000,0.000,-1,0,0,0,69.566
1688,0,0,0.000,0.000,-1,0,0,0,67.479
1689,0,0,0.000,0.000,-1,0,0,0,69.816
1690,0,0,0.000,0.000,-1,0,0,0,70.688
1691,0,0,0.000,0.000,-1,0,0,0,70.785
1692,0,0,0.000,0.000,-1,0,0,0,69.563
1693,0,0,0.000,0.000,-1,0,0,0,69.815
1694,0,0,0.000,0.000,-1,0,0,0,69.082
1695,0,0,0.000,0.000,-1,0,0,0,67.209
1696,0,1,83.539,85.439,-1,0,0,0,67.606
1697,0,0,0.000,0.000,-1,0,0,0,73.996
1698,0,0,0.000,0.000,-1,0,0,0,70.883
1699,0,0,0.000,0.000,-1,0,0,0,68.417
1700,0,0,0.000,0.000,-1,0,0,0,67.022
1701,0,0,0.000,0.000,-1,0,0,0,68.656
1702,0,0,0.000,0.000,-1,0,0,0,67.847
1703,0,0,0.000,0.000,-1,0,0,0,69.168
1704,0,0,0.000,0.000,-1,0,0,0,68.396
1705,0,0,0.000,0.000,-1,0,0,0,69.451
1706,0,0,0.000,0.000,-1,0,0,0,68.350
1707,0,0,0.000,0.000,-1,0,0,0,71.406
1708,0,0,0.000,0.000,-1,0,0,0,70.198
1709,0,0,0.000,0.000,-1,0,0,0,71.322
1710,0,0,0.000,0.000,-1,0,0,0,69.965
1711,0,0,0.000,0.000,-1,0,0,0,69.457
1712,0,0,0.000,0.000,-1,0,0,0,69.204
1713,0,0,0.000,0.000,-1,0,0,0,70.219
1714,0,0,0.000,0.000,-1,0,0,0,67.603
1715,0,0,0.000,0.000,-1,0,0,0,68.371
1716,0,0,0.000,0.000,-1,0,0,0,70.037
1717,0,0,0.000,0.000,-1,0,0,0,71.833
1718,0,0,0.000,0.000,-1,0,0,0,67.682
1719,0,0,0.000,0.000,-1,0,0,0,69.412
1720,0,0,0.000,0.000,-1,0,0,0,73.040
1721,0,0,0.000,0.000,-1,0,0,0,71.092
1722,0,0,0.000,0.000,-1,0,0,0,71.407
1723,0,0,0.000,0.000,-1,0,0,0,69.846
1724,0,0,0.000,0.000,-1,0,0,0,72.860
1725,0,0,0.000,0.000,-1,0,0,0,75.005
1726,0,0,0.000,0.000,-1,0,0,0,69.736
1727,0,0,0.000,0.000,-1,0,0,0,69.524
1728,0,1,83.068,85.431,-1,0,0,0,68.120
1729,0,0,0.000,0.000,-1,0,0,0,67.999
1730,0,0,0.000,0.000,-1,0,0,0,68.422
1731,0,0,0.000,0.000,-1,0,0,0,67.778
1732,0,0,0.000,0.000,-1,0,0,0,71.459
1733,0,0,0.000,0.000,-1,0,0,0,69.134
1734,0,0,0.000,0.000,-1,0,0,0,67.534
1735,0,0,0.000,0.000,-1,0,0,0,69.169
1736,0,0,0.000,0.000,-1,0,0,0,69.083
1737,0,0,0.000,0.000,-1,0,0,0,72.253
1738,0,0,0.000,0.000,-1,0,0,0,71.127
1739,0,0,0.000,0.000,-1,0,0,0,70.750
1740,0,0,0.000,0.000,-1,0,0,0,67.660
1741,0,0,0.000,0.000,-1,0,0,0,67.563
1742,0,0,0.000,0.000,-1,0,0,0,69.384
1743,0,0,0.000,0.000,-1,0,0,0,70.445
1744,0,0,0.000,0.000,-1,0,0,0,70.638
1745,0,0,0.000,0.000,-1,0,0,0,69.299
1746,0,0,0.000,0.000,-1,0,0,0,70.225
1747,0,0,0.000,0.000,-1,0,0,0,70.865
1748,0,0,0.000,0.000,-1,0,0,0,71.577
1749,0,0,0.000,0.000,-1,0,0,0,70.557
1750,0,0,0.000,0.000,-1,0,0,0,69.449
1751,0,0,0.000,0.000,-1,0,0,0,69.723
1752,0,0,0.000,0.000,-1,0,0,0,71.292
1753,0,0,0.000,0.000,-1,0,0,0,70.579
1754,0,0,0.000,0.000,-1,0,0,0,71.094
1755,0,0,0.000,0.000,-1,0,0,0,67.920
1756,0,0,0.000,0.000,-1,0,0,0,68.260
1757,0,0,0.000,0.000,-1,0,0,0,66.710
1758,0,0,0.000,0.000,-1,0,0,0,71.228
1759,0,0,0.000,0.000,-1,0,0,0,70.929
1760,0,1,83.756,85.502,-1,0,0,0,70.830
1761,0,0,0.000,0.000,-1,0,0,0,71.909
1762,0,0,0.000,0.000,-1,0,0,0,69.594
1763,0,0,0.000,0.000,-1,0,0,0,66.821
1764,0,0,0.000,0.000,-1,0,0,0,70.842
1765,0,0,0.000,0.000,-1,0,0,0,69.062
1766,0,0,0.000,0.000,-1,0,0,0,74.121
1767,0,0,0.000,0.000,-1,0,0,0,69.606
1768,0,0,0.000,0.000,-1,0,0,0,70.255
1769,0,0,0.000,0.000,-1,0,0,0,70.021
1770,0,0,0.000,0.000,-1,0,0,0,66.951
1771,0,0,0.000,0.000,-1,0,0,0,68.078
1772,0,0,0.000,0.000,-1,0,0,0,71.275
1773,0,0,0.000,0.000,-1,0,0,0,68.216
1774,0,0,0.000,0.000,-1,0,0,0,69.789
1775,0,0,0.000,0.000,-1,0,0,0,69.534
1776,0,0,0.000,0.000,-1,0,0,0,66.512
1777,0,0,0.000,0.000,-1,0,0,0,69.550
1778,0,0,0.000,0.000,-1,0,0,0,69.280
1779,0,0,0.000,0.000,-1,0,0,0,67.823
1780,0,0,0.000,0.000,-1,0,0,0,68.518
1781,0,0,0.000,0.000,-1,0,0,0,67.116
1782,0,0,0.000,0.000,-1,0,0,0,68.411
1783,0,0,0.000,0.000,-1,0,0,0,68.446
1784,0,0,0.000,0.000,-1,0,0,0,69.008
1785,0,0,0.000,0.000,-1,0,0,0,70.229
1786,0,0,0.000,0.000,-1,0,0,0,68.485
1787,0,0,0.000,0.000,-1,0,0,0,67.842
1788,0,0,0.000,0.000,-1,0,0,0,68.817
1789,0,0,0.000,0.000,-1,0,0,0,69.449
1790,0,0,0.000,0.000,-1,0,0,0,69.530
1791,0,0,0.000,0.000,-1,0,0,0,67.642
1792,0,1,83.781,85.806,-1,0,0,0,69.503
1793,0,0,0.000,0.000,-1,0,0,0,68.637
1794,0,0,0.000,0.000,-1,0,0,0,69.012
1795,0,0,0.000,0.000,-1,0,0,0,69.156
1796,0,0,0.000,0.000,-1,0,0,0,69.382
1797,0,0,0.000,0.000,-1,0,0,0,70.885
1798,0,0,0.000,0.000,-1,0,0,0,70.821
1799,0,0,0.000,0.000,-1,0,0,0,69.489
1800,0,0,0.000,0.000,-1,0,0,0,70.316
1801,0,0,0.000,0.000,-1,0,0,0,71.053
1802,0,0,0.000,0.000,-1,0,0,0,67.043
1803,0,0,0.000,0.000,-1,0,0,0,68.715
1804,0,0,0.000,0.000,-1,0,0,0,72.405
1805,0,0,0.000,0.000,-1,0,0,0,69.816
1806,0,0,0.000,0.000,-1,0,0,0,72.065
1807,0,0,0.000,0.000,-1,0,0,0,70.808
1808,0,0,0.000,0.000,-1,0,0,0,72.445
1809,0,0,0.000,0.000,-1,0,0,0,72.652
1810,0,0,0.000,0.000,-1,0,0,0,73.091
1811,0,0,0.000,0.000,-1,0,0,0,74.605
1812,0,0,0.000,0.000,-1,0,0,0,70.899
1813,0,0,0.000,0.000,-1,0,0,0,69.636
1814,0,0,0.000,0.000,-1,0,0,0,69.167
1815,0,0,0.000,0.000,-1,0,0,0,71.307
1816,0,0,0.000,0.000,-1,0,0,0,71.835
1817,0,0,0.000,0.000,-1,0,0,0,68.359
1818,0,0,0.000,0.000,-1,0,0,0,70.316
1819,0,0,0.000,0.000,-1,0,0,0,69.813
1820,0,0,0.000,0.000,-1,0,0,0,70.337
1821,0,0,0.000,0.000,-1,0,0,0,67.928
1822,0,0,0.000,0.000,-1,0,0,0,68.461
1823,0,0,0.000,0.000,-1,0,0,0,70.934
1824,0,1,82.984,84.420,-1,0,0,0,69.060
1825,0,0,0.000,0.000,-1,0,0,0,68.685
1826,0,0,0.000,0.000,-1,0,0,0,64.890
1827,0,0,0.000,0.000,-1,0,0,0,66.199
1828,0,0,0.000,0.000,-1,0,0,0,64.340
1829,0,0,0.000,0.000,-1,0,0,0,65.159
1830,0,0,0.000,0.000,-1,0,0,0,67.501
1831,0,0,0.000,0.000,-1,0,0,0,70.024
1832,0,0,0.000,0.000,-1,0,0,0,67.817
1833,0,0,0.000,0.000,-1,0,0,0,66.006
1834,0,0,0.000,0.000,-1,0,0,0,67.295
1835,0,0,0.000,0.000,-1,0,0,0,68.601
1836,0,0,0.000,0.000,-1,0,0,0,69.116
1837,0,0,0.000,0.000,-1,0,0,0,69.825
1838,0,0,0.000,0.000,-1,0,0,0,74.395
1839,0,0,0.000,0.000,-1,0,0,0,67.987
1840,0,0,0.000,0.000,-1,0,0,0,69.943
1841,0,0,0.000,0.000,-1,0,0,0,67.719
1842,0,0,0.000,0.000,-1,0,0,0,70.329
1843,0,0,0.000,0.000,-1,0,0,0,70.117
1844,0,0,0.000,0.000,-1,0,0,0,68.610
1845,0,0,0.000,0.000,-1,0,0,0,69.343
1846,0,0,0.000,0.000,-1,0,0,0,66.748
1847,0,0,0.000,0.000,-1,0,0,0,69.889
1848,0,0,0.000,0.000,-1,0,0,0,67.387
1849,0,0,0.000,0.000,-1,0,0,0,71.931
1850,0,0,0.000,0.000,-1,0,0,0,68.220
1851,0,0,0.000,0.000,-1,0,0,0,69.816
1852,0,0,0.000,0.000,-1,0,0,0,66.799
1853,0,0,0.000,0.000,-1,0,0,0,66.686
1854,0,0,0.000,0.000,-1,0,0,0,65.752
1855,0,0,0.000,0.000,-1,0,0,0,66.116
1856,0,1,83.879,85.776,-1,0,0,0,65.409
1857,0,0,0.000,0.000,-1,0,0,0,70.557
1858,0,0,0.000,0.000,-1,0,0,0,68.119
1859,0,0,0.000,0.000,-1,0,0,0,79.036
1860,0,0,0.000,0.000,-1,0,0,0,73.758
1861,0,0,0.000,0.000,-1,0,0,0,70.186
1862,0,0,0.000,0.000,-1,0,0,0,71.835
1863,0,0,0.000,0.000,-1,0,0,0,73.146
1864,0,0,0.000,0.000,-1,0,0,0,70.241
1865,0,0,0.000,0.000,-1,0,0,0,68.627
1866,0,0,0.000,0.000,-1,0,0,0,67.318
1867,0,0,0.000,0.000,-1,0,0,0,67.847
1868,0,0,0.000,0.000,-1,0,0,0,69.251
1869,0,0,0.000,0.000,-1,0,0,0,70.285
1870,0,0,0.000,0.000,-1,0,0,0,70.109
1871,0,0,0.000,0.000,-1,0,0,0,71.881
1872,0,0,0.000,0.000,-1,0,0,0,75.762
1873,0,0,0.000,0.000,-1,0,0,0,70.429
1874,0,0,0.000,0.000,-1,0,0,0,71.373
1875,0,0,0.000,0.000,-1,0,0,0,68.220
1876,0,0,0.000,0.000,-1,0,0,0,68.290
1877,0,0,0.000,0.000,-1,0,0,0,66.469
1878,0,0,0.000,0.000,-1,0,0,0,67.448
1879,0,0,0.000,0.000,-1,0,0,0,67.859
1880,0,0,0.000,0.000,-1,0,0,0,72.254
1881,0,0,0.000,0.000,-1,0,0,0,71.201
1882,0,0,0.000,0.000,-1,0,0,0,71.855
1883,0,0,0.000,0.000,-1,0,0,0,69.247
1884,0,0,0.000,0.000,-1,0,0,0,69.789
1885,0,0,0.000,0.000,-1,0,0,0,70.479
1886,0,0,0.000,0.000,-1,0,0,0,68.219
1887,0,0,0.000,0.000,-1,0,0,0,69.902
1888,0,1,84.300,86.844,-1,0,0,0,67.951
1889,0,0,0.000,0.000,-1,0,0,0,69.300
1890,0,0,0.000,0.000,-1,0,0,0,68.065
1891,0,0,0.000,0.000,-1,0,0,0,67.643
1892,0,0,0.000,0.000,-1,0,0,0,68.973
1893,0,0,0.000,0.000,-1,0,0,0,71.091
1894,0,0,0.000,0.000,-1,0,0,0,71.533
1895,0,0,0.000,0.000,-1,0,0,0,70.938
1896,0,0,0.000,0.000,-1,0,0,0,69.138
1897,0,0,0.000,0.000,-1,0,0,0,74.037
1898,0,0,0.000,0.000,-1,0,0,0,69.351
1899,0,0,0.000,0.000,-1,0,0,0,70.862
1900,0,0,0.000,0.000,-1,0,0,0,67.713
1901,0,0,0.000,0.000,-1,0,0,0,68.241
1902,0,0,0.000,0.000,-1,0,0,0,73.221
1903,0,0,0.000,0.000,-1,0,0,0,70.045
1904,0,0,0.000,0.000,-1,0,0,0,69.638
1905,0,0,0.000,0.000,-1,0,0,0,70.206
1906,0,0,0.000,0.000,-1,0,0,0,70.383
1907,0,0,0.000,0.000,-1,0,0,0,68.101
1908,0,0,0.000,0.000,-1,0,0,0,68.289
1909,0,0,0.000,0.000,-1,0,0,0,71.332
1910,0,0,0.000,0.000,-1,0,0,0,71.372
1911,0,0,0.000,0.000,-1,0,0,0,67.559
1912,0,0,0.000,0.000,-1,0,0,0,67.350
1913,0,0,0.000,0.000,-1,0,0,0,71.942
1914,0,0,0.000,0.000,-1,0,0,0,72.578
1915,0,0,0.000,0.000,-1,0,0,0,70.625
1916,0,0,0.000,0.000,-1,0,0,0,67.467
1917,0,0,0.000,0.000,-1,0,0,0,69.313
1918,0,0,0.000,0.000,-1,0,0,0,70.093
1919,0,0,0.000,0.000,-1,0,0,0,66.584
1920,0,1,84.209,86.798,-1,0,0,0,65.462
1921,0,0,0.000,0.000,-1,0,0,0,70.385
1922,0,0,0.000,0.000,-1,0,0,0,73.381
1923,0,0,0.000,0.000,-1,0,0,0,72.949
1924,0,0,0.000,0.000,-1,0,0,0,68.952
1925,0,0,0.000,0.000,-1,0,0,0,69.160
1926,0,0,0.000,0.000,-1,0,0,0,68.625
1927,0,0,0.000,0.000,-1,0,0,0,69.941
1928,0,0,0.000,0.000,-1,0,0,0,69.918
1929,0,0,0.000,0.000,-1,0,0,0,69.599
1930,0,0,0.000,0.000,-1,0,0,0,69.339
1931,0,0,0.000,0.000,-1,0,0,0,73.250
1932,0,0,0.000,0.000,-1,0,0,0,69.645
1933,0,0,0.000,0.000,-1,0,0,0,69.873
1934,0,0,0.000,0.000,-1,0,0,0,68.830
1935,0,0,0.000,0.000,-1,0,0,0,68.360
1936,0,0,0.000,0.000,-1,0,0,0,69.955
1937,0,0,0.000,0.000,-1,0,0,0,72.095
1938,0,0,0.000,0.000,-1,0,0,0,69.711
1939,0,0,0.000,0.000,-1,0,0,0,70.160
1940,0,0,0.000,0.000,-1,0,0,0,67.236
1941,0,0,0.000,0.000,-1,0,0,0,66.333
1942,0,0,0.000,0.000,-1,0,0,0,71.631
1943,0,0,0.000,0.000,-1,0,0,0,70.465
1944,0,0,0.000,0.000,-1,0,0,0,69.639
1945,0,0,0.000,0.000,-1,0,0,0,70.356
1946,0,0,0.000,0.000,-1,0,0,0,69.286
1947,0,0,0.000,0.000,-1,0,0,0,68.687
1948,0,0,0.000,0.000,-1,0,0,0,68.172
1949,0,0,0.000,0.000,-1,0,0,0,67.976
1950,0,0,0.000,0.000,-1,0,0,0,69.800
1951,0,0,0.000,0.000,-1,0,0,0,70.075
1952,0,1,84.153,86.732,-1,0,0,0,71.145
1953,0,0,0.000,0.000,-1,0,0,0,72.572
1954,0,0,0.000,0.000,-1,0,0,0,69.850
1955,0,0,0.000,0.000,-1,0,0,0,69.096
1956,0,0,0.000,0.000,-1,0,0,0,70.042
1957,0,0,0.000,0.000,-1,0,0,0,73.377
1958,0,0,0.000,0.000,-1,0,0,0,70.071
1959,0,0,0.000,0.000,-1,0,0,0,69.413
1960,0,0,0.000,0.000,-1,0,0,0,68.747
1961,0,0,0.000,0.000,-1,0,0,0,69.448
1962,0,0,0.000,0.000,-1,0,0,0,70.014
1963,0,0,0.000,0.000,-1,0,0,0,71.287
1964,0,0,0.000,0.000,-1,0,0,0,69.659
1965,0,0,0.000,0.000,-1,0,0,0,69.635
1966,0,0,0.000,0.000,-1,0,0,0,69.201
1967,0,0,0.000,0.000,-1,0,0,0,70.153
1968,0,0,0.000,0.000,-1,0,0,0,71.983
1969,0,0,0.000,0.000,-1,0,0,0,72.284
1970,0,0,0.000,0.000,-1,0,0,0,70.022
1971,0,0,0.000,0.000,-1,0,0,0,70.265
1972,0,0,0.000,0.000,-1,0,0,0,69.812
1973,0,0,0.000,0.000,-1,0,0,0,69.752
1974,0,0,0.000,0.000,-1,0,0,0,71.027
1975,0,0,0.000,0.000,-1,0,0,0,68.162
1976,0,0,0.000,0.000,-1,0,0,0,67.671
1977,0,0,0.000,0.000,-1,0,0,0,68.027
1978,0,0,0.000,0.000,-1,0,0,0,66.935
1979,0,0,0.000,0.000,-1,0,0,0,72.172
1980,0,0,0.000,0.000,-1,0,0,0,69.839
1981,0,0,0.000,0.000,-1,0,0,0,69.347
1982,0,0,0.000,0.000,-1,0,0,0,70.053
1983,0,0,0.000,0.000,-1,0,0,0,70.106
1984,0,1,82.729,83.670,-1,0,0,0,71.317
1985,0,0,0.000,0.000,-1,0,0,0,72.202
1986,0,0,0.000,0.000,-1,0,0,0,69.948
1987,0,0,0.000,0.000,-1,0,0,0,70.092
1988,0,0,0.000,0.000,-1,0,0,0,68.235
1989,0,0,0.000,0.000,-1,0,0,0,70.751
1990,0,0,0.000,0.000,-1,0,0,0,73.175
1991,0,0,0.000,0.000,-1,0,0,0,68.689
1992,0,0,0.000,0.000,-1,0,0,0,68.755
1993,0,0,0.000,0.000,-1,0,0,0,68.712
1994,0,0,0.000,0.000,-1,0,0,0,69.715
1995,0,0,0.000,0.000,-1,0,0,0,69.638
1996,0,0,0.000,0.000,-1,0,0,0,68.716
1997,0,0,0.000,0.000,-1,0,0,0,70.594
1998,0,0,0.000,0.000,-1,0,0,0,69.160
1999,0,0,0.000,0.000,-1,0,0,0,70.025
2000,0,0,0.000,0.000,-1,0,0,0,71.854
2001,0,0,0.000,0.000,-1,0,0,0,71.494
2002,0,0,0.000,0.000,-1,0,0,0,68.385
2003,0,0,0.000,0.000,-1,0,0,0,71.583
2004,0,0,0.000,0.000,-1,0,0,0,70.482
2005,0,0,0.000,0.000,-1,0,0,0,68.564
2006,0,0,0.000,0.000,-1,0,0,0,69.619
2007,0,0,0.000,0.000,-1,0,0,0,70.061
2008,0,0,0.000,0.000,-1,0,0,0,72.213
2009,0,0,0.000,0.000,-1,0,0,0,69.888
2010,0,0,0.000,0.000,-1,0,0,0,67.660
2011,0,0,0.000,0.000,-1,0,0,0,68.916
2012,0,0,0.000,0.000,-1,0,0,0,71.426
2013,0,0,0.000,0.000,-1,0,0,0,66.626
2014,0,0,0.000,0.000,-1,0,0,0,77.336
2015,0,0,0.000,0.000,-1,0,0,0,70.258
2016,0,1,83.922,85.464,-1,0,0,0,70.180
2017,0,0,0.000,0.000,-1,0,0,0,71.223
2018,0,0,0.000,0.000,-1,0,0,0,71.298
2019,0,0,0.000,0.000,-1,0,0,0,68.760
2020,0,0,0.000,0.000,-1,0,0,0,70.752
2021,0,0,0.000,0.000,-1,0,0,0,78.136
2022,0,0,0.000,0.000,-1,0,0,0,70.133
2023,0,0,0.000,0.000,-1,0,0,0,70.982
2024,0,0,0.000,0.000,-1,0,0,0,71.957
2025,0,0,0.000,0.000,-1,0,0,0,69.584
2026,0,0,0.000,0.000,-1,0,0,0,69.959
2027,0,0,0.000,0.000,-1,0,0,0,69.316
2028,0,0,0.000,0.000,-1,0,0,0,75.140
2029,0,0,0.000,0.000,-1,0,0,0,70.097
2030,0,0,0.000,0.000,-1,0,0,0,73.982
2031,0,0,0.000,0.000,-1,0,0,0,71.679
2032,0,0,0.000,0.000,-1,0,0,0,69.035
2033,0,0,0.000,0.000,-1,0,0,0,68.713
2034,0,0,0.000,0.000,-1,0,0,0,68.762
2035,0,0,0.000,0.000,-1,0,0,0,70.961
2036,0,0,0.000,0.000,-1,0,0,0,68.788
2037,0,0,0.000,0.000,-1,0,0,0,68.496
2038,0,0,0.000,0.000,-1,0,0,0,71.266
2039,0,0,0.000,0.000,-1,0,0,0,70.919
2040,0,0,0.000,0.000,-1,0,0,0,69.343
2041,0,0,0.000,0.000,-1,0,0,0,69.404
2042,0,0,0.000,0.000,-1,0,0,0,68.103
2043,0,0,0.000,0.000,-1,0,0,0,70.491
2044,0,0,0.000,0.000,-1,0,0,0,71.062
2045,0,0,0.000,0.000,-1,0,0,0,69.461
2046,0,0,0.000,0.000,-1,0,0,0,68.870
2047,0,0,0.000,0.000,-1,0,0,0,70.496
2048,0,1,83.895,85.353,-1,0,0,0,71.041
2049,0,0,0.000,0.000,-1,0,0,0,70.062
2050,0,0,0.000,0.000,-1,0,0,0,68.802
2051,0,0,0.000,0.000,-1,0,0,0,68.873
2052,0,0,0.000,0.000,-1,0,0,0,71.488
2053,0,0,0.000,0.000,-1,0,0,0,70.125
2054,0,0,0.000,0.000,-1,0,0,0,69.476
2055,0,0,0.000,0.000,-1,0,0,0,68.874
2056,0,0,0.000,0.000,-1,0,0,0,68.732
2057,0,0,0.000,0.000,-1,0,0,0,69.748
2058,0,0,0.000,0.000,-1,0,0,0,66.820
2059,0,0,0.000,0.000,-1,0,0,0,66.637
2060,0,0,0.000,0.000,-1,0,0,0,67.538
2061,0,0,0.000,0.000,-1,0,0,0,69.759
2062,0,0,0.000,0.000,-1,0,0,0,68.502
2063,0,0,0.000,0.000,-1,0,0,0,68.846
2064,0,0,0.000,0.000,-1,0,0,0,71.312
2065,0,0,0.000,0.000,-1,0,0,0,69.572
2066,0,0,0.000,0.000,-1,0,0,0,72.609
2067,0,0,0.000,0.000,-1,0,0,0,71.312
2068,0,0,0.000,0.000,-1,0,0,0,69.622
2069,0,0,0.000,0.000,-1,0,0,0,69.398
2070,0,0,0.000,0.000,-1,0,0,0,71.308
2071,0,0,0.000,0.000,-1,0,0,0,70.293
2072,0,0,0.000,0.000,-1,0,0,0,72.922
2073,0,0,0.000,0.000,-1,0,0,0,71.713
2074,0,0,0.000,0.000,-1,0,0,0,68.038
2075,0,0,0.000,0.000,-1,0,0,0,73.069
2076,0,0,0.000,0.000,-1,0,0,0,69.444
2077,0,0,0.000,0.000,-1,0,0,0,65.672
2078,0,0,0.000,0.000,-1,0,0,0,70.434
2079,0,0,0.000,0.000,-1,0,0,0,70.803
2080,0,1,82.948,84.307,-1,0,0,0,71.355
2081,0,0,0.000,0.000,-1,0,0,0,69.322
2082,0,0,0.000,0.000,-1,0,0,0,70.646
2083,0,0,0.000,0.000,-1,0,0,0,68.524
2084,0,0,0.000,0.000,-1,0,0,0,68.221
2085,0,0,0.000,0.000,-1,0,0,0,68.999
2086,0,0,0.000,0.000,-1,0,0,0,68.565
2087,0,0,0.000,0.000,-1,0,0,0,69.911
2088,0,0,0.000,0.000,-1,0,0,0,69.910
2089,0,0,0.000,0.000,-1,0,0,0,69.643
2090,0,0,0.000,0.000,-1,0,0,0,70.732
2091,0,0,0.000,0.000,-1,0,0,0,67.898
2092,0,0,0.000,0.000,-1,0,0,0,68.746
2093,0,0,0.000,0.000,-1,0,0,0,70.356
2094,0,0,0.000,0.000,-1,0,0,0,68.850
2095,0,0,0.000,0.000,-1,0,0,0,71.219
2096,0,0,0.000,0.000,-1,0,0,0,69.703
2097,0,0,0.000,0.000,-1,0,0,0,69.935
2098,0,0,0.000,0.000,-1,0,0,0,70.165
2099,0,0,0.000,0.000,-1,0,0,0,74.766
2100,0,0,0.000,0.000,-1,0,0,0,69.566
2101,0,0,0.000,0.000,-1,0,0,0,70.457
2102,0,0,0.000,0.000,-1,0,0,0,71.021
2103,0,0,0.000,0.000,-1,0,0,0,67.557
2104,0,0,0.000,0.000,-1,0,0,0,67.049
2105,0,0,0.000,0.000,-1,0,0,0,71.307
2106,0,0,0.000,0.000,-1,0,0,0,70.302
2107,0,0,0.000,0.000,-1,0,0,0,68.677
2108,0,0,0.000,0.000,-1,0,0,0,73.776
2109,0,0,0.000,0.000,-1,0,0,0,66.745
2110,0,0,0.000,0.000,-1,0,0,0,70.821
2111,0,0,0.000,0.000,-1,0,0,0,69.339
2112,0,1,83.871,85.513,-1,0,0,0,71.266
2113,0,0,0.000,0.000,-1,0,0,0,71.253
2114,0,0,0.000,0.000,-1,0,0,0,69.079
2115,0,0,0.000,0.000,-1,0,0,0,70.297
2116,0,0,0.000,0.000,-1,0,0,0,73.506
2117,0,0,0.000,0.000,-1,0,0,0,68.917
2118,0,0,0.000,0.000,-1,0,0,0,68.718
2119,0,0,0.000,0.000,-1,0,0,0,70.543
2120,0,0,0.000,0.000,-1,0,0,0,71.700
2121,0,0,0.000,0.000,-1,0,0,0,70.931
2122,0,0,0.000,0.000,-1,0,0,0,69.993
2123,0,0,0.000,0.000,-1,0,0,0,68.182
2124,0,0,0.000,0.000,-1,0,0,0,66.985
2125,0,0,0.000,0.000,-1,0,0,0,70.341
2126,0,0,0.000,0.000,-1,0,0,0,70.518
2127,0,0,0.000,0.000,-1,0,0,0,73.406
2128,0,0,0.000,0.000,-1,0,0,0,69.543
2129,0,0,0.000,0.000,-1,0,0,0,70.712
2130,0,0,0.000,0.000,-1,0,0,0,69.663
2131,0,0,0.000,0.000,-1,0,0,0,68.089
2132,0,0,0.000,0.000,-1,0,0,0,68.752
2133,0,0,0.000,0.000,-1,0,0,0,69.354
2134,0,0,0.000,0.000,-1,0,0,0,66.321
2135,0,0,0.000,0.000,-1,0,0,0,70.299
2136,0,0,0.000,0.000,-1,0,0,0,68.604
2137,0,0,0.000,0.000,-1,0,0,0,68.432
2138,0,0,0.000,0.000,-1,0,0,0,68.661
2139,0,0,0.000,0.000,-1,0,0,0,70.076
2140,0,0,0.000,0.000,-1,0,0,0,69.308
2141,0,0,0.000,0.000,-1,0,0,0,68.746
2142,0,0,0.000,0.000,-1,0,0,0,68.226
2143,0,0,0.000,0.000,-1,0,0,0,69.517
2144,0,1,84.249,86.221,-1,0,0,0,70.005
2145,0,0,0.000,0.000,-1,0,0,0,69.750
2146,0,0,0.000,0.000,-1,0,0,0,89.353
2147,0,0,0.000,0.000,-1,0,0,0,71.182
2148,0,0,0.000,0.000,-1,0,0,0,74.203
2149,0,0,0.000,0.000,-1,0,0,0,72.628
2150,0,0,0.000,0.000,-1,0,0,0,75.656
2151,0,0,0.000,0.000,-1,0,0,0,73.135
2152,0,0,0.000,0.000,-1,0,0,0,70.789
2153,0,0,0.000,0.000,-1,0,0,0,71.607
2154,0,0,0.000,0.000,-1,0,0,0,69.540
2155,0,0,0.000,0.000,-1,0,0,0,69.071
2156,0,0,0.000,0.000,-1,0,0,0,73.640
2157,0,0,0.000,0.000,-1,0,0,0,73.780
2158,0,0,0.000,0.000,-1,0,0,0,67.900
2159,0,0,0.000,0.000,-1,0,0,0,69.523
2160,0,0,0.000,0.000,-1,0,0,0,69.117
2161,0,0,0.000,0.000,-1,0,0,0,71.772
2162,0,0,0.000,0.000,-1,0,0,0,68.682
2163,0,0,0.000,0.000,-1,0,0,0,75.962
2164,0,0,0.000,0.000,-1,0,0,0,67.986
2165,0,0,0.000,0.000,-1,0,0,0,77.208
2166,0,0,0.000,0.000,-1,0,0,0,68.558
2167,0,0,0.000,0.000,-1,0,0,0,69.990
2168,0,0,0.000,0.000,-1,0,0,0,70.764
2169,0,0,0.000,0.000,-1,0,0,0,69.656
2170,0,0,0.000,0.000,-1,0,0,0,70.597
2171,0,0,0.000,0.000,-1,0,0,0,69.030
2172,0,0,0.000,0.000,-1,0,0,0,69.410
2173,0,0,0.000,0.000,-1,0,0,0,70.876
2174,0,0,0.000,0.000,-1,0,0,0,70.147
2175,0,0,0.000,0.000,-1,0,0,0,69.159
2176,0,1,83.283,84.197,-1,0,0,0,72.072
2177,0,0,0.000,0.000,-1,0,0,0,71.024
2178,0,0,0.000,0.000,-1,0,0,0,70.279
2179,0,0,0.000,0.000,-1,0,0,0,75.419
2180,0,0,0.000,0.000,-1,0,0,0,71.897
2181,0,0,0.000,0.000,-1,0,0,0,69.490
2182,0,0,0.000,0.000,-1,0,0,0,73.872
2183,0,0,0.000,0.000,-1,0,0,0,69.277
2184,0,0,0.000,0.000,-1,0,0,0,72.338
2185,0,0,0.000,0.000,-1,0,0,0,69.586
2186,0,0,0.000,0.000,-1,0,0,0,67.838
2187,0,0,0.000,0.000,-1,0,0,0,67.946
2188,0,0,0.000,0.000,-1,0,0,0,70.079
2189,0,0,0.000,0.000,-1,0,0,0,69.077
2190,0,0,0.000,0.000,-1,0,0,0,69.713
2191,0,0,0.000,0.000,-1,0,0,0,71.884
2192,0,0,0.000,0.000,-1,0,0,0,73.023
2193,0,0,0.000,0.000,-1,0,0,0,69.805
2194,0,0,0.000,0.000,-1,0,0,0,71.733
2195,0,0,0.000,0.000,-1,0,0,0,71.576
2196,0,0,0.000,0.000,-1,0,0,0,70.691
2197,0,0,0.000,0.000,-1,0,0,0,72.662
2198,0,0,0.000,0.000,-1,0,0,0,70.829
2199,0,0,0.000,0.000,-1,0,0,0,70.075
2200,0,0,0.000,0.000,-1,0,0,0,71.418
2201,0,0,0.000,0.000,-1,0,0,0,69.917
2202,0,0,0.000,0.000,-1,0,0,0,72.275
2203,0,0,0.000,0.000,-1,0,0,0,72.459
2204,0,0,0.000,0.000,-1,0,0,0,70.349
2205,0,0,0.000,0.000,-1,0,0,0,67.865
2206,0,0,0.000,0.000,-1,0,0,0,69.590
2207,0,0,0.000,0.000,-1,0,0,0,71.697
2208,0,1,82.900,83.826,-1,0,0,0,69.620
2209,0,0,0.000,0.000,-1,0,0,0,72.629
2210,0,0,0.000,0.000,-1,0,0,0,68.773
2211,0,0,0.000,0.000,-1,0,0,0,70.043
2212,0,0,0.000,0.000,-1,0,0,0,69.768
2213,0,0,0.000,0.000,-1,0,0,0,71.909
2214,0,0,0.000,0.000,-1,0,0,0,68.353
2215,0,0,0.000,0.000,-1,0,0,0,67.711
2216,0,0,0.000,0.000,-1,0,0,0,69.278
2217,0,0,0.000,0.000,-1,0,0,0,72.478
2218,0,0,0.000,0.000,-1,0,0,0,72.352
2219,0,0,0.000,0.000,-1,0,0,0,69.475
2220,0,0,0.000,0.000,-1,0,0,0,69.828
2221,0,0,0.000,0.000,-1,0,0,0,70.864
2222,0,0,0.000,0.000,-1,0,0,0,68.893
2223,0,0,0.000,0.000,-1,0,0,0,70.165
2224,0,0,0.000,0.000,-1,0,0,0,72.837
2225,0,0,0.000,0.000,-1,0,0,0,69.937
2226,0,0,0.000,0.000,-1,0,0,0,67.754
2227,0,0,0.000,0.000,-1,0,0,0,70.337
2228,0,0,0.000,0.000,-1,0,0,0,71.119
2229,0,0,0.000,0.000,-1,0,0,0,68.982
2230,0,0,0.000,0.000,-1,0,0,0,71.597
2231,0,0,0.000,0.000,-1,0,0,0,71.242
2232,0,0,0.000,0.000,-1,0,0,0,67.666
2233,0,0,0.000,0.000,-1,0,0,0,71.213
2234,0,0,0.000,0.000,-1,0,0,0,72.328
2235,0,0,0.000,0.000,-1,0,0,0,69.663
2236,0,0,0.000,0.000,-1,0,0,0,66.466
2237,0,0,0.000,0.000,-1,0,0,0,67.437
2238,0,0,0.000,0.000,-1,0,0,0,70.195
2239,0,0,0.000,0.000,-1,0,0,0,70.322
2240,0,1,82.984,84.365,-1,0,0,0,70.998
2241,0,0,0.000,0.000,-1,0,0,0,72.570
2242,0,0,0.000,0.000,-1,0,0,0,70.685
2243,0,0,0.000,0.000,-1,0,0,0,69.836
2244,0,0,0.000,0.000,-1,0,0,0,72.730
2245,0,0,0.000,0.000,-1,0,0,0,79.304
2246,0,0,0.000,0.000,-1,0,0,0,69.216
2247,0,0,0.000,0.000,-1,0,0,0,70.411
2248,0,0,0.000,0.000,-1,0,0,0,72.431
2249,0,0,0.000,0.000,-1,0,0,0,69.648
2250,0,0,0.000,0.000,-1,0,0,0,71.017
2251,0,0,0.000,0.000,-1,0,0,0,69.278
2252,0,0,0.000,0.000,-1,0,0,0,70.756
2253,0,0,0.000,0.000,-1,0,0,0,72.006
2254,0,0,0.000,0.000,-1,0,0,0,70.595
2255,0,0,0.000,0.000,-1,0,0,0,69.396
2256,0,0,0.000,0.000,-1,0,0,0,68.069
2257,0,0,0.000,0.000,-1,0,0,0,68.492
2258,0,0,0.000,0.000,-1,0,0,0,71.044
2259,0,0,0.000,0.000,-1,0,0,0,70.689
2260,0,0,0.000,0.000,-1,0,0,0,69.039
2261,0,0,0.000,0.000,-1,0,0,0,69.362
2262,0,0,0.000,0.000,-1,0,0,0,70.846
2263,0,0,0.000,0.000,-1,0,0,0,70.620
2264,0,0,0.000,0.000,-1,0,0,0,70.302
2265,0,0,0.000,0.000,-1,0,0,0,71.289
2266,0,0,0.000,0.000,-1,0,0,0,73.348
2267,0,0,0.000,0.000,-1,0,0,0,68.756
2268,0,0,0.000,0.000,-1,0,0,0,68.769
2269,0,0,0.000,0.000,-1,0,0,0,66.687
2270,0,0,0.000,0.000,-1,0,0,0,70.641
2271,0,0,0.000,0.000,-1,0,0,0,72.222
2272,0,1,82.840,83.804,-1,0,0,0,69.252
2273,0,0,0.000,0.000,-1,0,0,0,73.567
2274,0,0,0.000,0.000,-1,0,0,0,69.911
2275,0,0,0.000,0.000,-1,0,0,0,69.426
2276,0,0,0.000,0.000,-1,0,0,0,69.206
2277,0,0,0.000,0.000,-1,0,0,0,70.461
2278,0,0,0.000,0.000,-1,0,0,0,72.917
2279,0,0,0.000,0.000,-1,0,0,0,70.626
2280,0,0,0.000,0.000,-1,0,0,0,69.800
2281,0,0,0.000,0.000,-1,0,0,0,72.346
2282,0,0,0.000,0.000,-1,0,0,0,70.767
2283,0,0,0.000,0.000,-1,0,0,0,69.739
2284,0,0,0.000,0.000,-1,0,0,0,68.025
2285,0,0,0.000,0.000,-1,0,0,0,68.793
2286,0,0,0.000,0.000,-1,0,0,0,68.569
2287,0,0,0.000,0.000,-1,0,0,0,70.304
2288,0,0,0.000,0.000,-1,0,0,0,70.308
2289,0,0,0.000,0.000,-1,0,0,0,71.684
2290,0,0,0.000,0.000,-1,0,0,0,69.472
2291,0,0,0.000,0.000,-1,0,0,0,68.640
2292,0,0,0.000,0.000,-1,0,0,0,70.581
2293,0,0,0.000,0.000,-1,0,0,0,67.049
2294,0,0,0.000,0.000,-1,0,0,0,66.111
2295,0,0,0.000,0.000,-1,0,0,0,69.383
2296,0,0,0.000,0.000,-1,0,0,0,68.270
2297,0,0,0.000,0.000,-1,0,0,0,66.799
2298,0,0,0.000,0.000,-1,0,0,0,66.867
2299,0,0,0.000,0.000,-1,0,0,0,67.466
2300,0,0,0.000,0.000,-1,0,0,0,64.082
2301,0,0,0.000,0.000,-1,0,0,0,66.340
2302,0,0,0.000,0.000,-1,0,0,0,68.544
2303,0,0,0.000,0.000,-1,0,0,0,65.393
2304,0,1,82.998,84.710,-1,0,0,0,66.593
2305,0,0,0.000,0.000,-1,0,0,0,66.719
2306,0,0,0.000,0.000,-1,0,0,0,66.016
2307,0,0,0.000,0.000,-1,0,0,0,67.849
2308,0,0,0.000,0.000,-1,0,0,0,64.088
2309,0,0,0.000,0.000,-1,0,0,0,68.202
2310,0,0,0.000,0.000,-1,0,0,0,66.648
2311,0,0,0.000,0.000,-1,0,0,0,65.598
2312,0,0,0.000,0.000,-1,0,0,0,65.812
2313,0,0,0.000,0.000,-1,0,0,0,66.148
2314,0,0,0.000,0.000,-1,0,0,0,70.352
2315,0,0,0.000,0.000,-1,0,0,0,68.446
2316,0,0,0.000,0.000,-1,0,0,0,66.375
2317,0,0,0.000,0.000,-1,0,0,0,65.591
2318,0,0,0.000,0.000,-1,0,0,0,63.044
2319,0,0,0.000,0.000,-1,0,0,0,64.610
2320,0,0,0.000,0.000,-1,0,0,0,66.126
2321,0,0,0.000,0.000,-1,0,0,0,65.762
2322,0,0,0.000,0.000,-1,0,0,0,65.673
2323,0,0,0.000,0.000,-1,0,0,0,64.765
2324,0,0,0.000,0.000,-1,0,0,0,65.002
2325,0,0,0.000,0.000,-1,0,0,0,66.101
2326,0,0,0.000,0.000,-1,0,0,0,65.156
2327,0,0,0.000,0.000,-1,0,0,0,67.473
2328,0,0,0.000,0.000,-1,0,0,0,67.336
2329,0,0,0.000,0.000,-1,0,0,0,67.181
2330,0,0,0.000,0.000,-1,0,0,0,65.781
2331,0,0,0.000,0.000,-1,0,0,0,66.400
2332,0,0,0.000,0.000,-1,0,0,0,65.693
2333,0,0,0.000,0.000,-1,0,0,0,67.808
2334,0,0,0.000,0.000,-1,0,0,0,65.869
2335,0,0,0.000,0.000,-1,0,0,0,66.961
2336,0,1,83.070,84.767,-1,0,0,0,67.054
2337,0,0,0.000,0.000,-1,0,0,0,68.825
2338,0,0,0.000,0.000,-1,0,0,0,66.193
2339,0,0,0.000,0.000,-1,0,0,0,68.502
2340,0,0,0.000,0.000,-1,0,0,0,65.217
2341,0,0,0.000,0.000,-1,0,0,0,68.572
2342,0,0,0.000,0.000,-1,0,0,0,66.466
2343,0,0,0.000,0.000,-1,0,0,0,65.646
2344,0,0,0.000,0.000,-1,0,0,0,66.186
2345,0,0,0.000,0.000,-1,0,0,0,73.648
2346,0,0,0.000,0.000,-1,0,0,0,65.078
2347,0,0,0.000,0.000,-1,0,0,0,67.268
2348,0,0,0.000,0.000,-1,0,0,0,65.668
2349,0,0,0.000,0.000,-1,0,0,0,65.777
2350,0,0,0.000,0.000,-1,0,0,0,64.633
2351,0,0,0.000,0.000,-1,0,0,0,63.539
2352,0,0,0.000,0.000,-1,0,0,0,67.875
2353,0,0,0.000,0.000,-1,0,0,0,65.628
2354,0,0,0.000,0.000,-1,0,0,0,65.444
2355,0,0,0.000,0.000,-1,0,0,0,66.925
2356,0,0,0.000,0.000,-1,0,0,0,66.773
2357,0,0,0.000,0.000,-1,0,0,0,66.558
2358,0,0,0.000,0.000,-1,0,0,0,65.369
2359,0,0,0.000,0.000,-1,0,0,0,67.335
2360,0,0,0.000,0.000,-1,0,0,0,69.288
2361,0,0,0.000,0.000,-1,0,0,0,64.576
2362,0,0,0.000,0.000,-1,0,0,0,64.843
2363,0,0,0.000,0.000,-1,0,0,0,66.305
2364,0,0,0.000,0.000,-1,0,0,0,65.173
2365,0,0,0.000,0.000,-1,0,0,0,65.586
2366,0,0,0.000,0.000,-1,0,0,0,76.794
2367,0,0,0.000,0.000,-1,0,0,0,67.060
2368,0,1,83.233,85.715,-1,0,0,0,65.217
2369,0,0,0.000,0.000,-1,0,0,0,68.051
2370,0,0,0.000,0.000,-1,0,0,0,67.728
2371,0,0,0.000,0.000,-1,0,0,0,65.368
2372,0,0,0.000,0.000,-1,0,0,0,67.403
2373,0,0,0.000,0.000,-1,0,0,0,71.119
2374,0,0,0.000,0.000,-1,0,0,0,65.789
2375,0,0,0.000,0.000,-1,0,0,0,67.505
2376,0,0,0.000,0.000,-1,0,0,0,66.557
2377,0,0,0.000,0.000,-1,0,0,0,65.710
2378,0,0,0.000,0.000,-1,0,0,0,65.218
2379,0,0,0.000,0.000,-1,0,0,0,65.021
2380,0,0,0.000,0.000,-1,0,0,0,66.365
2381,0,0,0.000,0.000,-1,0,0,0,65.479
2382,0,0,0.000,0.000,-1,0,0,0,65.227
2383,0,0,0.000,0.000,-1,0,0,0,64.728
2384,0,0,0.000,0.000,-1,0,0,0,65.189
2385,0,0,0.000,0.000,-1,0,0,0,65.085
2386,0,0,0.000,0.000,-1,0,0,0,67.150
2387,0,0,0.000,0.000,-1,0,0,0,65.911
2388,0,0,0.000,0.000,-1,0,0,0,65.681
2389,0,0,0.000,0.000,-1,0,0,0,65.315
2390,0,0,0.000,0.000,-1,0,0,0,64.675
2391,0,0,0.000,0.000,-1,0,0,0,67.708
2392,0,0,0.000,0.000,-1,0,0,0,66.061
2393,0,0,0.000,0.000,-1,0,0,0,66.579
2394,0,0,0.000,0.000,-1,0,0,0,68.059
2395,0,0,0.000,0.000,-1,0,0,0,67.065
2396,0,0,0.000,0.000,-1,0,0,0,69.903
2397,0,0,0.000,0.000,-1,0,0,0,64.811
2398,0,0,0.000,0.000,-1,0,0,0,64.162
2399,0,0,0.000,0.000,-1,0,0,0,69.495
2400,0,1,82.987,84.947,-1,0,0,0,66.278
2401,0,0,0.000,0.000,-1,0,0,0,67.830
2402,0,0,0.000,0.000,-1,0,0,0,65.123
2403,0,0,0.000,0.000,-1,0,0,0,65.285
2404,0,0,0.000,0.000,-1,0,0,0,66.148
2405,0,0,0.000,0.000,-1,0,0,0,65.914
2406,0,0,0.000,0.000,-1,0,0,0,66.557
2407,0,0,0.000,0.000,-1,0,0,0,67.523
2408,0,0,0.000,0.000,-1,0,0,0,67.865
2409,0,0,0.000,0.000,-1,0,0,0,64.784
2410,0,0,0.000,0.000,-1,0,0,0,67.628
2411,0,0,0.000,0.000,-1,0,0,0,66.030
2412,0,0,0.000,0.000,-1,0,0,0,66.894
2413,0,0,0.000,0.000,-1,0,0,0,66.009
2414,0,0,0.000,0.000,-1,0,0,0,65.948
2415,0,0,0.000,0.000,-1,0,0,0,67.430
2416,0,0,0.000,0.000,-1,0,0,0,67.271
2417,0,0,0.000,0.000,-1,0,0,0,65.651
2418,0,0,0.000,0.000,-1,0,0,0,66.995
2419,0,0,0.000,0.000,-1,0,0,0,68.072
2420,0,0,0.000,0.000,-1,0,0,0,67.157
2421,0,0,0.000,0.000,-1,0,0,0,68.668
2422,0,0,0.000,0.000,-1,0,0,0,86.119
2423,0,0,0.000,0.000,-1,0,0,0,70.265
2424,0,0,0.000,0.000,-1,0,0,0,69.142
2425,0,0,0.000,0.000,-1,0,0,0,70.503
2426,0,0,0.000,0.000,-1,0,0,0,65.987
2427,0,0,0.000,0.000,-1,0,0,0,72.224
2428,0,0,0.000,0.000,-1,0,0,0,65.450
2429,0,0,0.000,0.000,-1,0,0,0,65.666
2430,0,0,0.000,0.000,-1,0,0,0,65.141
2431,0,0,0.000,0.000,-1,0,0,0,67.671
2432,0,1,82.819,83.915,-1,0,0,0,65.622
2433,0,0,0.000,0.000,-1,0,0,0,70.930
2434,0,0,0.000,0.000,-1,0,0,0,65.285
2435,0,0,0.000,0.000,-1,0,0,0,65.474
2436,0,0,0.000,0.000,-1,0,0,0,69.473
2437,0,0,0.000,0.000,-1,0,0,0,65.934
2438,0,0,0.000,0.000,-1,0,0,0,68.066
2439,0,0,0.000,0.000,-1,0,0,0,66.359
2440,0,0,0.000,0.000,-1,0,0,0,66.168
2441,0,0,0.000,0.000,-1,0,0,0,66.311
2442,0,0,0.000,0.000,-1,0,0,0,65.808
2443,0,0,0.000,0.000,-1,0,0,0,67.892
2444,0,0,0.000,0.000,-1,0,0,0,66.060
2445,0,0,0.000,0.000,-1,0,0,0,66.871
2446,0,0,0.000,0.000,-1,0,0,0,65.690
2447,0,0,0.000,0.000,-1,0,0,0,66.443
2448,0,0,0.000,0.000,-1,0,0,0,65.062
2449,0,0,0.000,0.000,-1,0,0,0,65.441
2450,0,0,0.000,0.000,-1,0,0,0,65.803
2451,0,0,0.000,0.000,-1,0,0,0,65.464
2452,0,0,0.000,0.000,-1,0,0,0,66.250
2453,0,0,0.000,0.000,-1,0,0,0,64.140
2454,0,0,0.000,0.000,-1,0,0,0,65.052
2455,0,0,0.000,0.000,-1,0,0,0,65.898
2456,0,0,0.000,0.000,-1,0,0,0,67.254
2457,0,0,0.000,0.000,-1,0,0,0,65.808
2458,0,0,0.000,0.000,-1,0,0,0,67.337
2459,0,0,0.000,0.000,-1,0,0,0,66.651
2460,0,0,0.000,0.000,-1,0,0,0,67.453
2461,0,0,0.000,0.000,-1,0,0,0,66.491
2462,0,0,0.000,0.000,-1,0,0,0,65.687
2463,0,0,0.000,0.000,-1,0,0,0,65.072
2464,0,1,82.867,84.124,-1,0,0,0,65.823
2465,0,0,0.000,0.000,-1,0,0,0,69.322
2466,0,0,0.000,0.000,-1,0,0,0,66.344
2467,0,0,0.000,0.000,-1,0,0,0,62.881
2468,0,0,0.000,0.000,-1,0,0,0,64.656
2469,0,0,0.000,0.000,-1,0,0,0,66.383
2470,0,0,0.000,0.000,-1,0,0,0,65.770
2471,0,0,0.000,0.000,-1,0,0,0,65.717
2472,0,0,0.000,0.000,-1,0,0,0,67.999
2473,0,0,0.000,0.000,-1,0,0,0,65.481
2474,0,0,0.000,0.000,-1,0,0,0,67.117
2475,0,0,0.000,0.000,-1,0,0,0,67.411
2476,0,0,0.000,0.000,-1,0,0,0,66.937
2477,0,0,0.000,0.000,-1,0,0,0,65.324
2478,0,0,0.000,0.000,-1,0,0,0,67.073
2479,0,0,0.000,0.000,-1,0,0,0,69.317
2480,0,0,0.000,0.000,-1,0,0,0,67.043
2481,0,0,0.000,0.000,-1,0,0,0,65.953
2482,0,0,0.000,0.000,-1,0,0,0,67.294
2483,0,0,0.000,0.000,-1,0,0,0,65.493
2484,0,0,0.000,0.000,-1,0,0,0,66.096
2485,0,0,0.000,0.000,-1,0,0,0,66.452
2486,0,0,0.000,0.000,-1,0,0,0,83.922
2487,0,0,0.000,0.000,-1,0,0,0,65.864
2488,0,0,0.000,0.000,-1,0,0,0,65.920
2489,0,0,0.000,0.000,-1,0,0,0,67.488
2490,0,0,0.000,0.000,-1,0,0,0,68.873
2491,0,0,0.000,0.000,-1,0,0,0,67.897
2492,0,0,0.000,0.000,-1,0,0,0,66.229
2493,0,0,0.000,0.000,-1,0,0,0,65.386
2494,0,0,0.000,0.000,-1,0,0,0,67.565
2495,0,0,0.000,0.000,-1,0,0,0,65.668
2496,0,1,83.010,84.468,-1,0,0,0,70.388
2497,0,0,0.000,0.000,-1,0,0,0,67.084
2498,0,0,0.000,0.000,-1,0,0,0,66.442
2499,0,0,0.000,0.000,-1,0,0,0,65.886
2500,0,0,0.000,0.000,-1,0,0,0,65.285
2501,0,0,0.000,0.000,-1,0,0,0,66.590
2502,0,0,0.000,0.000,-1,0,0,0,69.402
2503,0,0,0.000,0.000,-1,0,0,0,66.007
2504,0,0,0.000,0.000,-1,0,0,0,66.859
2505,0,0,0.000,0.000,-1,0,0,0,65.122
2506,0,0,0.000,0.000,-1,0,0,0,64.927
2507,0,0,0.000,0.000,-1,0,0,0,65.765
2508,0,0,0.000,0.000,-1,0,0,0,64.677
2509,0,0,0.000,0.000,-1,0,0,0,67.230
2510,0,0,0.000,0.000,-1,0,0,0,68.387
2511,0,0,0.000,0.000,-1,0,0,0,66.007
2512,0,0,0.000,0.000,-1,0,0,0,66.223
2513,0,0,0.000,0.000,-1,0,0,0,64.550
2514,0,0,0.000,0.000,-1,0,0,0,64.379
2515,0,0,0.000,0.000,-1,0,0,0,66.498
2516,0,0,0.000,0.000,-1,0,0,0,64.770
2517,0,0,0.000,0.000,-1,0,0,0,64.870
2518,0,0,0.000,0.000,-1,0,0,0,69.007
2519,0,0,0.000,0.000,-1,0,0,0,66.718
2520,0,0,0.000,0.000,-1,0,0,0,67.842
2521,0,0,0.000,0.000,-1,0,0,0,65.624
2522,0,0,0.000,0.000,-1,0,0,0,64.779
2523,0,0,0.000,0.000,-1,0,0,0,69.693
2524,0,0,0.000,0.000,-1,0,0,0,65.208
2525,0,0,0.000,0.000,-1,0,0,0,66.308
2526,0,0,0.000,0.000,-1,0,0,0,65.392
2527,0,0,0.000,0.000,-1,0,0,0,65.848
2528,0,1,82.918,84.392,-1,0,0,0,67.181
2529,0,0,0.000,0.000,-1,0,0,0,66.710
2530,0,0,0.000,0.000,-1,0,0,0,64.972
2531,0,0,0.000,0.000,-1,0,0,0,66.699
2532,0,0,0.000,0.000,-1,0,0,0,65.527
2533,0,0,0.000,0.000,-1,0,0,0,64.534
2534,0,0,0.000,0.000,-1,0,0,0,65.635
2535,0,0,0.000,0.000,-1,0,0,0,64.162
2536,0,0,0.000,0.000,-1,0,0,0,65.312
2537,0,0,0.000,0.000,-1,0,0,0,65.654
2538,0,0,0.000,0.000,-1,0,0,0,66.289
2539,0,0,0.000,0.000,-1,0,0,0,65.900
2540,0,0,0.000,0.000,-1,0,0,0,81.387
2541,0,0,0.000,0.000,-1,0,0,0,83.358
2542,0,0,0.000,0.000,-1,0,0,0,63.863
2543,0,0,0.000,0.000,-1,0,0,0,69.098
2544,0,0,0.000,0.000,-1,0,0,0,66.441
2545,0,0,0.000,0.000,-1,0,0,0,65.282
2546,0,0,0.000,0.000,-1,0,0,0,68.485
2547,0,0,0.000,0.000,-1,0,0,0,67.138
2548,0,0,0.000,0.000,-1,0,0,0,66.197
2549,0,0,0.000,0.000,-1,0,0,0,66.813
2550,0,0,0.000,0.000,-1,0,0,0,65.985
2551,0,0,0.000,0.000,-1,0,0,0,66.270
2552,0,0,0.000,0.000,-1,0,0,0,69.044
2553,0,0,0.000,0.000,-1,0,0,0,66.346
2554,0,0,0.000,0.000,-1,0,0,0,64.108
2555,0,0,0.000,0.000,-1,0,0,0,66.882
2556,0,0,0.000,0.000,-1,0,0,0,65.069
2557,0,0,0.000,0.000,-1,0,0,0,64.973
2558,0,0,0.000,0.000,-1,0,0,0,65.932
2559,0,0,0.000,0.000,-1,0,0,0,64.939
2560,0,1,83.003,84.407,-1,0,0,0,66.286
2561,0,0,0.000,0.000,-1,0,0,0,66.407
2562,0,0,0.000,0.000,-1,0,0,0,64.570
2563,0,0,0.000,0.000,-1,0,0,0,65.814
2564,0,0,0.000,0.000,-1,0,0,0,69.274
2565,0,0,0.000,0.000,-1,0,0,0,65.629
2566,0,0,0.000,0.000,-1,0,0,0,66.992
2567,0,0,0.000,0.000,-1,0,0,0,65.425
2568,0,0,0.000,0.000,-1,0,0,0,65.261
2569,0,0,0.000,0.000,-1,0,0,0,65.469
2570,0,0,0.000,0.000,-1,0,0,0,65.393
2571,0,0,0.000,0.000,-1,0,0,0,66.247
2572,0,0,0.000,0.000,-1,0,0,0,66.480
2573,0,0,0.000,0.000,-1,0,0,0,67.686
2574,0,0,0.000,0.000,-1,0,0,0,67.282
2575,0,0,0.000,0.000,-1,0,0,0,66.392
2576,0,0,0.000,0.000,-1,0,0,0,67.475
2577,0,0,0.000,0.000,-1,0,0,0,66.020
2578,0,0,0.000,0.000,-1,0,0,0,64.465
2579,0,0,0.000,0.000,-1,0,0,0,67.970
2580,0,0,0.000,0.000,-1,0,0,0,67.645
2581,0,0,0.000,0.000,-1,0,0,0,66.623
2582,0,0,0.000,0.000,-1,0,0,0,65.722
2583,0,0,0.000,0.000,-1,0,0,0,67.032
2584,0,0,0.000,0.000,-1,0,0,0,68.414
2585,0,0,0.000,0.000,-1,0,0,0,66.481
2586,0,0,0.000,0.000,-1,0,0,0,70.651
2587,0,0,0.000,0.000,-1,0,0,0,66.518
2588,0,0,0.000,0.000,-1,0,0,0,67.134
2589,0,0,0.000,0.000,-1,0,0,0,65.902
2590,0,0,0.000,0.000,-1,0,0,0,67.918
2591,0,0,0.000,0.000,-1,0,0,0,69.204
2592,0,1,82.930,83.897,-1,0,0,0,67.709
2593,0,0,0.000,0.000,-1,0,0,0,68.821
2594,0,0,0.000,0.000,-1,0,0,0,65.403
2595,0,0,0.000,0.000,-1,0,0,0,68.320
2596,0,0,0.000,0.000,-1,0,0,0,67.123
2597,0,0,0.000,0.000,-1,0,0,0,65.022
2598,0,0,0.000,0.000,-1,0,0,0,65.399
2599,0,0,0.000,0.000,-1,0,0,0,68.719
2600,0,0,0.000,0.000,-1,0,0,0,65.724
2601,0,0,0.000,0.000,-1,0,0,0,64.956
2602,0,0,0.000,0.000,-1,0,0,0,69.189
2603,0,0,0.000,0.000,-1,0,0,0,65.517
2604,0,0,0.000,0.000,-1,0,0,0,64.923
2605,0,0,0.000,0.000,-1,0,0,0,66.073
2606,0,0,0.000,0.000,-1,0,0,0,62.610
2607,0,0,0.000,0.000,-1,0,0,0,66.426
2608,0,0,0.000,0.000,-1,0,0,0,67.787
2609,0,0,0.000,0.000,-1,0,0,0,65.668
2610,0,0,0.000,0.000,-1,0,0,0,65.222
2611,0,0,0.000,0.000,-1,0,0,0,63.836
2612,0,0,0.000,0.000,-1,0,0,0,66.301
2613,0,0,0.000,0.000,-1,0,0,0,65.037
2614,0,0,0.000,0.000,-1,0,0,0,64.993
2615,0,0,0.000,0.000,-1,0,0,0,65.804
2616,0,0,0.000,0.000,-1,0,0,0,67.552
2617,0,0,0.000,0.000,-1,0,0,0,67.781
2618,0,0,0.000,0.000,-1,0,0,0,65.536
2619,0,0,0.000,0.000,-1,0,0,0,64.211
2620,0,0,0.000,0.000,-1,0,0,0,67.101
2621,0,0,0.000,0.000,-1,0,0,0,68.018
2622,0,0,0.000,0.000,-1,0,0,0,66.069
2623,0,0,0.000,0.000,-1,0,0,0,67.618
2624,0,1,82.069,82.919,-1,0,0,0,71.261
2625,0,0,0.000,0.000,-1,0,0,0,75.631
2626,0,0,0.000,0.000,-1,0,0,0,72.001
2627,0,0,0.000,0.000,-1,0,0,0,65.544
2628,0,0,0.000,0.000,-1,0,0,0,66.920
2629,0,0,0.000,0.000,-1,0,0,0,68.033
2630,0,0,0.000,0.000,-1,0,0,0,66.911
2631,0,0,0.000,0.000,-1,0,0,0,66.031
2632,0,0,0.000,0.000,-1,0,0,0,65.147
2633,0,0,0.000,0.000,-1,0,0,0,64.868
2634,0,0,0.000,0.000,-1,0,0,0,65.485
2635,0,0,0.000,0.000,-1,0,0,0,68.136
2636,0,0,0.000,0.000,-1,0,0,0,66.443
2637,0,0,0.000,0.000,-1,0,0,0,65.155
2638,0,0,0.000,0.000,-1,0,0,0,66.462
2639,0,0,0.000,0.000,-1,0,0,0,70.250
2640,0,0,0.000,0.000,-1,0,0,0,64.963
2641,0,0,0.000,0.000,-1,0,0,0,65.661
2642,0,0,0.000,0.000,-1,0,0,0,66.973
2643,0,0,0.000,0.000,-1,0,0,0,67.835
2644,0,0,0.000,0.000,-1,0,0,0,66.053
2645,0,0,0.000,0.000,-1,0,0,0,65.463
2646,0,0,0.000,0.000,-1,0,0,0,65.766
2647,0,0,0.000,0.000,-1,0,0,0,65.452
2648,0,0,0.000,0.000,-1,0,0,0,65.385
2649,0,0,0.000,0.000,-1,0,0,0,75.494
2650,0,0,0.000,0.000,-1,0,0,0,79.729
2651,0,0,0.000,0.000,-1,0,0,0,66.981
2652,0,0,0.000,0.000,-1,0,0,0,67.454
2653,0,0,0.000,0.000,-1,0,0,0,66.486
2654,0,0,0.000,0.000,-1,0,0,0,66.294
2655,0,0,0.000,0.000,-1,0,0,0,65.850
2656,0,1,82.902,84.602,-1,0,0,0,66.685
2657,0,0,0.000,0.000,-1,0,0,0,66.561
2658,0,0,0.000,0.000,-1,0,0,0,65.072
2659,0,0,0.000,0.000,-1,0,0,0,63.587
2660,0,0,0.000,0.000,-1,0,0,0,67.008
2661,0,0,0.000,0.000,-1,0,0,0,64.858
2662,0,0,0.000,0.000,-1,0,0,0,67.763
2663,0,0,0.000,0.000,-1,0,0,0,68.532
2664,0,0,0.000,0.000,-1,0,0,0,65.325
2665,0,0,0.000,0.000,-1,0,0,0,66.420
2666,0,0,0.000,0.000,-1,0,0,0,66.943
2667,0,0,0.000,0.000,-1,0,0,0,67.431
2668,0,0,0.000,0.000,-1,0,0,0,65.618
2669,0,0,0.000,0.000,-1,0,0,0,63.253
2670,0,0,0.000,0.000,-1,0,0,0,65.511
2671,0,0,0.000,0.000,-1,0,0,0,67.329
2672,0,0,0.000,0.000,-1,0,0,0,65.977
2673,0,0,0.000,0.000,-1,0,0,0,65.491
2674,0,0,0.000,0.000,-1,0,0,0,64.549
2675,0,0,0.000,0.000,-1,0,0,0,65.920
2676,0,0,0.000,0.000,-1,0,0,0,70.492
2677,0,0,0.000,0.000,-1,0,0,0,68.716
2678,0,0,0.000,0.000,-1,0,0,0,65.407
2679,0,0,0.000,0.000,-1,0,0,0,66.873
2680,0,0,0.000,0.000,-1,0,0,0,68.416
2681,0,0,0.000,0.000,-1,0,0,0,67.346
2682,0,0,0.000,0.000,-1,0,0,0,67.992
2683,0,0,0.000,0.000,-1,0,0,0,67.334
2684,0,0,0.000,0.000,-1,0,0,0,66.342
2685,0,0,0.000,0.000,-1,0,0,0,68.956
2686,0,0,0.000,0.000,-1,0,0,0,66.403
2687,0,0,0.000,0.000,-1,0,0,0,65.736
2688,0,1,83.012,84.710,-1,0,0,0,64.569
2689,0,0,0.000,0.000,-1,0,0,0,67.825
2690,0,0,0.000,0.000,-1,0,0,0,65.824
2691,0,0,0.000,0.000,-1,0,0,0,67.292
2692,0,0,0.000,0.000,-1,0,0,0,67.485
2693,0,0,0.000,0.000,-1,0,0,0,65.054
2694,0,0,0.000,0.000,-1,0,0,0,67.872
2695,0,0,0.000,0.000,-1,0,0,0,73.186
2696,0,0,0.000,0.000,-1,0,0,0,66.361
2697,0,0,0.000,0.000,-1,0,0,0,66.214
2698,0,0,0.000,0.000,-1,0,0,0,66.104
2699,0,0,0.000,0.000,-1,0,0,0,65.934
2700,0,0,0.000,0.000,-1,0,0,0,65.391
2701,0,0,0.000,0.000,-1,0,0,0,69.798
2702,0,0,0.000,0.000,-1,0,0,0,66.250
2703,0,0,0.000,0.000,-1,0,0,0,67.277
2704,0,0,0.000,0.000,-1,0,0,0,66.021
2705,0,0,0.000,0.000,-1,0,0,0,66.834
2706,0,0,0.000,0.000,-1,0,0,0,65.000
2707,0,0,0.000,0.000,-1,0,0,0,69.950
2708,0,0,0.000,0.000,-1,0,0,0,65.922
2709,0,0,0.000,0.000,-1,0,0,0,65.847
2710,0,0,0.000,0.000,-1,0,0,0,65.959
2711,0,0,0.000,0.000,-1,0,0,0,65.291
2712,0,0,0.000,0.000,-1,0,0,0,66.767
2713,0,0,0.000,0.000,-1,0,0,0,65.982
2714,0,0,0.000,0.000,-1,0,0,0,64.061
2715,0,0,0.000,0.000,-1,0,0,0,65.430
2716,0,0,0.000,0.000,-1,0,0,0,65.516
2717,0,0,0.000,0.000,-1,0,0,0,64.969
2718,0,0,0.000,0.000,-1,0,0,0,66.994
2719,0,0,0.000,0.000,-1,0,0,0,74.330
2720,0,1,81.542,82.324,-1,0,0,0,73.215
2721,0,0,0.000,0.000,-1,0,0,0,81.597
2722,0,0,0.000,0.000,-1,0,0,0,78.754
2723,0,0,0.000,0.000,-1,0,0,0,69.429
2724,0,0,0.000,0.000,-1,0,0,0,66.781
2725,0,0,0.000,0.000,-1,0,0,0,67.378
2726,0,0,0.000,0.000,-1,0,0,0,67.158
2727,0,0,0.000,0.000,-1,0,0,0,70.042
2728,0,0,0.000,0.000,-1,0,0,0,65.294
2729,0,0,0.000,0.000,-1,0,0,0,63.298
2730,0,0,0.000,0.000,-1,0,0,0,67.090
2731,0,0,0.000,0.000,-1,0,0,0,70.636
2732,0,0,0.000,0.000,-1,0,0,0,66.595
2733,0,0,0.000,0.000,-1,0,0,0,66.167
2734,0,0,0.000,0.000,-1,0,0,0,68.283
2735,0,0,0.000,0.000,-1,0,0,0,69.081
2736,0,0,0.000,0.000,-1,0,0,0,70.153
2737,0,0,0.000,0.000,-1,0,0,0,67.592
2738,0,0,0.000,0.000,-1,0,0,0,69.196
2739,0,0,0.000,0.000,-1,0,0,0,68.474
2740,0,0,0.000,0.000,-1,0,0,0,66.025
2741,0,0,0.000,0.000,-1,0,0,0,66.821
2742,0,0,0.000,0.000,-1,0,0,0,68.017
2743,0,0,0.000,0.000,-1,0,0,0,67.373
2744,0,0,0.000,0.000,-1,0,0,0,65.886
2745,0,0,0.000,0.000,-1,0,0,0,69.569
2746,0,0,0.000,0.000,-1,0,0,0,70.034
2747,0,0,0.000,0.000,-1,0,0,0,67.376
2748,0,0,0.000,0.000,-1,0,0,0,65.259
2749,0,0,0.000,0.000,-1,0,0,0,66.516
2750,0,0,0.000,0.000,-1,0,0,0,66.122
2751,0,0,0.000,0.000,-1,0,0,0,64.338
2752,0,1,83.010,84.630,-1,0,0,0,66.284
2753,0,0,0.000,0.000,-1,0,0,0,65.700
2754,0,0,0.000,0.000,-1,0,0,0,66.261
2755,0,0,0.000,0.000,-1,0,0,0,70.096
2756,0,0,0.000,0.000,-1,0,0,0,66.752
2757,0,0,0.000,0.000,-1,0,0,0,67.645
2758,0,0,0.000,0.000,-1,0,0,0,64.124
2759,0,0,0.000,0.000,-1,0,0,0,66.940
2760,0,0,0.000,0.000,-1,0,0,0,66.302
2761,0,0,0.000,0.000,-1,0,0,0,68.414
2762,0,0,0.000,0.000,-1,0,0,0,64.791
2763,0,0,0.000,0.000,-1,0,0,0,64.446
2764,0,0,0.000,0.000,-1,0,0,0,65.521
2765,0,0,0.000,0.000,-1,0,0,0,68.926
2766,0,0,0.000,0.000,-1,0,0,0,64.807
2767,0,0,0.000,0.000,-1,0,0,0,65.417
2768,0,0,0.000,0.000,-1,0,0,0,66.041
2769,0,0,0.000,0.000,-1,0,0,0,65.605
2770,0,0,0.000,0.000,-1,0,0,0,67.156
2771,0,0,0.000,0.000,-1,0,0,0,66.989
2772,0,0,0.000,0.000,-1,0,0,0,67.822
2773,0,0,0.000,0.000,-1,0,0,0,67.195
2774,0,0,0.000,0.000,-1,0,0,0,67.395
2775,0,0,0.000,0.000,-1,0,0,0,67.711
2776,0,0,0.000,0.000,-1,0,0,0,68.349
2777,0,0,0.000,0.000,-1,0,0,0,67.689
2778,0,0,0.000,0.000,-1,0,0,0,65.515
2779,0,0,0.000,0.000,-1,0,0,0,65.767
2780,0,0,0.000,0.000,-1,0,0,0,65.268
2781,0,0,0.000,0.000,-1,0,0,0,67.296
2782,0,0,0.000,0.000,-1,0,0,0,67.096
2783,0,0,0.000,0.000,-1,0,0,0,66.630
2784,0,1,82.802,84.436,-1,0,0,0,66.501
2785,0,0,0.000,0.000,-1,0,0,0,85.268
2786,0,0,0.000,0.000,-1,0,0,0,81.345
2787,0,0,0.000,0.000,-1,0,0,0,67.670
2788,0,0,0.000,0.000,-1,0,0,0,69.200
2789,0,0,0.000,0.000,-1,0,0,0,66.554
2790,0,0,0.000,0.000,-1,0,0,0,66.062
2791,0,0,0.000,0.000,-1,0,0,0,67.003
2792,0,0,0.000,0.000,-1,0,0,0,65.802
2793,0,0,0.000,0.000,-1,0,0,0,65.209
2794,0,0,0.000,0.000,-1,0,0,0,66.429
2795,0,0,0.000,0.000,-1,0,0,0,65.171
2796,0,0,0.000,0.000,-1,0,0,0,65.723
2797,0,0,0.000,0.000,-1,0,0,0,65.999
2798,0,0,0.000,0.000,-1,0,0,0,64.929
2799,0,0,0.000,0.000,-1,0,0,0,67.083
2800,0,0,0.000,0.000,-1,0,0,0,68.691
2801,0,0,0.000,0.000,-1,0,0,0,67.698
2802,0,0,0.000,0.000,-1,0,0,0,66.239
2803,0,0,0.000,0.000,-1,0,0,0,66.553
2804,0,0,0.000,0.000,-1,0,0,0,65.394
2805,0,0,0.000,0.000,-1,0,0,0,76.486
2806,0,0,0.000,0.000,-1,0,0,0,66.996
2807,0,0,0.000,0.000,-1,0,0,0,65.339
2808,0,0,0.000,0.000,-1,0,0,0,65.426
2809,0,0,0.000,0.000,-1,0,0,0,67.499
2810,0,0,0.000,0.000,-1,0,0,0,69.681
2811,0,0,0.000,0.000,-1,0,0,0,67.736
2812,0,0,0.000,0.000,-1,0,0,0,66.287
2813,0,0,0.000,0.000,-1,0,0,0,65.920
2814,0,0,0.000,0.000,-1,0,0,0,65.997
2815,0,0,0.000,0.000,-1,0,0,0,68.036
2816,0,1,82.933,84.131,-1,0,0,0,67.764
2817,0,0,0.000,0.000,-1,0,0,0,66.900
2818,0,0,0.000,0.000,-1,0,0,0,84.813
2819,0,0,0.000,0.000,-1,0,0,0,66.943
2820,0,0,0.000,0.000,-1,0,0,0,67.266
2821,0,0,0.000,0.000,-1,0,0,0,68.201
2822,0,0,0.000,0.000,-1,0,0,0,67.091
2823,0,0,0.000,0.000,-1,0,0,0,66.258
2824,0,0,0.000,0.000,-1,0,0,0,65.373
2825,0,0,0.000,0.000,-1,0,0,0,66.167
2826,0,0,0.000,0.000,-1,0,0,0,65.656
2827,0,0,0.000,0.000,-1,0,0,0,66.342
2828,0,0,0.000,0.000,-1,0,0,0,66.186
2829,0,0,0.000,0.000,-1,0,0,0,65.623
2830,0,0,0.000,0.000,-1,0,0,0,67.160
2831,0,0,0.000,0.000,-1,0,0,0,69.097
2832,0,0,0.000,0.000,-1,0,0,0,69.650
2833,0,0,0.000,0.000,-1,0,0,0,67.423
2834,0,0,0.000,0.000,-1,0,0,0,65.657
2835,0,0,0.000,0.000,-1,0,0,0,67.424
2836,0,0,0.000,0.000,-1,0,0,0,64.984
2837,0,0,0.000,0.000,-1,0,0,0,66.380
2838,0,0,0.000,0.000,-1,0,0,0,67.637
2839,0,0,0.000,0.000,-1,0,0,0,67.930
2840,0,0,0.000,0.000,-1,0,0,0,69.371
2841,0,0,0.000,0.000,-1,0,0,0,69.364
2842,0,0,0.000,0.000,-1,0,0,0,67.932
2843,0,0,0.000,0.000,-1,0,0,0,69.457
2844,0,0,0.000,0.000,-1,0,0,0,64.905
2845,0,0,0.000,0.000,-1,0,0,0,67.769
2846,0,0,0.000,0.000,-1,0,0,0,66.801
2847,0,0,0.000,0.000,-1,0,0,0,67.582
2848,0,1,82.934,84.552,-1,0,0,0,66.360
2849,0,0,0.000,0.000,-1,0,0,0,71.367
2850,0,0,0.000,0.000,-1,0,0,0,65.496
2851,0,0,0.000,0.000,-1,0,0,0,67.642
2852,0,0,0.000,0.000,-1,0,0,0,72.928
2853,0,0,0.000,0.000,-1,0,0,0,72.988
2854,0,0,0.000,0.000,-1,0,0,0,68.671
2855,0,0,0.000,0.000,-1,0,0,0,68.527
2856,0,0,0.000,0.000,-1,0,0,0,67.780
2857,0,0,0.000,0.000,-1,0,0,0,69.966
2858,0,0,0.000,0.000,-1,0,0,0,68.783
2859,0,0,0.000,0.000,-1,0,0,0,71.130
2860,0,0,0.000,0.000,-1,0,0,0,70.680
2861,0,0,0.000,0.000,-1,0,0,0,68.271
2862,0,0,0.000,0.000,-1,0,0,0,68.322
2863,0,0,0.000,0.000,-1,0,0,0,66.179
2864,0,0,0.000,0.000,-1,0,0,0,66.270
2865,0,0,0.000,0.000,-1,0,0,0,66.702
2866,0,0,0.000,0.000,-1,0,0,0,66.250
2867,0,0,0.000,0.000,-1,0,0,0,66.420
2868,0,0,0.000,0.000,-1,0,0,0,74.299
2869,0,0,0.000,0.000,-1,0,0,0,67.431
2870,0,0,0.000,0.000,-1,0,0,0,66.693
2871,0,0,0.000,0.000,-1,0,0,0,65.982
2872,0,0,0.000,0.000,-1,0,0,0,66.183
2873,0,0,0.000,0.000,-1,0,0,0,64.325
2874,0,0,0.000,0.000,-1,0,0,0,65.709
2875,0,0,0.000,0.000,-1,0,0,0,65.628
2876,0,0,0.000,0.000,-1,0,0,0,68.079
2877,0,0,0.000,0.000,-1,0,0,0,68.148
2878,0,0,0.000,0.000,-1,0,0,0,66.225
2879,0,0,0.000,0.000,-1,0,0,0,67.217
2880,0,1,83.023,84.705,-1,0,0,0,64.154
2881,0,0,0.000,0.000,-1,0,0,0,67.399
2882,0,0,0.000,0.000,-1,0,0,0,65.937
2883,0,0,0.000,0.000,-1,0,0,0,66.533
2884,0,0,0.000,0.000,-1,0,0,0,67.331
2885,0,0,0.000,0.000,-1,0,0,0,66.030
2886,0,0,0.000,0.000,-1,0,0,0,68.493
2887,0,0,0.000,0.000,-1,0,0,0,68.257
2888,0,0,0.000,0.000,-1,0,0,0,67.832
2889,0,0,0.000,0.000,-1,0,0,0,66.185
2890,0,0,0.000,0.000,-1,0,0,0,66.235
2891,0,0,0.000,0.000,-1,0,0,0,65.803
2892,0,0,0.000,0.000,-1,0,0,0,66.260
2893,0,0,0.000,0.000,-1,0,0,0,67.614
2894,0,0,0.000,0.000,-1,0,0,0,69.500
2895,0,0,0.000,0.000,-1,0,0,0,66.301
2896,0,0,0.000,0.000,-1,0,0,0,66.136
2897,0,0,0.000,0.000,-1,0,0,0,64.866
2898,0,0,0.000,0.000,-1,0,0,0,64.841
2899,0,0,0.000,0.000,-1,0,0,0,65.667
2900,0,0,0.000,0.000,-1,0,0,0,65.582
2901,0,0,0.000,0.000,-1,0,0,0,67.050
2902,0,0,0.000,0.000,-1,0,0,0,66.806
2903,0,0,0.000,0.000,-1,0,0,0,67.574
2904,0,0,0.000,0.000,-1,0,0,0,65.403
2905,0,0,0.000,0.000,-1,0,0,0,65.202
2906,0,0,0.000,0.000,-1,0,0,0,64.361
2907,0,0,0.000,0.000,-1,0,0,0,65.346
2908,0,0,0.000,0.000,-1,0,0,0,65.533
2909,0,0,0.000,0.000,-1,0,0,0,70.098
2910,0,0,0.000,0.000,-1,0,0,0,66.534
2911,0,0,0.000,0.000,-1,0,0,0,66.553
2912,0,1,82.833,83.691,-1,0,0,0,65.608
2913,0,0,0.000,0.000,-1,0,0,0,67.143
2914,0,0,0.000,0.000,-1,0,0,0,67.534
2915,0,0,0.000,0.000,-1,0,0,0,69.749
2916,0,0,0.000,0.000,-1,0,0,0,65.874
2917,0,0,0.000,0.000,-1,0,0,0,67.825
2918,0,0,0.000,0.000,-1,0,0,0,65.166
2919,0,0,0.000,0.000,-1,0,0,0,64.495
2920,0,0,0.000,0.000,-1,0,0,0,66.784
2921,0,0,0.000,0.000,-1,0,0,0,67.158
2922,0,0,0.000,0.000,-1,0,0,0,65.390
2923,0,0,0.000,0.000,-1,0,0,0,67.100
2924,0,0,0.000,0.000,-1,0,0,0,63.479
2925,0,0,0.000,0.000,-1,0,0,0,65.634
2926,0,0,0.000,0.000,-1,0,0,0,65.342
2927,0,0,0.000,0.000,-1,0,0,0,67.430
2928,0,0,0.000,0.000,-1,0,0,0,67.554
2929,0,0,0.000,0.000,-1,0,0,0,66.415
2930,0,0,0.000,0.000,-1,0,0,0,66.536
2931,0,0,0.000,0.000,-1,0,0,0,66.908
2932,0,0,0.000,0.000,-1,0,0,0,67.864
2933,0,0,0.000,0.000,-1,0,0,0,69.348
2934,0,0,0.000,0.000,-1,0,0,0,65.908
2935,0,0,0.000,0.000,-1,0,0,0,67.544
2936,0,0,0.000,0.000,-1,0,0,0,67.713
2937,0,0,0.000,0.000,-1,0,0,0,66.616
2938,0,0,0.000,0.000,-1,0,0,0,67.439
2939,0,0,0.000,0.000,-1,0,0,0,66.494
2940,0,0,0.000,0.000,-1,0,0,0,68.143
2941,0,0,0.000,0.000,-1,0,0,0,65.829
2942,0,0,0.000,0.000,-1,0,0,0,65.990
2943,0,0,0.000,0.000,-1,0,0,0,66.906
2944,0,1,82.946,84.558,-1,0,0,0,66.132
2945,0,0,0.000,0.000,-1,0,0,0,68.039
2946,0,0,0.000,0.000,-1,0,0,0,66.706
2947,0,0,0.000,0.000,-1,0,0,0,65.372
2948,0,0,0.000,0.000,-1,0,0,0,67.041
2949,0,0,0.000,0.000,-1,0,0,0,64.604
2950,0,0,0.000,0.000,-1,0,0,0,66.171
2951,0,0,0.000,0.000,-1,0,0,0,65.903
2952,0,0,0.000,0.000,-1,0,0,0,66.161
2953,0,0,0.000,0.000,-1,0,0,0,66.087
2954,0,0,0.000,0.000,-1,0,0,0,65.886
2955,0,0,0.000,0.000,-1,0,0,0,67.143
2956,0,0,0.000,0.000,-1,0,0,0,67.526
2957,0,0,0.000,0.000,-1,0,0,0,66.396
2958,0,0,0.000,0.000,-1,0,0,0,65.557
2959,0,0,0.000,0.000,-1,0,0,0,71.786
2960,0,0,0.000,0.000,-1,0,0,0,64.379
2961,0,0,0.000,0.000,-1,0,0,0,64.870
2962,0,0,0.000,0.000,-1,0,0,0,64.577
2963,0,0,0.000,0.000,-1,0,0,0,66.603
2964,0,0,0.000,0.000,-1,0,0,0,65.457
2965,0,0,0.000,0.000,-1,0,0,0,64.311
2966,0,0,0.000,0.000,-1,0,0,0,64.922
2967,0,0,0.000,0.000,-1,0,0,0,66.453
2968,0,0,0.000,0.000,-1,0,0,0,66.898
2969,0,0,0.000,0.000,-1,0,0,0,66.811
2970,0,0,0.000,0.000,-1,0,0,0,65.599
2971,0,0,0.000,0.000,-1,0,0,0,69.860
2972,0,0,0.000,0.000,-1,0,0,0,67.338
2973,0,0,0.000,0.000,-1,0,0,0,66.423
2974,0,0,0.000,0.000,-1,0,0,0,67.101
2975,0,0,0.000,0.000,-1,0,0,0,66.286
2976,0,1,82.945,84.196,-1,0,0,0,69.668
2977,0,0,0.000,0.000,-1,0,0,0,67.683
2978,0,0,0.000,0.000,-1,0,0,0,64.910
2979,0,0,0.000,0.000,-1,0,0,0,63.956
2980,0,0,0.000,0.000,-1,0,0,0,66.655
2981,0,0,0.000,0.000,-1,0,0,0,65.690
2982,0,0,0.000,0.000,-1,0,0,0,66.236
2983,0,0,0.000,0.000,-1,0,0,0,65.347
2984,0,0,0.000,0.000,-1,0,0,0,67.024
2985,0,0,0.000,0.000,-1,0,0,0,67.675
2986,0,0,0.000,0.000,-1,0,0,0,66.404
2987,0,0,0.000,0.000,-1,0,0,0,66.373
2988,0,0,0.000,0.000,-1,0,0,0,65.863
2989,0,0,0.000,0.000,-1,0,0,0,65.663
2990,0,0,0.000,0.000,-1,0,0,0,69.442
2991,0,0,0.000,0.000,-1,0,0,0,65.338
2992,0,0,0.000,0.000,-1,0,0,0,68.024
2993,0,0,0.000,0.000,-1,0,0,0,68.380
2994,0,0,0.000,0.000,-1,0,0,0,68.295
2995,0,0,0.000,0.000,-1,0,0,0,75.723
2996,0,0,0.000,0.000,-1,0,0,0,65.602
2997,0,0,0.000,0.000,-1,0,0,0,66.077
2998,0,0,0.000,0.000,-1,0,0,0,86.737
2999,0,0,0.000,0.000,-1,0,0,0,67.045
3000,0,0,0.000,0.000,-1,0,0,0,64.076
3001,0,0,0.000,0.000,-1,0,0,0,65.774
3002,0,0,0.000,0.000,-1,0,0,0,64.102
3003,0,0,0.000,0.000,-1,0,0,0,68.142
3004,0,0,0.000,0.000,-1,0,0,0,68.260
3005,0,0,0.000,0.000,-1,0,0,0,68.663
3006,0,0,0.000,0.000,-1,0,0,0,64.860
3007,0,0,0.000,0.000,-1,0,0,0,67.086
3008,0,1,82.790,84.385,-1,0,0,0,67.459
3009,0,0,0.000,0.000,-1,0,0,0,65.308
3010,0,0,0.000,0.000,-1,0,0,0,66.033
3011,0,0,0.000,0.000,-1,0,0,0,67.577
3012,0,0,0.000,0.000,-1,0,0,0,65.633
3013,0,0,0.000,0.000,-1,0,0,0,65.288
3014,0,0,0.000,0.000,-1,0,0,0,65.996
3015,0,0,0.000,0.000,-1,0,0,0,65.795
3016,0,0,0.000,0.000,-1,0,0,0,67.938
3017,0,0,0.000,0.000,-1,0,0,0,72.455
3018,0,0,0.000,0.000,-1,0,0,0,67.969
3019,0,0,0.000,0.000,-1,0,0,0,66.091
3020,0,0,0.000,0.000,-1,0,0,0,67.121
3021,0,0,0.000,0.000,-1,0,0,0,65.156
3022,0,0,0.000,0.000,-1,0,0,0,67.440
3023,0,0,0.000,0.000,-1,0,0,0,66.134
3024,0,0,0.000,0.000,-1,0,0,0,65.266
3025,0,0,0.000,0.000,-1,0,0,0,68.088
3026,0,0,0.000,0.000,-1,0,0,0,67.047
3027,0,0,0.000,0.000,-1,0,0,0,64.522
3028,0,0,0.000,0.000,-1,0,0,0,64.658
3029,0,0,0.000,0.000,-1,0,0,0,66.037
3030,0,0,0.000,0.000,-1,0,0,0,67.736
3031,0,0,0.000,0.000,-1,0,0,0,65.368
3032,0,0,0.000,0.000,-1,0,0,0,67.478
3033,0,0,0.000,0.000,-1,0,0,0,65.976
3034,0,0,0.000,0.000,-1,0,0,0,66.799
3035,0,0,0.000,0.000,-1,0,0,0,67.009
3036,0,0,0.000,0.000,-1,0,0,0,68.754
3037,0,0,0.000,0.000,-1,0,0,0,67.221
3038,0,0,0.000,0.000,-1,0,0,0,65.788
3039,0,0,0.000,0.000,-1,0,0,0,64.593
3040,0,1,83.065,85.336,-1,0,0,0,66.872
3041,0,0,0.000,0.000,-1,0,0,0,78.363
3042,0,0,0.000,0.000,-1,0,0,0,118.159
3043,0,0,0.000,0.000,-1,0,0,0,95.736
3044,0,0,0.000,0.000,-1,0,0,0,93.491
3045,0,0,0.000,0.000,-1,0,0,0,67.514
3046,0,0,0.000,0.000,-1,0,0,0,68.137
3047,0,0,0.000,0.000,-1,0,0,0,65.638
3048,0,0,0.000,0.000,-1,0,0,0,65.610
3049,0,0,0.000,0.000,-1,0,0,0,67.621
3050,0,0,0.000,0.000,-1,0,0,0,68.294
3051,0,0,0.000,0.000,-1,0,0,0,68.735
3052,0,0,0.000,0.000,-1,0,0,0,66.169
3053,0,0,0.000,0.000,-1,0,0,0,66.713
3054,0,0,0.000,0.000,-1,0,0,0,64.830
3055,0,0,0.000,0.000,-1,0,0,0,64.753
3056,0,0,0.000,0.000,-1,0,0,0,65.474
3057,0,0,0.000,0.000,-1,0,0,0,66.223
3058,0,0,0.000,0.000,-1,0,0,0,66.139
3059,0,0,0.000,0.000,-1,0,0,0,66.657
3060,0,0,0.000,0.000,-1,0,0,0,64.297
3061,0,0,0.000,0.000,-1,0,0,0,67.776
3062,0,0,0.000,0.000,-1,0,0,0,63.684
3063,0,0,0.000,0.000,-1,0,0,0,66.508
3064,0,0,0.000,0.000,-1,0,0,0,66.371
3065,0,0,0.000,0.000,-1,0,0,0,70.081
3066,0,0,0.000,0.000,-1,0,0,0,67.254
3067,0,0,0.000,0.000,-1,0,0,0,65.942
3068,0,0,0.000,0.000,-1,0,0,0,79.668
3069,0,0,0.000,0.000,-1,0,0,0,64.309
3070,0,0,0.000,0.000,-1,0,0,0,65.820
3071,0,0,0.000,0.000,-1,0,0,0,66.270
3072,0,1,84.805,86.820,-1,0,0,0,64.941
3073,0,0,0.000,0.000,-1,0,0,0,68.573
3074,0,0,0.000,0.000,-1,0,0,0,67.715
3075,0,0,0.000,0.000,-1,0,0,0,67.387
3076,0,0,0.000,0.000,-1,0,0,0,69.397
3077,0,0,0.000,0.000,-1,0,0,0,66.879
3078,0,0,0.000,0.000,-1,0,0,0,65.129
3079,0,0,0.000,0.000,-1,0,0,0,67.548
3080,0,0,0.000,0.000,-1,0,0,0,67.870
3081,0,0,0.000,0.000,-1,0,0,0,66.564
3082,0,0,0.000,0.000,-1,0,0,0,66.195
3083,0,0,0.000,0.000,-1,0,0,0,68.058
3084,0,0,0.000,0.000,-1,0,0,0,64.497
3085,0,0,0.000,0.000,-1,0,0,0,69.382
3086,0,0,0.000,0.000,-1,0,0,0,65.330
3087,0,0,0.000,0.000,-1,0,0,0,69.382
3088,0,0,0.000,0.000,-1,0,0,0,68.989
3089,0,0,0.000,0.000,-1,0,0,0,67.112
3090,0,0,0.000,0.000,-1,0,0,0,65.283
3091,0,0,0.000,0.000,-1,0,0,0,67.654
3092,0,0,0.000,0.000,-1,0,0,0,65.269
3093,0,0,0.000,0.000,-1,0,0,0,65.383
3094,0,0,0.000,0.000,-1,0,0,0,67.984
3095,0,0,0.000,0.000,-1,0,0,0,66.501
3096,0,0,0.000,0.000,-1,0,0,0,63.971
3097,0,0,0.000,0.000,-1,0,0,0,64.747
3098,0,0,0.000,0.000,-1,0,0,0,67.808
3099,0,0,0.000,0.000,-1,0,0,0,67.399
3100,0,0,0.000,0.000,-1,0,0,0,67.543
3101,0,0,0.000,0.000,-1,0,0,0,66.278
3102,0,0,0.000,0.000,-1,0,0,0,65.871
3103,0,0,0.000,0.000,-1,0,0,0,69.698
3104,0,1,83.973,86.053,-1,0,0,0,68.106
3105,0,0,0.000,0.000,-1,0,0,0,68.706
3106,0,0,0.000,0.000,-1,0,0,0,67.057
3107,0,0,0.000,0.000,-1,0,0,0,67.132
3108,0,0,0.000,0.000,-1,0,0,0,64.362
3109,0,0,0.000,0.000,-1,0,0,0,67.433
3110,0,0,0.000,0.000,-1,0,0,0,67.670
3111,0,0,0.000,0.000,-1,0,0,0,65.554
3112,0,0,0.000,0.000,-1,0,0,0,65.171
3113,0,0,0.000,0.000,-1,0,0,0,66.868
3114,0,0,0.000,0.000,-1,0,0,0,65.511
3115,0,0,0.000,0.000,-1,0,0,0,67.313
3116,0,0,0.000,0.000,-1,0,0,0,65.241
3117,0,0,0.000,0.000,-1,0,0,0,64.215
3118,0,0,0.000,0.000,-1,0,0,0,66.389
3119,0,0,0.000,0.000,-1,0,0,0,67.754
3120,0,0,0.000,0.000,-1,0,0,0,67.770
3121,0,0,0.000,0.000,-1,0,0,0,66.296
3122,0,0,0.000,0.000,-1,0,0,0,64.687
3123,0,0,0.000,0.000,-1,0,0,0,65.584
3124,0,0,0.000,0.000,-1,0,0,0,64.383
3125,0,0,0.000,0.000,-1,0,0,0,67.410
3126,0,0,0.000,0.000,-1,0,0,0,71.453
3127,0,0,0.000,0.000,-1,0,0,0,66.305
3128,0,0,0.000,0.000,-1,0,0,0,65.604
3129,0,0,0.000,0.000,-1,0,0,0,66.336
3130,0,0,0.000,0.000,-1,0,0,0,65.948
3131,0,0,0.000,0.000,-1,0,0,0,65.743
3132,0,0,0.000,0.000,-1,0,0,0,80.163
3133,0,0,0.000,0.000,-1,0,0,0,73.855
3134,0,0,0.000,0.000,-1,0,0,0,67.454
3135,0,0,0.000,0.000,-1,0,0,0,77.703
3136,0,1,81.915,82.696,-1,0,0,0,70.226
3137,0,0,0.000,0.000,-1,0,0,0,70.319
3138,0,0,0.000,0.000,-1,0,0,0,69.068
3139,0,0,0.000,0.000,-1,0,0,0,70.068
3140,0,0,0.000,0.000,-1,0,0,0,70.178
3141,0,0,0.000,0.000,-1,0,0,0,68.483
3142,0,0,0.000,0.000,-1,0,0,0,65.887
3143,0,0,0.000,0.000,-1,0,0,0,67.907
3144,0,0,0.000,0.000,-1,0,0,0,68.351
3145,0,0,0.000,0.000,-1,0,0,0,66.679
3146,0,0,0.000,0.000,-1,0,0,0,67.609
3147,0,0,0.000,0.000,-1,0,0,0,68.253
3148,0,0,0.000,0.000,-1,0,0,0,65.612
3149,0,0,0.000,0.000,-1,0,0,0,66.519
3150,0,0,0.000,0.000,-1,0,0,0,65.492
3151,0,0,0.000,0.000,-1,0,0,0,67.238
3152,0,0,0.000,0.000,-1,0,0,0,64.925
3153,0,0,0.000,0.000,-1,0,0,0,65.142
3154,0,0,0.000,0.000,-1,0,0,0,69.393
3155,0,0,0.000,0.000,-1,0,0,0,64.334
3156,0,0,0.000,0.000,-1,0,0,0,66.537
3157,0,0,0.000,0.000,-1,0,0,0,66.574
3158,0,0,0.000,0.000,-1,0,0,0,66.490
3159,0,0,0.000,0.000,-1,0,0,0,67.769
3160,0,0,0.000,0.000,-1,0,0,0,67.211
3161,0,0,0.000,0.000,-1,0,0,0,67.216
3162,0,0,0.000,0.000,-1,0,0,0,66.062
3163,0,0,0.000,0.000,-1,0,0,0,69.017
3164,0,0,0.000,0.000,-1,0,0,0,64.468
3165,0,0,0.000,0.000,-1,0,0,0,66.414
3166,0,0,0.000,0.000,-1,0,0,0,64.723
3167,0,0,0.000,0.000,-1,0,0,0,67.789
3168,0,1,83.271,85.337,-1,0,0,0,65.317
3169,0,0,0.000,0.000,-1,0,0,0,67.894
3170,0,0,0.000,0.000,-1,0,0,0,65.877
3171,0,0,0.000,0.000,-1,0,0,0,65.188
3172,0,0,0.000,0.000,-1,0,0,0,69.104
3173,0,0,0.000,0.000,-1,0,0,0,66.890
3174,0,0,0.000,0.000,-1,0,0,0,66.669
3175,0,0,0.000,0.000,-1,0,0,0,64.819
3176,0,0,0.000,0.000,-1,0,0,0,63.993
3177,0,0,0.000,0.000,-1,0,0,0,65.777
3178,0,0,0.000,0.000,-1,0,0,0,68.344
3179,0,0,0.000,0.000,-1,0,0,0,65.402
3180,0,0,0.000,0.000,-1,0,0,0,66.004
3181,0,0,0.000,0.000,-1,0,0,0,76.180
3182,0,0,0.000,0.000,-1,0,0,0,73.878
3183,0,0,0.000,0.000,-1,0,0,0,72.951
3184,0,0,0.000,0.000,-1,0,0,0,67.445
3185,0,0,0.000,0.000,-1,0,0,0,66.095
3186,0,0,0.000,0.000,-1,0,0,0,66.153
3187,0,0,0.000,0.000,-1,0,0,0,67.674
3188,0,0,0.000,0.000,-1,0,0,0,69.004
3189,0,0,0.000,0.000,-1,0,0,0,67.932
3190,0,0,0.000,0.000,-1,0,0,0,67.009
3191,0,0,0.000,0.000,-1,0,0,0,69.616
3192,0,0,0.000,0.000,-1,0,0,0,66.628
3193,0,0,0.000,0.000,-1,0,0,0,67.420
3194,0,0,0.000,0.000,-1,0,0,0,68.322
3195,0,0,0.000,0.000,-1,0,0,0,72.712
3196,0,0,0.000,0.000,-1,0,0,0,66.585
3197,0,0,0.000,0.000,-1,0,0,0,66.475
3198,0,0,0.000,0.000,-1,0,0,0,65.341
3199,0,0,0.000,0.000,-1,0,0,0,67.735
3200,0,1,83.893,86.118,-1,0,0,0,65.213
3201,0,0,0.000,0.000,-1,0,0,0,66.057
3202,0,0,0.000,0.000,-1,0,0,0,66.459
3203,0,0,0.000,0.000,-1,0,0,0,66.322
3204,0,0,0.000,0.000,-1,0,0,0,66.009
3205,0,0,0.000,0.000,-1,0,0,0,65.791
3206,0,0,0.000,0.000,-1,0,0,0,67.030
3207,0,0,0.000,0.000,-1,0,0,0,65.980
3208,0,0,0.000,0.000,-1,0,0,0,67.249
3209,0,0,0.000,0.000,-1,0,0,0,63.675
3210,0,0,0.000,0.000,-1,0,0,0,67.510
3211,0,0,0.000,0.000,-1,0,0,0,67.727
3212,0,0,0.000,0.000,-1,0,0,0,66.885
3213,0,0,0.000,0.000,-1,0,0,0,67.093
3214,0,0,0.000,0.000,-1,0,0,0,66.304
3215,0,0,0.000,0.000,-1,0,0,0,66.081
3216,0,0,0.000,0.000,-1,0,0,0,65.768
3217,0,0,0.000,0.000,-1,0,0,0,66.406
3218,0,0,0.000,0.000,-1,0,0,0,64.865
3219,0,0,0.000,0.000,-1,0,0,0,66.824
3220,0,0,0.000,0.000,-1,0,0,0,66.382
3221,0,0,0.000,0.000,-1,0,0,0,68.596
3222,0,0,0.000,0.000,-1,0,0,0,65.055
3223,0,0,0.000,0.000,-1,0,0,0,66.140
3224,0,0,0.000,0.000,-1,0,0,0,64.664
3225,0,0,0.000,0.000,-1,0,0,0,66.118
3226,0,0,0.000,0.000,-1,0,0,0,65.223
3227,0,0,0.000,0.000,-1,0,0,0,66.020
3228,0,0,0.000,0.000,-1,0,0,0,95.744
3229,0,0,0.000,0.000,-1,0,0,0,66.797
3230,0,0,0.000,0.000,-1,0,0,0,66.066
3231,0,0,0.000,0.000,-1,0,0,0,65.625
3232,0,1,83.854,86.132,-1,0,0,0,65.623
3233,0,0,0.000,0.000,-1,0,0,0,70.567
3234,0,0,0.000,0.000,-1,0,0,0,69.458
3235,0,0,0.000,0.000,-1,0,0,0,67.375
3236,0,0,0.000,0.000,-1,0,0,0,71.804
3237,0,0,0.000,0.000,-1,0,0,0,72.206
3238,0,0,0.000,0.000,-1,0,0,0,68.493
3239,0,0,0.000,0.000,-1,0,0,0,68.565
3240,0,0,0.000,0.000,-1,0,0,0,69.056
3241,0,0,0.000,0.000,-1,0,0,0,69.467
3242,0,0,0.000,0.000,-1,0,0,0,67.010
3243,0,0,0.000,0.000,-1,0,0,0,70.030
3244,0,0,0.000,0.000,-1,0,0,0,70.016
3245,0,0,0.000,0.000,-1,0,0,0,69.234
3246,0,0,0.000,0.000,-1,0,0,0,70.029
3247,0,0,0.000,0.000,-1,0,0,0,68.262
3248,0,0,0.000,0.000,-1,0,0,0,69.934
3249,0,0,0.000,0.000,-1,0,0,0,75.471
3250,0,0,0.000,0.000,-1,0,0,0,70.129
3251,0,0,0.000,0.000,-1,0,0,0,77.533
3252,0,0,0.000,0.000,-1,0,0,0,72.720
3253,0,0,0.000,0.000,-1,0,0,0,68.641
3254,0,0,0.000,0.000,-1,0,0,0,67.191
3255,0,0,0.000,0.000,-1,0,0,0,65.974
3256,0,0,0.000,0.000,-1,0,0,0,65.716
3257,0,0,0.000,0.000,-1,0,0,0,66.354
3258,0,0,0.000,0.000,-1,0,0,0,69.405
3259,0,0,0.000,0.000,-1,0,0,0,66.651
3260,0,0,0.000,0.000,-1,0,0,0,67.463
3261,0,0,0.000,0.000,-1,0,0,0,65.647
3262,0,0,0.000,0.000,-1,0,0,0,65.372
3263,0,0,0.000,0.000,-1,0,0,0,65.790
3264,0,1,83.767,86.122,-1,0,0,0,65.977
3265,0,0,0.000,0.000,-1,0,0,0,70.615
3266,0,0,0.000,0.000,-1,0,0,0,69.288
3267,0,0,0.000,0.000,-1,0,0,0,71.070
3268,0,0,0.000,0.000,-1,0,0,0,68.906
3269,0,0,0.000,0.000,-1,0,0,0,69.146
3270,0,0,0.000,0.000,-1,0,0,0,70.854
3271,0,0,0.000,0.000,-1,0,0,0,72.699
3272,0,0,0.000,0.000,-1,0,0,0,71.414
3273,0,0,0.000,0.000,-1,0,0,0,68.993
3274,0,0,0.000,0.000,-1,0,0,0,68.255
3275,0,0,0.000,0.000,-1,0,0,0,73.621
3276,0,0,0.000,0.000,-1,0,0,0,70.087
3277,0,0,0.000,0.000,-1,0,0,0,71.426
3278,0,0,0.000,0.000,-1,0,0,0,65.803
3279,0,0,0.000,0.000,-1,0,0,0,63.621
3280,0,0,0.000,0.000,-1,0,0,0,66.413
3281,0,0,0.000,0.000,-1,0,0,0,65.523
3282,0,0,0.000,0.000,-1,0,0,0,66.530
3283,0,0,0.000,0.000,-1,0,0,0,63.809
3284,0,0,0.000,0.000,-1,0,0,0,65.210
3285,0,0,0.000,0.000,-1,0,0,0,68.694
3286,0,0,0.000,0.000,-1,0,0,0,67.086
3287,0,0,0.000,0.000,-1,0,0,0,67.639
3288,0,0,0.000,0.000,-1,0,0,0,65.270
3289,0,0,0.000,0.000,-1,0,0,0,65.021
3290,0,0,0.000,0.000,-1,0,0,0,67.280
3291,0,0,0.000,0.000,-1,0,0,0,88.093
3292,0,0,0.000,0.000,-1,0,0,0,64.465
3293,0,0,0.000,0.000,-1,0,0,0,66.278
3294,0,0,0.000,0.000,-1,0,0,0,66.980
3295,0,0,0.000,0.000,-1,0,0,0,65.854
3296,0,1,83.920,85.033,-1,0,0,0,65.894
3297,0,0,0.000,0.000,-1,0,0,0,69.648
3298,0,0,0.000,0.000,-1,0,0,0,65.240
3299,0,0,0.000,0.000,-1,0,0,0,70.413
3300,0,0,0.000,0.000,-1,0,0,0,68.129
3301,0,0,0.000,0.000,-1,0,0,0,68.701
3302,0,0,0.000,0.000,-1,0,0,0,65.370
3303,0,0,0.000,0.000,-1,0,0,0,66.756
3304,0,0,0.000,0.000,-1,0,0,0,64.983
3305,0,0,0.000,0.000,-1,0,0,0,65.032
3306,0,0,0.000,0.000,-1,0,0,0,65.953
3307,0,0,0.000,0.000,-1,0,0,0,64.391
3308,0,0,0.000,0.000,-1,0,0,0,65.258
3309,0,0,0.000,0.000,-1,0,0,0,65.478
3310,0,0,0.000,0.000,-1,0,0,0,65.731
3311,0,0,0.000,0.000,-1,0,0,0,66.368
3312,0,0,0.000,0.000,-1,0,0,0,65.720
3313,0,0,0.000,0.000,-1,0,0,0,65.551
3314,0,0,0.000,0.000,-1,0,0,0,66.249
3315,0,0,0.000,0.000,-1,0,0,0,63.837
3316,0,0,0.000,0.000,-1,0,0,0,63.856
3317,0,0,0.000,0.000,-1,0,0,0,66.219
3318,0,0,0.000,0.000,-1,0,0,0,66.042
3319,0,0,0.000,0.000,-1,0,0,0,66.085
3320,0,0,0.000,0.000,-1,0,0,0,65.811
3321,0,0,0.000,0.000,-1,0,0,0,65.247
3322,0,0,0.000,0.000,-1,0,0,0,66.484
3323,0,0,0.000,0.000,-1,0,0,0,65.735
3324,0,0,0.000,0.000,-1,0,0,0,64.927
3325,0,0,0.000,0.000,-1,0,0,0,64.847
3326,0,0,0.000,0.000,-1,0,0,0,68.497
3327,0,0,0.000,0.000,-1,0,0,0,66.637
3328,0,1,82.735,83.657,-1,0,0,0,65.556
3329,0,0,0.000,0.000,-1,0,0,0,69.391
3330,0,0,0.000,0.000,-1,0,0,0,66.585
3331,0,0,0.000,0.000,-1,0,0,0,68.725
3332,0,0,0.000,0.000,-1,0,0,0,71.094
3333,0,0,0.000,0.000,-1,0,0,0,64.511
3334,0,0,0.000,0.000,-1,0,0,0,66.599
3335,0,0,0.000,0.000,-1,0,0,0,66.263
3336,0,0,0.000,0.000,-1,0,0,0,68.829
3337,0,0,0.000,0.000,-1,0,0,0,67.644
3338,0,0,0.000,0.000,-1,0,0,0,67.335
3339,0,0,0.000,0.000,-1,0,0,0,65.905
3340,0,0,0.000,0.000,-1,0,0,0,67.397
3341,0,0,0.000,0.000,-1,0,0,0,66.523
3342,0,0,0.000,0.000,-1,0,0,0,64.971
3343,0,0,0.000,0.000,-1,0,0,0,65.063
3344,0,0,0.000,0.000,-1,0,0,0,64.890
3345,0,0,0.000,0.000,-1,0,0,0,67.139
3346,0,0,0.000,0.000,-1,0,0,0,66.033
3347,0,0,0.000,0.000,-1,0,0,0,65.017
3348,0,0,0.000,0.000,-1,0,0,0,65.642
3349,0,0,0.000,0.000,-1,0,0,0,66.252
3350,0,0,0.000,0.000,-1,0,0,0,67.521
3351,0,0,0.000,0.000,-1,0,0,0,64.636
3352,0,0,0.000,0.000,-1,0,0,0,63.973
3353,0,0,0.000,0.000,-1,0,0,0,65.675
3354,0,0,0.000,0.000,-1,0,0,0,66.759
3355,0,0,0.000,0.000,-1,0,0,0,66.103
3356,0,0,0.000,0.000,-1,0,0,0,66.163
3357,0,0,0.000,0.000,-1,0,0,0,67.320
3358,0,0,0.000,0.000,-1,0,0,0,65.439
3359,0,0,0.000,0.000,-1,0,0,0,66.770
3360,0,1,83.832,85.602,-1,0,0,0,65.655
3361,0,0,0.000,0.000,-1,0,0,0,68.155
3362,0,0,0.000,0.000,-1,0,0,0,65.908
3363,0,0,0.000,0.000,-1,0,0,0,65.739
3364,0,0,0.000,0.000,-1,0,0,0,66.857
3365,0,0,0.000,0.000,-1,0,0,0,66.786
3366,0,0,0.000,0.000,-1,0,0,0,66.055
3367,0,0,0.000,0.000,-1,0,0,0,64.556
3368,0,0,0.000,0.000,-1,0,0,0,67.893
3369,0,0,0.000,0.000,-1,0,0,0,66.388
3370,0,0,0.000,0.000,-1,0,0,0,66.230
3371,0,0,0.000,0.000,-1,0,0,0,69.013
3372,0,0,0.000,0.000,-1,0,0,0,65.962
3373,0,0,0.000,0.000,-1,0,0,0,67.258
3374,0,0,0.000,0.000,-1,0,0,0,65.607
3375,0,0,0.000,0.000,-1,0,0,0,67.928
3376,0,0,0.000,0.000,-1,0,0,0,66.280
3377,0,0,0.000,0.000,-1,0,0,0,67.096
3378,0,0,0.000,0.000,-1,0,0,0,65.046
3379,0,0,0.000,0.000,-1,0,0,0,66.595
3380,0,0,0.000,0.000,-1,0,0,0,65.924
3381,0,0,0.000,0.000,-1,0,0,0,69.813
3382,0,0,0.000,0.000,-1,0,0,0,66.485
3383,0,0,0.000,0.000,-1,0,0,0,64.031
3384,0,0,0.000,0.000,-1,0,0,0,63.772
3385,0,0,0.000,0.000,-1,0,0,0,65.218
3386,0,0,0.000,0.000,-1,0,0,0,65.458
3387,0,0,0.000,0.000,-1,0,0,0,65.378
3388,0,0,0.000,0.000,-1,0,0,0,66.825
3389,0,0,0.000,0.000,-1,0,0,0,65.436
3390,0,0,0.000,0.000,-1,0,0,0,64.598
3391,0,0,0.000,0.000,-1,0,0,0,63.869
3392,0,1,82.439,85.361,-1,0,0,0,66.105
3393,0,0,0.000,0.000,-1,0,0,0,69.762
3394,0,0,0.000,0.000,-1,0,0,0,66.312
3395,0,0,0.000,0.000,-1,0,0,0,65.695
3396,0,0,0.000,0.000,-1,0,0,0,66.069
3397,0,0,0.000,0.000,-1,0,0,0,65.321
3398,0,0,0.000,0.000,-1,0,0,0,67.041
3399,0,0,0.000,0.000,-1,0,0,0,69.094
3400,0,0,0.000,0.000,-1,0,0,0,66.904
3401,0,0,0.000,0.000,-1,0,0,0,67.686
3402,0,0,0.000,0.000,-1,0,0,0,65.617
3403,0,0,0.000,0.000,-1,0,0,0,66.387
3404,0,0,0.000,0.000,-1,0,0,0,65.389
3405,0,0,0.000,0.000,-1,0,0,0,66.824
3406,0,0,0.000,0.000,-1,0,0,0,67.203
3407,0,0,0.000,0.000,-1,0,0,0,67.846
3408,0,0,0.000,0.000,-1,0,0,0,68.036
3409,0,0,0.000,0.000,-1,0,0,0,65.471
3410,0,0,0.000,0.000,-1,0,0,0,72.458
3411,0,0,0.000,0.000,-1,0,0,0,66.336
3412,0,0,0.000,0.000,-1,0,0,0,67.171
3413,0,0,0.000,0.000,-1,0,0,0,65.494
3414,0,0,0.000,0.000,-1,0,0,0,65.676
3415,0,0,0.000,0.000,-1,0,0,0,65.278
3416,0,0,0.000,0.000,-1,0,0,0,66.637
3417,0,0,0.000,0.000,-1,0,0,0,71.335
3418,0,0,0.000,0.000,-1,0,0,0,67.658
3419,0,0,0.000,0.000,-1,0,0,0,64.967
3420,0,0,0.000,0.000,-1,0,0,0,64.808
3421,0,0,0.000,0.000,-1,0,0,0,66.887
3422,0,0,0.000,0.000,-1,0,0,0,65.816
3423,0,0,0.000,0.000,-1,0,0,0,65.628
3424,0,1,82.752,84.830,-1,0,0,0,65.236
3425,0,0,0.000,0.000,-1,0,0,0,69.213
3426,0,0,0.000,0.000,-1,0,0,0,71.187
3427,0,0,0.000,0.000,-1,0,0,0,68.974
3428,0,0,0.000,0.000,-1,0,0,0,71.066
3429,0,0,0.000,0.000,-1,0,0,0,69.617
3430,0,0,0.000,0.000,-1,0,0,0,66.254
3431,0,0,0.000,0.000,-1,0,0,0,64.682
3432,0,0,0.000,0.000,-1,0,0,0,74.061
3433,0,0,0.000,0.000,-1,0,0,0,68.705
3434,0,0,0.000,0.000,-1,0,0,0,67.036
3435,0,0,0.000,0.000,-1,0,0,0,69.411
3436,0,0,0.000,0.000,-1,0,0,0,66.861
3437,0,0,0.000,0.000,-1,0,0,0,67.134
3438,0,0,0.000,0.000,-1,0,0,0,66.119
3439,0,0,0.000,0.000,-1,0,0,0,65.942
3440,0,0,0.000,0.000,-1,0,0,0,66.686
3441,0,0,0.000,0.000,-1,0,0,0,65.476
3442,0,0,0.000,0.000,-1,0,0,0,66.252
3443,0,0,0.000,0.000,-1,0,0,0,65.998
3444,0,0,0.000,0.000,-1,0,0,0,68.318
3445,0,0,0.000,0.000,-1,0,0,0,65.856
3446,0,0,0.000,0.000,-1,0,0,0,65.891
3447,0,0,0.000,0.000,-1,0,0,0,68.576
3448,0,0,0.000,0.000,-1,0,0,0,70.673
3449,0,0,0.000,0.000,-1,0,0,0,66.584
3450,0,0,0.000,0.000,-1,0,0,0,66.630
3451,0,0,0.000,0.000,-1,0,0,0,68.101
3452,0,0,0.000,0.000,-1,0,0,0,67.432
3453,0,0,0.000,0.000,-1,0,0,0,65.816
3454,0,0,0.000,0.000,-1,0,0,0,69.183
3455,0,0,0.000,0.000,-1,0,0,0,68.083
3456,0,1,83.126,83.921,-1,0,0,0,66.461
3457,0,0,0.000,0.000,-1,0,0,0,70.779
3458,0,0,0.000,0.000,-1,0,0,0,65.792
3459,0,0,0.000,0.000,-1,0,0,0,66.435
3460,0,0,0.000,0.000,-1,0,0,0,66.169
3461,0,0,0.000,0.000,-1,0,0,0,66.400
3462,0,0,0.000,0.000,-1,0,0,0,67.171
3463,0,0,0.000,0.000,-1,0,0,0,66.870
3464,0,0,0.000,0.000,-1,0,0,0,66.593
3465,0,0,0.000,0.000,-1,0,0,0,66.804
3466,0,0,0.000,0.000,-1,0,0,0,66.925
3467,0,0,0.000,0.000,-1,0,0,0,65.223
3468,0,0,0.000,0.000,-1,0,0,0,66.872
3469,0,0,0.000,0.000,-1,0,0,0,69.792
3470,0,0,0.000,0.000,-1,0,0,0,67.527
3471,0,0,0.000,0.000,-1,0,0,0,66.359
3472,0,0,0.000,0.000,-1,0,0,0,66.611
3473,0,0,0.000,0.000,-1,0,0,0,66.773
3474,0,0,0.000,0.000,-1,0,0,0,69.223
3475,0,0,0.000,0.000,-1,0,0,0,66.420
3476,0,0,0.000,0.000,-1,0,0,0,66.593
3477,0,0,0.000,0.000,-1,0,0,0,66.503
3478,0,0,0.000,0.000,-1,0,0,0,69.639
3479,0,0,0.000,0.000,-1,0,0,0,67.718
3480,0,0,0.000,0.000,-1,0,0,0,65.703
3481,0,0,0.000,0.000,-1,0,0,0,67.028
3482,0,0,0.000,0.000,-1,0,0,0,66.254
3483,0,0,0.000,0.000,-1,0,0,0,67.218
3484,0,0,0.000,0.000,-1,0,0,0,64.728
3485,0,0,0.000,0.000,-1,0,0,0,68.197
3486,0,0,0.000,0.000,-1,0,0,0,66.790
3487,0,0,0.000,0.000,-1,0,0,0,67.673
3488,0,1,82.461,83.501,-1,0,0,0,65.477
3489,0,0,0.000,0.000,-1,0,0,0,73.150
3490,0,0,0.000,0.000,-1,0,0,0,69.769
3491,0,0,0.000,0.000,-1,0,0,0,64.809
3492,0,0,0.000,0.000,-1,0,0,0,66.159
3493,0,0,0.000,0.000,-1,0,0,0,65.593
3494,0,0,0.000,0.000,-1,0,0,0,65.180
3495,0,0,0.000,0.000,-1,0,0,0,66.807
3496,0,0,0.000,0.000,-1,0,0,0,64.601
3497,0,0,0.000,0.000,-1,0,0,0,66.971
3498,0,0,0.000,0.000,-1,0,0,0,65.507
3499,0,0,0.000,0.000,-1,0,0,0,67.084
3500,0,0,0.000,0.000,-1,0,0,0,67.656
3501,0,0,0.000,0.000,-1,0,0,0,66.596
3502,0,0,0.000,0.000,-1,0,0,0,66.930
3503,0,0,0.000,0.000,-1,0,0,0,66.457
3504,0,0,0.000,0.000,-1,0,0,0,67.286
3505,0,0,0.000,0.000,-1,0,0,0,66.112
3506,0,0,0.000,0.000,-1,0,0,0,69.447
3507,0,0,0.000,0.000,-1,0,0,0,68.458
3508,0,0,0.000,0.000,-1,0,0,0,66.376
3509,0,0,0.000,0.000,-1,0,0,0,67.435
3510,0,0,0.000,0.000,-1,0,0,0,66.516
3511,0,0,0.000,0.000,-1,0,0,0,67.699
3512,0,0,0.000,0.000,-1,0,0,0,66.135
3513,0,0,0.000,0.000,-1,0,0,0,66.216
3514,0,0,0.000,0.000,-1,0,0,0,65.682
3515,0,0,0.000,0.000,-1,0,0,0,65.724
3516,0,0,0.000,0.000,-1,0,0,0,68.604
3517,0,0,0.000,0.000,-1,0,0,0,66.024
3518,0,0,0.000,0.000,-1,0,0,0,66.333
3519,0,0,0.000,0.000,-1,0,0,0,65.284
3520,0,1,83.043,83.916,-1,0,0,0,65.243
3521,0,0,0.000,0.000,-1,0,0,0,73.116
3522,0,0,0.000,0.000,-1,0,0,0,68.079
3523,0,0,0.000,0.000,-1,0,0,0,67.936
3524,0,0,0.000,0.000,-1,0,0,0,67.959
3525,0,0,0.000,0.000,-1,0,0,0,64.101
3526,0,0,0.000,0.000,-1,0,0,0,64.445
3527,0,0,0.000,0.000,-1,0,0,0,66.083
3528,0,0,0.000,0.000,-1,0,0,0,65.432
3529,0,0,0.000,0.000,-1,0,0,0,64.418
3530,0,0,0.000,0.000,-1,0,0,0,63.935
3531,0,0,0.000,0.000,-1,0,0,0,68.751
3532,0,0,0.000,0.000,-1,0,0,0,65.615
3533,0,0,0.000,0.000,-1,0,0,0,67.721
3534,0,0,0.000,0.000,-1,0,0,0,64.213
3535,0,0,0.000,0.000,-1,0,0,0,66.316
3536,0,0,0.000,0.000,-1,0,0,0,65.239
3537,0,0,0.000,0.000,-1,0,0,0,64.833
3538,0,0,0.000,0.000,-1,0,0,0,65.639
3539,0,0,0.000,0.000,-1,0,0,0,65.693
3540,0,0,0.000,0.000,-1,0,0,0,68.466
3541,0,0,0.000,0.000,-1,0,0,0,64.979
3542,0,0,0.000,0.000,-1,0,0,0,65.123
3543,0,0,0.000,0.000,-1,0,0,0,65.117
3544,0,0,0.000,0.000,-1,0,0,0,67.351
3545,0,0,0.000,0.000,-1,0,0,0,73.250
3546,0,0,0.000,0.000,-1,0,0,0,68.745
3547,0,0,0.000,0.000,-1,0,0,0,64.899
3548,0,0,0.000,0.000,-1,0,0,0,66.958
3549,0,0,0.000,0.000,-1,0,0,0,66.175
3550,0,0,0.000,0.000,-1,0,0,0,69.780
3551,0,0,0.000,0.000,-1,0,0,0,68.440
3552,0,1,85.172,86.521,-1,0,0,0,68.911
3553,0,0,0.000,0.000,-1,0,0,0,73.481
3554,0,0,0.000,0.000,-1,0,0,0,69.969
3555,0,0,0.000,0.000,-1,0,0,0,68.958
3556,0,0,0.000,0.000,-1,0,0,0,69.704
3557,0,0,0.000,0.000,-1,0,0,0,69.563
3558,0,0,0.000,0.000,-1,0,0,0,76.460
3559,0,0,0.000,0.000,-1,0,0,0,71.875
3560,0,0,0.000,0.000,-1,0,0,0,71.101
3561,0,0,0.000,0.000,-1,0,0,0,72.156
3562,0,0,0.000,0.000,-1,0,0,0,69.877
3563,0,0,0.000,0.000,-1,0,0,0,70.618
3564,0,0,0.000,0.000,-1,0,0,0,70.560
3565,0,0,0.000,0.000,-1,0,0,0,69.343
3566,0,0,0.000,0.000,-1,0,0,0,69.615
3567,0,0,0.000,0.000,-1,0,0,0,70.246
3568,0,0,0.000,0.000,-1,0,0,0,73.155
3569,0,0,0.000,0.000,-1,0,0,0,71.397
3570,0,0,0.000,0.000,-1,0,0,0,70.501
3571,0,0,0.000,0.000,-1,0,0,0,71.118
3572,0,0,0.000,0.000,-1,0,0,0,70.648
3573,0,0,0.000,0.000,-1,0,0,0,70.999
3574,0,0,0.000,0.000,-1,0,0,0,70.810
3575,0,0,0.000,0.000,-1,0,0,0,69.635
3576,0,0,0.000,0.000,-1,0,0,0,69.076
3577,0,0,0.000,0.000,-1,0,0,0,66.843
3578,0,0,0.000,0.000,-1,0,0,0,66.738
3579,0,0,0.000,0.000,-1,0,0,0,66.344
3580,0,0,0.000,0.000,-1,0,0,0,72.616
3581,0,0,0.000,0.000,-1,0,0,0,66.710
3582,0,0,0.000,0.000,-1,0,0,0,71.723
3583,0,0,0.000,0.000,-1,0,0,0,69.063
3584,0,1,82.509,83.303,-1,0,0,0,74.445
3585,0,0,0.000,0.000,-1,0,0,0,71.587
3586,0,0,0.000,0.000,-1,0,0,0,70.965
3587,0,0,0.000,0.000,-1,0,0,0,70.539
3588,0,0,0.000,0.000,-1,0,0,0,70.316
3589,0,0,0.000,0.000,-1,0,0,0,68.797
3590,0,0,0.000,0.000,-1,0,0,0,68.375
3591,0,0,0.000,0.000,-1,0,0,0,71.806
3592,0,0,0.000,0.000,-1,0,0,0,70.034
3593,0,0,0.000,0.000,-1,0,0,0,69.237
3594,0,0,0.000,0.000,-1,0,0,0,74.648
3595,0,0,0.000,0.000,-1,0,0,0,72.229
3596,0,0,0.000,0.000,-1,0,0,0,71.458
3597,0,0,0.000,0.000,-1,0,0,0,72.011
3598,0,0,0.000,0.000,-1,0,0,0,71.894
3599,0,0,0.000,0.000,-1,0,0,0,72.529
3600,0,0,0.000,0.000,-1,0,0,0,70.502
3601,0,0,0.000,0.000,-1,0,0,0,72.110
3602,0,0,0.000,0.000,-1,0,0,0,69.300
3603,0,0,0.000,0.000,-1,0,0,0,69.541
3604,0,0,0.000,0.000,-1,0,0,0,72.670
3605,0,0,0.000,0.000,-1,0,0,0,70.243
3606,0,0,0.000,0.000,-1,0,0,0,70.437
3607,0,0,0.000,0.000,-1,0,0,0,74.615
3608,0,0,0.000,0.000,-1,0,0,0,72.041
3609,0,0,0.000,0.000,-1,0,0,0,75.010
3610,0,0,0.000,0.000,-1,0,0,0,72.556
3611,0,0,0.000,0.000,-1,0,0,0,72.088
3612,0,0,0.000,0.000,-1,0,0,0,69.650
3613,0,0,0.000,0.000,-1,0,0,0,72.380
3614,0,0,0.000,0.000,-1,0,0,0,70.651
3615,0,0,0.000,0.000,-1,0,0,0,69.145
3616,0,1,83.183,84.262,-1,0,0,0,68.763
3617,0,0,0.000,0.000,-1,0,0,0,70.012
3618,0,0,0.000,0.000,-1,0,0,0,73.805
3619,0,0,0.000,0.000,-1,0,0,0,71.823
3620,0,0,0.000,0.000,-1,0,0,0,68.875
3621,0,0,0.000,0.000,-1,0,0,0,64.638
3622,0,0,0.000,0.000,-1,0,0,0,68.475
3623,0,0,0.000,0.000,-1,0,0,0,66.771
3624,0,0,0.000,0.000,-1,0,0,0,68.154
3625,0,0,0.000,0.000,-1,0,0,0,68.421
3626,0,0,0.000,0.000,-1,0,0,0,66.492
3627,0,0,0.000,0.000,-1,0,0,0,69.270
3628,0,0,0.000,0.000,-1,0,0,0,67.629
3629,0,0,0.000,0.000,-1,0,0,0,66.785
3630,0,0,0.000,0.000,-1,0,0,0,66.747
3631,0,0,0.000,0.000,-1,0,0,0,65.911
3632,0,0,0.000,0.000,-1,0,0,0,66.049
3633,0,0,0.000,0.000,-1,0,0,0,66.433
3634,0,0,0.000,0.000,-1,0,0,0,68.973
3635,0,0,0.000,0.000,-1,0,0,0,65.337
3636,0,0,0.000,0.000,-1,0,0,0,65.491
3637,0,0,0.000,0.000,-1,0,0,0,66.384
3638,0,0,0.000,0.000,-1,0,0,0,66.172
3639,0,0,0.000,0.000,-1,0,0,0,69.988
3640,0,0,0.000,0.000,-1,0,0,0,68.339
3641,0,0,0.000,0.000,-1,0,0,0,65.175
3642,0,0,0.000,0.000,-1,0,0,0,72.392
3643,0,0,0.000,0.000,-1,0,0,0,66.363
3644,0,0,0.000,0.000,-1,0,0,0,65.206
3645,0,0,0.000,0.000,-1,0,0,0,69.499
3646,0,0,0.000,0.000,-1,0,0,0,64.274
3647,0,0,0.000,0.000,-1,0,0,0,67.382
3648,0,1,82.963,85.050,-1,0,0,0,65.021
3649,0,0,0.000,0.000,-1,0,0,0,64.431
3650,0,0,0.000,0.000,-1,0,0,0,65.327
3651,0,0,0.000,0.000,-1,0,0,0,64.402
3652,0,0,0.000,0.000,-1,0,0,0,66.241
3653,0,0,0.000,0.000,-1,0,0,0,64.963
3654,0,0,0.000,0.000,-1,0,0,0,67.889
3655,0,0,0.000,0.000,-1,0,0,0,67.235
3656,0,0,0.000,0.000,-1,0,0,0,65.025
3657,0,0,0.000,0.000,-1,0,0,0,66.280
3658,0,0,0.000,0.000,-1,0,0,0,63.206
3659,0,0,0.000,0.000,-1,0,0,0,64.515
3660,0,0,0.000,0.000,-1,0,0,0,64.697
3661,0,0,0.000,0.000,-1,0,0,0,66.372
3662,0,0,0.000,0.000,-1,0,0,0,64.166
3663,0,0,0.000,0.000,-1,0,0,0,65.684
3664,0,0,0.000,0.000,-1,0,0,0,65.589
3665,0,0,0.000,0.000,-1,0,0,0,66.641
3666,0,0,0.000,0.000,-1,0,0,0,64.270
3667,0,0,0.000,0.000,-1,0,0,0,65.338
3668,0,0,0.000,0.000,-1,0,0,0,66.628
3669,0,0,0.000,0.000,-1,0,0,0,66.211
3670,0,0,0.000,0.000,-1,0,0,0,66.993
3671,0,0,0.000,0.000,-1,0,0,0,65.328
3672,0,0,0.000,0.000,-1,0,0,0,65.000
3673,0,0,0.000,0.000,-1,0,0,0,67.771
3674,0,0,0.000,0.000,-1,0,0,0,68.201
3675,0,0,0.000,0.000,-1,0,0,0,74.062
3676,0,0,0.000,0.000,-1,0,0,0,100.258
3677,0,0,0.000,0.000,-1,0,0,0,82.182
3678,0,0,0.000,0.000,-1,0,0,0,71.552
3679,0,0,0.000,0.000,-1,0,0,0,66.779
3680,0,1,81.682,82.462,-1,0,0,0,75.386
3681,0,0,0.000,0.000,-1,0,0,0,67.380
3682,0,0,0.000,0.000,-1,0,0,0,65.536
3683,0,0,0.000,0.000,-1,0,0,0,67.448
3684,0,0,0.000,0.000,-1,0,0,0,66.326
3685,0,0,0.000,0.000,-1,0,0,0,101.538
3686,0,0,0.000,0.000,-1,0,0,0,75.092
3687,0,0,0.000,0.000,-1,0,0,0,74.133
3688,0,0,0.000,0.000,-1,0,0,0,76.984
3689,0,0,0.000,0.000,-1,0,0,0,66.132
3690,0,0,0.000,0.000,-1,0,0,0,66.539
3691,0,0,0.000,0.000,-1,0,0,0,65.926
3692,0,0,0.000,0.000,-1,0,0,0,66.180
3693,0,0,0.000,0.000,-1,0,0,0,65.017
3694,0,0,0.000,0.000,-1,0,0,0,68.259
3695,0,0,0.000,0.000,-1,0,0,0,65.643
3696,0,0,0.000,0.000,-1,0,0,0,66.321
3697,0,0,0.000,0.000,-1,0,0,0,67.749
3698,0,0,0.000,0.000,-1,0,0,0,67.723
3699,0,0,0.000,0.000,-1,0,0,0,67.216
3700,0,0,0.000,0.000,-1,0,0,0,64.520
3701,0,0,0.000,0.000,-1,0,0,0,69.621
3702,0,0,0.000,0.000,-1,0,0,0,67.673
3703,0,0,0.000,0.000,-1,0,0,0,67.660
3704,0,0,0.000,0.000,-1,0,0,0,68.230
3705,0,0,0.000,0.000,-1,0,0,0,67.698
3706,0,0,0.000,0.000,-1,0,0,0,65.279
3707,0,0,0.000,0.000,-1,0,0,0,64.386
3708,0,0,0.000,0.000,-1,0,0,0,65.119
3709,0,0,0.000,0.000,-1,0,0,0,66.650
3710,0,0,0.000,0.000,-1,0,0,0,65.598
3711,0,0,0.000,0.000,-1,0,0,0,66.018
3712,0,1,83.074,84.512,-1,0,0,0,64.996
3713,0,0,0.000,0.000,-1,0,0,0,67.537
3714,0,0,0.000,0.000,-1,0,0,0,67.199
3715,0,0,0.000,0.000,-1,0,0,0,69.052
3716,0,0,0.000,0.000,-1,0,0,0,66.377
3717,0,0,0.000,0.000,-1,0,0,0,66.090
3718,0,0,0.000,0.000,-1,0,0,0,66.015
3719,0,0,0.000,0.000,-1,0,0,0,66.853
3720,0,0,0.000,0.000,-1,0,0,0,64.381
3721,0,0,0.000,0.000,-1,0,0,0,76.909
3722,0,0,0.000,0.000,-1,0,0,0,67.838
3723,0,0,0.000,0.000,-1,0,0,0,80.909
3724,0,0,0.000,0.000,-1,0,0,0,66.804
3725,0,0,0.000,0.000,-1,0,0,0,67.507
3726,0,0,0.000,0.000,-1,0,0,0,64.982
3727,0,0,0.000,0.000,-1,0,0,0,70.389
3728,0,0,0.000,0.000,-1,0,0,0,86.098
3729,0,0,0.000,0.000,-1,0,0,0,65.067
3730,0,0,0.000,0.000,-1,0,0,0,64.476
3731,0,0,0.000,0.000,-1,0,0,0,64.733
3732,0,0,0.000,0.000,-1,0,0,0,77.775
3733,0,0,0.000,0.000,-1,0,0,0,77.513
3734,0,0,0.000,0.000,-1,0,0,0,66.210
3735,0,0,0.000,0.000,-1,0,0,0,66.259
3736,0,0,0.000,0.000,-1,0,0,0,70.326
3737,0,0,0.000,0.000,-1,0,0,0,65.271
3738,0,0,0.000,0.000,-1,0,0,0,69.204
3739,0,0,0.000,0.000,-1,0,0,0,67.843
3740,0,0,0.000,0.000,-1,0,0,0,72.039
3741,0,0,0.000,0.000,-1,0,0,0,65.180
3742,0,0,0.000,0.000,-1,0,0,0,66.048
3743,0,0,0.000,0.000,-1,0,0,0,67.534
3744,0,1,82.983,84.129,-1,0,0,0,66.395
3745,0,0,0.000,0.000,-1,0,0,0,67.880
3746,0,0,0.000,0.000,-1,0,0,0,65.529
3747,0,0,0.000,0.000,-1,0,0,0,66.602
3748,0,0,0.000,0.000,-1,0,0,0,65.667
3749,0,0,0.000,0.000,-1,0,0,0,65.578
3750,0,0,0.000,0.000,-1,0,0,0,67.204
3751,0,0,0.000,0.000,-1,0,0,0,65.559
3752,0,0,0.000,0.000,-1,0,0,0,67.305
3753,0,0,0.000,0.000,-1,0,0,0,65.915
3754,0,0,0.000,0.000,-1,0,0,0,67.709
3755,0,0,0.000,0.000,-1,0,0,0,67.221
3756,0,0,0.000,0.000,-1,0,0,0,66.510
3757,0,0,0.000,0.000,-1,0,0,0,67.463
3758,0,0,0.000,0.000,-1,0,0,0,65.933
3759,0,0,0.000,0.000,-1,0,0,0,66.271
3760,0,0,0.000,0.000,-1,0,0,0,67.072
3761,0,0,0.000,0.000,-1,0,0,0,67.231
3762,0,0,0.000,0.000,-1,0,0,0,69.467
3763,0,0,0.000,0.000,-1,0,0,0,64.844
3764,0,0,0.000,0.000,-1,0,0,0,67.556
3765,0,0,0.000,0.000,-1,0,0,0,65.898
3766,0,0,0.000,0.000,-1,0,0,0,67.351
3767,0,0,0.000,0.000,-1,0,0,0,65.687
3768,0,0,0.000,0.000,-1,0,0,0,69.455
3769,0,0,0.000,0.000,-1,0,0,0,65.232
3770,0,0,0.000,0.000,-1,0,0,0,65.429
3771,0,0,0.000,0.000,-1,0,0,0,62.717
3772,0,0,0.000,0.000,-1,0,0,0,68.782
3773,0,0,0.000,0.000,-1,0,0,0,64.108
3774,0,0,0.000,0.000,-1,0,0,0,65.963
3775,0,0,0.000,0.000,-1,0,0,0,64.107
3776,0,1,83.003,85.025,-1,0,0,0,65.258
3777,0,0,0.000,0.000,-1,0,0,0,65.828
3778,0,0,0.000,0.000,-1,0,0,0,65.986
3779,0,0,0.000,0.000,-1,0,0,0,66.520
3780,0,0,0.000,0.000,-1,0,0,0,65.501
3781,0,0,0.000,0.000,-1,0,0,0,67.234
3782,0,0,0.000,0.000,-1,0,0,0,67.613
3783,0,0,0.000,0.000,-1,0,0,0,65.168
3784,0,0,0.000,0.000,-1,0,0,0,66.388
3785,0,0,0.000,0.000,-1,0,0,0,69.504
3786,0,0,0.000,0.000,-1,0,0,0,67.153
3787,0,0,0.000,0.000,-1,0,0,0,65.690
3788,0,0,0.000,0.000,-1,0,0,0,67.392
3789,0,0,0.000,0.000,-1,0,0,0,64.715
3790,0,0,0.000,0.000,-1,0,0,0,65.985
3791,0,0,0.000,0.000,-1,0,0,0,67.952
3792,0,0,0.000,0.000,-1,0,0,0,66.728
3793,0,0,0.000,0.000,-1,0,0,0,65.703
3794,0,0,0.000,0.000,-1,0,0,0,65.975
3795,0,0,0.000,0.000,-1,0,0,0,65.916
3796,0,0,0.000,0.000,-1,0,0,0,68.036
3797,0,0,0.000,0.000,-1,0,0,0,67.931
3798,0,0,0.000,0.000,-1,0,0,0,67.589
3799,0,0,0.000,0.000,-1,0,0,0,66.483
3800,0,0,0.000,0.000,-1,0,0,0,67.349
3801,0,0,0.000,0.000,-1,0,0,0,67.439
3802,0,0,0.000,0.000,-1,0,0,0,66.088
3803,0,0,0.000,0.000,-1,0,0,0,67.306
3804,0,0,0.000,0.000,-1,0,0,0,66.768
3805,0,0,0.000,0.000,-1,0,0,0,66.140
3806,0,0,0.000,0.000,-1,0,0,0,66.782
3807,0,0,0.000,0.000,-1,0,0,0,66.664
3808,0,1,82.908,84.483,-1,0,0,0,65.796
3809,0,0,0.000,0.000,-1,0,0,0,69.207
3810,0,0,0.000,0.000,-1,0,0,0,67.883
3811,0,0,0.000,0.000,-1,0,0,0,65.923
3812,0,0,0.000,0.000,-1,0,0,0,65.739
3813,0,0,0.000,0.000,-1,0,0,0,65.398
3814,0,0,0.000,0.000,-1,0,0,0,65.171
3815,0,0,0.000,0.000,-1,0,0,0,66.159
3816,0,0,0.000,0.000,-1,0,0,0,66.638
3817,0,0,0.000,0.000,-1,0,0,0,65.332
3818,0,0,0.000,0.000,-1,0,0,0,66.541
3819,0,0,0.000,0.000,-1,0,0,0,65.360
3820,0,0,0.000,0.000,-1,0,0,0,65.635
3821,0,0,0.000,0.000,-1,0,0,0,72.922
3822,0,0,0.000,0.000,-1,0,0,0,76.211
3823,0,0,0.000,0.000,-1,0,0,0,65.862
3824,0,0,0.000,0.000,-1,0,0,0,68.989
3825,0,0,0.000,0.000,-1,0,0,0,65.883
3826,0,0,0.000,0.000,-1,0,0,0,65.455
3827,0,0,0.000,0.000,-1,0,0,0,64.869
3828,0,0,0.000,0.000,-1,0,0,0,67.824
3829,0,0,0.000,0.000,-1,0,0,0,67.165
3830,0,0,0.000,0.000,-1,0,0,0,66.907
3831,0,0,0.000,0.000,-1,0,0,0,68.649
3832,0,0,0.000,0.000,-1,0,0,0,68.424
3833,0,0,0.000,0.000,-1,0,0,0,64.651
3834,0,0,0.000,0.000,-1,0,0,0,68.066
3835,0,0,0.000,0.000,-1,0,0,0,66.255
3836,0,0,0.000,0.000,-1,0,0,0,64.895
3837,0,0,0.000,0.000,-1,0,0,0,66.867
3838,0,0,0.000,0.000,-1,0,0,0,65.089
3839,0,0,0.000,0.000,-1,0,0,0,68.571
3840,0,1,82.214,83.087,-1,0,0,0,67.065
3841,0,0,0.000,0.000,-1,0,0,0,69.880
3842,0,0,0.000,0.000,-1,0,0,0,71.851
3843,0,0,0.000,0.000,-1,0,0,0,68.126
3844,0,0,0.000,0.000,-1,0,0,0,69.651
3845,0,0,0.000,0.000,-1,0,0,0,72.123
3846,0,0,0.000,0.000,-1,0,0,0,70.446
3847,0,0,0.000,0.000,-1,0,0,0,70.090
3848,0,0,0.000,0.000,-1,0,0,0,68.179
3849,0,0,0.000,0.000,-1,0,0,0,69.059
3850,0,0,0.000,0.000,-1,0,0,0,69.891
3851,0,0,0.000,0.000,-1,0,0,0,69.116
3852,0,0,0.000,0.000,-1,0,0,0,69.401
3853,0,0,0.000,0.000,-1,0,0,0,70.958
3854,0,0,0.000,0.000,-1,0,0,0,69.830
3855,0,0,0.000,0.000,-1,0,0,0,71.978
3856,0,0,0.000,0.000,-1,0,0,0,72.367
3857,0,0,0.000,0.000,-1,0,0,0,67.357
3858,0,0,0.000,0.000,-1,0,0,0,68.141
3859,0,0,0.000,0.000,-1,0,0,0,71.964
3860,0,0,0.000,0.000,-1,0,0,0,71.258
3861,0,0,0.000,0.000,-1,0,0,0,68.480
3862,0,0,0.000,0.000,-1,0,0,0,69.752
3863,0,0,0.000,0.000,-1,0,0,0,69.388
3864,0,0,0.000,0.000,-1,0,0,0,70.287
3865,0,0,0.000,0.000,-1,0,0,0,67.433
3866,0,0,0.000,0.000,-1,0,0,0,68.735
3867,0,0,0.000,0.000,-1,0,0,0,70.793
3868,0,0,0.000,0.000,-1,0,0,0,67.665
3869,0,0,0.000,0.000,-1,0,0,0,67.408
3870,0,0,0.000,0.000,-1,0,0,0,71.946
3871,0,0,0.000,0.000,-1,0,0,0,70.040
3872,0,1,82.923,84.232,-1,0,0,0,75.121
3873,0,0,0.000,0.000,-1,0,0,0,70.683
3874,0,0,0.000,0.000,-1,0,0,0,71.385
3875,0,0,0.000,0.000,-1,0,0,0,72.069
3876,0,0,0.000,0.000,-1,0,0,0,69.651
3877,0,0,0.000,0.000,-1,0,0,0,70.765
3878,0,0,0.000,0.000,-1,0,0,0,70.087
3879,0,0,0.000,0.000,-1,0,0,0,68.319
3880,0,0,0.000,0.000,-1,0,0,0,70.066
3881,0,0,0.000,0.000,-1,0,0,0,69.149
3882,0,0,0.000,0.000,-1,0,0,0,72.377
3883,0,0,0.000,0.000,-1,0,0,0,69.184
3884,0,0,0.000,0.000,-1,0,0,0,70.015
3885,0,0,0.000,0.000,-1,0,0,0,69.976
3886,0,0,0.000,0.000,-1,0,0,0,70.541
3887,0,0,0.000,0.000,-1,0,0,0,70.618
3888,0,0,0.000,0.000,-1,0,0,0,71.559
3889,0,0,0.000,0.000,-1,0,0,0,69.246
3890,0,0,0.000,0.000,-1,0,0,0,69.609
3891,0,0,0.000,0.000,-1,0,0,0,68.447
3892,0,0,0.000,0.000,-1,0,0,0,70.688
3893,0,0,0.000,0.000,-1,0,0,0,69.726
3894,0,0,0.000,0.000,-1,0,0,0,71.860
3895,0,0,0.000,0.000,-1,0,0,0,70.616
3896,0,0,0.000,0.000,-1,0,0,0,70.759
3897,0,0,0.000,0.000,-1,0,0,0,69.373
3898,0,0,0.000,0.000,-1,0,0,0,66.839
3899,0,0,0.000,0.000,-1,0,0,0,69.719
3900,0,0,0.000,0.000,-1,0,0,0,68.673
3901,0,0,0.000,0.000,-1,0,0,0,67.065
3902,0,0,0.000,0.000,-1,0,0,0,66.561
3903,0,0,0.000,0.000,-1,0,0,0,69.683
3904,0,1,82.984,84.083,-1,0,0,0,69.190
3905,0,0,0.000,0.000,-1,0,0,0,71.198
3906,0,0,0.000,0.000,-1,0,0,0,69.537
3907,0,0,0.000,0.000,-1,0,0,0,68.000
3908,0,0,0.000,0.000,-1,0,0,0,68.685
3909,0,0,0.000,0.000,-1,0,0,0,68.846
3910,0,0,0.000,0.000,-1,0,0,0,70.705
3911,0,0,0.000,0.000,-1,0,0,0,70.600
3912,0,0,0.000,0.000,-1,0,0,0,72.674
3913,0,0,0.000,0.000,-1,0,0,0,67.237
3914,0,0,0.000,0.000,-1,0,0,0,67.143
3915,0,0,0.000,0.000,-1,0,0,0,72.793
3916,0,0,0.000,0.000,-1,0,0,0,73.715
3917,0,0,0.000,0.000,-1,0,0,0,70.894
3918,0,0,0.000,0.000,-1,0,0,0,69.952
3919,0,0,0.000,0.000,-1,0,0,0,67.438
3920,0,0,0.000,0.000,-1,0,0,0,72.838
3921,0,0,0.000,0.000,-1,0,0,0,71.691
3922,0,0,0.000,0.000,-1,0,0,0,69.799
3923,0,0,0.000,0.000,-1,0,0,0,68.647
3924,0,0,0.000,0.000,-1,0,0,0,68.244
3925,0,0,0.000,0.000,-1,0,0,0,67.587
3926,0,0,0.000,0.000,-1,0,0,0,71.666
3927,0,0,0.000,0.000,-1,0,0,0,68.631
3928,0,0,0.000,0.000,-1,0,0,0,68.534
3929,0,0,0.000,0.000,-1,0,0,0,70.510
3930,0,0,0.000,0.000,-1,0,0,0,71.159
3931,0,0,0.000,0.000,-1,0,0,0,70.471
3932,0,0,0.000,0.000,-1,0,0,0,74.581
3933,0,0,0.000,0.000,-1,0,0,0,70.338
3934,0,0,0.000,0.000,-1,0,0,0,69.202
3935,0,0,0.000,0.000,-1,0,0,0,70.876
3936,0,1,82.543,83.534,-1,0,0,0,69.244
3937,0,0,0.000,0.000,-1,0,0,0,71.561
3938,0,0,0.000,0.000,-1,0,0,0,68.693
3939,0,0,0.000,0.000,-1,0,0,0,67.107
3940,0,0,0.000,0.000,-1,0,0,0,68.415
3941,0,0,0.000,0.000,-1,0,0,0,71.617
3942,0,0,0.000,0.000,-1,0,0,0,69.649
3943,0,0,0.000,0.000,-1,0,0,0,69.324
3944,0,0,0.000,0.000,-1,0,0,0,69.292
3945,0,0,0.000,0.000,-1,0,0,0,67.224
3946,0,0,0.000,0.000,-1,0,0,0,67.823
3947,0,0,0.000,0.000,-1,0,0,0,68.873
3948,0,0,0.000,0.000,-1,0,0,0,69.428
3949,0,0,0.000,0.000,-1,0,0,0,67.291
3950,0,0,0.000,0.000,-1,0,0,0,66.984
3951,0,0,0.000,0.000,-1,0,0,0,71.926
3952,0,0,0.000,0.000,-1,0,0,0,69.094
3953,0,0,0.000,0.000,-1,0,0,0,68.002
3954,0,0,0.000,0.000,-1,0,0,0,67.852
3955,0,0,0.000,0.000,-1,0,0,0,70.017
3956,0,0,0.000,0.000,-1,0,0,0,71.569
3957,0,0,0.000,0.000,-1,0,0,0,71.110
3958,0,0,0.000,0.000,-1,0,0,0,70.205
3959,0,0,0.000,0.000,-1,0,0,0,69.988
3960,0,0,0.000,0.000,-1,0,0,0,68.942
3961,0,0,0.000,0.000,-1,0,0,0,71.017
3962,0,0,0.000,0.000,-1,0,0,0,68.249
3963,0,0,0.000,0.000,-1,0,0,0,71.261
3964,0,0,0.000,0.000,-1,0,0,0,70.651
3965,0,0,0.000,0.000,-1,0,0,0,67.471
3966,0,0,0.000,0.000,-1,0,0,0,66.614
3967,0,0,0.000,0.000,-1,0,0,0,66.343
3968,0,1,82.935,85.191,-1,0,0,0,64.178
3969,0,0,0.000,0.000,-1,0,0,0,67.543
3970,0,0,0.000,0.000,-1,0,0,0,66.382
3971,0,0,0.000,0.000,-1,0,0,0,64.755
3972,0,0,0.000,0.000,-1,0,0,0,70.314
3973,0,0,0.000,0.000,-1,0,0,0,69.234
3974,0,0,0.000,0.000,-1,0,0,0,68.013
3975,0,0,0.000,0.000,-1,0,0,0,67.387
3976,0,0,0.000,0.000,-1,0,0,0,69.718
3977,0,0,0.000,0.000,-1,0,0,0,65.507
3978,0,0,0.000,0.000,-1,0,0,0,65.941
3979,0,0,0.000,0.000,-1,0,0,0,65.406
3980,0,0,0.000,0.000,-1,0,0,0,65.597
3981,0,0,0.000,0.000,-1,0,0,0,67.679
3982,0,0,0.000,0.000,-1,0,0,0,66.096
3983,0,0,0.000,0.000,-1,0,0,0,66.718
3984,0,0,0.000,0.000,-1,0,0,0,66.903
3985,0,0,0.000,0.000,-1,0,0,0,66.192
3986,0,0,0.000,0.000,-1,0,0,0,67.891
3987,0,0,0.000,0.000,-1,0,0,0,66.930
3988,0,0,0.000,0.000,-1,0,0,0,66.480
3989,0,0,0.000,0.000,-1,0,0,0,65.598
3990,0,0,0.000,0.000,-1,0,0,0,66.154
3991,0,0,0.000,0.000,-1,0,0,0,66.493
3992,0,0,0.000,0.000,-1,0,0,0,68.675
3993,0,0,0.000,0.000,-1,0,0,0,65.921
3994,0,0,0.000,0.000,-1,0,0,0,66.088
3995,0,0,0.000,0.000,-1,0,0,0,67.642
3996,0,0,0.000,0.000,-1,0,0,0,67.796
3997,0,0,0.000,0.000,-1,0,0,0,67.438
3998,0,0,0.000,0.000,-1,0,0,0,65.406
3999,0,0,0.000,0.000,-1,0,0,0,71.498
4000,0,1,83.293,85.635,-1,0,0,0,69.565
4001,0,0,0.000,0.000,-1,0,0,0,70.191
4002,0,0,0.000,0.000,-1,0,0,0,66.265
4003,0,0,0.000,0.000,-1,0,0,0,65.456
4004,0,0,0.000,0.000,-1,0,0,0,66.229
4005,0,0,0.000,0.000,-1,0,0,0,66.316
4006,0,0,0.000,0.000,-1,0,0,0,66.641
4007,0,0,0.000,0.000,-1,0,0,0,67.984
4008,0,0,0.000,0.000,-1,0,0,0,64.540
4009,0,0,0.000,0.000,-1,0,0,0,65.668
4010,0,0,0.000,0.000,-1,0,0,0,66.695
4011,0,0,0.000,0.000,-1,0,0,0,63.433
4012,0,0,0.000,0.000,-1,0,0,0,65.383
4013,0,0,0.000,0.000,-1,0,0,0,68.321
4014,0,0,0.000,0.000,-1,0,0,0,64.966
4015,0,0,0.000,0.000,-1,0,0,0,65.167
4016,0,0,0.000,0.000,-1,0,0,0,66.220
4017,0,0,0.000,0.000,-1,0,0,0,64.128
4018,0,0,0.000,0.000,-1,0,0,0,68.224
4019,0,0,0.000,0.000,-1,0,0,0,66.110
4020,0,0,0.000,0.000,-1,0,0,0,64.235
4021,0,0,0.000,0.000,-1,0,0,0,67.676
4022,0,0,0.000,0.000,-1,0,0,0,67.933
4023,0,0,0.000,0.000,-1,0,0,0,65.873
4024,0,0,0.000,0.000,-1,0,0,0,65.349
4025,0,0,0.000,0.000,-1,0,0,0,68.838
4026,0,0,0.000,0.000,-1,0,0,0,66.228
4027,0,0,0.000,0.000,-1,0,0,0,65.375
4028,0,0,0.000,0.000,-1,0,0,0,64.804
4029,0,0,0.000,0.000,-1,0,0,0,65.479
4030,0,0,0.000,0.000,-1,0,0,0,67.048
4031,0,0,0.000,0.000,-1,0,0,0,66.962
4032,0,1,84.455,85.812,-1,0,0,0,67.526
4033,0,0,0.000,0.000,-1,0,0,0,69.485
4034,0,0,0.000,0.000,-1,0,0,0,64.790
4035,0,0,0.000,0.000,-1,0,0,0,67.838
4036,0,0,0.000,0.000,-1,0,0,0,66.403
4037,0,0,0.000,0.000,-1,0,0,0,64.993
4038,0,0,0.000,0.000,-1,0,0,0,67.741
4039,0,0,0.000,0.000,-1,0,0,0,65.725
4040,0,0,0.000,0.000,-1,0,0,0,68.070
4041,0,0,0.000,0.000,-1,0,0,0,66.376
4042,0,0,0.000,0.000,-1,0,0,0,68.758
4043,0,0,0.000,0.000,-1,0,0,0,67.741
4044,0,0,0.000,0.000,-1,0,0,0,64.518
4045,0,0,0.000,0.000,-1,0,0,0,64.378
4046,0,0,0.000,0.000,-1,0,0,0,64.413
4047,0,0,0.000,0.000,-1,0,0,0,64.131
4048,0,0,0.000,0.000,-1,0,0,0,65.720
4049,0,0,0.000,0.000,-1,0,0,0,68.364
4050,0,0,0.000,0.000,-1,0,0,0,66.720
4051,0,0,0.000,0.000,-1,0,0,0,67.872
4052,0,0,0.000,0.000,-1,0,0,0,67.752
4053,0,0,0.000,0.000,-1,0,0,0,67.157
4054,0,0,0.000,0.000,-1,0,0,0,67.136
4055,0,0,0.000,0.000,-1,0,0,0,66.065
4056,0,0,0.000,0.000,-1,0,0,0,64.746
4057,0,0,0.000,0.000,-1,0,0,0,67.076
4058,0,0,0.000,0.000,-1,0,0,0,67.770
4059,0,0,0.000,0.000,-1,0,0,0,65.265
4060,0,0,0.000,0.000,-1,0,0,0,98.894
4061,0,0,0.000,0.000,-1,0,0,0,65.460
4062,0,0,0.000,0.000,-1,0,0,0,65.714
4063,0,0,0.000,0.000,-1,0,0,0,73.350
4064,0,1,82.631,83.334,-1,0,0,0,77.100
4065,0,0,0.000,0.000,-1,0,0,0,66.761
4066,0,0,0.000,0.000,-1,0,0,0,66.906
4067,0,0,0.000,0.000,-1,0,0,0,75.828
4068,0,0,0.000,0.000,-1,0,0,0,88.041
4069,0,0,0.000,0.000,-1,0,0,0,68.169
4070,0,0,0.000,0.000,-1,0,0,0,66.932
4071,0,0,0.000,0.000,-1,0,0,0,66.541
4072,0,0,0.000,0.000,-1,0,0,0,66.533
4073,0,0,0.000,0.000,-1,0,0,0,67.342
4074,0,0,0.000,0.000,-1,0,0,0,67.469
4075,0,0,0.000,0.000,-1,0,0,0,64.841
4076,0,0,0.000,0.000,-1,0,0,0,68.002
4077,0,0,0.000,0.000,-1,0,0,0,66.080
4078,0,0,0.000,0.000,-1,0,0,0,66.011
4079,0,0,0.000,0.000,-1,0,0,0,75.894
4080,0,0,0.000,0.000,-1,0,0,0,67.128
4081,0,0,0.000,0.000,-1,0,0,0,77.999
4082,0,0,0.000,0.000,-1,0,0,0,64.906
4083,0,0,0.000,0.000,-1,0,0,0,66.428
4084,0,0,0.000,0.000,-1,0,0,0,65.458
4085,0,0,0.000,0.000,-1,0,0,0,67.112
4086,0,0,0.000,0.000,-1,0,0,0,66.079
4087,0,0,0.000,0.000,-1,0,0,0,65.601
4088,0,0,0.000,0.000,-1,0,0,0,65.708
4089,0,0,0.000,0.000,-1,0,0,0,72.314
4090,0,0,0.000,0.000,-1,0,0,0,65.498
4091,0,0,0.000,0.000,-1,0,0,0,64.735
4092,0,0,0.000,0.000,-1,0,0,0,66.671
4093,0,0,0.000,0.000,-1,0,0,0,66.884
4094,0,0,0.000,0.000,-1,0,0,0,72.918
4095,0,0,0.000,0.000,-1,0,0,0,68.942
4096,0,1,82.343,83.122,-1,0,0,0,74.505
4097,0,0,0.000,0.000,-1,0,0,0,70.143
4098,0,0,0.000,0.000,-1,0,0,0,81.219
4099,0,0,0.000,0.000,-1,0,0,0,79.956
4100,0,0,0.000,0.000,-1,0,0,0,67.744
4101,0,0,0.000,0.000,-1,0,0,0,66.469
4102,0,0,0.000,0.000,-1,0,0,0,64.748
4103,0,0,0.000,0.000,-1,0,0,0,81.398
4104,0,0,0.000,0.000,-1,0,0,0,65.940
4105,0,0,0.000,0.000,-1,0,0,0,92.212
4106,0,0,0.000,0.000,-1,0,0,0,66.230
4107,0,0,0.000,0.000,-1,0,0,0,65.851
4108,0,0,0.000,0.000,-1,0,0,0,94.290
4109,0,0,0.000,0.000,-1,0,0,0,68.434
4110,0,0,0.000,0.000,-1,0,0,0,65.547
4111,0,0,0.000,0.000,-1,0,0,0,77.525
4112,0,0,0.000,0.000,-1,0,0,0,66.417
4113,0,0,0.000,0.000,-1,0,0,0,66.818
4114,0,0,0.000,0.000,-1,0,0,0,64.520
4115,0,0,0.000,0.000,-1,0,0,0,66.061
4116,0,0,0.000,0.000,-1,0,0,0,66.628
4117,0,0,0.000,0.000,-1,0,0,0,65.777
4118,0,0,0.000,0.000,-1,0,0,0,66.649
4119,0,0,0.000,0.000,-1,0,0,0,66.870
4120,0,0,0.000,0.000,-1,0,0,0,70.628
4121,0,0,0.000,0.000,-1,0,0,0,66.827
4122,0,0,0.000,0.000,-1,0,0,0,64.150
4123,0,0,0.000,0.000,-1,0,0,0,65.801
4124,0,0,0.000,0.000,-1,0,0,0,65.605
4125,0,0,0.000,0.000,-1,0,0,0,66.726
4126,0,0,0.000,0.000,-1,0,0,0,65.339
4127,0,0,0.000,0.000,-1,0,0,0,64.996
4128,0,1,83.634,85.882,-1,0,0,0,67.200
4129,0,0,0.000,0.000,-1,0,0,0,67.325
4130,0,0,0.000,0.000,-1,0,0,0,66.964
4131,0,0,0.000,0.000,-1,0,0,0,65.308
4132,0,0,0.000,0.000,-1,0,0,0,64.883
4133,0,0,0.000,0.000,-1,0,0,0,65.478
4134,0,0,0.000,0.000,-1,0,0,0,64.447
4135,0,0,0.000,0.000,-1,0,0,0,64.874
4136,0,0,0.000,0.000,-1,0,0,0,64.653
4137,0,0,0.000,0.000,-1,0,0,0,69.536
4138,0,0,0.000,0.000,-1,0,0,0,64.349
4139,0,0,0.000,0.000,-1,0,0,0,64.475
4140,0,0,0.000,0.000,-1,0,0,0,64.255
4141,0,0,0.000,0.000,-1,0,0,0,65.068
4142,0,0,0.000,0.000,-1,0,0,0,65.886
4143,0,0,0.000,0.000,-1,0,0,0,65.614
4144,0,0,0.000,0.000,-1,0,0,0,65.371
4145,0,0,0.000,0.000,-1,0,0,0,65.362
4146,0,0,0.000,0.000,-1,0,0,0,66.746
4147,0,0,0.000,0.000,-1,0,0,0,67.322
4148,0,0,0.000,0.000,-1,0,0,0,65.807
4149,0,0,0.000,0.000,-1,0,0,0,64.808
4150,0,0,0.000,0.000,-1,0,0,0,67.520
4151,0,0,0.000,0.000,-1,0,0,0,66.855
4152,0,0,0.000,0.000,-1,0,0,0,67.730
4153,0,0,0.000,0.000,-1,0,0,0,67.527
4154,0,0,0.000,0.000,-1,0,0,0,66.887
4155,0,0,0.000,0.000,-1,0,0,0,66.570
4156,0,0,0.000,0.000,-1,0,0,0,66.452
4157,0,0,0.000,0.000,-1,0,0,0,65.918
4158,0,0,0.000,0.000,-1,0,0,0,66.319
4159,0,0,0.000,0.000,-1,0,0,0,66.121
4160,0,1,83.246,84.943,-1,0,0,0,66.929
4161,0,0,0.000,0.000,-1,0,0,0,67.018
4162,0,0,0.000,0.000,-1,0,0,0,67.261
4163,0,0,0.000,0.000,-1,0,0,0,66.029
4164,0,0,0.000,0.000,-1,0,0,0,66.417
4165,0,0,0.000,0.000,-1,0,0,0,66.662
4166,0,0,0.000,0.000,-1,0,0,0,65.730
4167,0,0,0.000,0.000,-1,0,0,0,66.531
4168,0,0,0.000,0.000,-1,0,0,0,66.305
4169,0,0,0.000,0.000,-1,0,0,0,65.890
4170,0,0,0.000,0.000,-1,0,0,0,66.634
4171,0,0,0.000,0.000,-1,0,0,0,68.783
4172,0,0,0.000,0.000,-1,0,0,0,65.961
4173,0,0,0.000,0.000,-1,0,0,0,68.912
4174,0,0,0.000,0.000,-1,0,0,0,66.797
4175,0,0,0.000,0.000,-1,0,0,0,67.302
4176,0,0,0.000,0.000,-1,0,0,0,66.683
4177,0,0,0.000,0.000,-1,0,0,0,64.530
4178,0,0,0.000,0.000,-1,0,0,0,64.820
4179,0,0,0.000,0.000,-1,0,0,0,66.073
4180,0,0,0.000,0.000,-1,0,0,0,66.153
4181,0,0,0.000,0.000,-1,0,0,0,68.266
4182,0,0,0.000,0.000,-1,0,0,0,65.416
4183,0,0,0.000,0.000,-1,0,0,0,64.777
4184,0,0,0.000,0.000,-1,0,0,0,63.615
4185,0,0,0.000,0.000,-1,0,0,0,66.832
4186,0,0,0.000,0.000,-1,0,0,0,65.631
4187,0,0,0.000,0.000,-1,0,0,0,64.831
4188,0,0,0.000,0.000,-1,0,0,0,65.722
4189,0,0,0.000,0.000,-1,0,0,0,65.304
4190,0,0,0.000,0.000,-1,0,0,0,64.977
4191,0,0,0.000,0.000,-1,0,0,0,66.690
4192,0,1,83.067,85.008,-1,0,0,0,64.899
4193,0,0,0.000,0.000,-1,0,0,0,68.577
4194,0,0,0.000,0.000,-1,0,0,0,64.685
4195,0,0,0.000,0.000,-1,0,0,0,68.586
4196,0,0,0.000,0.000,-1,0,0,0,68.037
4197,0,0,0.000,0.000,-1,0,0,0,64.826
4198,0,0,0.000,0.000,-1,0,0,0,66.310
4199,0,0,0.000,0.000,-1,0,0,0,64.995
4200,0,0,0.000,0.000,-1,0,0,0,64.889
4201,0,0,0.000,0.000,-1,0,0,0,66.452
4202,0,0,0.000,0.000,-1,0,0,0,65.290
4203,0,0,0.000,0.000,-1,0,0,0,67.095
4204,0,0,0.000,0.000,-1,0,0,0,64.901
4205,0,0,0.000,0.000,-1,0,0,0,66.184
4206,0,0,0.000,0.000,-1,0,0,0,64.494
4207,0,0,0.000,0.000,-1,0,0,0,66.255
4208,0,0,0.000,0.000,-1,0,0,0,64.597
4209,0,0,0.000,0.000,-1,0,0,0,65.625
4210,0,0,0.000,0.000,-1,0,0,0,65.929
4211,0,0,0.000,0.000,-1,0,0,0,65.220
4212,0,0,0.000,0.000,-1,0,0,0,71.484
4213,0,0,0.000,0.000,-1,0,0,0,65.334
4214,0,0,0.000,0.000,-1,0,0,0,76.643
4215,0,0,0.000,0.000,-1,0,0,0,67.543
4216,0,0,0.000,0.000,-1,0,0,0,67.467
4217,0,0,0.000,0.000,-1,0,0,0,65.019
4218,0,0,0.000,0.000,-1,0,0,0,65.699
4219,0,0,0.000,0.000,-1,0,0,0,66.194
4220,0,0,0.000,0.000,-1,0,0,0,66.198
4221,0,0,0.000,0.000,-1,0,0,0,67.906
4222,0,0,0.000,0.000,-1,0,0,0,82.425
4223,0,0,0.000,0.000,-1,0,0,0,77.285
4224,0,1,81.273,82.052,-1,0,0,0,88.056
4225,0,0,0.000,0.000,-1,0,0,0,77.760
4226,0,0,0.000,0.000,-1,0,0,0,73.885
4227,0,0,0.000,0.000,-1,0,0,0,70.627
4228,0,0,0.000,0.000,-1,0,0,0,65.809
4229,0,0,0.000,0.000,-1,0,0,0,66.902
4230,0,0,0.000,0.000,-1,0,0,0,65.460
4231,0,0,0.000,0.000,-1,0,0,0,66.620
4232,0,0,0.000,0.000,-1,0,0,0,65.005
4233,0,0,0.000,0.000,-1,0,0,0,68.185
4234,0,0,0.000,0.000,-1,0,0,0,68.741
4235,0,0,0.000,0.000,-1,0,0,0,69.096
4236,0,0,0.000,0.000,-1,0,0,0,89.015
4237,0,0,0.000,0.000,-1,0,0,0,66.888
4238,0,0,0.000,0.000,-1,0,0,0,66.592
4239,0,0,0.000,0.000,-1,0,0,0,67.915
4240,0,0,0.000,0.000,-1,0,0,0,67.434
4241,0,0,0.000,0.000,-1,0,0,0,66.099
4242,0,0,0.000,0.000,-1,0,0,0,65.711
4243,0,0,0.000,0.000,-1,0,0,0,65.821
4244,0,0,0.000,0.000,-1,0,0,0,64.648
4245,0,0,0.000,0.000,-1,0,0,0,69.256
4246,0,0,0.000,0.000,-1,0,0,0,65.463
4247,0,0,0.000,0.000,-1,0,0,0,67.414
4248,0,0,0.000,0.000,-1,0,0,0,64.747
4249,0,0,0.000,0.000,-1,0,0,0,68.860
4250,0,0,0.000,0.000,-1,0,0,0,69.933
4251,0,0,0.000,0.000,-1,0,0,0,67.076
4252,0,0,0.000,0.000,-1,0,0,0,65.747
4253,0,0,0.000,0.000,-1,0,0,0,66.277
4254,0,0,0.000,0.000,-1,0,0,0,66.842
4255,0,0,0.000,0.000,-1,0,0,0,68.977
4256,0,1,82.174,82.987,-1,0,0,0,72.876
4257,0,0,0.000,0.000,-1,0,0,0,67.027
4258,0,0,0.000,0.000,-1,0,0,0,66.046
4259,0,0,0.000,0.000,-1,0,0,0,65.892
4260,0,0,0.000,0.000,-1,0,0,0,67.383
4261,0,0,0.000,0.000,-1,0,0,0,64.986
4262,0,0,0.000,0.000,-1,0,0,0,66.862
4263,0,0,0.000,0.000,-1,0,0,0,66.740
4264,0,0,0.000,0.000,-1,0,0,0,66.065
4265,0,0,0.000,0.000,-1,0,0,0,67.217
4266,0,0,0.000,0.000,-1,0,0,0,67.414
4267,0,0,0.000,0.000,-1,0,0,0,66.582
4268,0,0,0.000,0.000,-1,0,0,0,68.749
4269,0,0,0.000,0.000,-1,0,0,0,67.146
4270,0,0,0.000,0.000,-1,0,0,0,67.299
4271,0,0,0.000,0.000,-1,0,0,0,66.844
4272,0,0,0.000,0.000,-1,0,0,0,66.562
4273,0,0,0.000,0.000,-1,0,0,0,67.177
4274,0,0,0.000,0.000,-1,0,0,0,66.912
4275,0,0,0.000,0.000,-1,0,0,0,68.028
4276,0,0,0.000,0.000,-1,0,0,0,66.735
4277,0,0,0.000,0.000,-1,0,0,0,65.770
4278,0,0,0.000,0.000,-1,0,0,0,65.741
4279,0,0,0.000,0.000,-1,0,0,0,65.340
4280,0,0,0.000,0.000,-1,0,0,0,67.456
4281,0,0,0.000,0.000,-1,0,0,0,64.179
4282,0,0,0.000,0.000,-1,0,0,0,64.723
4283,0,0,0.000,0.000,-1,0,0,0,65.295
4284,0,0,0.000,0.000,-1,0,0,0,65.899
4285,0,0,0.000,0.000,-1,0,0,0,65.923
4286,0,0,0.000,0.000,-1,0,0,0,63.942
4287,0,0,0.000,0.000,-1,0,0,0,65.115
4288,0,1,84.165,86.044,-1,0,0,0,66.588
4289,0,0,0.000,0.000,-1,0,0,0,68.371
4290,0,0,0.000,0.000,-1,0,0,0,66.330
4291,0,0,0.000,0.000,-1,0,0,0,67.890
4292,0,0,0.000,0.000,-1,0,0,0,67.344
4293,0,0,0.000,0.000,-1,0,0,0,66.474
4294,0,0,0.000,0.000,-1,0,0,0,66.044
4295,0,0,0.000,0.000,-1,0,0,0,65.739
4296,0,0,0.000,0.000,-1,0,0,0,67.086
4297,0,0,0.000,0.000,-1,0,0,0,66.500
4298,0,0,0.000,0.000,-1,0,0,0,67.277
4299,0,0,0.000,0.000,-1,0,0,0,65.333
4300,0,0,0.000,0.000,-1,0,0,0,65.586
4301,0,0,0.000,0.000,-1,0,0,0,65.420
4302,0,0,0.000,0.000,-1,0,0,0,68.111
4303,0,0,0.000,0.000,-1,0,0,0,66.687
4304,0,0,0.000,0.000,-1,0,0,0,73.039
4305,0,0,0.000,0.000,-1,0,0,0,65.092
4306,0,0,0.000,0.000,-1,0,0,0,64.931
4307,0,0,0.000,0.000,-1,0,0,0,67.120
4308,0,0,0.000,0.000,-1,0,0,0,67.620
4309,0,0,0.000,0.000,-1,0,0,0,65.402
4310,0,0,0.000,0.000,-1,0,0,0,68.139
4311,0,0,0.000,0.000,-1,0,0,0,65.102
4312,0,0,0.000,0.000,-1,0,0,0,66.298
4313,0,0,0.000,0.000,-1,0,0,0,68.918
4314,0,0,0.000,0.000,-1,0,0,0,65.337
4315,0,0,0.000,0.000,-1,0,0,0,66.299
4316,0,0,0.000,0.000,-1,0,0,0,66.952
4317,0,0,0.000,0.000,-1,0,0,0,65.487
4318,0,0,0.000,0.000,-1,0,0,0,67.965
4319,0,0,0.000,0.000,-1,0,0,0,66.753
4320,0,1,84.159,86.031,-1,0,0,0,64.862
4321,0,0,0.000,0.000,-1,0,0,0,66.651
4322,0,0,0.000,0.000,-1,0,0,0,64.766
4323,0,0,0.000,0.000,-1,0,0,0,68.464
4324,0,0,0.000,0.000,-1,0,0,0,66.558
4325,0,0,0.000,0.000,-1,0,0,0,66.681
4326,0,0,0.000,0.000,-1,0,0,0,67.404
4327,0,0,0.000,0.000,-1,0,0,0,66.207
4328,0,0,0.000,0.000,-1,0,0,0,66.889
4329,0,0,0.000,0.000,-1,0,0,0,67.993
4330,0,0,0.000,0.000,-1,0,0,0,66.833
4331,0,0,0.000,0.000,-1,0,0,0,67.880
4332,0,0,0.000,0.000,-1,0,0,0,65.490
4333,0,0,0.000,0.000,-1,0,0,0,67.425
4334,0,0,0.000,0.000,-1,0,0,0,66.117
4335,0,0,0.000,0.000,-1,0,0,0,64.684
4336,0,0,0.000,0.000,-1,0,0,0,79.619
4337,0,0,0.000,0.000,-1,0,0,0,72.705
4338,0,0,0.000,0.000,-1,0,0,0,65.062
4339,0,0,0.000,0.000,-1,0,0,0,69.163
4340,0,0,0.000,0.000,-1,0,0,0,65.772
4341,0,0,0.000,0.000,-1,0,0,0,66.945
4342,0,0,0.000,0.000,-1,0,0,0,67.121
4343,0,0,0.000,0.000,-1,0,0,0,68.705
4344,0,0,0.000,0.000,-1,0,0,0,68.147
4345,0,0,0.000,0.000,-1,0,0,0,66.058
4346,0,0,0.000,0.000,-1,0,0,0,66.493
4347,0,0,0.000,0.000,-1,0,0,0,64.276
4348,0,0,0.000,0.000,-1,0,0,0,64.497
4349,0,0,0.000,0.000,-1,0,0,0,69.506
4350,0,0,0.000,0.000,-1,0,0,0,64.526
4351,0,0,0.000,0.000,-1,0,0,0,65.942
4352,0,1,84.013,84.952,-1,0,0,0,65.030
4353,0,0,0.000,0.000,-1,0,0,0,67.241
4354,0,0,0.000,0.000,-1,0,0,0,66.879
4355,0,0,0.000,0.000,-1,0,0,0,70.115
4356,0,0,0.000,0.000,-1,0,0,0,65.647
4357,0,0,0.000,0.000,-1,0,0,0,65.564
4358,0,0,0.000,0.000,-1,0,0,0,69.432
4359,0,0,0.000,0.000,-1,0,0,0,67.040
4360,0,0,0.000,0.000,-1,0,0,0,66.414
4361,0,0,0.000,0.000,-1,0,0,0,66.332
4362,0,0,0.000,0.000,-1,0,0,0,67.527
4363,0,0,0.000,0.000,-1,0,0,0,64.544
4364,0,0,0.000,0.000,-1,0,0,0,66.221
4365,0,0,0.000,0.000,-1,0,0,0,64.824
4366,0,0,0.000,0.000,-1,0,0,0,68.585
4367,0,0,0.000,0.000,-1,0,0,0,65.467
4368,0,0,0.000,0.000,-1,0,0,0,67.166
4369,0,0,0.000,0.000,-1,0,0,0,65.621
4370,0,0,0.000,0.000,-1,0,0,0,67.396
4371,0,0,0.000,0.000,-1,0,0,0,68.048
4372,0,0,0.000,0.000,-1,0,0,0,66.644
4373,0,0,0.000,0.000,-1,0,0,0,68.827
4374,0,0,0.000,0.000,-1,0,0,0,69.323
4375,0,0,0.000,0.000,-1,0,0,0,65.795
4376,0,0,0.000,0.000,-1,0,0,0,67.549
4377,0,0,0.000,0.000,-1,0,0,0,74.631
4378,0,0,0.000,0.000,-1,0,0,0,66.319
4379,0,0,0.000,0.000,-1,0,0,0,68.706
4380,0,0,0.000,0.000,-1,0,0,0,69.515
4381,0,0,0.000,0.000,-1,0,0,0,66.857
4382,0,0,0.000,0.000,-1,0,0,0,68.732
4383,0,0,0.000,0.000,-1,0,0,0,66.279
4384,0,1,82.178,82.978,-1,0,0,0,67.718
4385,0,0,0.000,0.000,-1,0,0,0,70.685
4386,0,0,0.000,0.000,-1,0,0,0,66.082
4387,0,0,0.000,0.000,-1,0,0,0,66.537
4388,0,0,0.000,0.000,-1,0,0,0,67.357
4389,0,0,0.000,0.000,-1,0,0,0,64.809
4390,0,0,0.000,0.000,-1,0,0,0,66.977
4391,0,0,0.000,0.000,-1,0,0,0,63.889
4392,0,0,0.000,0.000,-1,0,0,0,67.455
4393,0,0,0.000,0.000,-1,0,0,0,66.889
4394,0,0,0.000,0.000,-1,0,0,0,68.698
4395,0,0,0.000,0.000,-1,0,0,0,66.254
4396,0,0,0.000,0.000,-1,0,0,0,65.399
4397,0,0,0.000,0.000,-1,0,0,0,66.050
4398,0,0,0.000,0.000,-1,0,0,0,68.536
4399,0,0,0.000,0.000,-1,0,0,0,68.503
4400,0,0,0.000,0.000,-1,0,0,0,66.824
4401,0,0,0.000,0.000,-1,0,0,0,68.253
4402,0,0,0.000,0.000,-1,0,0,0,66.423
4403,0,0,0.000,0.000,-1,0,0,0,66.588
4404,0,0,0.000,0.000,-1,0,0,0,65.925
4405,0,0,0.000,0.000,-1,0,0,0,67.200
4406,0,0,0.000,0.000,-1,0,0,0,67.443
4407,0,0,0.000,0.000,-1,0,0,0,64.595
4408,0,0,0.000,0.000,-1,0,0,0,66.428
4409,0,0,0.000,0.000,-1,0,0,0,81.467
4410,0,0,0.000,0.000,-1,0,0,0,74.199
4411,0,0,0.000,0.000,-1,0,0,0,66.503
4412,0,0,0.000,0.000,-1,0,0,0,67.307
4413,0,0,0.000,0.000,-1,0,0,0,66.988
4414,0,0,0.000,0.000,-1,0,0,0,64.414
4415,0,0,0.000,0.000,-1,0,0,0,64.081
4416,0,1,82.536,83.528,-1,0,0,0,68.598
4417,0,0,0.000,0.000,-1,0,0,0,67.487
4418,0,0,0.000,0.000,-1,0,0,0,64.607
4419,0,0,0.000,0.000,-1,0,0,0,65.114
4420,0,0,0.000,0.000,-1,0,0,0,64.338
4421,0,0,0.000,0.000,-1,0,0,0,66.008
4422,0,0,0.000,0.000,-1,0,0,0,67.011
4423,0,0,0.000,0.000,-1,0,0,0,66.734
4424,0,0,0.000,0.000,-1,0,0,0,64.855
4425,0,0,0.000,0.000,-1,0,0,0,66.542
4426,0,0,0.000,0.000,-1,0,0,0,65.334
4427,0,0,0.000,0.000,-1,0,0,0,66.621
4428,0,0,0.000,0.000,-1,0,0,0,66.298
4429,0,0,0.000,0.000,-1,0,0,0,65.624
4430,0,0,0.000,0.000,-1,0,0,0,71.837
4431,0,0,0.000,0.000,-1,0,0,0,66.649
4432,0,0,0.000,0.000,-1,0,0,0,66.565
4433,0,0,0.000,0.000,-1,0,0,0,66.389
4434,0,0,0.000,0.000,-1,0,0,0,64.354
4435,0,0,0.000,0.000,-1,0,0,0,66.157
4436,0,0,0.000,0.000,-1,0,0,0,63.721
4437,0,0,0.000,0.000,-1,0,0,0,65.308
4438,0,0,0.000,0.000,-1,0,0,0,64.723
4439,0,0,0.000,0.000,-1,0,0,0,67.345
4440,0,0,0.000,0.000,-1,0,0,0,66.614
4441,0,0,0.000,0.000,-1,0,0,0,67.096
4442,0,0,0.000,0.000,-1,0,0,0,65.808
4443,0,0,0.000,0.000,-1,0,0,0,67.681
4444,0,0,0.000,0.000,-1,0,0,0,65.553
4445,0,0,0.000,0.000,-1,0,0,0,64.072
4446,0,0,0.000,0.000,-1,0,0,0,64.703
4447,0,0,0.000,0.000,-1,0,0,0,65.629
4448,0,1,83.311,84.091,-1,0,0,0,66.705
4449,0,0,0.000,0.000,-1,0,0,0,65.233
4450,0,0,0.000,0.000,-1,0,0,0,69.095
4451,0,0,0.000,0.000,-1,0,0,0,67.833
4452,0,0,0.000,0.000,-1,0,0,0,66.974
4453,0,0,0.000,0.000,-1,0,0,0,67.642
4454,0,0,0.000,0.000,-1,0,0,0,65.642
4455,0,0,0.000,0.000,-1,0,0,0,66.280
4456,0,0,0.000,0.000,-1,0,0,0,64.717
4457,0,0,0.000,0.000,-1,0,0,0,66.245
4458,0,0,0.000,0.000,-1,0,0,0,66.496
4459,0,0,0.000,0.000,-1,0,0,0,67.237
4460,0,0,0.000,0.000,-1,0,0,0,64.981
4461,0,0,0.000,0.000,-1,0,0,0,65.962
4462,0,0,0.000,0.000,-1,0,0,0,66.744
4463,0,0,0.000,0.000,-1,0,0,0,76.163
4464,0,0,0.000,0.000,-1,0,0,0,64.827
4465,0,0,0.000,0.000,-1,0,0,0,65.683
4466,0,0,0.000,0.000,-1,0,0,0,66.480
4467,0,0,0.000,0.000,-1,0,0,0,67.192
4468,0,0,0.000,0.000,-1,0,0,0,64.728
4469,0,0,0.000,0.000,-1,0,0,0,69.604
4470,0,0,0.000,0.000,-1,0,0,0,67.078
4471,0,0,0.000,0.000,-1,0,0,0,67.778
4472,0,0,0.000,0.000,-1,0,0,0,65.749
4473,0,0,0.000,0.000,-1,0,0,0,66.421
4474,0,0,0.000,0.000,-1,0,0,0,73.211
4475,0,0,0.000,0.000,-1,0,0,0,67.330
4476,0,0,0.000,0.000,-1,0,0,0,65.169
4477,0,0,0.000,0.000,-1,0,0,0,69.082
4478,0,0,0.000,0.000,-1,0,0,0,68.470
4479,0,0,0.000,0.000,-1,0,0,0,65.735
4480,0,1,83.167,83.967,-1,0,0,0,66.888
4481,0,0,0.000,0.000,-1,0,0,0,67.466
4482,0,0,0.000,0.000,-1,0,0,0,67.849
4483,0,0,0.000,0.000,-1,0,0,0,65.931
4484,0,0,0.000,0.000,-1,0,0,0,65.844
4485,0,0,0.000,0.000,-1,0,0,0,65.620
4486,0,0,0.000,0.000,-1,0,0,0,66.814
4487,0,0,0.000,0.000,-1,0,0,0,66.788
4488,0,0,0.000,0.000,-1,0,0,0,67.610
4489,0,0,0.000,0.000,-1,0,0,0,65.149
4490,0,0,0.000,0.000,-1,0,0,0,65.090
4491,0,0,0.000,0.000,-1,0,0,0,66.865
4492,0,0,0.000,0.000,-1,0,0,0,66.082
4493,0,0,0.000,0.000,-1,0,0,0,65.738
4494,0,0,0.000,0.000,-1,0,0,0,66.840
4495,0,0,0.000,0.000,-1,0,0,0,67.397
4496,0,0,0.000,0.000,-1,0,0,0,67.502
4497,0,0,0.000,0.000,-1,0,0,0,66.672
4498,0,0,0.000,0.000,-1,0,0,0,68.705
4499,0,0,0.000,0.000,-1,0,0,0,65.395
4500,0,0,0.000,0.000,-1,0,0,0,65.252
4501,0,0,0.000,0.000,-1,0,0,0,66.899
4502,0,0,0.000,0.000,-1,0,0,0,67.728
4503,0,0,0.000,0.000,-1,0,0,0,65.749
4504,0,0,0.000,0.000,-1,0,0,0,66.809
4505,0,0,0.000,0.000,-1,0,0,0,77.472
4506,0,0,0.000,0.000,-1,0,0,0,68.414
4507,0,0,0.000,0.000,-1,0,0,0,67.405
4508,0,0,0.000,0.000,-1,0,0,0,66.633
4509,0,0,0.000,0.000,-1,0,0,0,65.231
4510,0,0,0.000,0.000,-1,0,0,0,64.606
4511,0,0,0.000,0.000,-1,0,0,0,67.168
4512,0,1,81.580,82.375,-1,0,0,0,66.678
4513,0,0,0.000,0.000,-1,0,0,0,69.112
4514,0,0,0.000,0.000,-1,0,0,0,67.186
4515,0,0,0.000,0.000,-1,0,0,0,66.938
4516,0,0,0.000,0.000,-1,0,0,0,65.942
4517,0,0,0.000,0.000,-1,0,0,0,68.026
4518,0,0,0.000,0.000,-1,0,0,0,68.638
4519,0,0,0.000,0.000,-1,0,0,0,66.581
4520,0,0,0.000,0.000,-1,0,0,0,66.339
4521,0,0,0.000,0.000,-1,0,0,0,66.191
4522,0,0,0.000,0.000,-1,0,0,0,69.057
4523,0,0,0.000,0.000,-1,0,0,0,66.528
4524,0,0,0.000,0.000,-1,0,0,0,64.743
4525,0,0,0.000,0.000,-1,0,0,0,67.152
4526,0,0,0.000,0.000,-1,0,0,0,65.798
4527,0,0,0.000,0.000,-1,0,0,0,65.094
4528,0,0,0.000,0.000,-1,0,0,0,65.347
4529,0,0,0.000,0.000,-1,0,0,0,65.014
4530,0,0,0.000,0.000,-1,0,0,0,66.606
4531,0,0,0.000,0.000,-1,0,0,0,67.230
4532,0,0,0.000,0.000,-1,0,0,0,64.763
4533,0,0,0.000,0.000,-1,0,0,0,66.373
4534,0,0,0.000,0.000,-1,0,0,0,65.627
4535,0,0,0.000,0.000,-1,0,0,0,67.303
4536,0,0,0.000,0.000,-1,0,0,0,66.868
4537,0,0,0.000,0.000,-1,0,0,0,67.119
4538,0,0,0.000,0.000,-1,0,0,0,65.497
4539,0,0,0.000,0.000,-1,0,0,0,65.848
4540,0,0,0.000,0.000,-1,0,0,0,67.552
4541,0,0,0.000,0.000,-1,0,0,0,66.937
4542,0,0,0.000,0.000,-1,0,0,0,64.855
4543,0,0,0.000,0.000,-1,0,0,0,66.544
4544,0,1,82.534,83.305,-1,0,0,0,64.648
4545,0,0,0.000,0.000,-1,0,0,0,67.163
4546,0,0,0.000,0.000,-1,0,0,0,67.237
4547,0,0,0.000,0.000,-1,0,0,0,66.439
4548,0,0,0.000,0.000,-1,0,0,0,66.071
4549,0,0,0.000,0.000,-1,0,0,0,65.389
4550,0,0,0.000,0.000,-1,0,0,0,66.128
4551,0,0,0.000,0.000,-1,0,0,0,65.315
4552,0,0,0.000,0.000,-1,0,0,0,66.762
4553,0,0,0.000,0.000,-1,0,0,0,79.887
4554,0,0,0.000,0.000,-1,0,0,0,66.972
4555,0,0,0.000,0.000,-1,0,0,0,65.054
4556,0,0,0.000,0.000,-1,0,0,0,65.318
4557,0,0,0.000,0.000,-1,0,0,0,65.557
4558,0,0,0.000,0.000,-1,0,0,0,65.794
4559,0,0,0.000,0.000,-1,0,0,0,65.794
4560,0,0,0.000,0.000,-1,0,0,0,65.522
4561,0,0,0.000,0.000,-1,0,0,0,66.579
4562,0,0,0.000,0.000,-1,0,0,0,68.550
4563,0,0,0.000,0.000,-1,0,0,0,71.006
4564,0,0,0.000,0.000,-1,0,0,0,66.128
4565,0,0,0.000,0.000,-1,0,0,0,66.668
4566,0,0,0.000,0.000,-1,0,0,0,67.334
4567,0,0,0.000,0.000,-1,0,0,0,66.983
4568,0,0,0.000,0.000,-1,0,0,0,68.850
4569,0,0,0.000,0.000,-1,0,0,0,71.019
4570,0,0,0.000,0.000,-1,0,0,0,66.277
4571,0,0,0.000,0.000,-1,0,0,0,65.642
4572,0,0,0.000,0.000,-1,0,0,0,67.046
4573,0,0,0.000,0.000,-1,0,0,0,68.987
4574,0,0,0.000,0.000,-1,0,0,0,68.313
4575,0,0,0.000,0.000,-1,0,0,0,70.374
4576,0,1,82.794,83.947,-1,0,0,0,67.876
4577,0,0,0.000,0.000,-1,0,0,0,66.258
4578,0,0,0.000,0.000,-1,0,0,0,67.185
4579,0,0,0.000,0.000,-1,0,0,0,70.466
4580,0,0,0.000,0.000,-1,0,0,0,66.346
4581,0,0,0.000,0.000,-1,0,0,0,65.450
4582,0,0,0.000,0.000,-1,0,0,0,67.821
4583,0,0,0.000,0.000,-1,0,0,0,65.545
4584,0,0,0.000,0.000,-1,0,0,0,67.738
4585,0,0,0.000,0.000,-1,0,0,0,65.267
4586,0,0,0.000,0.000,-1,0,0,0,65.848
4587,0,0,0.000,0.000,-1,0,0,0,64.582
4588,0,0,0.000,0.000,-1,0,0,0,66.763
4589,0,0,0.000,0.000,-1,0,0,0,65.159
4590,0,0,0.000,0.000,-1,0,0,0,67.567
4591,0,0,0.000,0.000,-1,0,0,0,71.033
4592,0,0,0.000,0.000,-1,0,0,0,66.609
4593,0,0,0.000,0.000,-1,0,0,0,65.460
4594,0,0,0.000,0.000,-1,0,0,0,71.917
4595,0,0,0.000,0.000,-1,0,0,0,67.411
4596,0,0,0.000,0.000,-1,0,0,0,66.477
4597,0,0,0.000,0.000,-1,0,0,0,67.373
4598,0,0,0.000,0.000,-1,0,0,0,65.658
4599,0,0,0.000,0.000,-1,0,0,0,65.994
4600,0,0,0.000,0.000,-1,0,0,0,66.259
4601,0,0,0.000,0.000,-1,0,0,0,64.671
4602,0,0,0.000,0.000,-1,0,0,0,65.222
4603,0,0,0.000,0.000,-1,0,0,0,64.607
4604,0,0,0.000,0.000,-1,0,0,0,64.608
4605,0,0,0.000,0.000,-1,0,0,0,68.612
4606,0,0,0.000,0.000,-1,0,0,0,65.166
4607,0,0,0.000,0.000,-1,0,0,0,65.365
4608,0,1,84.163,85.048,-1,0,0,0,64.680
4609,0,0,0.000,0.000,-1,0,0,0,67.629
4610,0,0,0.000,0.000,-1,0,0,0,64.797
4611,0,0,0.000,0.000,-1,0,0,0,66.990
4612,0,0,0.000,0.000,-1,0,0,0,66.363
4613,0,0,0.000,0.000,-1,0,0,0,65.098
4614,0,0,0.000,0.000,-1,0,0,0,67.103
4615,0,0,0.000,0.000,-1,0,0,0,66.253
4616,0,0,0.000,0.000,-1,0,0,0,67.681
4617,0,0,0.000,0.000,-1,0,0,0,66.506
4618,0,0,0.000,0.000,-1,0,0,0,66.247
4619,0,0,0.000,0.000,-1,0,0,0,66.304
4620,0,0,0.000,0.000,-1,0,0,0,67.379
4621,0,0,0.000,0.000,-1,0,0,0,66.494
4622,0,0,0.000,0.000,-1,0,0,0,65.976
4623,0,0,0.000,0.000,-1,0,0,0,65.914
4624,0,0,0.000,0.000,-1,0,0,0,68.370
4625,0,0,0.000,0.000,-1,0,0,0,66.617
4626,0,0,0.000,0.000,-1,0,0,0,68.333
4627,0,0,0.000,0.000,-1,0,0,0,65.602
4628,0,0,0.000,0.000,-1,0,0,0,65.138
4629,0,0,0.000,0.000,-1,0,0,0,70.095
4630,0,0,0.000,0.000,-1,0,0,0,66.543
4631,0,0,0.000,0.000,-1,0,0,0,65.195
4632,0,0,0.000,0.000,-1,0,0,0,65.785
4633,0,0,0.000,0.000,-1,0,0,0,65.647
4634,0,0,0.000,0.000,-1,0,0,0,67.460
4635,0,0,0.000,0.000,-1,0,0,0,65.908
4636,0,0,0.000,0.000,-1,0,0,0,64.122
4637,0,0,0.000,0.000,-1,0,0,0,65.944
4638,0,0,0.000,0.000,-1,0,0,0,68.561
4639,0,0,0.000,0.000,-1,0,0,0,67.639
4640,0,1,84.651,85.364,-1,0,0,0,68.448
4641,0,0,0.000,0.000,-1,0,0,0,68.177
4642,0,0,0.000,0.000,-1,0,0,0,68.661
4643,0,0,0.000,0.000,-1,0,0,0,67.745
4644,0,0,0.000,0.000,-1,0,0,0,68.041
4645,0,0,0.000,0.000,-1,0,0,0,67.096
4646,0,0,0.000,0.000,-1,0,0,0,66.506
4647,0,0,0.000,0.000,-1,0,0,0,67.775
4648,0,0,0.000,0.000,-1,0,0,0,66.540
4649,0,0,0.000,0.000,-1,0,0,0,66.632
4650,0,0,0.000,0.000,-1,0,0,0,65.705
4651,0,0,0.000,0.000,-1,0,0,0,65.463
4652,0,0,0.000,0.000,-1,0,0,0,65.033
4653,0,0,0.000,0.000,-1,0,0,0,68.392
4654,0,0,0.000,0.000,-1,0,0,0,66.577
4655,0,0,0.000,0.000,-1,0,0,0,64.138
4656,0,0,0.000,0.000,-1,0,0,0,64.098
4657,0,0,0.000,0.000,-1,0,0,0,65.708
4658,0,0,0.000,0.000,-1,0,0,0,67.916
4659,0,0,0.000,0.000,-1,0,0,0,65.769
4660,0,0,0.000,0.000,-1,0,0,0,67.735
4661,0,0,0.000,0.000,-1,0,0,0,67.275
4662,0,0,0.000,0.000,-1,0,0,0,64.707
4663,0,0,0.000,0.000,-1,0,0,0,65.316
4664,0,0,0.000,0.000,-1,0,0,0,64.370
4665,0,0,0.000,0.000,-1,0,0,0,69.115
4666,0,0,0.000,0.000,-1,0,0,0,67.694
4667,0,0,0.000,0.000,-1,0,0,0,65.761
4668,0,0,0.000,0.000,-1,0,0,0,65.683
4669,0,0,0.000,0.000,-1,0,0,0,66.478
4670,0,0,0.000,0.000,-1,0,0,0,67.210
4671,0,0,0.000,0.000,-1,0,0,0,65.045
4672,0,1,83.000,84.480,-1,0,0,0,68.238
4673,0,0,0.000,0.000,-1,0,0,0,67.005
4674,0,0,0.000,0.000,-1,0,0,0,65.843
4675,0,0,0.000,0.000,-1,0,0,0,67.303
4676,0,0,0.000,0.000,-1,0,0,0,67.863
4677,0,0,0.000,0.000,-1,0,0,0,65.552
4678,0,0,0.000,0.000,-1,0,0,0,68.267
4679,0,0,0.000,0.000,-1,0,0,0,64.924
4680,0,0,0.000,0.000,-1,0,0,0,66.397
4681,0,0,0.000,0.000,-1,0,0,0,66.010
4682,0,0,0.000,0.000,-1,0,0,0,67.632
4683,0,0,0.000,0.000,-1,0,0,0,65.200
4684,0,0,0.000,0.000,-1,0,0,0,66.185
4685,0,0,0.000,0.000,-1,0,0,0,65.543
4686,0,0,0.000,0.000,-1,0,0,0,64.358
4687,0,0,0.000,0.000,-1,0,0,0,66.233
4688,0,0,0.000,0.000,-1,0,0,0,67.647
4689,0,0,0.000,0.000,-1,0,0,0,65.882
4690,0,0,0.000,0.000,-1,0,0,0,65.711
4691,0,0,0.000,0.000,-1,0,0,0,66.152
4692,0,0,0.000,0.000,-1,0,0,0,66.010
4693,0,0,0.000,0.000,-1,0,0,0,65.871
4694,0,0,0.000,0.000,-1,0,0,0,66.210
4695,0,0,0.000,0.000,-1,0,0,0,65.348
4696,0,0,0.000,0.000,-1,0,0,0,66.824
4697,0,0,0.000,0.000,-1,0,0,0,65.950
4698,0,0,0.000,0.000,-1,0,0,0,66.680
4699,0,0,0.000,0.000,-1,0,0,0,67.039
4700,0,0,0.000,0.000,-1,0,0,0,66.657
4701,0,0,0.000,0.000,-1,0,0,0,65.544
4702,0,0,0.000,0.000,-1,0,0,0,66.915
4703,0,0,0.000,0.000,-1,0,0,0,64.616
4704,0,1,82.988,85.036,-1,0,0,0,64.963
4705,0,0,0.000,0.000,-1,0,0,0,66.704
4706,0,0,0.000,0.000,-1,0,0,0,65.338
4707,0,0,0.000,0.000,-1,0,0,0,66.369
4708,0,0,0.000,0.000,-1,0,0,0,64.912
4709,0,0,0.000,0.000,-1,0,0,0,65.117
4710,0,0,0.000,0.000,-1,0,0,0,65.753
4711,0,0,0.000,0.000,-1,0,0,0,68.037
4712,0,0,0.000,0.000,-1,0,0,0,65.870
4713,0,0,0.000,0.000,-1,0,0,0,68.566
4714,0,0,0.000,0.000,-1,0,0,0,65.878
4715,0,0,0.000,0.000,-1,0,0,0,67.952
4716,0,0,0.000,0.000,-1,0,0,0,66.007
4717,0,0,0.000,0.000,-1,0,0,0,65.826
4718,0,0,0.000,0.000,-1,0,0,0,65.166
4719,0,0,0.000,0.000,-1,0,0,0,65.176
4720,0,0,0.000,0.000,-1,0,0,0,67.780
4721,0,0,0.000,0.000,-1,0,0,0,68.521
4722,0,0,0.000,0.000,-1,0,0,0,67.269
4723,0,0,0.000,0.000,-1,0,0,0,66.479
4724,0,0,0.000,0.000,-1,0,0,0,65.430
4725,0,0,0.000,0.000,-1,0,0,0,68.384
4726,0,0,0.000,0.000,-1,0,0,0,66.708
4727,0,0,0.000,0.000,-1,0,0,0,67.867
4728,0,0,0.000,0.000,-1,0,0,0,68.597
4729,0,0,0.000,0.000,-1,0,0,0,66.179
4730,0,0,0.000,0.000,-1,0,0,0,64.540
4731,0,0,0.000,0.000,-1,0,0,0,64.335
4732,0,0,0.000,0.000,-1,0,0,0,63.970
4733,0,0,0.000,0.000,-1,0,0,0,64.062
4734,0,0,0.000,0.000,-1,0,0,0,66.585
4735,0,0,0.000,0.000,-1,0,0,0,64.131
4736,0,1,83.087,84.316,-1,0,0,0,65.402
4737,0,0,0.000,0.000,-1,0,0,0,66.789
4738,0,0,0.000,0.000,-1,0,0,0,65.897
4739,0,0,0.000,0.000,-1,0,0,0,66.151
4740,0,0,0.000,0.000,-1,0,0,0,70.266
4741,0,0,0.000,0.000,-1,0,0,0,67.012
4742,0,0,0.000,0.000,-1,0,0,0,66.737
4743,0,0,0.000,0.000,-1,0,0,0,67.996
4744,0,0,0.000,0.000,-1,0,0,0,65.277
4745,0,0,0.000,0.000,-1,0,0,0,66.169
4746,0,0,0.000,0.000,-1,0,0,0,73.452
4747,0,0,0.000,0.000,-1,0,0,0,65.813
4748,0,0,0.000,0.000,-1,0,0,0,65.618
4749,0,0,0.000,0.000,-1,0,0,0,66.536
4750,0,0,0.000,0.000,-1,0,0,0,66.246
4751,0,0,0.000,0.000,-1,0,0,0,67.089
4752,0,0,0.000,0.000,-1,0,0,0,65.602
4753,0,0,0.000,0.000,-1,0,0,0,65.459
4754,0,0,0.000,0.000,-1,0,0,0,66.171
4755,0,0,0.000,0.000,-1,0,0,0,64.643
4756,0,0,0.000,0.000,-1,0,0,0,66.248
4757,0,0,0.000,0.000,-1,0,0,0,69.097
4758,0,0,0.000,0.000,-1,0,0,0,66.759
4759,0,0,0.000,0.000,-1,0,0,0,70.176
4760,0,0,0.000,0.000,-1,0,0,0,67.806
4761,0,0,0.000,0.000,-1,0,0,0,68.119
4762,0,0,0.000,0.000,-1,0,0,0,67.849
4763,0,0,0.000,0.000,-1,0,0,0,67.293
4764,0,0,0.000,0.000,-1,0,0,0,71.327
4765,0,0,0.000,0.000,-1,0,0,0,66.109
4766,0,0,0.000,0.000,-1,0,0,0,65.448
4767,0,0,0.000,0.000,-1,0,0,0,66.655
4768,0,1,82.865,83.863,-1,0,0,0,65.045
4769,0,0,0.000,0.000,-1,0,0,0,67.437
4770,0,0,0.000,0.000,-1,0,0,0,65.297
4771,0,0,0.000,0.000,-1,0,0,0,66.981
4772,0,0,0.000,0.000,-1,0,0,0,67.470
4773,0,0,0.000,0.000,-1,0,0,0,65.867
4774,0,0,0.000,0.000,-1,0,0,0,66.279
4775,0,0,0.000,0.000,-1,0,0,0,66.688
4776,0,0,0.000,0.000,-1,0,0,0,65.890
4777,0,0,0.000,0.000,-1,0,0,0,66.231
4778,0,0,0.000,0.000,-1,0,0,0,66.005
4779,0,0,0.000,0.000,-1,0,0,0,64.257
4780,0,0,0.000,0.000,-1,0,0,0,65.728
4781,0,0,0.000,0.000,-1,0,0,0,68.083
4782,0,0,0.000,0.000,-1,0,0,0,68.177
4783,0,0,0.000,0.000,-1,0,0,0,65.868
4784,0,0,0.000,0.000,-1,0,0,0,71.497
4785,0,0,0.000,0.000,-1,0,0,0,74.869
4786,0,0,0.000,0.000,-1,0,0,0,67.212
4787,0,0,0.000,0.000,-1,0,0,0,71.943
4788,0,0,0.000,0.000,-1,0,0,0,67.140
4789,0,0,0.000,0.000,-1,0,0,0,65.456
4790,0,0,0.000,0.000,-1,0,0,0,67.023
4791,0,0,0.000,0.000,-1,0,0,0,65.682
4792,0,0,0.000,0.000,-1,0,0,0,65.949
4793,0,0,0.000,0.000,-1,0,0,0,67.296
4794,0,0,0.000,0.000,-1,0,0,0,64.395
4795,0,0,0.000,0.000,-1,0,0,0,63.904
4796,0,0,0.000,0.000,-1,0,0,0,66.837
4797,0,0,0.000,0.000,-1,0,0,0,65.006
4798,0,0,0.000,0.000,-1,0,0,0,64.953
4799,0,0,0.000,0.000,-1,0,0,0,65.125
4800,0,1,82.868,83.722,-1,0,0,0,67.295
4801,0,0,0.000,0.000,-1,0,0,0,68.158
4802,0,0,0.000,0.000,-1,0,0,0,66.466
4803,0,0,0.000,0.000,-1,0,0,0,66.007
4804,0,0,0.000,0.000,-1,0,0,0,65.760
4805,0,0,0.000,0.000,-1,0,0,0,64.639
4806,0,0,0.000,0.000,-1,0,0,0,65.205
4807,0,0,0.000,0.000,-1,0,0,0,67.718
4808,0,0,0.000,0.000,-1,0,0,0,65.562
4809,0,0,0.000,0.000,-1,0,0,0,65.250
4810,0,0,0.000,0.000,-1,0,0,0,66.032
4811,0,0,0.000,0.000,-1,0,0,0,65.524
4812,0,0,0.000,0.000,-1,0,0,0,66.207
4813,0,0,0.000,0.000,-1,0,0,0,66.722
4814,0,0,0.000,0.000,-1,0,0,0,65.165
4815,0,0,0.000,0.000,-1,0,0,0,65.630
4816,0,0,0.000,0.000,-1,0,0,0,64.549
4817,0,0,0.000,0.000,-1,0,0,0,67.059
4818,0,0,0.000,0.000,-1,0,0,0,66.230
4819,0,0,0.000,0.000,-1,0,0,0,64.833
4820,0,0,0.000,0.000,-1,0,0,0,66.000
4821,0,0,0.000,0.000,-1,0,0,0,66.735
4822,0,0,0.000,0.000,-1,0,0,0,65.267
4823,0,0,0.000,0.000,-1,0,0,0,66.754
4824,0,0,0.000,0.000,-1,0,0,0,65.806
4825,0,0,0.000,0.000,-1,0,0,0,67.661
4826,0,0,0.000,0.000,-1,0,0,0,66.251
4827,0,0,0.000,0.000,-1,0,0,0,67.227
4828,0,0,0.000,0.000,-1,0,0,0,65.615
4829,0,0,0.000,0.000,-1,0,0,0,67.001
4830,0,0,0.000,0.000,-1,0,0,0,65.270
4831,0,0,0.000,0.000,-1,0,0,0,66.876
4832,0,1,82.534,83.330,-1,0,0,0,68.714
4833,0,0,0.000,0.000,-1,0,0,0,68.480
4834,0,0,0.000,0.000,-1,0,0,0,69.047
4835,0,0,0.000,0.000,-1,0,0,0,66.234
4836,0,0,0.000,0.000,-1,0,0,0,65.908
4837,0,0,0.000,0.000,-1,0,0,0,65.638
4838,0,0,0.000,0.000,-1,0,0,0,66.005
4839,0,0,0.000,0.000,-1,0,0,0,66.170
4840,0,0,0.000,0.000,-1,0,0,0,67.234
4841,0,0,0.000,0.000,-1,0,0,0,65.613
4842,0,0,0.000,0.000,-1,0,0,0,66.373
4843,0,0,0.000,0.000,-1,0,0,0,64.854
4844,0,0,0.000,0.000,-1,0,0,0,65.983
4845,0,0,0.000,0.000,-1,0,0,0,67.699
4846,0,0,0.000,0.000,-1,0,0,0,67.300
4847,0,0,0.000,0.000,-1,0,0,0,65.872
4848,0,0,0.000,0.000,-1,0,0,0,67.153
4849,0,0,0.000,0.000,-1,0,0,0,66.214
4850,0,0,0.000,0.000,-1,0,0,0,65.950
4851,0,0,0.000,0.000,-1,0,0,0,69.239
4852,0,0,0.000,0.000,-1,0,0,0,66.699
4853,0,0,0.000,0.000,-1,0,0,0,66.461
4854,0,0,0.000,0.000,-1,0,0,0,65.119
4855,0,0,0.000,0.000,-1,0,0,0,65.294
4856,0,0,0.000,0.000,-1,0,0,0,66.563
4857,0,0,0.000,0.000,-1,0,0,0,65.402
4858,0,0,0.000,0.000,-1,0,0,0,66.081
4859,0,0,0.000,0.000,-1,0,0,0,70.552
4860,0,0,0.000,0.000,-1,0,0,0,66.095
4861,0,0,0.000,0.000,-1,0,0,0,67.065
4862,0,0,0.000,0.000,-1,0,0,0,66.005
4863,0,0,0.000,0.000,-1,0,0,0,65.870
4864,0,1,81.490,82.488,-1,0,0,0,66.468
4865,0,0,0.000,0.000,-1,0,0,0,66.802
4866,0,0,0.000,0.000,-1,0,0,0,66.328
4867,0,0,0.000,0.000,-1,0,0,0,64.522
4868,0,0,0.000,0.000,-1,0,0,0,65.692
4869,0,0,0.000,0.000,-1,0,0,0,66.744
4870,0,0,0.000,0.000,-1,0,0,0,66.609
4871,0,0,0.000,0.000,-1,0,0,0,65.557
4872,0,0,0.000,0.000,-1,0,0,0,68.402
4873,0,0,0.000,0.000,-1,0,0,0,66.243
4874,0,0,0.000,0.000,-1,0,0,0,66.734
4875,0,0,0.000,0.000,-1,0,0,0,67.013
4876,0,0,0.000,0.000,-1,0,0,0,63.580
4877,0,0,0.000,0.000,-1,0,0,0,65.541
4878,0,0,0.000,0.000,-1,0,0,0,65.355
4879,0,0,0.000,0.000,-1,0,0,0,68.783
4880,0,0,0.000,0.000,-1,0,0,0,65.426
4881,0,0,0.000,0.000,-1,0,0,0,64.734
4882,0,0,0.000,0.000,-1,0,0,0,64.937
4883,0,0,0.000,0.000,-1,0,0,0,65.010
4884,0,0,0.000,0.000,-1,0,0,0,69.169
4885,0,0,0.000,0.000,-1,0,0,0,67.588
4886,0,0,0.000,0.000,-1,0,0,0,67.059
4887,0,0,0.000,0.000,-1,0,0,0,67.838
4888,0,0,0.000,0.000,-1,0,0,0,67.518
4889,0,0,0.000,0.000,-1,0,0,0,68.427
4890,0,0,0.000,0.000,-1,0,0,0,71.703
4891,0,0,0.000,0.000,-1,0,0,0,65.762
4892,0,0,0.000,0.000,-1,0,0,0,66.903
4893,0,0,0.000,0.000,-1,0,0,0,68.741
4894,0,0,0.000,0.000,-1,0,0,0,67.894
4895,0,0,0.000,0.000,-1,0,0,0,66.559
4896,0,1,84.130,85.762,-1,0,0,0,65.658
4897,0,0,0.000,0.000,-1,0,0,0,66.164
4898,0,0,0.000,0.000,-1,0,0,0,66.742
4899,0,0,0.000,0.000,-1,0,0,0,68.561
4900,0,0,0.000,0.000,-1,0,0,0,65.741
4901,0,0,0.000,0.000,-1,0,0,0,67.282
4902,0,0,0.000,0.000,-1,0,0,0,65.284
4903,0,0,0.000,0.000,-1,0,0,0,66.462
4904,0,0,0.000,0.000,-1,0,0,0,66.525
4905,0,0,0.000,0.000,-1,0,0,0,69.218
4906,0,0,0.000,0.000,-1,0,0,0,65.396
4907,0,0,0.000,0.000,-1,0,0,0,64.919
4908,0,0,0.000,0.000,-1,0,0,0,66.205
4909,0,0,0.000,0.000,-1,0,0,0,66.129
4910,0,0,0.000,0.000,-1,0,0,0,65.771
4911,0,0,0.000,0.000,-1,0,0,0,66.494
4912,0,0,0.000,0.000,-1,0,0,0,65.635
4913,0,0,0.000,0.000,-1,0,0,0,65.384
4914,0,0,0.000,0.000,-1,0,0,0,66.603
4915,0,0,0.000,0.000,-1,0,0,0,66.417
4916,0,0,0.000,0.000,-1,0,0,0,66.163
4917,0,0,0.000,0.000,-1,0,0,0,65.398
4918,0,0,0.000,0.000,-1,0,0,0,67.046
4919,0,0,0.000,0.000,-1,0,0,0,66.227
4920,0,0,0.000,0.000,-1,0,0,0,66.051
4921,0,0,0.000,0.000,-1,0,0,0,65.795
4922,0,0,0.000,0.000,-1,0,0,0,65.405
4923,0,0,0.000,0.000,-1,0,0,0,67.092
4924,0,0,0.000,0.000,-1,0,0,0,66.404
4925,0,0,0.000,0.000,-1,0,0,0,68.376
4926,0,0,0.000,0.000,-1,0,0,0,66.015
4927,0,0,0.000,0.000,-1,0,0,0,66.894
4928,0,1,83.990,84.966,-1,0,0,0,65.913
4929,0,0,0.000,0.000,-1,0,0,0,72.015
4930,0,0,0.000,0.000,-1,0,0,0,70.816
4931,0,0,0.000,0.000,-1,0,0,0,68.526
4932,0,0,0.000,0.000,-1,0,0,0,69.331
4933,0,0,0.000,0.000,-1,0,0,0,71.117
4934,0,0,0.000,0.000,-1,0,0,0,72.733
4935,0,0,0.000,0.000,-1,0,0,0,72.363
4936,0,0,0.000,0.000,-1,0,0,0,70.871
4937,0,0,0.000,0.000,-1,0,0,0,71.265
4938,0,0,0.000,0.000,-1,0,0,0,70.771
4939,0,0,0.000,0.000,-1,0,0,0,69.871
4940,0,0,0.000,0.000,-1,0,0,0,70.345
4941,0,0,0.000,0.000,-1,0,0,0,70.585
4942,0,0,0.000,0.000,-1,0,0,0,70.013
4943,0,0,0.000,0.000,-1,0,0,0,70.458
4944,0,0,0.000,0.000,-1,0,0,0,68.565
4945,0,0,0.000,0.000,-1,0,0,0,69.007
4946,0,0,0.000,0.000,-1,0,0,0,66.508
4947,0,0,0.000,0.000,-1,0,0,0,66.314
4948,0,0,0.000,0.000,-1,0,0,0,65.859
4949,0,0,0.000,0.000,-1,0,0,0,68.252
4950,0,0,0.000,0.000,-1,0,0,0,64.919
4951,0,0,0.000,0.000,-1,0,0,0,63.780
4952,0,0,0.000,0.000,-1,0,0,0,69.873
4953,0,0,0.000,0.000,-1,0,0,0,65.716
4954,0,0,0.000,0.000,-1,0,0,0,65.781
4955,0,0,0.000,0.000,-1,0,0,0,65.590
4956,0,0,0.000,0.000,-1,0,0,0,65.383
4957,0,0,0.000,0.000,-1,0,0,0,67.792
4958,0,0,0.000,0.000,-1,0,0,0,69.069
4959,0,0,0.000,0.000,-1,0,0,0,65.404
4960,0,1,82.417,83.366,-1,0,0,0,66.043
4961,0,0,0.000,0.000,-1,0,0,0,74.663
4962,0,0,0.000,0.000,-1,0,0,0,69.265
4963,0,0,0.000,0.000,-1,0,0,0,71.722
4964,0,0,0.000,0.000,-1,0,0,0,71.713
4965,0,0,0.000,0.000,-1,0,0,0,72.750
4966,0,0,0.000,0.000,-1,0,0,0,69.905
4967,0,0,0.000,0.000,-1,0,0,0,68.395
4968,0,0,0.000,0.000,-1,0,0,0,67.187
4969,0,0,0.000,0.000,-1,0,0,0,65.586
4970,0,0,0.000,0.000,-1,0,0,0,65.241
4971,0,0,0.000,0.000,-1,0,0,0,67.290
4972,0,0,0.000,0.000,-1,0,0,0,66.970
4973,0,0,0.000,0.000,-1,0,0,0,67.439
4974,0,0,0.000,0.000,-1,0,0,0,67.669
4975,0,0,0.000,0.000,-1,0,0,0,65.841
4976,0,0,0.000,0.000,-1,0,0,0,63.924
4977,0,0,0.000,0.000,-1,0,0,0,66.248
4978,0,0,0.000,0.000,-1,0,0,0,68.333
4979,0,0,0.000,0.000,-1,0,0,0,69.912
4980,0,0,0.000,0.000,-1,0,0,0,65.529
4981,0,0,0.000,0.000,-1,0,0,0,64.531
4982,0,0,0.000,0.000,-1,0,0,0,66.020
4983,0,0,0.000,0.000,-1,0,0,0,66.457
4984,0,0,0.000,0.000,-1,0,0,0,66.232
4985,0,0,0.000,0.000,-1,0,0,0,67.700
4986,0,0,0.000,0.000,-1,0,0,0,67.870
4987,0,0,0.000,0.000,-1,0,0,0,67.659
4988,0,0,0.000,0.000,-1,0,0,0,67.204
4989,0,0,0.000,0.000,-1,0,0,0,67.084
4990,0,0,0.000,0.000,-1,0,0,0,65.993
4991,0,0,0.000,0.000,-1,0,0,0,66.034
4992,0,1,83.314,84.128,-1,0,0,0,67.170
4993,0,0,0.000,0.000,-1,0,0,0,71.865
4994,0,0,0.000,0.000,-1,0,0,0,70.042
4995,0,0,0.000,0.000,-1,0,0,0,69.082
4996,0,0,0.000,0.000,-1,0,0,0,66.017
4997,0,0,0.000,0.000,-1,0,0,0,65.228
4998,0,0,0.000,0.000,-1,0,0,0,65.449
4999,0,0,0.000,0.000,-1,0,0,0,65.012
5000,0,0,0.000,0.000,-1,0,0,0,69.718
5001,0,0,0.000,0.000,-1,0,0,0,65.775
5002,0,0,0.000,0.000,-1,0,0,0,65.439
5003,0,0,0.000,0.000,-1,0,0,0,64.451
5004,0,0,0.000,0.000,-1,0,0,0,66.032
5005,0,0,0.000,0.000,-1,0,0,0,68.737
5006,0,0,0.000,0.000,-1,0,0,0,65.928
5007,0,0,0.000,0.000,-1,0,0,0,66.760
5008,0,0,0.000,0.000,-1,0,0,0,68.963
5009,0,0,0.000,0.000,-1,0,0,0,67.576
5010,0,0,0.000,0.000,-1,0,0,0,66.210
5011,0,0,0.000,0.000,-1,0,0,0,67.083
5012,0,0,0.000,0.000,-1,0,0,0,68.090
5013,0,0,0.000,0.000,-1,0,0,0,66.211
5014,0,0,0.000,0.000,-1,0,0,0,66.911
5015,0,0,0.000,0.000,-1,0,0,0,66.732
5016,0,0,0.000,0.000,-1,0,0,0,66.378
5017,0,0,0.000,0.000,-1,0,0,0,64.435
5018,0,0,0.000,0.000,-1,0,0,0,66.455
5019,0,0,0.000,0.000,-1,0,0,0,66.856
5020,0,0,0.000,0.000,-1,0,0,0,67.695
5021,0,0,0.000,0.000,-1,0,0,0,66.504
5022,0,0,0.000,0.000,-1,0,0,0,67.195
5023,0,0,0.000,0.000,-1,0,0,0,66.252
5024,0,1,83.469,84.420,-1,0,0,0,65.709
5025,0,0,0.000,0.000,-1,0,0,0,76.618
5026,0,0,0.000,0.000,-1,0,0,0,113.258
5027,0,0,0.000,0.000,-1,0,0,0,70.191
5028,0,0,0.000,0.000,-1,0,0,0,70.474
5029,0,0,0.000,0.000,-1,0,0,0,70.128
5030,0,0,0.000,0.000,-1,0,0,0,71.235
5031,0,0,0.000,0.000,-1,0,0,0,71.852
5032,0,0,0.000,0.000,-1,0,0,0,69.695
5033,0,0,0.000,0.000,-1,0,0,0,70.206
5034,0,0,0.000,0.000,-1,0,0,0,73.373
5035,0,0,0.000,0.000,-1,0,0,0,69.936
5036,0,0,0.000,0.000,-1,0,0,0,71.692
5037,0,0,0.000,0.000,-1,0,0,0,71.106
5038,0,0,0.000,0.000,-1,0,0,0,69.296
5039,0,0,0.000,0.000,-1,0,0,0,67.214
5040,0,0,0.000,0.000,-1,0,0,0,66.727
5041,0,0,0.000,0.000,-1,0,0,0,70.734
5042,0,0,0.000,0.000,-1,0,0,0,71.325
5043,0,0,0.000,0.000,-1,0,0,0,69.264
5044,0,0,0.000,0.000,-1,0,0,0,69.768
5045,0,0,0.000,0.000,-1,0,0,0,68.557
5046,0,0,0.000,0.000,-1,0,0,0,75.024
5047,0,0,0.000,0.000,-1,0,0,0,68.266
5048,0,0,0.000,0.000,-1,0,0,0,66.306
5049,0,0,0.000,0.000,-1,0,0,0,67.745
5050,0,0,0.000,0.000,-1,0,0,0,67.095
5051,0,0,0.000,0.000,-1,0,0,0,68.326
5052,0,0,0.000,0.000,-1,0,0,0,66.660
5053,0,0,0.000,0.000,-1,0,0,0,69.846
5054,0,0,0.000,0.000,-1,0,0,0,66.504
5055,0,0,0.000,0.000,-1,0,0,0,66.178
5056,0,1,82.821,83.689,-1,0,0,0,65.608
5057,0,0,0.000,0.000,-1,0,0,0,68.363
5058,0,0,0.000,0.000,-1,0,0,0,67.862
5059,0,0,0.000,0.000,-1,0,0,0,67.554
5060,0,0,0.000,0.000,-1,0,0,0,69.784
5061,0,0,0.000,0.000,-1,0,0,0,64.884
5062,0,0,0.000,0.000,-1,0,0,0,64.808
5063,0,0,0.000,0.000,-1,0,0,0,67.560
5064,0,0,0.000,0.000,-1,0,0,0,65.526
5065,0,0,0.000,0.000,-1,0,0,0,67.705
5066,0,0,0.000,0.000,-1,0,0,0,66.539
5067,0,0,0.000,0.000,-1,0,0,0,65.664
5068,0,0,0.000,0.000,-1,0,0,0,72.539
5069,0,0,0.000,0.000,-1,0,0,0,66.841
5070,0,0,0.000,0.000,-1,0,0,0,66.708
5071,0,0,0.000,0.000,-1,0,0,0,65.688
5072,0,0,0.000,0.000,-1,0,0,0,64.938
5073,0,0,0.000,0.000,-1,0,0,0,65.963
5074,0,0,0.000,0.000,-1,0,0,0,66.434
5075,0,0,0.000,0.000,-1,0,0,0,66.679
5076,0,0,0.000,0.000,-1,0,0,0,65.615
5077,0,0,0.000,0.000,-1,0,0,0,65.677
5078,0,0,0.000,0.000,-1,0,0,0,65.387
5079,0,0,0.000,0.000,-1,0,0,0,66.118
5080,0,0,0.000,0.000,-1,0,0,0,65.675
5081,0,0,0.000,0.000,-1,0,0,0,64.255
5082,0,0,0.000,0.000,-1,0,0,0,65.212
5083,0,0,0.000,0.000,-1,0,0,0,66.840
5084,0,0,0.000,0.000,-1,0,0,0,66.788
5085,0,0,0.000,0.000,-1,0,0,0,66.815
5086,0,0,0.000,0.000,-1,0,0,0,64.521
5087,0,0,0.000,0.000,-1,0,0,0,65.978
5088,0,1,83.053,84.172,-1,0,0,0,66.881
5089,0,0,0.000,0.000,-1,0,0,0,65.924
5090,0,0,0.000,0.000,-1,0,0,0,65.083
5091,0,0,0.000,0.000,-1,0,0,0,64.972
5092,0,0,0.000,0.000,-1,0,0,0,66.264
5093,0,0,0.000,0.000,-1,0,0,0,67.280
5094,0,0,0.000,0.000,-1,0,0,0,68.632
5095,0,0,0.000,0.000,-1,0,0,0,66.702
5096,0,0,0.000,0.000,-1,0,0,0,65.391
5097,0,0,0.000,0.000,-1,0,0,0,64.904
5098,0,0,0.000,0.000,-1,0,0,0,66.086
5099,0,0,0.000,0.000,-1,0,0,0,65.499
5100,0,0,0.000,0.000,-1,0,0,0,65.208
5101,0,0,0.000,0.000,-1,0,0,0,66.060
5102,0,0,0.000,0.000,-1,0,0,0,65.296
5103,0,0,0.000,0.000,-1,0,0,0,65.745
5104,0,0,0.000,0.000,-1,0,0,0,66.197
5105,0,0,0.000,0.000,-1,0,0,0,66.327
5106,0,0,0.000,0.000,-1,0,0,0,66.092
5107,0,0,0.000,0.000,-1,0,0,0,72.893
5108,0,0,0.000,0.000,-1,0,0,0,64.435
5109,0,0,0.000,0.000,-1,0,0,0,66.173
5110,0,0,0.000,0.000,-1,0,0,0,67.022
5111,0,0,0.000,0.000,-1,0,0,0,65.614
5112,0,0,0.000,0.000,-1,0,0,0,66.741
5113,0,0,0.000,0.000,-1,0,0,0,65.418
5114,0,0,0.000,0.000,-1,0,0,0,65.489
5115,0,0,0.000,0.000,-1,0,0,0,64.760
5116,0,0,0.000,0.000,-1,0,0,0,64.677
5117,0,0,0.000,0.000,-1,0,0,0,64.654
5118,0,0,0.000,0.000,-1,0,0,0,64.547
5119,0,0,0.000,0.000,-1,0,0,0,65.058
5120,0,1,83.421,84.890,-1,0,0,0,66.921
5121,0,0,0.000,0.000,-1,0,0,0,67.498
5122,0,0,0.000,0.000,-1,0,0,0,64.306
5123,0,0,0.000,0.000,-1,0,0,0,67.442
5124,0,0,0.000,0.000,-1,0,0,0,66.139
5125,0,0,0.000,0.000,-1,0,0,0,66.537
5126,0,0,0.000,0.000,-1,0,0,0,65.141
5127,0,0,0.000,0.000,-1,0,0,0,67.074
5128,0,0,0.000,0.000,-1,0,0,0,66.536
5129,0,0,0.000,0.000,-1,0,0,0,66.336
5130,0,0,0.000,0.000,-1,0,0,0,64.987
5131,0,0,0.000,0.000,-1,0,0,0,66.355
5132,0,0,0.000,0.000,-1,0,0,0,63.949
5133,0,0,0.000,0.000,-1,0,0,0,63.994
5134,0,0,0.000,0.000,-1,0,0,0,65.242
5135,0,0,0.000,0.000,-1,0,0,0,66.282
5136,0,0,0.000,0.000,-1,0,0,0,66.709
5137,0,0,0.000,0.000,-1,0,0,0,65.895
5138,0,0,0.000,0.000,-1,0,0,0,64.275
5139,0,0,0.000,0.000,-1,0,0,0,65.306
5140,0,0,0.000,0.000,-1,0,0,0,65.273
5141,0,0,0.000,0.000,-1,0,0,0,64.452
5142,0,0,0.000,0.000,-1,0,0,0,64.990
5143,0,0,0.000,0.000,-1,0,0,0,65.467
5144,0,0,0.000,0.000,-1,0,0,0,65.410
5145,0,0,0.000,0.000,-1,0,0,0,66.477
5146,0,0,0.000,0.000,-1,0,0,0,65.553
5147,0,0,0.000,0.000,-1,0,0,0,64.974
5148,0,0,0.000,0.000,-1,0,0,0,65.909
5149,0,0,0.000,0.000,-1,0,0,0,65.022
5150,0,0,0.000,0.000,-1,0,0,0,65.090
5151,0,0,0.000,0.000,-1,0,0,0,66.088
5152,0,1,82.533,83.374,-1,0,0,0,65.464
5153,0,0,0.000,0.000,-1,0,0,0,68.196
5154,0,0,0.000,0.000,-1,0,0,0,65.894
5155,0,0,0.000,0.000,-1,0,0,0,65.640
5156,0,0,0.000,0.000,-1,0,0,0,65.944
5157,0,0,0.000,0.000,-1,0,0,0,66.057
5158,0,0,0.000,0.000,-1,0,0,0,66.721
5159,0,0,0.000,0.000,-1,0,0,0,65.272
5160,0,0,0.000,0.000,-1,0,0,0,64.926
5161,0,0,0.000,0.000,-1,0,0,0,64.884
5162,0,0,0.000,0.000,-1,0,0,0,66.189
5163,0,0,0.000,0.000,-1,0,0,0,66.099
5164,0,0,0.000,0.000,-1,0,0,0,65.426
5165,0,0,0.000,0.000,-1,0,0,0,66.509
5166,0,0,0.000,0.000,-1,0,0,0,64.363
5167,0,0,0.000,0.000,-1,0,0,0,66.525
5168,0,0,0.000,0.000,-1,0,0,0,66.369
5169,0,0,0.000,0.000,-1,0,0,0,66.874
5170,0,0,0.000,0.000,-1,0,0,0,66.214
5171,0,0,0.000,0.000,-1,0,0,0,73.136
5172,0,0,0.000,0.000,-1,0,0,0,103.193
5173,0,0,0.000,0.000,-1,0,0,0,67.225
5174,0,0,0.000,0.000,-1,0,0,0,70.317
5175,0,0,0.000,0.000,-1,0,0,0,65.205
5176,0,0,0.000,0.000,-1,0,0,0,67.131
5177,0,0,0.000,0.000,-1,0,0,0,64.593
5178,0,0,0.000,0.000,-1,0,0,0,64.385
5179,0,0,0.000,0.000,-1,0,0,0,63.947
5180,0,0,0.000,0.000,-1,0,0,0,66.693
5181,0,0,0.000,0.000,-1,0,0,0,69.798
5182,0,0,0.000,0.000,-1,0,0,0,66.790
5183,0,0,0.000,0.000,-1,0,0,0,65.868
5184,0,1,82.192,82.906,-1,0,0,0,68.582
5185,0,0,0.000,0.000,-1,0,0,0,68.364
5186,0,0,0.000,0.000,-1,0,0,0,66.931
5187,0,0,0.000,0.000,-1,0,0,0,66.290
5188,0,0,0.000,0.000,-1,0,0,0,68.315
5189,0,0,0.000,0.000,-1,0,0,0,66.273
5190,0,0,0.000,0.000,-1,0,0,0,67.884
5191,0,0,0.000,0.000,-1,0,0,0,65.312
5192,0,0,0.000,0.000,-1,0,0,0,66.911
5193,0,0,0.000,0.000,-1,0,0,0,65.687
5194,0,0,0.000,0.000,-1,0,0,0,66.047
5195,0,0,0.000,0.000,-1,0,0,0,66.895
5196,0,0,0.000,0.000,-1,0,0,0,66.473
5197,0,0,0.000,0.000,-1,0,0,0,64.717
5198,0,0,0.000,0.000,-1,0,0,0,66.985
5199,0,0,0.000,0.000,-1,0,0,0,62.963
5200,0,0,0.000,0.000,-1,0,0,0,63.789
5201,0,0,0.000,0.000,-1,0,0,0,65.077
5202,0,0,0.000,0.000,-1,0,0,0,67.810
5203,0,0,0.000,0.000,-1,0,0,0,67.051
5204,0,0,0.000,0.000,-1,0,0,0,66.043
5205,0,0,0.000,0.000,-1,0,0,0,66.113
5206,0,0,0.000,0.000,-1,0,0,0,65.809
5207,0,0,0.000,0.000,-1,0,0,0,66.003
5208,0,0,0.000,0.000,-1,0,0,0,69.695
5209,0,0,0.000,0.000,-1,0,0,0,66.177
5210,0,0,0.000,0.000,-1,0,0,0,65.564
5211,0,0,0.000,0.000,-1,0,0,0,67.136
5212,0,0,0.000,0.000,-1,0,0,0,66.199
5213,0,0,0.000,0.000,-1,0,0,0,65.558
5214,0,0,0.000,0.000,-1,0,0,0,67.380
5215,0,0,0.000,0.000,-1,0,0,0,65.411
5216,0,1,82.620,83.567,-1,0,0,0,66.999
5217,0,0,0.000,0.000,-1,0,0,0,66.694
5218,0,0,0.000,0.000,-1,0,0,0,65.667
5219,0,0,0.000,0.000,-1,0,0,0,65.470
5220,0,0,0.000,0.000,-1,0,0,0,65.120
5221,0,0,0.000,0.000,-1,0,0,0,71.013
5222,0,0,0.000,0.000,-1,0,0,0,64.565
5223,0,0,0.000,0.000,-1,0,0,0,66.867
5224,0,0,0.000,0.000,-1,0,0,0,66.095
5225,0,0,0.000,0.000,-1,0,0,0,66.476
5226,0,0,0.000,0.000,-1,0,0,0,64.104
5227,0,0,0.000,0.000,-1,0,0,0,65.721
5228,0,0,0.000,0.000,-1,0,0,0,66.007
5229,0,0,0.000,0.000,-1,0,0,0,66.971
5230,0,0,0.000,0.000,-1,0,0,0,65.897
5231,0,0,0.000,0.000,-1,0,0,0,64.845
5232,0,0,0.000,0.000,-1,0,0,0,66.885
5233,0,0,0.000,0.000,-1,0,0,0,65.457
5234,0,0,0.000,0.000,-1,0,0,0,65.399
5235,0,0,0.000,0.000,-1,0,0,0,65.369
5236,0,0,0.000,0.000,-1,0,0,0,102.770
5237,0,0,0.000,0.000,-1,0,0,0,65.321
5238,0,0,0.000,0.000,-1,0,0,0,64.628
5239,0,0,0.000,0.000,-1,0,0,0,66.316
5240,0,0,0.000,0.000,-1,0,0,0,65.771
5241,0,0,0.000,0.000,-1,0,0,0,66.162
5242,0,0,0.000,0.000,-1,0,0,0,67.822
5243,0,0,0.000,0.000,-1,0,0,0,66.896
5244,0,0,0.000,0.000,-1,0,0,0,67.098
5245,0,0,0.000,0.000,-1,0,0,0,66.409
5246,0,0,0.000,0.000,-1,0,0,0,65.864
5247,0,0,0.000,0.000,-1,0,0,0,65.960
5248,0,1,82.983,83.912,-1,0,0,0,65.530
5249,0,0,0.000,0.000,-1,0,0,0,67.318
5250,0,0,0.000,0.000,-1,0,0,0,65.081
5251,0,0,0.000,0.000,-1,0,0,0,65.946
5252,0,0,0.000,0.000,-1,0,0,0,65.945
5253,0,0,0.000,0.000,-1,0,0,0,65.109
5254,0,0,0.000,0.000,-1,0,0,0,66.505
5255,0,0,0.000,0.000,-1,0,0,0,66.006
5256,0,0,0.000,0.000,-1,0,0,0,66.205
5257,0,0,0.000,0.000,-1,0,0,0,66.374
5258,0,0,0.000,0.000,-1,0,0,0,68.136
5259,0,0,0.000,0.000,-1,0,0,0,65.623
5260,0,0,0.000,0.000,-1,0,0,0,65.448
5261,0,0,0.000,0.000,-1,0,0,0,65.426
5262,0,0,0.000,0.000,-1,0,0,0,65.404
5263,0,0,0.000,0.000,-1,0,0,0,66.576
5264,0,0,0.000,0.000,-1,0,0,0,65.502
5265,0,0,0.000,0.000,-1,0,0,0,67.217
5266,0,0,0.000,0.000,-1,0,0,0,66.727
5267,0,0,0.000,0.000,-1,0,0,0,65.272
5268,0,0,0.000,0.000,-1,0,0,0,66.623
5269,0,0,0.000,0.000,-1,0,0,0,66.539
5270,0,0,0.000,0.000,-1,0,0,0,65.370
5271,0,0,0.000,0.000,-1,0,0,0,67.049
5272,0,0,0.000,0.000,-1,0,0,0,67.422
5273,0,0,0.000,0.000,-1,0,0,0,64.698
5274,0,0,0.000,0.000,-1,0,0,0,66.050
5275,0,0,0.000,0.000,-1,0,0,0,65.577
5276,0,0,0.000,0.000,-1,0,0,0,65.028
5277,0,0,0.000,0.000,-1,0,0,0,67.482
5278,0,0,0.000,0.000,-1,0,0,0,64.460
5279,0,0,0.000,0.000,-1,0,0,0,65.548
5280,0,1,81.281,82.151,-1,0,0,0,67.995
5281,0,0,0.000,0.000,-1,0,0,0,67.029
5282,0,0,0.000,0.000,-1,0,0,0,67.358
5283,0,0,0.000,0.000,-1,0,0,0,66.352
5284,0,0,0.000,0.000,-1,0,0,0,66.139
5285,0,0,0.000,0.000,-1,0,0,0,65.268
5286,0,0,0.000,0.000,-1,0,0,0,65.255
5287,0,0,0.000,0.000,-1,0,0,0,63.929
5288,0,0,0.000,0.000,-1,0,0,0,65.037
5289,0,0,0.000,0.000,-1,0,0,0,65.479
5290,0,0,0.000,0.000,-1,0,0,0,65.552
5291,0,0,0.000,0.000,-1,0,0,0,65.989
5292,0,0,0.000,0.000,-1,0,0,0,66.414
5293,0,0,0.000,0.000,-1,0,0,0,67.612
5294,0,0,0.000,0.000,-1,0,0,0,68.066
5295,0,0,0.000,0.000,-1,0,0,0,69.411
5296,0,0,0.000,0.000,-1,0,0,0,66.713
5297,0,0,0.000,0.000,-1,0,0,0,66.155
5298,0,0,0.000,0.000,-1,0,0,0,75.749
5299,0,0,0.000,0.000,-1,0,0,0,64.775
5300,0,0,0.000,0.000,-1,0,0,0,64.575
5301,0,0,0.000,0.000,-1,0,0,0,68.135
5302,0,0,0.000,0.000,-1,0,0,0,65.703
5303,0,0,0.000,0.000,-1,0,0,0,66.887
5304,0,0,0.000,0.000,-1,0,0,0,65.358
5305,0,0,0.000,0.000,-1,0,0,0,66.964
5306,0,0,0.000,0.000,-1,0,0,0,64.780
5307,0,0,0.000,0.000,-1,0,0,0,64.980
5308,0,0,0.000,0.000,-1,0,0,0,65.668
5309,0,0,0.000,0.000,-1,0,0,0,66.994
5310,0,0,0.000,0.000,-1,0,0,0,66.993
5311,0,0,0.000,0.000,-1,0,0,0,64.750
5312,0,1,82.848,83.717,-1,0,0,0,67.745
5313,0,0,0.000,0.000,-1,0,0,0,67.236
5314,0,0,0.000,0.000,-1,0,0,0,65.747
5315,0,0,0.000,0.000,-1,0,0,0,64.300
5316,0,0,0.000,0.000,-1,0,0,0,63.650
5317,0,0,0.000,0.000,-1,0,0,0,66.068
5318,0,0,0.000,0.000,-1,0,0,0,64.951
5319,0,0,0.000,0.000,-1,0,0,0,68.239
5320,0,0,0.000,0.000,-1,0,0,0,66.937
5321,0,0,0.000,0.000,-1,0,0,0,66.095
5322,0,0,0.000,0.000,-1,0,0,0,63.878
5323,0,0,0.000,0.000,-1,0,0,0,69.256
5324,0,0,0.000,0.000,-1,0,0,0,66.736
5325,0,0,0.000,0.000,-1,0,0,0,65.562
5326,0,0,0.000,0.000,-1,0,0,0,67.054
5327,0,0,0.000,0.000,-1,0,0,0,65.258
5328,0,0,0.000,0.000,-1,0,0,0,67.467
5329,0,0,0.000,0.000,-1,0,0,0,66.388
5330,0,0,0.000,0.000,-1,0,0,0,64.891
5331,0,0,0.000,0.000,-1,0,0,0,64.229
5332,0,0,0.000,0.000,-1,0,0,0,65.288
5333,0,0,0.000,0.000,-1,0,0,0,66.559
5334,0,0,0.000,0.000,-1,0,0,0,65.945
5335,0,0,0.000,0.000,-1,0,0,0,65.705
5336,0,0,0.000,0.000,-1,0,0,0,66.371
5337,0,0,0.000,0.000,-1,0,0,0,65.206
5338,0,0,0.000,0.000,-1,0,0,0,65.687
5339,0,0,0.000,0.000,-1,0,0,0,65.038
5340,0,0,0.000,0.000,-1,0,0,0,67.076
5341,0,0,0.000,0.000,-1,0,0,0,64.767
5342,0,0,0.000,0.000,-1,0,0,0,66.583
5343,0,0,0.000,0.000,-1,0,0,0,65.599
5344,0,1,82.684,83.798,-1,0,0,0,66.793
5345,0,0,0.000,0.000,-1,0,0,0,66.973
5346,0,0,0.000,0.000,-1,0,0,0,65.825
5347,0,0,0.000,0.000,-1,0,0,0,65.150
5348,0,0,0.000,0.000,-1,0,0,0,64.550
5349,0,0,0.000,0.000,-1,0,0,0,67.184
5350,0,0,0.000,0.000,-1,0,0,0,66.197
5351,0,0,0.000,0.000,-1,0,0,0,64.965
5352,0,0,0.000,0.000,-1,0,0,0,67.328
5353,0,0,0.000,0.000,-1,0,0,0,64.276
5354,0,0,0.000,0.000,-1,0,0,0,65.786
5355,0,0,0.000,0.000,-1,0,0,0,65.431
5356,0,0,0.000,0.000,-1,0,0,0,65.827
5357,0,0,0.000,0.000,-1,0,0,0,64.869
5358,0,0,0.000,0.000,-1,0,0,0,66.382
5359,0,0,0.000,0.000,-1,0,0,0,65.144
5360,0,0,0.000,0.000,-1,0,0,0,66.011
5361,0,0,0.000,0.000,-1,0,0,0,67.293
5362,0,0,0.000,0.000,-1,0,0,0,67.286
5363,0,0,0.000,0.000,-1,0,0,0,66.964
5364,0,0,0.000,0.000,-1,0,0,0,65.788
5365,0,0,0.000,0.000,-1,0,0,0,66.006
5366,0,0,0.000,0.000,-1,0,0,0,65.882
5367,0,0,0.000,0.000,-1,0,0,0,65.555
5368,0,0,0.000,0.000,-1,0,0,0,66.050
5369,0,0,0.000,0.000,-1,0,0,0,65.128
5370,0,0,0.000,0.000,-1,0,0,0,65.789
5371,0,0,0.000,0.000,-1,0,0,0,64.810
5372,0,0,0.000,0.000,-1,0,0,0,65.828
5373,0,0,0.000,0.000,-1,0,0,0,65.738
5374,0,0,0.000,0.000,-1,0,0,0,65.406
5375,0,0,0.000,0.000,-1,0,0,0,65.268
5376,0,1,82.155,82.928,-1,0,0,0,76.212
5377,0,0,0.000,0.000,-1,0,0,0,83.906
5378,0,0,0.000,0.000,-1,0,0,0,86.592
5379,0,0,0.000,0.000,-1,0,0,0,72.246
5380,0,0,0.000,0.000,-1,0,0,0,91.745
5381,0,0,0.000,0.000,-1,0,0,0,73.193
5382,0,0,0.000,0.000,-1,0,0,0,65.536
5383,0,0,0.000,0.000,-1,0,0,0,67.623
5384,0,0,0.000,0.000,-1,0,0,0,66.748
5385,0,0,0.000,0.000,-1,0,0,0,67.046
5386,0,0,0.000,0.000,-1,0,0,0,65.517
5387,0,0,0.000,0.000,-1,0,0,0,65.889
5388,0,0,0.000,0.000,-1,0,0,0,66.537
5389,0,0,0.000,0.000,-1,0,0,0,65.416
5390,0,0,0.000,0.000,-1,0,0,0,64.942
5391,0,0,0.000,0.000,-1,0,0,0,67.946
5392,0,0,0.000,0.000,-1,0,0,0,66.384
5393,0,0,0.000,0.000,-1,0,0,0,64.965
5394,0,0,0.000,0.000,-1,0,0,0,66.882
5395,0,0,0.000,0.000,-1,0,0,0,63.736
5396,0,0,0.000,0.000,-1,0,0,0,67.843
5397,0,0,0.000,0.000,-1,0,0,0,64.577
5398,0,0,0.000,0.000,-1,0,0,0,64.044
5399,0,0,0.000,0.000,-1,0,0,0,64.166
5400,0,0,0.000,0.000,-1,0,0,0,65.897
5401,0,0,0.000,0.000,-1,0,0,0,67.109
5402,0,0,0.000,0.000,-1,0,0,0,65.820
5403,0,0,0.000,0.000,-1,0,0,0,66.308
5404,0,0,0.000,0.000,-1,0,0,0,67.444
5405,0,0,0.000,0.000,-1,0,0,0,65.337
5406,0,0,0.000,0.000,-1,0,0,0,66.433
5407,0,0,0.000,0.000,-1,0,0,0,66.900
5408,0,1,82.692,83.652,-1,0,0,0,65.712
5409,0,0,0.000,0.000,-1,0,0,0,67.248
5410,0,0,0.000,0.000,-1,0,0,0,65.713
5411,0,0,0.000,0.000,-1,0,0,0,66.730
5412,0,0,0.000,0.000,-1,0,0,0,65.604
5413,0,0,0.000,0.000,-1,0,0,0,64.762
5414,0,0,0.000,0.000,-1,0,0,0,65.888
5415,0,0,0.000,0.000,-1,0,0,0,65.093
5416,0,0,0.000,0.000,-1,0,0,0,64.933
5417,0,0,0.000,0.000,-1,0,0,0,65.431
5418,0,0,0.000,0.000,-1,0,0,0,67.624
5419,0,0,0.000,0.000,-1,0,0,0,65.540
5420,0,0,0.000,0.000,-1,0,0,0,66.172
5421,0,0,0.000,0.000,-1,0,0,0,68.235
5422,0,0,0.000,0.000,-1,0,0,0,65.805
5423,0,0,0.000,0.000,-1,0,0,0,66.644
5424,0,0,0.000,0.000,-1,0,0,0,72.187
5425,0,0,0.000,0.000,-1,0,0,0,66.233
5426,0,0,0.000,0.000,-1,0,0,0,67.279
5427,0,0,0.000,0.000,-1,0,0,0,66.909
5428,0,0,0.000,0.000,-1,0,0,0,66.889
5429,0,0,0.000,0.000,-1,0,0,0,65.189
5430,0,0,0.000,0.000,-1,0,0,0,66.199
5431,0,0,0.000,0.000,-1,0,0,0,67.301
5432,0,0,0.000,0.000,-1,0,0,0,68.148
5433,0,0,0.000,0.000,-1,0,0,0,65.593
5434,0,0,0.000,0.000,-1,0,0,0,67.194
5435,0,0,0.000,0.000,-1,0,0,0,67.162
5436,0,0,0.000,0.000,-1,0,0,0,66.302
5437,0,0,0.000,0.000,-1,0,0,0,65.634
5438,0,0,0.000,0.000,-1,0,0,0,64.913
5439,0,0,0.000,0.000,-1,0,0,0,68.093
5440,0,1,81.864,82.712,-1,0,0,0,66.027
5441,0,0,0.000,0.000,-1,0,0,0,66.257
5442,0,0,0.000,0.000,-1,0,0,0,64.701
5443,0,0,0.000,0.000,-1,0,0,0,64.324
5444,0,0,0.000,0.000,-1,0,0,0,65.887
5445,0,0,0.000,0.000,-1,0,0,0,65.804
5446,0,0,0.000,0.000,-1,0,0,0,68.512
5447,0,0,0.000,0.000,-1,0,0,0,67.980
5448,0,0,0.000,0.000,-1,0,0,0,66.291
5449,0,0,0.000,0.000,-1,0,0,0,66.490
5450,0,0,0.000,0.000,-1,0,0,0,66.668
5451,0,0,0.000,0.000,-1,0,0,0,64.619
5452,0,0,0.000,0.000,-1,0,0,0,68.980
5453,0,0,0.000,0.000,-1,0,0,0,65.651
5454,0,0,0.000,0.000,-1,0,0,0,69.151
5455,0,0,0.000,0.000,-1,0,0,0,65.042
5456,0,0,0.000,0.000,-1,0,0,0,65.329
5457,0,0,0.000,0.000,-1,0,0,0,64.585
5458,0,0,0.000,0.000,-1,0,0,0,68.700
5459,0,0,0.000,0.000,-1,0,0,0,66.116
5460,0,0,0.000,0.000,-1,0,0,0,67.479
5461,0,0,0.000,0.000,-1,0,0,0,67.809
5462,0,0,0.000,0.000,-1,0,0,0,65.186
5463,0,0,0.000,0.000,-1,0,0,0,65.637
5464,0,0,0.000,0.000,-1,0,0,0,63.902
5465,0,0,0.000,0.000,-1,0,0,0,65.722
5466,0,0,0.000,0.000,-1,0,0,0,65.482
5467,0,0,0.000,0.000,-1,0,0,0,65.038
5468,0,0,0.000,0.000,-1,0,0,0,64.370
5469,0,0,0.000,0.000,-1,0,0,0,65.306
5470,0,0,0.000,0.000,-1,0,0,0,65.736
5471,0,0,0.000,0.000,-1,0,0,0,67.807
5472,0,1,83.183,84.226,-1,0,0,0,65.288
5473,0,0,0.000,0.000,-1,0,0,0,66.051
5474,0,0,0.000,0.000,-1,0,0,0,67.096
5475,0,0,0.000,0.000,-1,0,0,0,67.462
5476,0,0,0.000,0.000,-1,0,0,0,65.784
5477,0,0,0.000,0.000,-1,0,0,0,65.671
5478,0,0,0.000,0.000,-1,0,0,0,66.710
5479,0,0,0.000,0.000,-1,0,0,0,66.792
5480,0,0,0.000,0.000,-1,0,0,0,65.953
5481,0,0,0.000,0.000,-1,0,0,0,67.016
5482,0,0,0.000,0.000,-1,0,0,0,65.373
5483,0,0,0.000,0.000,-1,0,0,0,65.220
5484,0,0,0.000,0.000,-1,0,0,0,68.080
5485,0,0,0.000,0.000,-1,0,0,0,68.029
5486,0,0,0.000,0.000,-1,0,0,0,65.681
5487,0,0,0.000,0.000,-1,0,0,0,66.387
5488,0,0,0.000,0.000,-1,0,0,0,65.626
5489,0,0,0.000,0.000,-1,0,0,0,64.931
5490,0,0,0.000,0.000,-1,0,0,0,69.090
5491,0,0,0.000,0.000,-1,0,0,0,68.107
5492,0,0,0.000,0.000,-1,0,0,0,67.270
5493,0,0,0.000,0.000,-1,0,0,0,73.651
5494,0,0,0.000,0.000,-1,0,0,0,84.096
5495,0,0,0.000,0.000,-1,0,0,0,73.938
5496,0,0,0.000,0.000,-1,0,0,0,75.035
5497,0,0,0.000,0.000,-1,0,0,0,67.991
5498,0,0,0.000,0.000,-1,0,0,0,93.972
5499,0,0,0.000,0.000,-1,0,0,0,83.374
5500,0,0,0.000,0.000,-1,0,0,0,65.050
5501,0,0,0.000,0.000,-1,0,0,0,65.370
5502,0,0,0.000,0.000,-1,0,0,0,66.186
5503,0,0,0.000,0.000,-1,0,0,0,67.089
5504,0,1,83.687,84.526,-1,0,0,0,65.045
5505,0,0,0.000,0.000,-1,0,0,0,68.272
5506,0,0,0.000,0.000,-1,0,0,0,66.878
5507,0,0,0.000,0.000,-1,0,0,0,67.695
5508,0,0,0.000,0.000,-1,0,0,0,66.757
5509,0,0,0.000,0.000,-1,0,0,0,65.869
5510,0,0,0.000,0.000,-1,0,0,0,67.069
5511,0,0,0.000,0.000,-1,0,0,0,66.351
5512,0,0,0.000,0.000,-1,0,0,0,65.972
5513,0,0,0.000,0.000,-1,0,0,0,64.760
5514,0,0,0.000,0.000,-1,0,0,0,65.941
5515,0,0,0.000,0.000,-1,0,0,0,63.429
5516,0,0,0.000,0.000,-1,0,0,0,66.458
5517,0,0,0.000,0.000,-1,0,0,0,64.990
5518,0,0,0.000,0.000,-1,0,0,0,64.807
5519,0,0,0.000,0.000,-1,0,0,0,67.341
5520,0,0,0.000,0.000,-1,0,0,0,67.178
5521,0,0,0.000,0.000,-1,0,0,0,66.586
5522,0,0,0.000,0.000,-1,0,0,0,65.921
5523,0,0,0.000,0.000,-1,0,0,0,67.012
5524,0,0,0.000,0.000,-1,0,0,0,65.352
5525,0,0,0.000,0.000,-1,0,0,0,66.115
5526,0,0,0.000,0.000,-1,0,0,0,65.375
5527,0,0,0.000,0.000,-1,0,0,0,67.586
5528,0,0,0.000,0.000,-1,0,0,0,66.208
5529,0,0,0.000,0.000,-1,0,0,0,65.779
5530,0,0,0.000,0.000,-1,0,0,0,64.918
5531,0,0,0.000,0.000,-1,0,0,0,66.833
5532,0,0,0.000,0.000,-1,0,0,0,65.208
5533,0,0,0.000,0.000,-1,0,0,0,66.309
5534,0,0,0.000,0.000,-1,0,0,0,64.958
5535,0,0,0.000,0.000,-1,0,0,0,66.350
5536,0,1,81.399,82.192,-1,0,0,0,67.300
5537,0,0,0.000,0.000,-1,0,0,0,102.597
5538,0,0,0.000,0.000,-1,0,0,0,72.880
5539,0,0,0.000,0.000,-1,0,0,0,70.657
5540,0,0,0.000,0.000,-1,0,0,0,71.672
5541,0,0,0.000,0.000,-1,0,0,0,72.540
5542,0,0,0.000,0.000,-1,0,0,0,70.955
5543,0,0,0.000,0.000,-1,0,0,0,68.920
5544,0,0,0.000,0.000,-1,0,0,0,66.943
5545,0,0,0.000,0.000,-1,0,0,0,72.281
5546,0,0,0.000,0.000,-1,0,0,0,66.264
5547,0,0,0.000,0.000,-1,0,0,0,66.019
5548,0,0,0.000,0.000,-1,0,0,0,67.541
5549,0,0,0.000,0.000,-1,0,0,0,66.134
5550,0,0,0.000,0.000,-1,0,0,0,71.799
5551,0,0,0.000,0.000,-1,0,0,0,67.309
5552,0,0,0.000,0.000,-1,0,0,0,67.060
5553,0,0,0.000,0.000,-1,0,0,0,64.970
5554,0,0,0.000,0.000,-1,0,0,0,66.907
5555,0,0,0.000,0.000,-1,0,0,0,66.687
5556,0,0,0.000,0.000,-1,0,0,0,67.333
5557,0,0,0.000,0.000,-1,0,0,0,66.235
5558,0,0,0.000,0.000,-1,0,0,0,66.030
5559,0,0,0.000,0.000,-1,0,0,0,66.515
5560,0,0,0.000,0.000,-1,0,0,0,65.139
5561,0,0,0.000,0.000,-1,0,0,0,66.582
5562,0,0,0.000,0.000,-1,0,0,0,67.674
5563,0,0,0.000,0.000,-1,0,0,0,68.180
5564,0,0,0.000,0.000,-1,0,0,0,65.788
5565,0,0,0.000,0.000,-1,0,0,0,68.881
5566,0,0,0.000,0.000,-1,0,0,0,66.991
5567,0,0,0.000,0.000,-1,0,0,0,65.826
5568,0,1,82.997,84.493,-1,0,0,0,67.991
5569,0,0,0.000,0.000,-1,0,0,0,67.041
5570,0,0,0.000,0.000,-1,0,0,0,66.315
5571,0,0,0.000,0.000,-1,0,0,0,64.860
5572,0,0,0.000,0.000,-1,0,0,0,67.398
5573,0,0,0.000,0.000,-1,0,0,0,65.655
5574,0,0,0.000,0.000,-1,0,0,0,67.997
5575,0,0,0.000,0.000,-1,0,0,0,66.836
5576,0,0,0.000,0.000,-1,0,0,0,64.709
5577,0,0,0.000,0.000,-1,0,0,0,64.803
5578,0,0,0.000,0.000,-1,0,0,0,65.828
5579,0,0,0.000,0.000,-1,0,0,0,65.709
5580,0,0,0.000,0.000,-1,0,0,0,68.763
5581,0,0,0.000,0.000,-1,0,0,0,67.057
5582,0,0,0.000,0.000,-1,0,0,0,64.437
5583,0,0,0.000,0.000,-1,0,0,0,64.473
5584,0,0,0.000,0.000,-1,0,0,0,67.127
5585,0,0,0.000,0.000,-1,0,0,0,68.607
5586,0,0,0.000,0.000,-1,0,0,0,68.567
5587,0,0,0.000,0.000,-1,0,0,0,64.613
5588,0,0,0.000,0.000,-1,0,0,0,64.052
5589,0,0,0.000,0.000,-1,0,0,0,65.740
5590,0,0,0.000,0.000,-1,0,0,0,67.210
5591,0,0,0.000,0.000,-1,0,0,0,67.659
5592,0,0,0.000,0.000,-1,0,0,0,66.103
5593,0,0,0.000,0.000,-1,0,0,0,68.272
5594,0,0,0.000,0.000,-1,0,0,0,65.497
5595,0,0,0.000,0.000,-1,0,0,0,66.057
5596,0,0,0.000,0.000,-1,0,0,0,67.152
5597,0,0,0.000,0.000,-1,0,0,0,65.919
5598,0,0,0.000,0.000,-1,0,0,0,64.620
5599,0,0,0.000,0.000,-1,0,0,0,64.335
5600,0,1,82.966,83.956,-1,0,0,0,65.058
5601,0,0,0.000,0.000,-1,0,0,0,71.683
5602,0,0,0.000,0.000,-1,0,0,0,70.027
5603,0,0,0.000,0.000,-1,0,0,0,70.844
5604,0,0,0.000,0.000,-1,0,0,0,69.280
5605,0,0,0.000,0.000,-1,0,0,0,66.893
5606,0,0,0.000,0.000,-1,0,0,0,66.617
5607,0,0,0.000,0.000,-1,0,0,0,68.133
5608,0,0,0.000,0.000,-1,0,0,0,66.110
5609,0,0,0.000,0.000,-1,0,0,0,66.185
5610,0,0,0.000,0.000,-1,0,0,0,66.278
5611,0,0,0.000,0.000,-1,0,0,0,64.710
5612,0,0,0.000,0.000,-1,0,0,0,69.880
5613,0,0,0.000,0.000,-1,0,0,0,67.010
5614,0,0,0.000,0.000,-1,0,0,0,65.375
5615,0,0,0.000,0.000,-1,0,0,0,63.177
5616,0,0,0.000,0.000,-1,0,0,0,65.569
5617,0,0,0.000,0.000,-1,0,0,0,64.877
5618,0,0,0.000,0.000,-1,0,0,0,63.409
5619,0,0,0.000,0.000,-1,0,0,0,66.523
5620,0,0,0.000,0.000,-1,0,0,0,65.030
5621,0,0,0.000,0.000,-1,0,0,0,65.889
5622,0,0,0.000,0.000,-1,0,0,0,66.410
5623,0,0,0.000,0.000,-1,0,0,0,67.229
5624,0,0,0.000,0.000,-1,0,0,0,67.101
5625,0,0,0.000,0.000,-1,0,0,0,66.931
5626,0,0,0.000,0.000,-1,0,0,0,68.075
5627,0,0,0.000,0.000,-1,0,0,0,70.999
5628,0,0,0.000,0.000,-1,0,0,0,65.786
5629,0,0,0.000,0.000,-1,0,0,0,67.205
5630,0,0,0.000,0.000,-1,0,0,0,65.461
5631,0,0,0.000,0.000,-1,0,0,0,65.218
5632,0,1,81.070,81.990,-1,0,0,0,66.991
5633,0,0,0.000,0.000,-1,0,0,0,69.284
5634,0,0,0.000,0.000,-1,0,0,0,68.108
5635,0,0,0.000,0.000,-1,0,0,0,67.880
5636,0,0,0.000,0.000,-1,0,0,0,68.682
5637,0,0,0.000,0.000,-1,0,0,0,68.700
5638,0,0,0.000,0.000,-1,0,0,0,64.309
5639,0,0,0.000,0.000,-1,0,0,0,72.704
5640,0,0,0.000,0.000,-1,0,0,0,65.732
5641,0,0,0.000,0.000,-1,0,0,0,64.782
5642,0,0,0.000,0.000,-1,0,0,0,63.545
5643,0,0,0.000,0.000,-1,0,0,0,65.401
5644,0,0,0.000,0.000,-1,0,0,0,66.710
5645,0,0,0.000,0.000,-1,0,0,0,64.034
5646,0,0,0.000,0.000,-1,0,0,0,67.116
5647,0,0,0.000,0.000,-1,0,0,0,66.820
5648,0,0,0.000,0.000,-1,0,0,0,66.292
5649,0,0,0.000,0.000,-1,0,0,0,66.632
5650,0,0,0.000,0.000,-1,0,0,0,65.522
5651,0,0,0.000,0.000,-1,0,0,0,65.226
5652,0,0,0.000,0.000,-1,0,0,0,65.944
5653,0,0,0.000,0.000,-1,0,0,0,79.213
5654,0,0,0.000,0.000,-1,0,0,0,66.255
5655,0,0,0.000,0.000,-1,0,0,0,65.581
5656,0,0,0.000,0.000,-1,0,0,0,66.105
5657,0,0,0.000,0.000,-1,0,0,0,65.840
5658,0,0,0.000,0.000,-1,0,0,0,66.180
5659,0,0,0.000,0.000,-1,0,0,0,65.192
5660,0,0,0.000,0.000,-1,0,0,0,66.313
5661,0,0,0.000,0.000,-1,0,0,0,65.558
5662,0,0,0.000,0.000,-1,0,0,0,65.191
5663,0,0,0.000,0.000,-1,0,0,0,65.676
5664,0,1,83.808,84.671,-1,0,0,0,64.853
5665,0,0,0.000,0.000,-1,0,0,0,68.211
5666,0,0,0.000,0.000,-1,0,0,0,66.373
5667,0,0,0.000,0.000,-1,0,0,0,66.604
5668,0,0,0.000,0.000,-1,0,0,0,65.551
5669,0,0,0.000,0.000,-1,0,0,0,67.238
5670,0,0,0.000,0.000,-1,0,0,0,66.593
5671,0,0,0.000,0.000,-1,0,0,0,66.345
5672,0,0,0.000,0.000,-1,0,0,0,66.633
5673,0,0,0.000,0.000,-1,0,0,0,64.947
5674,0,0,0.000,0.000,-1,0,0,0,64.708
5675,0,0,0.000,0.000,-1,0,0,0,66.048
5676,0,0,0.000,0.000,-1,0,0,0,66.078
5677,0,0,0.000,0.000,-1,0,0,0,65.459
5678,0,0,0.000,0.000,-1,0,0,0,65.675
5679,0,0,0.000,0.000,-1,0,0,0,65.359
5680,0,0,0.000,0.000,-1,0,0,0,67.881
5681,0,0,0.000,0.000,-1,0,0,0,67.781
5682,0,0,0.000,0.000,-1,0,0,0,63.204
5683,0,0,0.000,0.000,-1,0,0,0,65.574
5684,0,0,0.000,0.000,-1,0,0,0,64.245
5685,0,0,0.000,0.000,-1,0,0,0,65.057
5686,0,0,0.000,0.000,-1,0,0,0,63.338
5687,0,0,0.000,0.000,-1,0,0,0,63.954
5688,0,0,0.000,0.000,-1,0,0,0,62.335
5689,0,0,0.000,0.000,-1,0,0,0,65.072
5690,0,0,0.000,0.000,-1,0,0,0,64.522
5691,0,0,0.000,0.000,-1,0,0,0,64.734
5692,0,0,0.000,0.000,-1,0,0,0,65.074
5693,0,0,0.000,0.000,-1,0,0,0,65.134
5694,0,0,0.000,0.000,-1,0,0,0,65.812
5695,0,0,0.000,0.000,-1,0,0,0,67.433
5696,0,1,84.011,84.918,-1,0,0,0,65.773
5697,0,0,0.000,0.000,-1,0,0,0,68.660
5698,0,0,0.000,0.000,-1,0,0,0,66.629
5699,0,0,0.000,0.000,-1,0,0,0,66.889
5700,0,0,0.000,0.000,-1,0,0,0,69.105
5701,0,0,0.000,0.000,-1,0,0,0,69.704
5702,0,0,0.000,0.000,-1,0,0,0,69.589
5703,0,0,0.000,0.000,-1,0,0,0,70.038
5704,0,0,0.000,0.000,-1,0,0,0,68.700
5705,0,0,0.000,0.000,-1,0,0,0,66.734
5706,0,0,0.000,0.000,-1,0,0,0,67.747
5707,0,0,0.000,0.000,-1,0,0,0,68.224
5708,0,0,0.000,0.000,-1,0,0,0,68.661
5709,0,0,0.000,0.000,-1,0,0,0,68.967
5710,0,0,0.000,0.000,-1,0,0,0,70.233
5711,0,0,0.000,0.000,-1,0,0,0,68.018
5712,0,0,0.000,0.000,-1,0,0,0,68.710
5713,0,0,0.000,0.000,-1,0,0,0,70.436
5714,0,0,0.000,0.000,-1,0,0,0,68.625
5715,0,0,0.000,0.000,-1,0,0,0,70.938
5716,0,0,0.000,0.000,-1,0,0,0,69.878
5717,0,0,0.000,0.000,-1,0,0,0,66.603
5718,0,0,0.000,0.000,-1,0,0,0,70.175
5719,0,0,0.000,0.000,-1,0,0,0,68.063
5720,0,0,0.000,0.000,-1,0,0,0,67.577
5721,0,0,0.000,0.000,-1,0,0,0,65.744
5722,0,0,0.000,0.000,-1,0,0,0,67.578
5723,0,0,0.000,0.000,-1,0,0,0,69.124
5724,0,0,0.000,0.000,-1,0,0,0,68.274
5725,0,0,0.000,0.000,-1,0,0,0,66.526
5726,0,0,0.000,0.000,-1,0,0,0,63.867
5727,0,0,0.000,0.000,-1,0,0,0,66.795
5728,0,1,83.276,85.668,-1,0,0,0,67.222
5729,0,0,0.000,0.000,-1,0,0,0,69.918
5730,0,0,0.000,0.000,-1,0,0,0,69.805
5731,0,0,0.000,0.000,-1,0,0,0,64.555
5732,0,0,0.000,0.000,-1,0,0,0,68.608
5733,0,0,0.000,0.000,-1,0,0,0,68.954
5734,0,0,0.000,0.000,-1,0,0,0,68.489
5735,0,0,0.000,0.000,-1,0,0,0,69.507
5736,0,0,0.000,0.000,-1,0,0,0,70.250
5737,0,0,0.000,0.000,-1,0,0,0,69.887
5738,0,0,0.000,0.000,-1,0,0,0,68.545
5739,0,0,0.000,0.000,-1,0,0,0,71.381
5740,0,0,0.000,0.000,-1,0,0,0,70.669
5741,0,0,0.000,0.000,-1,0,0,0,66.554
5742,0,0,0.000,0.000,-1,0,0,0,75.789
5743,0,0,0.000,0.000,-1,0,0,0,66.005
5744,0,0,0.000,0.000,-1,0,0,0,69.591
5745,0,0,0.000,0.000,-1,0,0,0,65.085
5746,0,0,0.000,0.000,-1,0,0,0,63.763
5747,0,0,0.000,0.000,-1,0,0,0,64.309
5748,0,0,0.000,0.000,-1,0,0,0,67.438
5749,0,0,0.000,0.000,-1,0,0,0,64.949
5750,0,0,0.000,0.000,-1,0,0,0,64.997
5751,0,0,0.000,0.000,-1,0,0,0,64.929
5752,0,0,0.000,0.000,-1,0,0,0,64.236
5753,0,0,0.000,0.000,-1,0,0,0,62.221
5754,0,0,0.000,0.000,-1,0,0,0,64.486
5755,0,0,0.000,0.000,-1,0,0,0,63.439
5756,0,0,0.000,0.000,-1,0,0,0,66.275
5757,0,0,0.000,0.000,-1,0,0,0,65.159
5758,0,0,0.000,0.000,-1,0,0,0,65.662
5759,0,0,0.000,0.000,-1,0,0,0,66.162
5760,0,1,83.018,85.796,-1,0,0,0,67.583
5761,0,0,0.000,0.000,-1,0,0,0,67.157
5762,0,0,0.000,0.000,-1,0,0,0,65.594
5763,0,0,0.000,0.000,-1,0,0,0,65.332
5764,0,0,0.000,0.000,-1,0,0,0,67.158
5765,0,0,0.000,0.000,-1,0,0,0,65.054
5766,0,0,0.000,0.000,-1,0,0,0,64.270
5767,0,0,0.000,0.000,-1,0,0,0,65.820
5768,0,0,0.000,0.000,-1,0,0,0,65.430
5769,0,0,0.000,0.000,-1,0,0,0,66.371
5770,0,0,0.000,0.000,-1,0,0,0,67.088
5771,0,0,0.000,0.000,-1,0,0,0,67.516
5772,0,0,0.000,0.000,-1,0,0,0,65.136
5773,0,0,0.000,0.000,-1,0,0,0,66.087
5774,0,0,0.000,0.000,-1,0,0,0,65.544
5775,0,0,0.000,0.000,-1,0,0,0,64.884
5776,0,0,0.000,0.000,-1,0,0,0,63.570
5777,0,0,0.000,0.000,-1,0,0,0,67.245
5778,0,0,0.000,0.000,-1,0,0,0,66.866
5779,0,0,0.000,0.000,-1,0,0,0,66.224
5780,0,0,0.000,0.000,-1,0,0,0,65.204
5781,0,0,0.000,0.000,-1,0,0,0,65.764
5782,0,0,0.000,0.000,-1,0,0,0,67.094
5783,0,0,0.000,0.000,-1,0,0,0,65.394
5784,0,0,0.000,0.000,-1,0,0,0,65.549
5785,0,0,0.000,0.000,-1,0,0,0,66.430
5786,0,0,0.000,0.000,-1,0,0,0,65.762
5787,0,0,0.000,0.000,-1,0,0,0,67.463
5788,0,0,0.000,0.000,-1,0,0,0,66.029
5789,0,0,0.000,0.000,-1,0,0,0,68.528
5790,0,0,0.000,0.000,-1,0,0,0,64.986
5791,0,0,0.000,0.000,-1,0,0,0,66.375
5792,0,1,83.112,84.946,-1,0,0,0,64.840
5793,0,0,0.000,0.000,-1,0,0,0,65.184
5794,0,0,0.000,0.000,-1,0,0,0,65.795
5795,0,0,0.000,0.000,-1,0,0,0,65.476
5796,0,0,0.000,0.000,-1,0,0,0,65.956
5797,0,0,0.000,0.000,-1,0,0,0,65.966
5798,0,0,0.000,0.000,-1,0,0,0,66.007
5799,0,0,0.000,0.000,-1,0,0,0,80.908
5800,0,0,0.000,0.000,-1,0,0,0,66.360
5801,0,0,0.000,0.000,-1,0,0,0,67.114
5802,0,0,0.000,0.000,-1,0,0,0,68.996
5803,0,0,0.000,0.000,-1,0,0,0,66.497
5804,0,0,0.000,0.000,-1,0,0,0,65.030
5805,0,0,0.000,0.000,-1,0,0,0,65.456
5806,0,0,0.000,0.000,-1,0,0,0,65.452
5807,0,0,0.000,0.000,-1,0,0,0,64.266
5808,0,0,0.000,0.000,-1,0,0,0,65.956
5809,0,0,0.000,0.000,-1,0,0,0,65.346
5810,0,0,0.000,0.000,-1,0,0,0,64.327
5811,0,0,0.000,0.000,-1,0,0,0,64.331
5812,0,0,0.000,0.000,-1,0,0,0,64.123
5813,0,0,0.000,0.000,-1,0,0,0,64.471
5814,0,0,0.000,0.000,-1,0,0,0,65.174
5815,0,0,0.000,0.000,-1,0,0,0,66.378
5816,0,0,0.000,0.000,-1,0,0,0,65.678
5817,0,0,0.000,0.000,-1,0,0,0,65.767
5818,0,0,0.000,0.000,-1,0,0,0,65.488
5819,0,0,0.000,0.000,-1,0,0,0,67.298
5820,0,0,0.000,0.000,-1,0,0,0,69.004
5821,0,0,0.000,0.000,-1,0,0,0,68.189
5822,0,0,0.000,0.000,-1,0,0,0,65.723
5823,0,0,0.000,0.000,-1,0,0,0,66.141
5824,0,1,82.916,83.926,-1,0,0,0,66.637
5825,0,0,0.000,0.000,-1,0,0,0,65.911
5826,0,0,0.000,0.000,-1,0,0,0,64.223
5827,0,0,0.000,0.000,-1,0,0,0,68.650
5828,0,0,0.000,0.000,-1,0,0,0,66.608
5829,0,0,0.000,0.000,-1,0,0,0,66.560
5830,0,0,0.000,0.000,-1,0,0,0,66.313
5831,0,0,0.000,0.000,-1,0,0,0,66.135
5832,0,0,0.000,0.000,-1,0,0,0,67.526
5833,0,0,0.000,0.000,-1,0,0,0,65.861
5834,0,0,0.000,0.000,-1,0,0,0,65.814
5835,0,0,0.000,0.000,-1,0,0,0,68.543
5836,0,0,0.000,0.000,-1,0,0,0,66.714
5837,0,0,0.000,0.000,-1,0,0,0,63.772
5838,0,0,0.000,0.000,-1,0,0,0,62.820
5839,0,0,0.000,0.000,-1,0,0,0,64.314
5840,0,0,0.000,0.000,-1,0,0,0,64.706
5841,0,0,0.000,0.000,-1,0,0,0,65.057
5842,0,0,0.000,0.000,-1,0,0,0,63.200
5843,0,0,0.000,0.000,-1,0,0,0,64.523
5844,0,0,0.000,0.000,-1,0,0,0,64.696
5845,0,0,0.000,0.000,-1,0,0,0,64.700
5846,0,0,0.000,0.000,-1,0,0,0,63.462
5847,0,0,0.000,0.000,-1,0,0,0,64.501
5848,0,0,0.000,0.000,-1,0,0,0,65.495
5849,0,0,0.000,0.000,-1,0,0,0,63.932
5850,0,0,0.000,0.000,-1,0,0,0,65.050
5851,0,0,0.000,0.000,-1,0,0,0,64.392
5852,0,0,0.000,0.000,-1,0,0,0,69.719
5853,0,0,0.000,0.000,-1,0,0,0,64.816
5854,0,0,0.000,0.000,-1,0,0,0,64.517
5855,0,0,0.000,0.000,-1,0,0,0,63.213
5856,0,1,83.013,84.664,-1,0,0,0,66.224
5857,0,0,0.000,0.000,-1,0,0,0,65.777
5858,0,0,0.000,0.000,-1,0,0,0,63.869
5859,0,0,0.000,0.000,-1,0,0,0,65.011
5860,0,0,0.000,0.000,-1,0,0,0,66.213
5861,0,0,0.000,0.000,-1,0,0,0,66.234
5862,0,0,0.000,0.000,-1,0,0,0,64.591
5863,0,0,0.000,0.000,-1,0,0,0,65.259
5864,0,0,0.000,0.000,-1,0,0,0,65.121
5865,0,0,0.000,0.000,-1,0,0,0,64.937
5866,0,0,0.000,0.000,-1,0,0,0,67.554
5867,0,0,0.000,0.000,-1,0,0,0,66.496
5868,0,0,0.000,0.000,-1,0,0,0,66.745
5869,0,0,0.000,0.000,-1,0,0,0,68.437
5870,0,0,0.000,0.000,-1,0,0,0,65.604
5871,0,0,0.000,0.000,-1,0,0,0,63.213
5872,0,0,0.000,0.000,-1,0,0,0,63.793
5873,0,0,0.000,0.000,-1,0,0,0,67.131
5874,0,0,0.000,0.000,-1,0,0,0,66.434
5875,0,0,0.000,0.000,-1,0,0,0,66.470
5876,0,0,0.000,0.000,-1,0,0,0,66.810
5877,0,0,0.000,0.000,-1,0,0,0,63.381
5878,0,0,0.000,0.000,-1,0,0,0,67.241
5879,0,0,0.000,0.000,-1,0,0,0,69.153
5880,0,0,0.000,0.000,-1,0,0,0,65.026
5881,0,0,0.000,0.000,-1,0,0,0,65.577
5882,0,0,0.000,0.000,-1,0,0,0,65.745
5883,0,0,0.000,0.000,-1,0,0,0,66.400
5884,0,0,0.000,0.000,-1,0,0,0,65.535
5885,0,0,0.000,0.000,-1,0,0,0,69.183
5886,0,0,0.000,0.000,-1,0,0,0,67.402
5887,0,0,0.000,0.000,-1,0,0,0,66.762
5888,0,1,81.015,81.808,-1,0,0,0,67.006
5889,0,0,0.000,0.000,-1,0,0,0,70.472
5890,0,0,0.000,0.000,-1,0,0,0,70.418
5891,0,0,0.000,0.000,-1,0,0,0,68.329
5892,0,0,0.000,0.000,-1,0,0,0,68.870
5893,0,0,0.000,0.000,-1,0,0,0,71.256
5894,0,0,0.000,0.000,-1,0,0,0,66.701
5895,0,0,0.000,0.000,-1,0,0,0,68.174
5896,0,0,0.000,0.000,-1,0,0,0,69.208
5897,0,0,0.000,0.000,-1,0,0,0,69.243
5898,0,0,0.000,0.000,-1,0,0,0,68.650
5899,0,0,0.000,0.000,-1,0,0,0,69.259
5900,0,0,0.000,0.000,-1,0,0,0,70.113
5901,0,0,0.000,0.000,-1,0,0,0,68.894
5902,0,0,0.000,0.000,-1,0,0,0,65.588
5903,0,0,0.000,0.000,-1,0,0,0,64.003
5904,0,0,0.000,0.000,-1,0,0,0,62.847
5905,0,0,0.000,0.000,-1,0,0,0,65.622
5906,0,0,0.000,0.000,-1,0,0,0,65.748
5907,0,0,0.000,0.000,-1,0,0,0,67.548
5908,0,0,0.000,0.000,-1,0,0,0,64.509
5909,0,0,0.000,0.000,-1,0,0,0,67.392
5910,0,0,0.000,0.000,-1,0,0,0,64.803
5911,0,0,0.000,0.000,-1,0,0,0,66.365
5912,0,0,0.000,0.000,-1,0,0,0,66.647
5913,0,0,0.000,0.000,-1,0,0,0,68.505
5914,0,0,0.000,0.000,-1,0,0,0,66.570
5915,0,0,0.000,0.000,-1,0,0,0,67.054
5916,0,0,0.000,0.000,-1,0,0,0,67.183
5917,0,0,0.000,0.000,-1,0,0,0,64.931
5918,0,0,0.000,0.000,-1,0,0,0,66.204
5919,0,0,0.000,0.000,-1,0,0,0,69.833
5920,0,1,83.278,85.341,-1,0,0,0,66.791
5921,0,0,0.000,0.000,-1,0,0,0,65.804
5922,0,0,0.000,0.000,-1,0,0,0,64.827
5923,0,0,0.000,0.000,-1,0,0,0,66.916
5924,0,0,0.000,0.000,-1,0,0,0,66.405
5925,0,0,0.000,0.000,-1,0,0,0,71.352
5926,0,0,0.000,0.000,-1,0,0,0,66.119
5927,0,0,0.000,0.000,-1,0,0,0,66.236
5928,0,0,0.000,0.000,-1,0,0,0,64.716
5929,0,0,0.000,0.000,-1,0,0,0,65.120
5930,0,0,0.000,0.000,-1,0,0,0,66.960
5931,0,0,0.000,0.000,-1,0,0,0,66.240
5932,0,0,0.000,0.000,-1,0,0,0,66.841
5933,0,0,0.000,0.000,-1,0,0,0,67.098
5934,0,0,0.000,0.000,-1,0,0,0,64.970
5935,0,0,0.000,0.000,-1,0,0,0,65.444
5936,0,0,0.000,0.000,-1,0,0,0,65.024
5937,0,0,0.000,0.000,-1,0,0,0,67.566
5938,0,0,0.000,0.000,-1,0,0,0,64.474
5939,0,0,0.000,0.000,-1,0,0,0,68.875
5940,0,0,0.000,0.000,-1,0,0,0,67.462
5941,0,0,0.000,0.000,-1,0,0,0,64.691
5942,0,0,0.000,0.000,-1,0,0,0,66.884
5943,0,0,0.000,0.000,-1,0,0,0,66.356
5944,0,0,0.000,0.000,-1,0,0,0,65.561
5945,0,0,0.000,0.000,-1,0,0,0,64.624
5946,0,0,0.000,0.000,-1,0,0,0,67.560
5947,0,0,0.000,0.000,-1,0,0,0,64.858
5948,0,0,0.000,0.000,-1,0,0,0,64.955
5949,0,0,0.000,0.000,-1,0,0,0,69.091
5950,0,0,0.000,0.000,-1,0,0,0,65.735
5951,0,0,0.000,0.000,-1,0,0,0,65.882
5952,0,1,83.149,85.511,-1,0,0,0,65.540
5953,0,0,0.000,0.000,-1,0,0,0,64.418
5954,0,0,0.000,0.000,-1,0,0,0,64.538
5955,0,0,0.000,0.000,-1,0,0,0,65.950
5956,0,0,0.000,0.000,-1,0,0,0,65.812
5957,0,0,0.000,0.000,-1,0,0,0,68.036
5958,0,0,0.000,0.000,-1,0,0,0,63.172
5959,0,0,0.000,0.000,-1,0,0,0,64.446
5960,0,0,0.000,0.000,-1,0,0,0,63.797
5961,0,0,0.000,0.000,-1,0,0,0,66.872
5962,0,0,0.000,0.000,-1,0,0,0,64.846
5963,0,0,0.000,0.000,-1,0,0,0,67.491
5964,0,0,0.000,0.000,-1,0,0,0,70.534
5965,0,0,0.000,0.000,-1,0,0,0,65.513
5966,0,0,0.000,0.000,-1,0,0,0,66.161
5967,0,0,0.000,0.000,-1,0,0,0,72.080
5968,0,0,0.000,0.000,-1,0,0,0,88.965
5969,0,0,0.000,0.000,-1,0,0,0,73.816
5970,0,0,0.000,0.000,-1,0,0,0,88.399
5971,0,0,0.000,0.000,-1,0,0,0,100.299
5972,0,0,0.000,0.000,-1,0,0,0,66.454
5973,0,0,0.000,0.000,-1,0,0,0,64.692
5974,0,0,0.000,0.000,-1,0,0,0,67.373
5975,0,0,0.000,0.000,-1,0,0,0,65.278
5976,0,0,0.000,0.000,-1,0,0,0,65.621
5977,0,0,0.000,0.000,-1,0,0,0,66.762
5978,0,0,0.000,0.000,-1,0,0,0,65.772
5979,0,0,0.000,0.000,-1,0,0,0,67.045
5980,0,0,0.000,0.000,-1,0,0,0,66.339
5981,0,0,0.000,0.000,-1,0,0,0,66.701
5982,0,0,0.000,0.000,-1,0,0,0,67.349
5983,0,0,0.000,0.000,-1,0,0,0,67.042
5984,0,1,83.039,84.930,-1,0,0,0,65.803
5985,0,0,0.000,0.000,-1,0,0,0,65.122
5986,0,0,0.000,0.000,-1,0,0,0,65.904
5987,0,0,0.000,0.000,-1,0,0,0,67.293
5988,0,0,0.000,0.000,-1,0,0,0,64.774
5989,0,0,0.000,0.000,-1,0,0,0,65.026
5990,0,0,0.000,0.000,-1,0,0,0,66.207
5991,0,0,0.000,0.000,-1,0,0,0,67.137
5992,0,0,0.000,0.000,-1,0,0,0,65.725
5993,0,0,0.000,0.000,-1,0,0,0,67.558
5994,0,0,0.000,0.000,-1,0,0,0,67.928
5995,0,0,0.000,0.000,-1,0,0,0,64.583
5996,0,0,0.000,0.000,-1,0,0,0,67.304
5997,0,0,0.000,0.000,-1,0,0,0,64.252
5998,0,0,0.000,0.000,-1,0,0,0,65.250
5999,0,0,0.000,0.000,-1,0,0,0,65.123
6000,0,0,0.000,0.000,-1,0,0,0,66.631
6001,0,0,0.000,0.000,-1,0,0,0,65.842
6002,0,0,0.000,0.000,-1,0,0,0,68.231
6003,0,0,0.000,0.000,-1,0,0,0,66.056
6004,0,0,0.000,0.000,-1,0,0,0,66.504
6005,0,0,0.000,0.000,-1,0,0,0,64.833
6006,0,0,0.000,0.000,-1,0,0,0,67.636
6007,0,0,0.000,0.000,-1,0,0,0,66.811
6008,0,0,0.000,0.000,-1,0,0,0,82.242
6009,0,0,0.000,0.000,-1,0,0,0,91.908
6010,0,0,0.000,0.000,-1,0,0,0,65.482
6011,0,0,0.000,0.000,-1,0,0,0,65.528
6012,0,0,0.000,0.000,-1,0,0,0,68.921
6013,0,0,0.000,0.000,-1,0,0,0,67.311
6014,0,0,0.000,0.000,-1,0,0,0,67.656
6015,0,0,0.000,0.000,-1,0,0,0,66.286
6016,0,1,83.192,84.477,-1,0,0,0,64.673
6017,0,0,0.000,0.000,-1,0,0,0,72.586
6018,0,0,0.000,0.000,-1,0,0,0,68.260
6019,0,0,0.000,0.000,-1,0,0,0,69.955
6020,0,0,0.000,0.000,-1,0,0,0,70.790
6021,0,0,0.000,0.000,-1,0,0,0,69.104
6022,0,0,0.000,0.000,-1,0,0,0,70.802
6023,0,0,0.000,0.000,-1,0,0,0,69.117
6024,0,0,0.000,0.000,-1,0,0,0,69.270
6025,0,0,0.000,0.000,-1,0,0,0,68.540
6026,0,0,0.000,0.000,-1,0,0,0,69.600
6027,0,0,0.000,0.000,-1,0,0,0,67.634
6028,0,0,0.000,0.000,-1,0,0,0,67.536
6029,0,0,0.000,0.000,-1,0,0,0,67.809
6030,0,0,0.000,0.000,-1,0,0,0,72.340
6031,0,0,0.000,0.000,-1,0,0,0,68.012
6032,0,0,0.000,0.000,-1,0,0,0,72.637
6033,0,0,0.000,0.000,-1,0,0,0,69.426
6034,0,0,0.000,0.000,-1,0,0,0,69.958
6035,0,0,0.000,0.000,-1,0,0,0,69.207
6036,0,0,0.000,0.000,-1,0,0,0,70.122
6037,0,0,0.000,0.000,-1,0,0,0,74.041
6038,0,0,0.000,0.000,-1,0,0,0,68.943
6039,0,0,0.000,0.000,-1,0,0,0,68.882
6040,0,0,0.000,0.000,-1,0,0,0,69.660
6041,0,0,0.000,0.000,-1,0,0,0,69.643
6042,0,0,0.000,0.000,-1,0,0,0,70.079
6043,0,0,0.000,0.000,-1,0,0,0,70.596
6044,0,0,0.000,0.000,-1,0,0,0,69.924
6045,0,0,0.000,0.000,-1,0,0,0,71.687
6046,0,0,0.000,0.000,-1,0,0,0,70.983
6047,0,0,0.000,0.000,-1,0,0,0,69.543
6048,0,1,84.032,86.978,-1,0,0,0,69.425
6049,0,0,0.000,0.000,-1,0,0,0,69.658
6050,0,0,0.000,0.000,-1,0,0,0,68.444
6051,0,0,0.000,0.000,-1,0,0,0,70.745
6052,0,0,0.000,0.000,-1,0,0,0,71.644
6053,0,0,0.000,0.000,-1,0,0,0,67.840
6054,0,0,0.000,0.000,-1,0,0,0,64.860
6055,0,0,0.000,0.000,-1,0,0,0,64.223
6056,0,0,0.000,0.000,-1,0,0,0,64.719
6057,0,0,0.000,0.000,-1,0,0,0,64.402
6058,0,0,0.000,0.000,-1,0,0,0,68.053
6059,0,0,0.000,0.000,-1,0,0,0,67.515
6060,0,0,0.000,0.000,-1,0,0,0,68.098
6061,0,0,0.000,0.000,-1,0,0,0,68.067
6062,0,0,0.000,0.000,-1,0,0,0,66.191
6063,0,0,0.000,0.000,-1,0,0,0,66.288
6064,0,0,0.000,0.000,-1,0,0,0,69.686
6065,0,0,0.000,0.000,-1,0,0,0,68.057
6066,0,0,0.000,0.000,-1,0,0,0,69.155
6067,0,0,0.000,0.000,-1,0,0,0,72.307
6068,0,0,0.000,0.000,-1,0,0,0,67.251
6069,0,0,0.000,0.000,-1,0,0,0,68.055
6070,0,0,0.000,0.000,-1,0,0,0,69.054
6071,0,0,0.000,0.000,-1,0,0,0,70.981
6072,0,0,0.000,0.000,-1,0,0,0,69.291
6073,0,0,0.000,0.000,-1,0,0,0,70.513
6074,0,0,0.000,0.000,-1,0,0,0,69.187
6075,0,0,0.000,0.000,-1,0,0,0,69.237
6076,0,0,0.000,0.000,-1,0,0,0,68.162
6077,0,0,0.000,0.000,-1,0,0,0,65.377
6078,0,0,0.000,0.000,-1,0,0,0,65.753
6079,0,0,0.000,0.000,-1,0,0,0,71.286
6080,0,1,84.076,85.701,-1,0,0,0,69.631
6081,0,0,0.000,0.000,-1,0,0,0,68.853
6082,0,0,0.000,0.000,-1,0,0,0,68.496
6083,0,0,0.000,0.000,-1,0,0,0,69.348
6084,0,0,0.000,0.000,-1,0,0,0,68.883
6085,0,0,0.000,0.000,-1,0,0,0,70.017
6086,0,0,0.000,0.000,-1,0,0,0,68.232
6087,0,0,0.000,0.000,-1,0,0,0,71.509
6088,0,0,0.000,0.000,-1,0,0,0,71.438
6089,0,0,0.000,0.000,-1,0,0,0,67.322
6090,0,0,0.000,0.000,-1,0,0,0,71.583
6091,0,0,0.000,0.000,-1,0,0,0,68.812
6092,0,0,0.000,0.000,-1,0,0,0,71.741
6093,0,0,0.000,0.000,-1,0,0,0,66.564
6094,0,0,0.000,0.000,-1,0,0,0,68.628
6095,0,0,0.000,0.000,-1,0,0,0,71.113
6096,0,0,0.000,0.000,-1,0,0,0,69.370
6097,0,0,0.000,0.000,-1,0,0,0,70.858
6098,0,0,0.000,0.000,-1,0,0,0,71.639
6099,0,0,0.000,0.000,-1,0,0,0,69.658
6100,0,0,0.000,0.000,-1,0,0,0,70.218
6101,0,0,0.000,0.000,-1,0,0,0,69.662
6102,0,0,0.000,0.000,-1,0,0,0,67.118
6103,0,0,0.000,0.000,-1,0,0,0,69.664
6104,0,0,0.000,0.000,-1,0,0,0,65.403
6105,0,0,0.000,0.000,-1,0,0,0,69.185
6106,0,0,0.000,0.000,-1,0,0,0,67.800
6107,0,0,0.000,0.000,-1,0,0,0,67.283
6108,0,0,0.000,0.000,-1,0,0,0,66.510
6109,0,0,0.000,0.000,-1,0,0,0,64.624
6110,0,0,0.000,0.000,-1,0,0,0,68.993
6111,0,0,0.000,0.000,-1,0,0,0,67.583
6112,0,1,82.900,83.784,-1,0,0,0,66.763
6113,0,0,0.000,0.000,-1,0,0,0,65.333
6114,0,0,0.000,0.000,-1,0,0,0,65.274
6115,0,0,0.000,0.000,-1,0,0,0,65.442
6116,0,0,0.000,0.000,-1,0,0,0,65.546
6117,0,0,0.000,0.000,-1,0,0,0,68.198
6118,0,0,0.000,0.000,-1,0,0,0,66.081
6119,0,0,0.000,0.000,-1,0,0,0,65.657
6120,0,0,0.000,0.000,-1,0,0,0,66.028
6121,0,0,0.000,0.000,-1,0,0,0,70.878
6122,0,0,0.000,0.000,-1,0,0,0,66.356
6123,0,0,0.000,0.000,-1,0,0,0,65.194
6124,0,0,0.000,0.000,-1,0,0,0,65.732
6125,0,0,0.000,0.000,-1,0,0,0,63.822
6126,0,0,0.000,0.000,-1,0,0,0,66.041
6127,0,0,0.000,0.000,-1,0,0,0,69.539
6128,0,0,0.000,0.000,-1,0,0,0,64.892
6129,0,0,0.000,0.000,-1,0,0,0,65.432
6130,0,0,0.000,0.000,-1,0,0,0,64.188
6131,0,0,0.000,0.000,-1,0,0,0,64.900
6132,0,0,0.000,0.000,-1,0,0,0,64.902
6133,0,0,0.000,0.000,-1,0,0,0,64.294
6134,0,0,0.000,0.000,-1,0,0,0,64.772
6135,0,0,0.000,0.000,-1,0,0,0,67.006
6136,0,0,0.000,0.000,-1,0,0,0,66.408
6137,0,0,0.000,0.000,-1,0,0,0,64.022
6138,0,0,0.000,0.000,-1,0,0,0,66.031
6139,0,0,0.000,0.000,-1,0,0,0,67.200
6140,0,0,0.000,0.000,-1,0,0,0,67.395
6141,0,0,0.000,0.000,-1,0,0,0,65.168
6142,0,0,0.000,0.000,-1,0,0,0,68.008
6143,0,0,0.000,0.000,-1,0,0,0,66.455
6144,0,1,83.235,84.332,-1,0,0,0,65.744
6145,0,0,0.000,0.000,-1,0,0,0,67.049
6146,0,0,0.000,0.000,-1,0,0,0,67.267
6147,0,0,0.000,0.000,-1,0,0,0,66.688
6148,0,0,0.000,0.000,-1,0,0,0,74.466
6149,0,0,0.000,0.000,-1,0,0,0,65.964
6150,0,0,0.000,0.000,-1,0,0,0,66.295
6151,0,0,0.000,0.000,-1,0,0,0,64.592
6152,0,0,0.000,0.000,-1,0,0,0,63.713
6153,0,0,0.000,0.000,-1,0,0,0,64.025
6154,0,0,0.000,0.000,-1,0,0,0,65.798
6155,0,0,0.000,0.000,-1,0,0,0,66.385
6156,0,0,0.000,0.000,-1,0,0,0,64.888
6157,0,0,0.000,0.000,-1,0,0,0,65.884
6158,0,0,0.000,0.000,-1,0,0,0,65.064
6159,0,0,0.000,0.000,-1,0,0,0,66.433
6160,0,0,0.000,0.000,-1,0,0,0,63.797
6161,0,0,0.000,0.000,-1,0,0,0,68.019
6162,0,0,0.000,0.000,-1,0,0,0,68.652
6163,0,0,0.000,0.000,-1,0,0,0,68.331
6164,0,0,0.000,0.000,-1,0,0,0,66.443
6165,0,0,0.000,0.000,-1,0,0,0,66.548
6166,0,0,0.000,0.000,-1,0,0,0,65.682
6167,0,0,0.000,0.000,-1,0,0,0,66.597
6168,0,0,0.000,0.000,-1,0,0,0,70.213
6169,0,0,0.000,0.000,-1,0,0,0,65.819
6170,0,0,0.000,0.000,-1,0,0,0,65.647
6171,0,0,0.000,0.000,-1,0,0,0,70.064
6172,0,0,0.000,0.000,-1,0,0,0,66.076
6173,0,0,0.000,0.000,-1,0,0,0,65.855
6174,0,0,0.000,0.000,-1,0,0,0,66.697
6175,0,0,0.000,0.000,-1,0,0,0,64.770
6176,0,1,82.973,83.995,-1,0,0,0,68.088
6177,0,0,0.000,0.000,-1,0,0,0,67.221
6178,0,0,0.000,0.000,-1,0,0,0,66.610
6179,0,0,0.000,0.000,-1,0,0,0,68.461
6180,0,0,0.000,0.000,-1,0,0,0,67.089
6181,0,0,0.000,0.000,-1,0,0,0,66.601
6182,0,0,0.000,0.000,-1,0,0,0,68.613
6183,0,0,0.000,0.000,-1,0,0,0,66.665
6184,0,0,0.000,0.000,-1,0,0,0,66.095
6185,0,0,0.000,0.000,-1,0,0,0,66.013
6186,0,0,0.000,0.000,-1,0,0,0,69.182
6187,0,0,0.000,0.000,-1,0,0,0,66.377
6188,0,0,0.000,0.000,-1,0,0,0,66.813
6189,0,0,0.000,0.000,-1,0,0,0,66.153
6190,0,0,0.000,0.000,-1,0,0,0,67.408
6191,0,0,0.000,0.000,-1,0,0,0,64.891
6192,0,0,0.000,0.000,-1,0,0,0,65.845
6193,0,0,0.000,0.000,-1,0,0,0,65.242
6194,0,0,0.000,0.000,-1,0,0,0,69.101
6195,0,0,0.000,0.000,-1,0,0,0,66.945
6196,0,0,0.000,0.000,-1,0,0,0,66.167
6197,0,0,0.000,0.000,-1,0,0,0,63.903
6198,0,0,0.000,0.000,-1,0,0,0,65.206
6199,0,0,0.000,0.000,-1,0,0,0,65.360
6200,0,0,0.000,0.000,-1,0,0,0,66.116
6201,0,0,0.000,0.000,-1,0,0,0,66.738
6202,0,0,0.000,0.000,-1,0,0,0,68.553
6203,0,0,0.000,0.000,-1,0,0,0,64.679
6204,0,0,0.000,0.000,-1,0,0,0,67.938
6205,0,0,0.000,0.000,-1,0,0,0,65.118
6206,0,0,0.000,0.000,-1,0,0,0,66.796
6207,0,0,0.000,0.000,-1,0,0,0,70.572
6208,0,1,82.697,83.680,-1,0,0,0,69.001
6209,0,0,0.000,0.000,-1,0,0,0,68.955
6210,0,0,0.000,0.000,-1,0,0,0,67.563
6211,0,0,0.000,0.000,-1,0,0,0,66.474
6212,0,0,0.000,0.000,-1,0,0,0,65.920
6213,0,0,0.000,0.000,-1,0,0,0,67.654
6214,0,0,0.000,0.000,-1,0,0,0,65.298
6215,0,0,0.000,0.000,-1,0,0,0,65.529
6216,0,0,0.000,0.000,-1,0,0,0,68.104
6217,0,0,0.000,0.000,-1,0,0,0,73.057
6218,0,0,0.000,0.000,-1,0,0,0,66.562
6219,0,0,0.000,0.000,-1,0,0,0,66.359
6220,0,0,0.000,0.000,-1,0,0,0,74.341
6221,0,0,0.000,0.000,-1,0,0,0,86.493
6222,0,0,0.000,0.000,-1,0,0,0,69.788
6223,0,0,0.000,0.000,-1,0,0,0,74.878
6224,0,0,0.000,0.000,-1,0,0,0,92.042
6225,0,0,0.000,0.000,-1,0,0,0,65.943
6226,0,0,0.000,0.000,-1,0,0,0,67.851
6227,0,0,0.000,0.000,-1,0,0,0,65.886
6228,0,0,0.000,0.000,-1,0,0,0,68.687
6229,0,0,0.000,0.000,-1,0,0,0,66.415
6230,0,0,0.000,0.000,-1,0,0,0,68.311
6231,0,0,0.000,0.000,-1,0,0,0,65.703
6232,0,0,0.000,0.000,-1,0,0,0,65.891
6233,0,0,0.000,0.000,-1,0,0,0,65.810
6234,0,0,0.000,0.000,-1,0,0,0,67.228
6235,0,0,0.000,0.000,-1,0,0,0,65.542
6236,0,0,0.000,0.000,-1,0,0,0,68.050
6237,0,0,0.000,0.000,-1,0,0,0,66.392
6238,0,0,0.000,0.000,-1,0,0,0,67.517
6239,0,0,0.000,0.000,-1,0,0,0,67.483
6240,0,1,81.794,82.624,-1,0,0,0,68.122
6241,0,0,0.000,0.000,-1,0,0,0,67.927
6242,0,0,0.000,0.000,-1,0,0,0,67.121
6243,0,0,0.000,0.000,-1,0,0,0,68.936
6244,0,0,0.000,0.000,-1,0,0,0,68.487
6245,0,0,0.000,0.000,-1,0,0,0,69.032
6246,0,0,0.000,0.000,-1,0,0,0,68.259
6247,0,0,0.000,0.000,-1,0,0,0,66.147
6248,0,0,0.000,0.000,-1,0,0,0,67.853
6249,0,0,0.000,0.000,-1,0,0,0,67.794
6250,0,0,0.000,0.000,-1,0,0,0,69.225
6251,0,0,0.000,0.000,-1,0,0,0,67.505
6252,0,0,0.000,0.000,-1,0,0,0,67.041
6253,0,0,0.000,0.000,-1,0,0,0,67.390
6254,0,0,0.000,0.000,-1,0,0,0,66.949
6255,0,0,0.000,0.000,-1,0,0,0,66.300
6256,0,0,0.000,0.000,-1,0,0,0,66.426
6257,0,0,0.000,0.000,-1,0,0,0,65.549
6258,0,0,0.000,0.000,-1,0,0,0,66.398
6259,0,0,0.000,0.000,-1,0,0,0,64.808
6260,0,0,0.000,0.000,-1,0,0,0,66.201
6261,0,0,0.000,0.000,-1,0,0,0,70.429
6262,0,0,0.000,0.000,-1,0,0,0,65.275
6263,0,0,0.000,0.000,-1,0,0,0,67.103
6264,0,0,0.000,0.000,-1,0,0,0,66.650
6265,0,0,0.000,0.000,-1,0,0,0,67.636
6266,0,0,0.000,0.000,-1,0,0,0,70.200
6267,0,0,0.000,0.000,-1,0,0,0,63.953
6268,0,0,0.000,0.000,-1,0,0,0,68.102
6269,0,0,0.000,0.000,-1,0,0,0,67.613
6270,0,0,0.000,0.000,-1,0,0,0,65.573
6271,0,0,0.000,0.000,-1,0,0,0,67.220
6272,0,1,82.909,83.672,-1,0,0,0,67.152
6273,0,0,0.000,0.000,-1,0,0,0,68.491
6274,0,0,0.000,0.000,-1,0,0,0,66.900
6275,0,0,0.000,0.000,-1,0,0,0,66.004
6276,0,0,0.000,0.000,-1,0,0,0,66.810
6277,0,0,0.000,0.000,-1,0,0,0,68.259
6278,0,0,0.000,0.000,-1,0,0,0,67.467
6279,0,0,0.000,0.000,-1,0,0,0,68.632
6280,0,0,0.000,0.000,-1,0,0,0,66.971
6281,0,0,0.000,0.000,-1,0,0,0,66.064
6282,0,0,0.000,0.000,-1,0,0,0,68.134
6283,0,0,0.000,0.000,-1,0,0,0,67.397
6284,0,0,0.000,0.000,-1,0,0,0,65.019
6285,0,0,0.000,0.000,-1,0,0,0,66.965
6286,0,0,0.000,0.000,-1,0,0,0,67.480
6287,0,0,0.000,0.000,-1,0,0,0,71.036
6288,0,0,0.000,0.000,-1,0,0,0,67.460
6289,0,0,0.000,0.000,-1,0,0,0,65.115
6290,0,0,0.000,0.000,-1,0,0,0,65.017
6291,0,0,0.000,0.000,-1,0,0,0,69.778
6292,0,0,0.000,0.000,-1,0,0,0,70.690
6293,0,0,0.000,0.000,-1,0,0,0,66.635
6294,0,0,0.000,0.000,-1,0,0,0,68.610
6295,0,0,0.000,0.000,-1,0,0,0,66.967
6296,0,0,0.000,0.000,-1,0,0,0,67.679
6297,0,0,0.000,0.000,-1,0,0,0,69.945
6298,0,0,0.000,0.000,-1,0,0,0,69.116
6299,0,0,0.000,0.000,-1,0,0,0,68.771
6300,0,0,0.000,0.000,-1,0,0,0,68.108
6301,0,0,0.000,0.000,-1,0,0,0,66.944
6302,0,0,0.000,0.000,-1,0,0,0,67.809
6303,0,0,0.000,0.000,-1,0,0,0,66.779
6304,0,1,82.997,83.830,-1,0,0,0,68.650
6305,0,0,0.000,0.000,-1,0,0,0,72.691
6306,0,0,0.000,0.000,-1,0,0,0,68.403
6307,0,0,0.000,0.000,-1,0,0,0,66.156
6308,0,0,0.000,0.000,-1,0,0,0,68.217
6309,0,0,0.000,0.000,-1,0,0,0,66.641
6310,0,0,0.000,0.000,-1,0,0,0,67.159
6311,0,0,0.000,0.000,-1,0,0,0,66.932
6312,0,0,0.000,0.000,-1,0,0,0,67.530
6313,0,0,0.000,0.000,-1,0,0,0,67.286
6314,0,0,0.000,0.000,-1,0,0,0,67.102
6315,0,0,0.000,0.000,-1,0,0,0,67.172
6316,0,0,0.000,0.000,-1,0,0,0,66.318
6317,0,0,0.000,0.000,-1,0,0,0,65.742
6318,0,0,0.000,0.000,-1,0,0,0,66.114
6319,0,0,0.000,0.000,-1,0,0,0,65.552
6320,0,0,0.000,0.000,-1,0,0,0,66.464
6321,0,0,0.000,0.000,-1,0,0,0,66.504
6322,0,0,0.000,0.000,-1,0,0,0,69.517
6323,0,0,0.000,0.000,-1,0,0,0,69.822
6324,0,0,0.000,0.000,-1,0,0,0,69.078
6325,0,0,0.000,0.000,-1,0,0,0,68.037
6326,0,0,0.000,0.000,-1,0,0,0,70.687
6327,0,0,0.000,0.000,-1,0,0,0,65.773
6328,0,0,0.000,0.000,-1,0,0,0,64.087
6329,0,0,0.000,0.000,-1,0,0,0,65.898
6330,0,0,0.000,0.000,-1,0,0,0,66.918
6331,0,0,0.000,0.000,-1,0,0,0,67.490
6332,0,0,0.000,0.000,-1,0,0,0,65.559
6333,0,0,0.000,0.000,-1,0,0,0,67.049
6334,0,0,0.000,0.000,-1,0,0,0,66.809
6335,0,0,0.000,0.000,-1,0,0,0,71.635
6336,0,1,82.042,82.851,-1,0,0,0,66.562
6337,0,0,0.000,0.000,-1,0,0,0,68.658
6338,0,0,0.000,0.000,-1,0,0,0,67.656
6339,0,0,0.000,0.000,-1,0,0,0,66.811
6340,0,0,0.000,0.000,-1,0,0,0,67.635
6341,0,0,0.000,0.000,-1,0,0,0,66.702
6342,0,0,0.000,0.000,-1,0,0,0,68.729
6343,0,0,0.000,0.000,-1,0,0,0,66.267
6344,0,0,0.000,0.000,-1,0,0,0,66.984
6345,0,0,0.000,0.000,-1,0,0,0,67.391
6346,0,0,0.000,0.000,-1,0,0,0,74.284
6347,0,0,0.000,0.000,-1,0,0,0,66.476
6348,0,0,0.000,0.000,-1,0,0,0,66.242
6349,0,0,0.000,0.000,-1,0,0,0,66.598
6350,0,0,0.000,0.000,-1,0,0,0,69.807
6351,0,0,0.000,0.000,-1,0,0,0,66.822
6352,0,0,0.000,0.000,-1,0,0,0,66.424
6353,0,0,0.000,0.000,-1,0,0,0,66.929
6354,0,0,0.000,0.000,-1,0,0,0,67.594
6355,0,0,0.000,0.000,-1,0,0,0,68.807
6356,0,0,0.000,0.000,-1,0,0,0,66.858
6357,0,0,0.000,0.000,-1,0,0,0,68.096
6358,0,0,0.000,0.000,-1,0,0,0,66.737
6359,0,0,0.000,0.000,-1,0,0,0,67.462
6360,0,0,0.000,0.000,-1,0,0,0,65.495
6361,0,0,0.000,0.000,-1,0,0,0,68.383
6362,0,0,0.000,0.000,-1,0,0,0,66.594
6363,0,0,0.000,0.000,-1,0,0,0,65.749
6364,0,0,0.000,0.000,-1,0,0,0,67.683
6365,0,0,0.000,0.000,-1,0,0,0,65.944
6366,0,0,0.000,0.000,-1,0,0,0,66.981
6367,0,0,0.000,0.000,-1,0,0,0,68.592
6368,0,1,83.316,84.354,-1,0,0,0,67.670
6369,0,0,0.000,0.000,-1,0,0,0,67.395
6370,0,0,0.000,0.000,-1,0,0,0,68.886
6371,0,0,0.000,0.000,-1,0,0,0,75.976
6372,0,0,0.000,0.000,-1,0,0,0,67.554
6373,0,0,0.000,0.000,-1,0,0,0,98.040
6374,0,0,0.000,0.000,-1,0,0,0,77.943
6375,0,0,0.000,0.000,-1,0,0,0,70.238
6376,0,0,0.000,0.000,-1,0,0,0,65.674
6377,0,0,0.000,0.000,-1,0,0,0,68.693
6378,0,0,0.000,0.000,-1,0,0,0,67.880
6379,0,0,0.000,0.000,-1,0,0,0,83.852
6380,0,0,0.000,0.000,-1,0,0,0,67.740
6381,0,0,0.000,0.000,-1,0,0,0,68.504
6382,0,0,0.000,0.000,-1,0,0,0,66.886
6383,0,0,0.000,0.000,-1,0,0,0,68.767
6384,0,0,0.000,0.000,-1,0,0,0,69.645
6385,0,0,0.000,0.000,-1,0,0,0,66.672
6386,0,0,0.000,0.000,-1,0,0,0,66.807
6387,0,0,0.000,0.000,-1,0,0,0,65.355
6388,0,0,0.000,0.000,-1,0,0,0,66.446
6389,0,0,0.000,0.000,-1,0,0,0,66.743
6390,0,0,0.000,0.000,-1,0,0,0,67.203
6391,0,0,0.000,0.000,-1,0,0,0,66.569
6392,0,0,0.000,0.000,-1,0,0,0,67.396
6393,0,0,0.000,0.000,-1,0,0,0,66.550
6394,0,0,0.000,0.000,-1,0,0,0,77.343
6395,0,0,0.000,0.000,-1,0,0,0,78.774
6396,0,0,0.000,0.000,-1,0,0,0,70.869
6397,0,0,0.000,0.000,-1,0,0,0,68.316
6398,0,0,0.000,0.000,-1,0,0,0,71.167
6399,0,0,0.000,0.000,-1,0,0,0,67.030
6400,0,1,82.734,83.663,-1,0,0,0,67.236
6401,0,0,0.000,0.000,-1,0,0,0,70.855
6402,0,0,0.000,0.000,-1,0,0,0,68.030
6403,0,0,0.000,0.000,-1,0,0,0,67.552
6404,0,0,0.000,0.000,-1,0,0,0,66.882
6405,0,0,0.000,0.000,-1,0,0,0,75.470
6406,0,0,0.000,0.000,-1,0,0,0,73.663
6407,0,0,0.000,0.000,-1,0,0,0,70.600
6408,0,0,0.000,0.000,-1,0,0,0,71.507
6409,0,0,0.000,0.000,-1,0,0,0,73.610
6410,0,0,0.000,0.000,-1,0,0,0,73.008
6411,0,0,0.000,0.000,-1,0,0,0,72.912
6412,0,0,0.000,0.000,-1,0,0,0,73.056
6413,0,0,0.000,0.000,-1,0,0,0,71.197
6414,0,0,0.000,0.000,-1,0,0,0,72.625
6415,0,0,0.000,0.000,-1,0,0,0,73.433
6416,0,0,0.000,0.000,-1,0,0,0,73.785
6417,0,0,0.000,0.000,-1,0,0,0,75.700
6418,0,0,0.000,0.000,-1,0,0,0,74.982
6419,0,0,0.000,0.000,-1,0,0,0,73.401
6420,0,0,0.000,0.000,-1,0,0,0,72.234
6421,0,0,0.000,0.000,-1,0,0,0,72.380
6422,0,0,0.000,0.000,-1,0,0,0,72.376
6423,0,0,0.000,0.000,-1,0,0,0,73.842
6424,0,0,0.000,0.000,-1,0,0,0,69.393
6425,0,0,0.000,0.000,-1,0,0,0,73.858
6426,0,0,0.000,0.000,-1,0,0,0,71.641
6427,0,0,0.000,0.000,-1,0,0,0,75.425
6428,0,0,0.000,0.000,-1,0,0,0,71.492
6429,0,0,0.000,0.000,-1,0,0,0,75.418
6430,0,0,0.000,0.000,-1,0,0,0,72.248
6431,0,0,0.000,0.000,-1,0,0,0,72.331
6432,0,1,83.539,86.462,-1,0,0,0,70.201
6433,0,0,0.000,0.000,-1,0,0,0,71.604
6434,0,0,0.000,0.000,-1,0,0,0,71.270
6435,0,0,0.000,0.000,-1,0,0,0,69.686
6436,0,0,0.000,0.000,-1,0,0,0,72.061
6437,0,0,0.000,0.000,-1,0,0,0,70.804
6438,0,0,0.000,0.000,-1,0,0,0,72.590
6439,0,0,0.000,0.000,-1,0,0,0,72.189
6440,0,0,0.000,0.000,-1,0,0,0,71.690
6441,0,0,0.000,0.000,-1,0,0,0,79.000
6442,0,0,0.000,0.000,-1,0,0,0,76.336
6443,0,0,0.000,0.000,-1,0,0,0,74.184
6444,0,0,0.000,0.000,-1,0,0,0,70.096
6445,0,0,0.000,0.000,-1,0,0,0,71.436
6446,0,0,0.000,0.000,-1,0,0,0,72.984
6447,0,0,0.000,0.000,-1,0,0,0,72.222
6448,0,0,0.000,0.000,-1,0,0,0,69.278
6449,0,0,0.000,0.000,-1,0,0,0,78.399
6450,0,0,0.000,0.000,-1,0,0,0,69.757
6451,0,0,0.000,0.000,-1,0,0,0,74.377
6452,0,0,0.000,0.000,-1,0,0,0,71.194
6453,0,0,0.000,0.000,-1,0,0,0,72.472
6454,0,0,0.000,0.000,-1,0,0,0,75.638
6455,0,0,0.000,0.000,-1,0,0,0,72.392
6456,0,0,0.000,0.000,-1,0,0,0,73.706
6457,0,0,0.000,0.000,-1,0,0,0,71.431
6458,0,0,0.000,0.000,-1,0,0,0,71.915
6459,0,0,0.000,0.000,-1,0,0,0,71.106
6460,0,0,0.000,0.000,-1,0,0,0,72.674
6461,0,0,0.000,0.000,-1,0,0,0,71.291
6462,0,0,0.000,0.000,-1,0,0,0,71.694
6463,0,0,0.000,0.000,-1,0,0,0,72.651
6464,0,1,85.784,88.549,-1,0,0,0,71.558
6465,0,0,0.000,0.000,-1,0,0,0,74.349
6466,0,0,0.000,0.000,-1,0,0,0,71.361
6467,0,0,0.000,0.000,-1,0,0,0,69.752
6468,0,0,0.000,0.000,-1,0,0,0,68.961
6469,0,0,0.000,0.000,-1,0,0,0,69.347
6470,0,0,0.000,0.000,-1,0,0,0,71.605
6471,0,0,0.000,0.000,-1,0,0,0,70.973
6472,0,0,0.000,0.000,-1,0,0,0,73.238
6473,0,0,0.000,0.000,-1,0,0,0,70.678
6474,0,0,0.000,0.000,-1,0,0,0,69.843
6475,0,0,0.000,0.000,-1,0,0,0,71.356
6476,0,0,0.000,0.000,-1,0,0,0,70.800
6477,0,0,0.000,0.000,-1,0,0,0,73.965
6478,0,0,0.000,0.000,-1,0,0,0,72.434
6479,0,0,0.000,0.000,-1,0,0,0,72.627
6480,0,0,0.000,0.000,-1,0,0,0,76.931
6481,0,0,0.000,0.000,-1,0,0,0,78.926
6482,0,0,0.000,0.000,-1,0,0,0,88.199
6483,0,0,0.000,0.000,-1,0,0,0,69.143
6484,0,0,0.000,0.000,-1,0,0,0,76.852
6485,0,0,0.000,0.000,-1,0,0,0,73.252
6486,0,0,0.000,0.000,-1,0,0,0,72.769
6487,0,0,0.000,0.000,-1,0,0,0,75.750
6488,0,0,0.000,0.000,-1,0,0,0,72.916
6489,0,0,0.000,0.000,-1,0,0,0,69.922
6490,0,0,0.000,0.000,-1,0,0,0,75.636
6491,0,0,0.000,0.000,-1,0,0,0,70.938
6492,0,0,0.000,0.000,-1,0,0,0,71.203
6493,0,0,0.000,0.000,-1,0,0,0,68.414
6494,0,0,0.000,0.000,-1,0,0,0,80.019
6495,0,0,0.000,0.000,-1,0,0,0,73.549
6496,0,1,82.938,84.611,-1,0,0,0,71.013
6497,0,0,0.000,0.000,-1,0,0,0,75.359
6498,0,0,0.000,0.000,-1,0,0,0,74.583
6499,0,0,0.000,0.000,-1,0,0,0,73.847
6500,0,0,0.000,0.000,-1,0,0,0,75.889
6501,0,0,0.000,0.000,-1,0,0,0,72.363
6502,0,0,0.000,0.000,-1,0,0,0,71.067
6503,0,0,0.000,0.000,-1,0,0,0,72.954
6504,0,0,0.000,0.000,-1,0,0,0,70.914
6505,0,0,0.000,0.000,-1,0,0,0,70.947
6506,0,0,0.000,0.000,-1,0,0,0,73.957
6507,0,0,0.000,0.000,-1,0,0,0,72.739
6508,0,0,0.000,0.000,-1,0,0,0,71.888
6509,0,0,0.000,0.000,-1,0,0,0,68.766
6510,0,0,0.000,0.000,-1,0,0,0,73.472
6511,0,0,0.000,0.000,-1,0,0,0,87.332
6512,0,0,0.000,0.000,-1,0,0,0,100.162
6513,0,0,0.000,0.000,-1,0,0,0,84.493
6514,0,0,0.000,0.000,-1,0,0,0,67.739
6515,0,0,0.000,0.000,-1,0,0,0,71.842
6516,0,0,0.000,0.000,-1,0,0,0,70.672
6517,0,0,0.000,0.000,-1,0,0,0,70.385
6518,0,0,0.000,0.000,-1,0,0,0,76.033
6519,0,0,0.000,0.000,-1,0,0,0,70.914
6520,0,0,0.000,0.000,-1,0,0,0,72.669
6521,0,0,0.000,0.000,-1,0,0,0,70.293
6522,0,0,0.000,0.000,-1,0,0,0,71.730
6523,0,0,0.000,0.000,-1,0,0,0,73.424
6524,0,0,0.000,0.000,-1,0,0,0,71.374
6525,0,0,0.000,0.000,-1,0,0,0,70.514
6526,0,0,0.000,0.000,-1,0,0,0,72.464
6527,0,0,0.000,0.000,-1,0,0,0,71.703
6528,0,1,82.520,83.426,-1,0,0,0,70.664
6529,0,0,0.000,0.000,-1,0,0,0,74.043
6530,0,0,0.000,0.000,-1,0,0,0,71.263
6531,0,0,0.000,0.000,-1,0,0,0,70.591
6532,0,0,0.000,0.000,-1,0,0,0,68.589
6533,0,0,0.000,0.000,-1,0,0,0,69.342
6534,0,0,0.000,0.000,-1,0,0,0,73.986
6535,0,0,0.000,0.000,-1,0,0,0,69.847
6536,0,0,0.000,0.000,-1,0,0,0,74.839
6537,0,0,0.000,0.000,-1,0,0,0,69.522
6538,0,0,0.000,0.000,-1,0,0,0,76.353
6539,0,0,0.000,0.000,-1,0,0,0,70.194
6540,0,0,0.000,0.000,-1,0,0,0,77.562
6541,0,0,0.000,0.000,-1,0,0,0,85.340
6542,0,0,0.000,0.000,-1,0,0,0,85.188
6543,0,0,0.000,0.000,-1,0,0,0,85.702
6544,0,0,0.000,0.000,-1,0,0,0,82.661
6545,0,0,0.000,0.000,-1,0,0,0,70.917
6546,0,0,0.000,0.000,-1,0,0,0,70.103
6547,0,0,0.000,0.000,-1,0,0,0,74.047
6548,0,0,0.000,0.000,-1,0,0,0,69.136
6549,0,0,0.000,0.000,-1,0,0,0,68.873
6550,0,0,0.000,0.000,-1,0,0,0,75.234
6551,0,0,0.000,0.000,-1,0,0,0,72.928
6552,0,0,0.000,0.000,-1,0,0,0,68.308
6553,0,0,0.000,0.000,-1,0,0,0,69.342
6554,0,0,0.000,0.000,-1,0,0,0,73.642
6555,0,0,0.000,0.000,-1,0,0,0,71.319
6556,0,0,0.000,0.000,-1,0,0,0,72.156
6557,0,0,0.000,0.000,-1,0,0,0,70.239
6558,0,0,0.000,0.000,-1,0,0,0,70.762
6559,0,0,0.000,0.000,-1,0,0,0,69.650
6560,0,1,82.470,83.229,-1,0,0,0,71.887
6561,0,0,0.000,0.000,-1,0,0,0,73.742
6562,0,0,0.000,0.000,-1,0,0,0,71.406
6563,0,0,0.000,0.000,-1,0,0,0,72.819
6564,0,0,0.000,0.000,-1,0,0,0,71.859
6565,0,0,0.000,0.000,-1,0,0,0,69.344
6566,0,0,0.000,0.000,-1,0,0,0,69.278
6567,0,0,0.000,0.000,-1,0,0,0,74.283
6568,0,0,0.000,0.000,-1,0,0,0,73.635
6569,0,0,0.000,0.000,-1,0,0,0,71.826
6570,0,0,0.000,0.000,-1,0,0,0,70.569
6571,0,0,0.000,0.000,-1,0,0,0,71.542
6572,0,0,0.000,0.000,-1,0,0,0,72.811
6573,0,0,0.000,0.000,-1,0,0,0,72.753
6574,0,0,0.000,0.000,-1,0,0,0,72.312
6575,0,0,0.000,0.000,-1,0,0,0,72.510
6576,0,0,0.000,0.000,-1,0,0,0,74.188
6577,0,0,0.000,0.000,-1,0,0,0,74.805
6578,0,0,0.000,0.000,-1,0,0,0,74.649
6579,0,0,0.000,0.000,-1,0,0,0,73.088
6580,0,0,0.000,0.000,-1,0,0,0,72.487
6581,0,0,0.000,0.000,-1,0,0,0,70.562
6582,0,0,0.000,0.000,-1,0,0,0,71.539
6583,0,0,0.000,0.000,-1,0,0,0,70.307
6584,0,0,0.000,0.000,-1,0,0,0,74.479
6585,0,0,0.000,0.000,-1,0,0,0,68.713
6586,0,0,0.000,0.000,-1,0,0,0,71.904
6587,0,0,0.000,0.000,-1,0,0,0,71.618
6588,0,0,0.000,0.000,-1,0,0,0,71.060
6589,0,0,0.000,0.000,-1,0,0,0,77.795
6590,0,0,0.000,0.000,-1,0,0,0,72.419
6591,0,0,0.000,0.000,-1,0,0,0,69.931
6592,0,1,82.049,82.810,-1,0,0,0,79.853
6593,0,0,0.000,0.000,-1,0,0,0,77.636
6594,0,0,0.000,0.000,-1,0,0,0,70.454
6595,0,0,0.000,0.000,-1,0,0,0,72.548
6596,0,0,0.000,0.000,-1,0,0,0,68.253
6597,0,0,0.000,0.000,-1,0,0,0,78.393
6598,0,0,0.000,0.000,-1,0,0,0,70.709
6599,0,0,0.000,0.000,-1,0,0,0,73.590
6600,0,0,0.000,0.000,-1,0,0,0,76.470
6601,0,0,0.000,0.000,-1,0,0,0,72.439
6602,0,0,0.000,0.000,-1,0,0,0,73.283
6603,0,0,0.000,0.000,-1,0,0,0,69.673
6604,0,0,0.000,0.000,-1,0,0,0,71.459
6605,0,0,0.000,0.000,-1,0,0,0,70.597
6606,0,0,0.000,0.000,-1,0,0,0,68.255
6607,0,0,0.000,0.000,-1,0,0,0,70.702
6608,0,0,0.000,0.000,-1,0,0,0,77.741
6609,0,0,0.000,0.000,-1,0,0,0,71.491
6610,0,0,0.000,0.000,-1,0,0,0,70.553
6611,0,0,0.000,0.000,-1,0,0,0,72.652
6612,0,0,0.000,0.000,-1,0,0,0,72.879
6613,0,0,0.000,0.000,-1,0,0,0,70.996
6614,0,0,0.000,0.000,-1,0,0,0,68.836
6615,0,0,0.000,0.000,-1,0,0,0,69.405
6616,0,0,0.000,0.000,-1,0,0,0,70.329
6617,0,0,0.000,0.000,-1,0,0,0,71.410
6618,0,0,0.000,0.000,-1,0,0,0,70.922
6619,0,0,0.000,0.000,-1,0,0,0,71.158
6620,0,0,0.000,0.000,-1,0,0,0,72.660
6621,0,0,0.000,0.000,-1,0,0,0,72.356
6622,0,0,0.000,0.000,-1,0,0,0,71.906
6623,0,0,0.000,0.000,-1,0,0,0,70.590
6624,0,1,82.965,84.673,-1,0,0,0,69.466
6625,0,0,0.000,0.000,-1,0,0,0,73.310
6626,0,0,0.000,0.000,-1,0,0,0,70.023
6627,0,0,0.000,0.000,-1,0,0,0,69.644
6628,0,0,0.000,0.000,-1,0,0,0,71.638
6629,0,0,0.000,0.000,-1,0,0,0,69.337
6630,0,0,0.000,0.000,-1,0,0,0,71.659
6631,0,0,0.000,0.000,-1,0,0,0,71.043
6632,0,0,0.000,0.000,-1,0,0,0,71.867
6633,0,0,0.000,0.000,-1,0,0,0,73.801
6634,0,0,0.000,0.000,-1,0,0,0,72.838
6635,0,0,0.000,0.000,-1,0,0,0,71.620
6636,0,0,0.000,0.000,-1,0,0,0,70.401
6637,0,0,0.000,0.000,-1,0,0,0,73.102
6638,0,0,0.000,0.000,-1,0,0,0,71.433
6639,0,0,0.000,0.000,-1,0,0,0,80.743
6640,0,0,0.000,0.000,-1,0,0,0,81.703
6641,0,0,0.000,0.000,-1,0,0,0,80.696
6642,0,0,0.000,0.000,-1,0,0,0,78.944
6643,0,0,0.000,0.000,-1,0,0,0,76.295
6644,0,0,0.000,0.000,-1,0,0,0,72.274
6645,0,0,0.000,0.000,-1,0,0,0,72.277
6646,0,0,0.000,0.000,-1,0,0,0,73.220
6647,0,0,0.000,0.000,-1,0,0,0,72.298
6648,0,0,0.000,0.000,-1,0,0,0,70.210
6649,0,0,0.000,0.000,-1,0,0,0,69.837
6650,0,0,0.000,0.000,-1,0,0,0,70.637
6651,0,0,0.000,0.000,-1,0,0,0,69.324
6652,0,0,0.000,0.000,-1,0,0,0,67.117
6653,0,0,0.000,0.000,-1,0,0,0,68.000
6654,0,0,0.000,0.000,-1,0,0,0,67.343
6655,0,0,0.000,0.000,-1,0,0,0,69.650
6656,0,1,82.583,83.377,-1,0,0,0,71.202
6657,0,0,0.000,0.000,-1,0,0,0,69.468
6658,0,0,0.000,0.000,-1,0,0,0,65.844
6659,0,0,0.000,0.000,-1,0,0,0,66.751
6660,0,0,0.000,0.000,-1,0,0,0,66.672
6661,0,0,0.000,0.000,-1,0,0,0,68.000
6662,0,0,0.000,0.000,-1,0,0,0,68.064
6663,0,0,0.000,0.000,-1,0,0,0,67.406
6664,0,0,0.000,0.000,-1,0,0,0,75.004
6665,0,0,0.000,0.000,-1,0,0,0,66.076
6666,0,0,0.000,0.000,-1,0,0,0,85.288
6667,0,0,0.000,0.000,-1,0,0,0,72.726
6668,0,0,0.000,0.000,-1,0,0,0,71.937
6669,0,0,0.000,0.000,-1,0,0,0,68.461
6670,0,0,0.000,0.000,-1,0,0,0,69.590
6671,0,0,0.000,0.000,-1,0,0,0,66.767
6672,0,0,0.000,0.000,-1,0,0,0,72.518
6673,0,0,0.000,0.000,-1,0,0,0,81.948
6674,0,0,0.000,0.000,-1,0,0,0,71.581
6675,0,0,0.000,0.000,-1,0,0,0,68.203
6676,0,0,0.000,0.000,-1,0,0,0,70.964
6677,0,0,0.000,0.000,-1,0,0,0,65.565
6678,0,0,0.000,0.000,-1,0,0,0,66.136
6679,0,0,0.000,0.000,-1,0,0,0,69.186
6680,0,0,0.000,0.000,-1,0,0,0,65.453
6681,0,0,0.000,0.000,-1,0,0,0,65.520
6682,0,0,0.000,0.000,-1,0,0,0,66.468
6683,0,0,0.000,0.000,-1,0,0,0,67.232
6684,0,0,0.000,0.000,-1,0,0,0,67.830
6685,0,0,0.000,0.000,-1,0,0,0,66.631
6686,0,0,0.000,0.000,-1,0,0,0,67.696
6687,0,0,0.000,0.000,-1,0,0,0,70.196
6688,0,1,82.147,82.943,-1,0,0,0,74.661
6689,0,0,0.000,0.000,-1,0,0,0,68.390
6690,0,0,0.000,0.000,-1,0,0,0,67.381
6691,0,0,0.000,0.000,-1,0,0,0,68.699
6692,0,0,0.000,0.000,-1,0,0,0,67.072
6693,0,0,0.000,0.000,-1,0,0,0,64.875
6694,0,0,0.000,0.000,-1,0,0,0,67.171
6695,0,0,0.000,0.000,-1,0,0,0,67.834
6696,0,0,0.000,0.000,-1,0,0,0,66.481
6697,0,0,0.000,0.000,-1,0,0,0,66.903
6698,0,0,0.000,0.000,-1,0,0,0,68.162
6699,0,0,0.000,0.000,-1,0,0,0,67.443
6700,0,0,0.000,0.000,-1,0,0,0,66.554
6701,0,0,0.000,0.000,-1,0,0,0,67.010
6702,0,0,0.000,0.000,-1,0,0,0,78.715
6703,0,0,0.000,0.000,-1,0,0,0,67.723
6704,0,0,0.000,0.000,-1,0,0,0,65.542
6705,0,0,0.000,0.000,-1,0,0,0,66.803
6706,0,0,0.000,0.000,-1,0,0,0,67.097
6707,0,0,0.000,0.000,-1,0,0,0,68.240
6708,0,0,0.000,0.000,-1,0,0,0,67.383
6709,0,0,0.000,0.000,-1,0,0,0,67.162
6710,0,0,0.000,0.000,-1,0,0,0,68.303
6711,0,0,0.000,0.000,-1,0,0,0,68.838
6712,0,0,0.000,0.000,-1,0,0,0,66.486
6713,0,0,0.000,0.000,-1,0,0,0,67.787
6714,0,0,0.000,0.000,-1,0,0,0,66.961
6715,0,0,0.000,0.000,-1,0,0,0,67.961
6716,0,0,0.000,0.000,-1,0,0,0,68.599
6717,0,0,0.000,0.000,-1,0,0,0,68.958
6718,0,0,0.000,0.000,-1,0,0,0,66.678
6719,0,0,0.000,0.000,-1,0,0,0,66.658
6720,0,1,81.320,82.177,-1,0,0,0,83.312
6721,0,0,0.000,0.000,-1,0,0,0,85.186
6722,0,0,0.000,0.000,-1,0,0,0,73.753
6723,0,0,0.000,0.000,-1,0,0,0,70.416
6724,0,0,0.000,0.000,-1,0,0,0,70.966
6725,0,0,0.000,0.000,-1,0,0,0,69.913
6726,0,0,0.000,0.000,-1,0,0,0,73.140
6727,0,0,0.000,0.000,-1,0,0,0,67.113
6728,0,0,0.000,0.000,-1,0,0,0,66.266
6729,0,0,0.000,0.000,-1,0,0,0,71.037
6730,0,0,0.000,0.000,-1,0,0,0,65.544
6731,0,0,0.000,0.000,-1,0,0,0,64.760
6732,0,0,0.000,0.000,-1,0,0,0,65.891
6733,0,0,0.000,0.000,-1,0,0,0,66.861
6734,0,0,0.000,0.000,-1,0,0,0,67.299
6735,0,0,0.000,0.000,-1,0,0,0,66.828
6736,0,0,0.000,0.000,-1,0,0,0,68.075
6737,0,0,0.000,0.000,-1,0,0,0,67.265
6738,0,0,0.000,0.000,-1,0,0,0,68.632
6739,0,0,0.000,0.000,-1,0,0,0,66.106
6740,0,0,0.000,0.000,-1,0,0,0,67.011
6741,0,0,0.000,0.000,-1,0,0,0,67.940
6742,0,0,0.000,0.000,-1,0,0,0,68.382
6743,0,0,0.000,0.000,-1,0,0,0,65.381
6744,0,0,0.000,0.000,-1,0,0,0,67.755
6745,0,0,0.000,0.000,-1,0,0,0,68.233
6746,0,0,0.000,0.000,-1,0,0,0,64.270
6747,0,0,0.000,0.000,-1,0,0,0,65.461
6748,0,0,0.000,0.000,-1,0,0,0,67.578
6749,0,0,0.000,0.000,-1,0,0,0,64.895
6750,0,0,0.000,0.000,-1,0,0,0,64.304
6751,0,0,0.000,0.000,-1,0,0,0,66.160
6752,0,1,84.364,85.810,-1,0,0,0,65.409
6753,0,0,0.000,0.000,-1,0,0,0,70.952
6754,0,0,0.000,0.000,-1,0,0,0,68.921
6755,0,0,0.000,0.000,-1,0,0,0,69.645
6756,0,0,0.000,0.000,-1,0,0,0,69.524
6757,0,0,0.000,0.000,-1,0,0,0,71.871
6758,0,0,0.000,0.000,-1,0,0,0,69.041
6759,0,0,0.000,0.000,-1,0,0,0,70.099
6760,0,0,0.000,0.000,-1,0,0,0,69.223
6761,0,0,0.000,0.000,-1,0,0,0,71.299
6762,0,0,0.000,0.000,-1,0,0,0,67.585
6763,0,0,0.000,0.000,-1,0,0,0,69.514
6764,0,0,0.000,0.000,-1,0,0,0,68.965
6765,0,0,0.000,0.000,-1,0,0,0,70.106
6766,0,0,0.000,0.000,-1,0,0,0,68.386
6767,0,0,0.000,0.000,-1,0,0,0,67.078
6768,0,0,0.000,0.000,-1,0,0,0,68.413
6769,0,0,0.000,0.000,-1,0,0,0,65.672
6770,0,0,0.000,0.000,-1,0,0,0,66.580
6771,0,0,0.000,0.000,-1,0,0,0,67.861
6772,0,0,0.000,0.000,-1,0,0,0,65.181
6773,0,0,0.000,0.000,-1,0,0,0,65.784
6774,0,0,0.000,0.000,-1,0,0,0,68.548
6775,0,0,0.000,0.000,-1,0,0,0,68.686
6776,0,0,0.000,0.000,-1,0,0,0,66.786
6777,0,0,0.000,0.000,-1,0,0,0,67.266
6778,0,0,0.000,0.000,-1,0,0,0,65.860
6779,0,0,0.000,0.000,-1,0,0,0,67.534
6780,0,0,0.000,0.000,-1,0,0,0,68.100
6781,0,0,0.000,0.000,-1,0,0,0,66.701
6782,0,0,0.000,0.000,-1,0,0,0,67.858
6783,0,0,0.000,0.000,-1,0,0,0,66.928
6784,0,1,83.199,84.730,-1,0,0,0,65.949
6785,0,0,0.000,0.000,-1,0,0,0,70.273
6786,0,0,0.000,0.000,-1,0,0,0,71.407
6787,0,0,0.000,0.000,-1,0,0,0,70.074
6788,0,0,0.000,0.000,-1,0,0,0,70.700
6789,0,0,0.000,0.000,-1,0,0,0,69.664
6790,0,0,0.000,0.000,-1,0,0,0,67.143
6791,0,0,0.000,0.000,-1,0,0,0,70.945
6792,0,0,0.000,0.000,-1,0,0,0,72.959
6793,0,0,0.000,0.000,-1,0,0,0,68.773
6794,0,0,0.000,0.000,-1,0,0,0,66.779
6795,0,0,0.000,0.000,-1,0,0,0,66.258
6796,0,0,0.000,0.000,-1,0,0,0,67.541
6797,0,0,0.000,0.000,-1,0,0,0,66.238
6798,0,0,0.000,0.000,-1,0,0,0,70.443
6799,0,0,0.000,0.000,-1,0,0,0,66.411
6800,0,0,0.000,0.000,-1,0,0,0,67.771
6801,0,0,0.000,0.000,-1,0,0,0,65.468
6802,0,0,0.000,0.000,-1,0,0,0,67.399
6803,0,0,0.000,0.000,-1,0,0,0,69.216
6804,0,0,0.000,0.000,-1,0,0,0,67.196
6805,0,0,0.000,0.000,-1,0,0,0,65.671
6806,0,0,0.000,0.000,-1,0,0,0,65.172
6807,0,0,0.000,0.000,-1,0,0,0,66.126
6808,0,0,0.000,0.000,-1,0,0,0,67.599
6809,0,0,0.000,0.000,-1,0,0,0,66.364
6810,0,0,0.000,0.000,-1,0,0,0,67.018
6811,0,0,0.000,0.000,-1,0,0,0,66.887
6812,0,0,0.000,0.000,-1,0,0,0,63.939
6813,0,0,0.000,0.000,-1,0,0,0,80.635
6814,0,0,0.000,0.000,-1,0,0,0,65.201
6815,0,0,0.000,0.000,-1,0,0,0,65.502
6816,0,1,83.492,84.427,-1,0,0,0,70.423
6817,0,0,0.000,0.000,-1,0,0,0,74.226
6818,0,0,0.000,0.000,-1,0,0,0,70.164
6819,0,0,0.000,0.000,-1,0,0,0,76.423
6820,0,0,0.000,0.000,-1,0,0,0,68.739
6821,0,0,0.000,0.000,-1,0,0,0,67.667
6822,0,0,0.000,0.000,-1,0,0,0,69.350
6823,0,0,0.000,0.000,-1,0,0,0,68.693
6824,0,0,0.000,0.000,-1,0,0,0,70.444
6825,0,0,0.000,0.000,-1,0,0,0,70.226
6826,0,0,0.000,0.000,-1,0,0,0,69.441
6827,0,0,0.000,0.000,-1,0,0,0,68.726
6828,0,0,0.000,0.000,-1,0,0,0,70.647
6829,0,0,0.000,0.000,-1,0,0,0,70.164
6830,0,0,0.000,0.000,-1,0,0,0,67.218
6831,0,0,0.000,0.000,-1,0,0,0,71.339
6832,0,0,0.000,0.000,-1,0,0,0,68.132
6833,0,0,0.000,0.000,-1,0,0,0,68.461
6834,0,0,0.000,0.000,-1,0,0,0,68.078
6835,0,0,0.000,0.000,-1,0,0,0,68.386
6836,0,0,0.000,0.000,-1,0,0,0,73.186
6837,0,0,0.000,0.000,-1,0,0,0,72.176
6838,0,0,0.000,0.000,-1,0,0,0,72.434
6839,0,0,0.000,0.000,-1,0,0,0,68.720
6840,0,0,0.000,0.000,-1,0,0,0,66.179
6841,0,0,0.000,0.000,-1,0,0,0,68.221
6842,0,0,0.000,0.000,-1,0,0,0,70.853
6843,0,0,0.000,0.000,-1,0,0,0,68.005
6844,0,0,0.000,0.000,-1,0,0,0,67.352
6845,0,0,0.000,0.000,-1,0,0,0,69.106
6846,0,0,0.000,0.000,-1,0,0,0,67.669
6847,0,0,0.000,0.000,-1,0,0,0,67.444
6848,0,1,83.609,85.682,-1,0,0,0,63.654
6849,0,0,0.000,0.000,-1,0,0,0,71.782
6850,0,0,0.000,0.000,-1,0,0,0,67.963
6851,0,0,0.000,0.000,-1,0,0,0,66.722
6852,0,0,0.000,0.000,-1,0,0,0,66.977
6853,0,0,0.000,0.000,-1,0,0,0,68.323
6854,0,0,0.000,0.000,-1,0,0,0,73.319
6855,0,0,0.000,0.000,-1,0,0,0,71.747
6856,0,0,0.000,0.000,-1,0,0,0,70.224
6857,0,0,0.000,0.000,-1,0,0,0,68.254
6858,0,0,0.000,0.000,-1,0,0,0,70.556
6859,0,0,0.000,0.000,-1,0,0,0,69.178
6860,0,0,0.000,0.000,-1,0,0,0,69.782
6861,0,0,0.000,0.000,-1,0,0,0,72.035
6862,0,0,0.000,0.000,-1,0,0,0,70.007
6863,0,0,0.000,0.000,-1,0,0,0,70.585
6864,0,0,0.000,0.000,-1,0,0,0,72.576
6865,0,0,0.000,0.000,-1,0,0,0,68.778
6866,0,0,0.000,0.000,-1,0,0,0,68.788
6867,0,0,0.000,0.000,-1,0,0,0,67.305
6868,0,0,0.000,0.000,-1,0,0,0,72.365
6869,0,0,0.000,0.000,-1,0,0,0,65.551
6870,0,0,0.000,0.000,-1,0,0,0,66.943
6871,0,0,0.000,0.000,-1,0,0,0,66.727
6872,0,0,0.000,0.000,-1,0,0,0,65.784
6873,0,0,0.000,0.000,-1,0,0,0,66.567
6874,0,0,0.000,0.000,-1,0,0,0,67.742
6875,0,0,0.000,0.000,-1,0,0,0,66.443
6876,0,0,0.000,0.000,-1,0,0,0,66.927
6877,0,0,0.000,0.000,-1,0,0,0,65.670
6878,0,0,0.000,0.000,-1,0,0,0,66.191
6879,0,0,0.000,0.000,-1,0,0,0,66.214
6880,0,1,82.791,83.787,-1,0,0,0,65.263
6881,0,0,0.000,0.000,-1,0,0,0,66.816
6882,0,0,0.000,0.000,-1,0,0,0,66.941
6883,0,0,0.000,0.000,-1,0,0,0,66.643
6884,0,0,0.000,0.000,-1,0,0,0,68.581
6885,0,0,0.000,0.000,-1,0,0,0,68.349
6886,0,0,0.000,0.000,-1,0,0,0,67.379
6887,0,0,0.000,0.000,-1,0,0,0,65.904
6888,0,0,0.000,0.000,-1,0,0,0,64.744
6889,0,0,0.000,0.000,-1,0,0,0,67.022
6890,0,0,0.000,0.000,-1,0,0,0,66.724
6891,0,0,0.000,0.000,-1,0,0,0,67.464
6892,0,0,0.000,0.000,-1,0,0,0,65.303
6893,0,0,0.000,0.000,-1,0,0,0,65.378
6894,0,0,0.000,0.000,-1,0,0,0,66.424
6895,0,0,0.000,0.000,-1,0,0,0,66.533
6896,0,0,0.000,0.000,-1,0,0,0,67.022
6897,0,0,0.000,0.000,-1,0,0,0,66.479
6898,0,0,0.000,0.000,-1,0,0,0,65.970
6899,0,0,0.000,0.000,-1,0,0,0,66.272
6900,0,0,0.000,0.000,-1,0,0,0,65.785
6901,0,0,0.000,0.000,-1,0,0,0,69.484
6902,0,0,0.000,0.000,-1,0,0,0,65.148
6903,0,0,0.000,0.000,-1,0,0,0,66.814
6904,0,0,0.000,0.000,-1,0,0,0,65.698
6905,0,0,0.000,0.000,-1,0,0,0,66.416
6906,0,0,0.000,0.000,-1,0,0,0,66.545
6907,0,0,0.000,0.000,-1,0,0,0,66.643
6908,0,0,0.000,0.000,-1,0,0,0,66.300
6909,0,0,0.000,0.000,-1,0,0,0,66.857
6910,0,0,0.000,0.000,-1,0,0,0,66.082
6911,0,0,0.000,0.000,-1,0,0,0,67.384
6912,0,1,83.364,84.420,-1,0,0,0,68.397
6913,0,0,0.000,0.000,-1,0,0,0,68.813
6914,0,0,0.000,0.000,-1,0,0,0,75.152
6915,0,0,0.000,0.000,-1,0,0,0,86.794
6916,0,0,0.000,0.000,-1,0,0,0,66.105
6917,0,0,0.000,0.000,-1,0,0,0,64.967
6918,0,0,0.000,0.000,-1,0,0,0,68.651
6919,0,0,0.000,0.000,-1,0,0,0,67.571
6920,0,0,0.000,0.000,-1,0,0,0,65.766
6921,0,0,0.000,0.000,-1,0,0,0,67.632
6922,0,0,0.000,0.000,-1,0,0,0,65.563
6923,0,0,0.000,0.000,-1,0,0,0,66.988
6924,0,0,0.000,0.000,-1,0,0,0,66.003
6925,0,0,0.000,0.000,-1,0,0,0,69.270
6926,0,0,0.000,0.000,-1,0,0,0,66.403
6927,0,0,0.000,0.000,-1,0,0,0,67.533
6928,0,0,0.000,0.000,-1,0,0,0,65.305
6929,0,0,0.000,0.000,-1,0,0,0,66.949
6930,0,0,0.000,0.000,-1,0,0,0,69.476
6931,0,0,0.000,0.000,-1,0,0,0,67.383
6932,0,0,0.000,0.000,-1,0,0,0,67.447
6933,0,0,0.000,0.000,-1,0,0,0,66.653
6934,0,0,0.000,0.000,-1,0,0,0,67.693
6935,0,0,0.000,0.000,-1,0,0,0,66.147
6936,0,0,0.000,0.000,-1,0,0,0,66.496
6937,0,0,0.000,0.000,-1,0,0,0,66.553
6938,0,0,0.000,0.000,-1,0,0,0,68.481
6939,0,0,0.000,0.000,-1,0,0,0,66.040
6940,0,0,0.000,0.000,-1,0,0,0,66.889
6941,0,0,0.000,0.000,-1,0,0,0,66.889
6942,0,0,0.000,0.000,-1,0,0,0,64.495
6943,0,0,0.000,0.000,-1,0,0,0,66.987
6944,0,1,82.659,83.530,-1,0,0,0,66.916
6945,0,0,0.000,0.000,-1,0,0,0,66.002
6946,0,0,0.000,0.000,-1,0,0,0,64.030
6947,0,0,0.000,0.000,-1,0,0,0,65.600
6948,0,0,0.000,0.000,-1,0,0,0,66.518
6949,0,0,0.000,0.000,-1,0,0,0,64.020
6950,0,0,0.000,0.000,-1,0,0,0,67.025
6951,0,0,0.000,0.000,-1,0,0,0,63.997
6952,0,0,0.000,0.000,-1,0,0,0,70.719
6953,0,0,0.000,0.000,-1,0,0,0,69.909
6954,0,0,0.000,0.000,-1,0,0,0,70.963
6955,0,0,0.000,0.000,-1,0,0,0,72.890
6956,0,0,0.000,0.000,-1,0,0,0,73.638
6957,0,0,0.000,0.000,-1,0,0,0,74.713
6958,0,0,0.000,0.000,-1,0,0,0,68.359
6959,0,0,0.000,0.000,-1,0,0,0,69.307
6960,0,0,0.000,0.000,-1,0,0,0,71.632
6961,0,0,0.000,0.000,-1,0,0,0,71.141
6962,0,0,0.000,0.000,-1,0,0,0,67.249
6963,0,0,0.000,0.000,-1,0,0,0,71.862
6964,0,0,0.000,0.000,-1,0,0,0,70.191
6965,0,0,0.000,0.000,-1,0,0,0,65.883
6966,0,0,0.000,0.000,-1,0,0,0,64.336
6967,0,0,0.000,0.000,-1,0,0,0,66.040
6968,0,0,0.000,0.000,-1,0,0,0,64.209
6969,0,0,0.000,0.000,-1,0,0,0,68.800
6970,0,0,0.000,0.000,-1,0,0,0,65.644
6971,0,0,0.000,0.000,-1,0,0,0,66.307
6972,0,0,0.000,0.000,-1,0,0,0,73.483
6973,0,0,0.000,0.000,-1,0,0,0,67.144
6974,0,0,0.000,0.000,-1,0,0,0,66.321
6975,0,0,0.000,0.000,-1,0,0,0,65.538
6976,0,1,83.542,84.452,-1,0,0,0,68.494
6977,0,0,0.000,0.000,-1,0,0,0,71.209
6978,0,0,0.000,0.000,-1,0,0,0,73.115
6979,0,0,0.000,0.000,-1,0,0,0,70.625
6980,0,0,0.000,0.000,-1,0,0,0,70.586
6981,0,0,0.000,0.000,-1,0,0,0,74.192
6982,0,0,0.000,0.000,-1,0,0,0,67.964
6983,0,0,0.000,0.000,-1,0,0,0,70.433
6984,0,0,0.000,0.000,-1,0,0,0,69.875
6985,0,0,0.000,0.000,-1,0,0,0,67.219
6986,0,0,0.000,0.000,-1,0,0,0,70.662
6987,0,0,0.000,0.000,-1,0,0,0,72.341
6988,0,0,0.000,0.000,-1,0,0,0,70.393
6989,0,0,0.000,0.000,-1,0,0,0,69.249
6990,0,0,0.000,0.000,-1,0,0,0,69.503
6991,0,0,0.000,0.000,-1,0,0,0,74.901
6992,0,0,0.000,0.000,-1,0,0,0,69.983
6993,0,0,0.000,0.000,-1,0,0,0,74.416
6994,0,0,0.000,0.000,-1,0,0,0,70.478
6995,0,0,0.000,0.000,-1,0,0,0,70.420
6996,0,0,0.000,0.000,-1,0,0,0,70.443
6997,0,0,0.000,0.000,-1,0,0,0,71.984
6998,0,0,0.000,0.000,-1,0,0,0,69.677
6999,0,0,0.000,0.000,-1,0,0,0,68.494
7000,0,0,0.000,0.000,-1,0,0,0,69.974
7001,0,0,0.000,0.000,-1,0,0,0,71.018
7002,0,0,0.000,0.000,-1,0,0,0,71.501
7003,0,0,0.000,0.000,-1,0,0,0,73.091
7004,0,0,0.000,0.000,-1,0,0,0,69.133
7005,0,0,0.000,0.000,-1,0,0,0,69.790
7006,0,0,0.000,0.000,-1,0,0,0,68.296
7007,0,0,0.000,0.000,-1,0,0,0,70.107
7008,0,1,83.457,86.069,-1,0,0,0,72.132
7009,0,0,0.000,0.000,-1,0,0,0,71.525
7010,0,0,0.000,0.000,-1,0,0,0,69.434
7011,0,0,0.000,0.000,-1,0,0,0,70.607
7012,0,0,0.000,0.000,-1,0,0,0,67.778
7013,0,0,0.000,0.000,-1,0,0,0,70.322
7014,0,0,0.000,0.000,-1,0,0,0,70.924
7015,0,0,0.000,0.000,-1,0,0,0,70.953
7016,0,0,0.000,0.000,-1,0,0,0,72.341
7017,0,0,0.000,0.000,-1,0,0,0,68.623
7018,0,0,0.000,0.000,-1,0,0,0,66.913
7019,0,0,0.000,0.000,-1,0,0,0,68.515
7020,0,0,0.000,0.000,-1,0,0,0,70.977
7021,0,0,0.000,0.000,-1,0,0,0,69.727
7022,0,0,0.000,0.000,-1,0,0,0,71.198
7023,0,0,0.000,0.000,-1,0,0,0,68.007
7024,0,0,0.000,0.000,-1,0,0,0,66.586
7025,0,0,0.000,0.000,-1,0,0,0,68.969
7026,0,0,0.000,0.000,-1,0,0,0,68.083
7027,0,0,0.000,0.000,-1,0,0,0,68.260
7028,0,0,0.000,0.000,-1,0,0,0,70.378
7029,0,0,0.000,0.000,-1,0,0,0,73.544
7030,0,0,0.000,0.000,-1,0,0,0,70.432
7031,0,0,0.000,0.000,-1,0,0,0,67.492
7032,0,0,0.000,0.000,-1,0,0,0,69.254
7033,0,0,0.000,0.000,-1,0,0,0,73.972
7034,0,0,0.000,0.000,-1,0,0,0,78.087
7035,0,0,0.000,0.000,-1,0,0,0,69.732
7036,0,0,0.000,0.000,-1,0,0,0,68.876
7037,0,0,0.000,0.000,-1,0,0,0,71.209
7038,0,0,0.000,0.000,-1,0,0,0,71.454
7039,0,0,0.000,0.000,-1,0,0,0,71.046
7040,0,1,83.130,84.198,-1,0,0,0,65.117
7041,0,0,0.000,0.000,-1,0,0,0,68.151
7042,0,0,0.000,0.000,-1,0,0,0,70.099
7043,0,0,0.000,0.000,-1,0,0,0,67.656
7044,0,0,0.000,0.000,-1,0,0,0,71.520
7045,0,0,0.000,0.000,-1,0,0,0,68.392
7046,0,0,0.000,0.000,-1,0,0,0,72.386
7047,0,0,0.000,0.000,-1,0,0,0,67.083
7048,0,0,0.000,0.000,-1,0,0,0,70.696
7049,0,0,0.000,0.000,-1,0,0,0,71.223
7050,0,0,0.000,0.000,-1,0,0,0,71.553
7051,0,0,0.000,0.000,-1,0,0,0,69.674
7052,0,0,0.000,0.000,-1,0,0,0,69.457
7053,0,0,0.000,0.000,-1,0,0,0,73.428
7054,0,0,0.000,0.000,-1,0,0,0,73.479
7055,0,0,0.000,0.000,-1,0,0,0,70.667
7056,0,0,0.000,0.000,-1,0,0,0,70.056
7057,0,0,0.000,0.000,-1,0,0,0,68.335
7058,0,0,0.000,0.000,-1,0,0,0,71.472
7059,0,0,0.000,0.000,-1,0,0,0,72.863
7060,0,0,0.000,0.000,-1,0,0,0,67.646
7061,0,0,0.000,0.000,-1,0,0,0,70.731
7062,0,0,0.000,0.000,-1,0,0,0,70.496
7063,0,0,0.000,0.000,-1,0,0,0,68.771
7064,0,0,0.000,0.000,-1,0,0,0,68.676
7065,0,0,0.000,0.000,-1,0,0,0,68.052
7066,0,0,0.000,0.000,-1,0,0,0,69.929
7067,0,0,0.000,0.000,-1,0,0,0,68.398
7068,0,0,0.000,0.000,-1,0,0,0,69.135
7069,0,0,0.000,0.000,-1,0,0,0,72.001
7070,0,0,0.000,0.000,-1,0,0,0,70.293
7071,0,0,0.000,0.000,-1,0,0,0,70.712
7072,0,1,83.010,84.405,-1,0,0,0,69.761
7073,0,0,0.000,0.000,-1,0,0,0,72.046
7074,0,0,0.000,0.000,-1,0,0,0,68.937
7075,0,0,0.000,0.000,-1,0,0,0,72.104
7076,0,0,0.000,0.000,-1,0,0,0,70.111
7077,0,0,0.000,0.000,-1,0,0,0,70.397
7078,0,0,0.000,0.000,-1,0,0,0,68.854
7079,0,0,0.000,0.000,-1,0,0,0,72.797
7080,0,0,0.000,0.000,-1,0,0,0,68.264
7081,0,0,0.000,0.000,-1,0,0,0,69.394
7082,0,0,0.000,0.000,-1,0,0,0,70.608
7083,0,0,0.000,0.000,-1,0,0,0,69.337
7084,0,0,0.000,0.000,-1,0,0,0,69.754
7085,0,0,0.000,0.000,-1,0,0,0,69.617
7086,0,0,0.000,0.000,-1,0,0,0,72.033
7087,0,0,0.000,0.000,-1,0,0,0,67.300
7088,0,0,0.000,0.000,-1,0,0,0,68.220
7089,0,0,0.000,0.000,-1,0,0,0,68.238
7090,0,0,0.000,0.000,-1,0,0,0,68.522
7091,0,0,0.000,0.000,-1,0,0,0,68.132
7092,0,0,0.000,0.000,-1,0,0,0,70.551
7093,0,0,0.000,0.000,-1,0,0,0,71.343
7094,0,0,0.000,0.000,-1,0,0,0,72.264
7095,0,0,0.000,0.000,-1,0,0,0,69.806
7096,0,0,0.000,0.000,-1,0,0,0,71.708
7097,0,0,0.000,0.000,-1,0,0,0,68.400
7098,0,0,0.000,0.000,-1,0,0,0,68.716
7099,0,0,0.000,0.000,-1,0,0,0,71.105
7100,0,0,0.000,0.000,-1,0,0,0,68.771
7101,0,0,0.000,0.000,-1,0,0,0,70.180
7102,0,0,0.000,0.000,-1,0,0,0,68.349
7103,0,0,0.000,0.000,-1,0,0,0,69.609
7104,0,1,83.003,84.447,-1,0,0,0,69.657
7105,0,0,0.000,0.000,-1,0,0,0,71.636
7106,0,0,0.000,0.000,-1,0,0,0,71.399
7107,0,0,0.000,0.000,-1,0,0,0,73.038
7108,0,0,0.000,0.000,-1,0,0,0,69.195
7109,0,0,0.000,0.000,-1,0,0,0,68.197
7110,0,0,0.000,0.000,-1,0,0,0,69.110
7111,0,0,0.000,0.000,-1,0,0,0,72.117
7112,0,0,0.000,0.000,-1,0,0,0,71.460
7113,0,0,0.000,0.000,-1,0,0,0,72.652
7114,0,0,0.000,0.000,-1,0,0,0,72.285
7115,0,0,0.000,0.000,-1,0,0,0,71.463
7116,0,0,0.000,0.000,-1,0,0,0,71.345
7117,0,0,0.000,0.000,-1,0,0,0,72.695
7118,0,0,0.000,0.000,-1,0,0,0,70.333
7119,0,0,0.000,0.000,-1,0,0,0,73.623
7120,0,0,0.000,0.000,-1,0,0,0,70.736
7121,0,0,0.000,0.000,-1,0,0,0,71.744
7122,0,0,0.000,0.000,-1,0,0,0,70.515
7123,0,0,0.000,0.000,-1,0,0,0,67.912
7124,0,0,0.000,0.000,-1,0,0,0,69.645
7125,0,0,0.000,0.000,-1,0,0,0,71.565
7126,0,0,0.000,0.000,-1,0,0,0,73.045
7127,0,0,0.000,0.000,-1,0,0,0,68.502
7128,0,0,0.000,0.000,-1,0,0,0,68.481
7129,0,0,0.000,0.000,-1,0,0,0,69.808
7130,0,0,0.000,0.000,-1,0,0,0,70.615
7131,0,0,0.000,0.000,-1,0,0,0,72.094
7132,0,0,0.000,0.000,-1,0,0,0,72.440
7133,0,0,0.000,0.000,-1,0,0,0,72.284
7134,0,0,0.000,0.000,-1,0,0,0,70.397
7135,0,0,0.000,0.000,-1,0,0,0,70.235
7136,0,1,83.034,85.089,-1,0,0,0,70.175
7137,0,0,0.000,0.000,-1,0,0,0,68.514
7138,0,0,0.000,0.000,-1,0,0,0,69.475
7139,0,0,0.000,0.000,-1,0,0,0,70.754
7140,0,0,0.000,0.000,-1,0,0,0,70.567
7141,0,0,0.000,0.000,-1,0,0,0,72.453
7142,0,0,0.000,0.000,-1,0,0,0,69.966
7143,0,0,0.000,0.000,-1,0,0,0,71.625
7144,0,0,0.000,0.000,-1,0,0,0,70.291
7145,0,0,0.000,0.000,-1,0,0,0,68.269
7146,0,0,0.000,0.000,-1,0,0,0,71.007
7147,0,0,0.000,0.000,-1,0,0,0,70.875
7148,0,0,0.000,0.000,-1,0,0,0,70.704
7149,0,0,0.000,0.000,-1,0,0,0,72.228
7150,0,0,0.000,0.000,-1,0,0,0,69.866
7151,0,0,0.000,0.000,-1,0,0,0,69.868
7152,0,0,0.000,0.000,-1,0,0,0,74.423
7153,0,0,0.000,0.000,-1,0,0,0,68.504
7154,0,0,0.000,0.000,-1,0,0,0,72.032
7155,0,0,0.000,0.000,-1,0,0,0,70.923
7156,0,0,0.000,0.000,-1,0,0,0,69.484
7157,0,0,0.000,0.000,-1,0,0,0,71.294
7158,0,0,0.000,0.000,-1,0,0,0,71.875
7159,0,0,0.000,0.000,-1,0,0,0,69.878
7160,0,0,0.000,0.000,-1,0,0,0,72.484
7161,0,0,0.000,0.000,-1,0,0,0,67.283
7162,0,0,0.000,0.000,-1,0,0,0,67.952
7163,0,0,0.000,0.000,-1,0,0,0,73.901
7164,0,0,0.000,0.000,-1,0,0,0,78.645
7165,0,0,0.000,0.000,-1,0,0,0,71.956
7166,0,0,0.000,0.000,-1,0,0,0,72.114
7167,0,0,0.000,0.000,-1,0,0,0,73.576
7168,0,1,82.867,84.202,-1,0,0,0,69.245
7169,0,0,0.000,0.000,-1,0,0,0,96.787
7170,0,0,0.000,0.000,-1,0,0,0,85.083
7171,0,0,0.000,0.000,-1,0,0,0,82.317
7172,0,0,0.000,0.000,-1,0,0,0,80.172
7173,0,0,0.000,0.000,-1,0,0,0,71.033
7174,0,0,0.000,0.000,-1,0,0,0,70.797
7175,0,0,0.000,0.000,-1,0,0,0,70.033
7176,0,0,0.000,0.000,-1,0,0,0,70.524
7177,0,0,0.000,0.000,-1,0,0,0,72.253
7178,0,0,0.000,0.000,-1,0,0,0,70.802
7179,0,0,0.000,0.000,-1,0,0,0,73.983
7180,0,0,0.000,0.000,-1,0,0,0,86.660
7181,0,0,0.000,0.000,-1,0,0,0,94.242
7182,0,0,0.000,0.000,-1,0,0,0,83.199
7183,0,0,0.000,0.000,-1,0,0,0,83.359
7184,0,0,0.000,0.000,-1,0,0,0,72.998
7185,0,0,0.000,0.000,-1,0,0,0,69.438
7186,0,0,0.000,0.000,-1,0,0,0,67.908
7187,0,0,0.000,0.000,-1,0,0,0,72.139
7188,0,0,0.000,0.000,-1,0,0,0,69.232
7189,0,0,0.000,0.000,-1,0,0,0,70.364
7190,0,0,0.000,0.000,-1,0,0,0,72.484
7191,0,0,0.000,0.000,-1,0,0,0,72.402
7192,0,0,0.000,0.000,-1,0,0,0,70.202
7193,0,0,0.000,0.000,-1,0,0,0,71.597
7194,0,0,0.000,0.000,-1,0,0,0,67.734
7195,0,0,0.000,0.000,-1,0,0,0,71.597
7196,0,0,0.000,0.000,-1,0,0,0,69.096
7197,0,0,0.000,0.000,-1,0,0,0,66.374
7198,0,0,0.000,0.000,-1,0,0,0,67.073
7199,0,0,0.000,0.000,-1,0,0,0,69.688
7200,0,1,84.016,86.389,-1,0,0,0,66.322
7201,0,0,0.000,0.000,-1,0,0,0,69.864
7202,0,0,0.000,0.000,-1,0,0,0,73.674
7203,0,0,0.000,0.000,-1,0,0,0,72.150
7204,0,0,0.000,0.000,-1,0,0,0,68.164
7205,0,0,0.000,0.000,-1,0,0,0,66.590
7206,0,0,0.000,0.000,-1,0,0,0,67.760
7207,0,0,0.000,0.000,-1,0,0,0,70.690
7208,0,0,0.000,0.000,-1,0,0,0,70.929
7209,0,0,0.000,0.000,-1,0,0,0,69.543
7210,0,0,0.000,0.000,-1,0,0,0,70.286
7211,0,0,0.000,0.000,-1,0,0,0,70.955
7212,0,0,0.000,0.000,-1,0,0,0,67.551
7213,0,0,0.000,0.000,-1,0,0,0,69.947
7214,0,0,0.000,0.000,-1,0,0,0,69.404
7215,0,0,0.000,0.000,-1,0,0,0,72.042
7216,0,0,0.000,0.000,-1,0,0,0,72.129
7217,0,0,0.000,0.000,-1,0,0,0,74.311
7218,0,0,0.000,0.000,-1,0,0,0,69.638
7219,0,0,0.000,0.000,-1,0,0,0,70.154
7220,0,0,0.000,0.000,-1,0,0,0,67.427
7221,0,0,0.000,0.000,-1,0,0,0,68.100
7222,0,0,0.000,0.000,-1,0,0,0,75.295
7223,0,0,0.000,0.000,-1,0,0,0,66.885
7224,0,0,0.000,0.000,-1,0,0,0,68.579
7225,0,0,0.000,0.000,-1,0,0,0,71.701
7226,0,0,0.000,0.000,-1,0,0,0,69.845
7227,0,0,0.000,0.000,-1,0,0,0,84.101
7228,0,0,0.000,0.000,-1,0,0,0,74.282
7229,0,0,0.000,0.000,-1,0,0,0,71.551
7230,0,0,0.000,0.000,-1,0,0,0,70.550
7231,0,0,0.000,0.000,-1,0,0,0,66.532
7232,0,1,84.002,84.957,-1,0,0,0,69.042
7233,0,0,0.000,0.000,-1,0,0,0,79.530
7234,0,0,0.000,0.000,-1,0,0,0,65.996
7235,0,0,0.000,0.000,-1,0,0,0,66.840
7236,0,0,0.000,0.000,-1,0,0,0,65.661
7237,0,0,0.000,0.000,-1,0,0,0,65.566
7238,0,0,0.000,0.000,-1,0,0,0,68.132
7239,0,0,0.000,0.000,-1,0,0,0,65.196
7240,0,0,0.000,0.000,-1,0,0,0,67.968
7241,0,0,0.000,0.000,-1,0,0,0,66.354
7242,0,0,0.000,0.000,-1,0,0,0,66.609
7243,0,0,0.000,0.000,-1,0,0,0,67.861
7244,0,0,0.000,0.000,-1,0,0,0,66.613
7245,0,0,0.000,0.000,-1,0,0,0,65.467
7246,0,0,0.000,0.000,-1,0,0,0,65.738
7247,0,0,0.000,0.000,-1,0,0,0,65.724
7248,0,0,0.000,0.000,-1,0,0,0,67.058
7249,0,0,0.000,0.000,-1,0,0,0,66.347
7250,0,0,0.000,0.000,-1,0,0,0,66.075
7251,0,0,0.000,0.000,-1,0,0,0,65.352
7252,0,0,0.000,0.000,-1,0,0,0,65.752
7253,0,0,0.000,0.000,-1,0,0,0,65.023
7254,0,0,0.000,0.000,-1,0,0,0,67.916
7255,0,0,0.000,0.000,-1,0,0,0,65.901
7256,0,0,0.000,0.000,-1,0,0,0,65.799
7257,0,0,0.000,0.000,-1,0,0,0,65.633
7258,0,0,0.000,0.000,-1,0,0,0,66.421
7259,0,0,0.000,0.000,-1,0,0,0,67.316
7260,0,0,0.000,0.000,-1,0,0,0,66.653
7261,0,0,0.000,0.000,-1,0,0,0,66.935
7262,0,0,0.000,0.000,-1,0,0,0,66.207
7263,0,0,0.000,0.000,-1,0,0,0,66.256
7264,0,1,83.530,84.314,-1,0,0,0,66.765
7265,0,0,0.000,0.000,-1,0,0,0,66.238
7266,0,0,0.000,0.000,-1,0,0,0,65.551
7267,0,0,0.000,0.000,-1,0,0,0,67.538
7268,0,0,0.000,0.000,-1,0,0,0,67.338
7269,0,0,0.000,0.000,-1,0,0,0,65.510
7270,0,0,0.000,0.000,-1,0,0,0,65.523
7271,0,0,0.000,0.000,-1,0,0,0,66.863
7272,0,0,0.000,0.000,-1,0,0,0,65.688
7273,0,0,0.000,0.000,-1,0,0,0,66.495
7274,0,0,0.000,0.000,-1,0,0,0,66.068
7275,0,0,0.000,0.000,-1,0,0,0,65.048
7276,0,0,0.000,0.000,-1,0,0,0,66.113
7277,0,0,0.000,0.000,-1,0,0,0,67.405
7278,0,0,0.000,0.000,-1,0,0,0,66.869
7279,0,0,0.000,0.000,-1,0,0,0,65.219
7280,0,0,0.000,0.000,-1,0,0,0,64.339
7281,0,0,0.000,0.000,-1,0,0,0,65.710
7282,0,0,0.000,0.000,-1,0,0,0,66.786
7283,0,0,0.000,0.000,-1,0,0,0,66.296
7284,0,0,0.000,0.000,-1,0,0,0,66.780
7285,0,0,0.000,0.000,-1,0,0,0,69.019
7286,0,0,0.000,0.000,-1,0,0,0,66.096
7287,0,0,0.000,0.000,-1,0,0,0,67.978
7288,0,0,0.000,0.000,-1,0,0,0,67.387
7289,0,0,0.000,0.000,-1,0,0,0,66.198
7290,0,0,0.000,0.000,-1,0,0,0,65.000
7291,0,0,0.000,0.000,-1,0,0,0,67.738
7292,0,0,0.000,0.000,-1,0,0,0,65.317
7293,0,0,0.000,0.000,-1,0,0,0,66.409
7294,0,0,0.000,0.000,-1,0,0,0,67.046
7295,0,0,0.000,0.000,-1,0,0,0,66.342
7296,0,1,82.317,83.876,-1,0,0,0,66.650
7297,0,0,0.000,0.000,-1,0,0,0,71.314
7298,0,0,0.000,0.000,-1,0,0,0,68.920
7299,0,0,0.000,0.000,-1,0,0,0,66.324
7300,0,0,0.000,0.000,-1,0,0,0,65.642
7301,0,0,0.000,0.000,-1,0,0,0,66.919
7302,0,0,0.000,0.000,-1,0,0,0,67.086
7303,0,0,0.000,0.000,-1,0,0,0,66.338
7304,0,0,0.000,0.000,-1,0,0,0,65.784
7305,0,0,0.000,0.000,-1,0,0,0,65.922
7306,0,0,0.000,0.000,-1,0,0,0,67.709
7307,0,0,0.000,0.000,-1,0,0,0,64.778
7308,0,0,0.000,0.000,-1,0,0,0,65.860
7309,0,0,0.000,0.000,-1,0,0,0,65.476
7310,0,0,0.000,0.000,-1,0,0,0,64.598
7311,0,0,0.000,0.000,-1,0,0,0,66.521
7312,0,0,0.000,0.000,-1,0,0,0,66.527
7313,0,0,0.000,0.000,-1,0,0,0,67.901
7314,0,0,0.000,0.000,-1,0,0,0,66.183
7315,0,0,0.000,0.000,-1,0,0,0,65.354
7316,0,0,0.000,0.000,-1,0,0,0,65.706
7317,0,0,0.000,0.000,-1,0,0,0,65.565
7318,0,0,0.000,0.000,-1,0,0,0,65.413
7319,0,0,0.000,0.000,-1,0,0,0,66.970
7320,0,0,0.000,0.000,-1,0,0,0,64.600
7321,0,0,0.000,0.000,-1,0,0,0,68.932
7322,0,0,0.000,0.000,-1,0,0,0,66.375
7323,0,0,0.000,0.000,-1,0,0,0,65.039
7324,0,0,0.000,0.000,-1,0,0,0,66.901
7325,0,0,0.000,0.000,-1,0,0,0,64.740
7326,0,0,0.000,0.000,-1,0,0,0,66.150
7327,0,0,0.000,0.000,-1,0,0,0,66.063
7328,0,1,82.499,83.274,-1,0,0,0,66.394
7329,0,0,0.000,0.000,-1,0,0,0,69.996
7330,0,0,0.000,0.000,-1,0,0,0,67.433
7331,0,0,0.000,0.000,-1,0,0,0,65.469
7332,0,0,0.000,0.000,-1,0,0,0,64.966
7333,0,0,0.000,0.000,-1,0,0,0,66.725
7334,0,0,0.000,0.000,-1,0,0,0,66.469
7335,0,0,0.000,0.000,-1,0,0,0,74.449
7336,0,0,0.000,0.000,-1,0,0,0,71.351
7337,0,0,0.000,0.000,-1,0,0,0,73.444
7338,0,0,0.000,0.000,-1,0,0,0,69.976
7339,0,0,0.000,0.000,-1,0,0,0,66.881
7340,0,0,0.000,0.000,-1,0,0,0,67.743
7341,0,0,0.000,0.000,-1,0,0,0,67.394
7342,0,0,0.000,0.000,-1,0,0,0,69.066
7343,0,0,0.000,0.000,-1,0,0,0,65.934
7344,0,0,0.000,0.000,-1,0,0,0,66.115
7345,0,0,0.000,0.000,-1,0,0,0,67.601
7346,0,0,0.000,0.000,-1,0,0,0,73.640
7347,0,0,0.000,0.000,-1,0,0,0,230.342
7348,0,0,0.000,0.000,-1,0,0,0,116.075
7349,0,0,0.000,0.000,-1,0,0,0,92.985
7350,0,0,0.000,0.000,-1,0,0,0,216.994
7351,0,0,0.000,0.000,-1,0,0,0,92.547
7352,0,0,0.000,0.000,-1,0,0,0,185.545
7353,0,0,0.000,0.000,-1,0,0,0,185.402
7354,0,0,0.000,0.000,-1,0,0,0,98.439
7355,0,0,0.000,0.000,-1,0,0,0,153.760
7356,0,0,0.000,0.000,-1,0,0,0,107.918
7357,0,0,0.000,0.000,-1,0,0,0,124.501
7358,0,0,0.000,0.000,-1,0,0,0,121.787
7359,0,0,0.000,0.000,-1,0,0,0,197.783
7360,0,1,83.890,84.806,-1,0,0,0,164.271
7361,0,0,0.000,0.000,-1,0,0,0,77.990
7362,0,0,0.000,0.000,-1,0,0,0,77.706
7363,0,0,0.000,0.000,-1,0,0,0,84.473
7364,0,0,0.000,0.000,-1,0,0,0,79.703
7365,0,0,0.000,0.000,-1,0,0,0,77.852
7366,0,0,0.000,0.000,-1,0,0,0,87.969
7367,0,0,0.000,0.000,-1,0,0,0,99.092
7368,0,0,0.000,0.000,-1,0,0,0,98.265
7369,0,0,0.000,0.000,-1,0,0,0,99.089
7370,0,0,0.000,0.000,-1,0,0,0,88.442
7371,0,0,0.000,0.000,-1,0,0,0,83.581
7372,0,0,0.000,0.000,-1,0,0,0,88.637
7373,0,0,0.000,0.000,-1,0,0,0,86.407
7374,0,0,0.000,0.000,-1,0,0,0,89.127
7375,0,0,0.000,0.000,-1,0,0,0,86.510
7376,0,0,0.000,0.000,-1,0,0,0,75.840
7377,0,0,0.000,0.000,-1,0,0,0,72.855
7378,0,0,0.000,0.000,-1,0,0,0,75.873
7379,0,0,0.000,0.000,-1,0,0,0,73.861
7380,0,0,0.000,0.000,-1,0,0,0,73.308
7381,0,0,0.000,0.000,-1,0,0,0,75.354
7382,0,0,0.000,0.000,-1,0,0,0,70.904
7383,0,0,0.000,0.000,-1,0,0,0,69.431
7384,0,0,0.000,0.000,-1,0,0,0,70.057
7385,0,0,0.000,0.000,-1,0,0,0,67.855
7386,0,0,0.000,0.000,-1,0,0,0,69.230
7387,0,0,0.000,0.000,-1,0,0,0,69.282
7388,0,0,0.000,0.000,-1,0,0,0,67.997
7389,0,0,0.000,0.000,-1,0,0,0,68.081
7390,0,0,0.000,0.000,-1,0,0,0,70.230
7391,0,0,0.000,0.000,-1,0,0,0,68.255
7392,0,1,82.358,83.205,-1,0,0,0,70.795
7393,0,0,0.000,0.000,-1,0,0,0,70.722
7394,0,0,0.000,0.000,-1,0,0,0,67.269
7395,0,0,0.000,0.000,-1,0,0,0,66.857
7396,0,0,0.000,0.000,-1,0,0,0,65.724
7397,0,0,0.000,0.000,-1,0,0,0,66.759
7398,0,0,0.000,0.000,-1,0,0,0,67.103
7399,0,0,0.000,0.000,-1,0,0,0,68.813
7400,0,0,0.000,0.000,-1,0,0,0,67.461
7401,0,0,0.000,0.000,-1,0,0,0,68.375
7402,0,0,0.000,0.000,-1,0,0,0,68.811
7403,0,0,0.000,0.000,-1,0,0,0,66.839
7404,0,0,0.000,0.000,-1,0,0,0,69.670
7405,0,0,0.000,0.000,-1,0,0,0,67.434
7406,0,0,0.000,0.000,-1,0,0,0,69.702
7407,0,0,0.000,0.000,-1,0,0,0,73.089
7408,0,0,0.000,0.000,-1,0,0,0,67.083
7409,0,0,0.000,0.000,-1,0,0,0,66.396
7410,0,0,0.000,0.000,-1,0,0,0,68.298
7411,0,0,0.000,0.000,-1,0,0,0,68.502
7412,0,0,0.000,0.000,-1,0,0,0,67.570
7413,0,0,0.000,0.000,-1,0,0,0,67.864
7414,0,0,0.000,0.000,-1,0,0,0,68.375
7415,0,0,0.000,0.000,-1,0,0,0,67.251
7416,0,0,0.000,0.000,-1,0,0,0,67.148
7417,0,0,0.000,0.000,-1,0,0,0,77.150
7418,0,0,0.000,0.000,-1,0,0,0,71.680
7419,0,0,0.000,0.000,-1,0,0,0,69.859
7420,0,0,0.000,0.000,-1,0,0,0,68.102
7421,0,0,0.000,0.000,-1,0,0,0,67.616
7422,0,0,0.000,0.000,-1,0,0,0,69.258
7423,0,0,0.000,0.000,-1,0,0,0,70.711
7424,0,1,83.570,84.373,-1,0,0,0,67.252
7425,0,0,0.000,0.000,-1,0,0,0,68.313
7426,0,0,0.000,0.000,-1,0,0,0,73.519
7427,0,0,0.000,0.000,-1,0,0,0,68.120
7428,0,0,0.000,0.000,-1,0,0,0,67.121
7429,0,0,0.000,0.000,-1,0,0,0,67.423
7430,0,0,0.000,0.000,-1,0,0,0,67.558
7431,0,0,0.000,0.000,-1,0,0,0,68.027
7432,0,0,0.000,0.000,-1,0,0,0,66.814
7433,0,0,0.000,0.000,-1,0,0,0,68.629
7434,0,0,0.000,0.000,-1,0,0,0,67.739
7435,0,0,0.000,0.000,-1,0,0,0,68.805
7436,0,0,0.000,0.000,-1,0,0,0,67.101
7437,0,0,0.000,0.000,-1,0,0,0,68.970
7438,0,0,0.000,0.000,-1,0,0,0,67.525
7439,0,0,0.000,0.000,-1,0,0,0,66.779
7440,0,0,0.000,0.000,-1,0,0,0,70.070
7441,0,0,0.000,0.000,-1,0,0,0,67.665
7442,0,0,0.000,0.000,-1,0,0,0,66.409
7443,0,0,0.000,0.000,-1,0,0,0,67.865
7444,0,0,0.000,0.000,-1,0,0,0,68.603
7445,0,0,0.000,0.000,-1,0,0,0,67.961
7446,0,0,0.000,0.000,-1,0,0,0,68.161
7447,0,0,0.000,0.000,-1,0,0,0,68.273
7448,0,0,0.000,0.000,-1,0,0,0,71.571
7449,0,0,0.000,0.000,-1,0,0,0,69.379
7450,0,0,0.000,0.000,-1,0,0,0,67.187
7451,0,0,0.000,0.000,-1,0,0,0,71.194
7452,0,0,0.000,0.000,-1,0,0,0,65.476
7453,0,0,0.000,0.000,-1,0,0,0,67.940
7454,0,0,0.000,0.000,-1,0,0,0,67.175
7455,0,0,0.000,0.000,-1,0,0,0,68.274
7456,0,1,83.053,83.844,-1,0,0,0,66.384
7457,0,0,0.000,0.000,-1,0,0,0,67.818
7458,0,0,0.000,0.000,-1,0,0,0,69.273
7459,0,0,0.000,0.000,-1,0,0,0,69.038
7460,0,0,0.000,0.000,-1,0,0,0,67.383
7461,0,0,0.000,0.000,-1,0,0,0,67.466
7462,0,0,0.000,0.000,-1,0,0,0,68.030
7463,0,0,0.000,0.000,-1,0,0,0,68.277
7464,0,0,0.000,0.000,-1,0,0,0,68.072
7465,0,0,0.000,0.000,-1,0,0,0,66.851
7466,0,0,0.000,0.000,-1,0,0,0,65.965
7467,0,0,0.000,0.000,-1,0,0,0,67.437
7468,0,0,0.000,0.000,-1,0,0,0,67.219
7469,0,0,0.000,0.000,-1,0,0,0,68.162
7470,0,0,0.000,0.000,-1,0,0,0,69.721
7471,0,0,0.000,0.000,-1,0,0,0,68.454
7472,0,0,0.000,0.000,-1,0,0,0,70.217
7473,0,0,0.000,0.000,-1,0,0,0,67.512
7474,0,0,0.000,0.000,-1,0,0,0,67.887
7475,0,0,0.000,0.000,-1,0,0,0,67.664
7476,0,0,0.000,0.000,-1,0,0,0,69.233
7477,0,0,0.000,0.000,-1,0,0,0,66.907
7478,0,0,0.000,0.000,-1,0,0,0,67.782
7479,0,0,0.000,0.000,-1,0,0,0,67.750
7480,0,0,0.000,0.000,-1,0,0,0,68.446
7481,0,0,0.000,0.000,-1,0,0,0,69.699
7482,0,0,0.000,0.000,-1,0,0,0,69.309
7483,0,0,0.000,0.000,-1,0,0,0,87.296
7484,0,0,0.000,0.000,-1,0,0,0,112.557
7485,0,0,0.000,0.000,-1,0,0,0,179.762
7486,0,0,0.000,0.000,-1,0,0,0,152.004
7487,0,0,0.000,0.000,-1,0,0,0,102.435
7488,0,1,82.333,83.326,-1,0,0,0,124.095
7489,0,0,0.000,0.000,-1,0,0,0,120.427
7490,0,0,0.000,0.000,-1,0,0,0,209.357
7491,0,0,0.000,0.000,-1,0,0,0,153.376
7492,0,0,0.000,0.000,-1,0,0,0,124.012
7493,0,0,0.000,0.000,-1,0,0,0,160.971
7494,0,0,0.000,0.000,-1,0,0,0,122.204
7495,0,0,0.000,0.000,-1,0,0,0,149.017
7496,0,0,0.000,0.000,-1,0,0,0,108.781
7497,0,0,0.000,0.000,-1,0,0,0,81.093
7498,0,0,0.000,0.000,-1,0,0,0,91.496
7499,0,0,0.000,0.000,-1,0,0,0,95.370
7500,0,0,0.000,0.000,-1,0,0,0,77.535
7501,0,0,0.000,0.000,-1,0,0,0,80.336
7502,0,0,0.000,0.000,-1,0,0,0,89.240
7503,0,0,0.000,0.000,-1,0,0,0,76.493
7504,0,0,0.000,0.000,-1,0,0,0,75.349
7505,0,0,0.000,0.000,-1,0,0,0,77.269
7506,0,0,0.000,0.000,-1,0,0,0,81.380
7507,0,0,0.000,0.000,-1,0,0,0,78.865
7508,0,0,0.000,0.000,-1,0,0,0,89.752
7509,0,0,0.000,0.000,-1,0,0,0,103.740
7510,0,0,0.000,0.000,-1,0,0,0,98.814
7511,0,0,0.000,0.000,-1,0,0,0,92.249
7512,0,0,0.000,0.000,-1,0,0,0,91.318
7513,0,0,0.000,0.000,-1,0,0,0,90.128
7514,0,0,0.000,0.000,-1,0,0,0,85.364
7515,0,0,0.000,0.000,-1,0,0,0,75.462
7516,0,0,0.000,0.000,-1,0,0,0,73.641
7517,0,0,0.000,0.000,-1,0,0,0,73.475
7518,0,0,0.000,0.000,-1,0,0,0,73.972
7519,0,0,0.000,0.000,-1,0,0,0,73.799
7520,0,1,83.217,84.055,-1,0,0,0,72.793
7521,0,0,0.000,0.000,-1,0,0,0,73.150
7522,0,0,0.000,0.000,-1,0,0,0,71.017
7523,0,0,0.000,0.000,-1,0,0,0,69.838
7524,0,0,0.000,0.000,-1,0,0,0,69.054
7525,0,0,0.000,0.000,-1,0,0,0,68.608
7526,0,0,0.000,0.000,-1,0,0,0,69.650
7527,0,0,0.000,0.000,-1,0,0,0,66.784
7528,0,0,0.000,0.000,-1,0,0,0,68.838
7529,0,0,0.000,0.000,-1,0,0,0,67.692
7530,0,0,0.000,0.000,-1,0,0,0,67.281
7531,0,0,0.000,0.000,-1,0,0,0,70.041
7532,0,0,0.000,0.000,-1,0,0,0,69.536
7533,0,0,0.000,0.000,-1,0,0,0,70.640
7534,0,0,0.000,0.000,-1,0,0,0,68.398
7535,0,0,0.000,0.000,-1,0,0,0,69.448
7536,0,0,0.000,0.000,-1,0,0,0,68.811
7537,0,0,0.000,0.000,-1,0,0,0,69.248
7538,0,0,0.000,0.000,-1,0,0,0,68.420
7539,0,0,0.000,0.000,-1,0,0,0,68.991
7540,0,0,0.000,0.000,-1,0,0,0,67.717
7541,0,0,0.000,0.000,-1,0,0,0,66.961
7542,0,0,0.000,0.000,-1,0,0,0,69.589
7543,0,0,0.000,0.000,-1,0,0,0,68.241
7544,0,0,0.000,0.000,-1,0,0,0,69.338
7545,0,0,0.000,0.000,-1,0,0,0,69.449
7546,0,0,0.000,0.000,-1,0,0,0,67.665
7547,0,0,0.000,0.000,-1,0,0,0,67.810
7548,0,0,0.000,0.000,-1,0,0,0,68.440
7549,0,0,0.000,0.000,-1,0,0,0,67.529
7550,0,0,0.000,0.000,-1,0,0,0,67.991
7551,0,0,0.000,0.000,-1,0,0,0,67.431
7552,0,1,82.652,84.146,-1,0,0,0,65.527
7553,0,0,0.000,0.000,-1,0,0,0,69.717
7554,0,0,0.000,0.000,-1,0,0,0,67.532
7555,0,0,0.000,0.000,-1,0,0,0,67.350
7556,0,0,0.000,0.000,-1,0,0,0,66.804
7557,0,0,0.000,0.000,-1,0,0,0,67.364
7558,0,0,0.000,0.000,-1,0,0,0,67.850
7559,0,0,0.000,0.000,-1,0,0,0,70.279
7560,0,0,0.000,0.000,-1,0,0,0,67.748
7561,0,0,0.000,0.000,-1,0,0,0,68.931
7562,0,0,0.000,0.000,-1,0,0,0,67.886
7563,0,0,0.000,0.000,-1,0,0,0,69.264
7564,0,0,0.000,0.000,-1,0,0,0,69.704
7565,0,0,0.000,0.000,-1,0,0,0,67.703
7566,0,0,0.000,0.000,-1,0,0,0,70.710
7567,0,0,0.000,0.000,-1,0,0,0,67.563
7568,0,0,0.000,0.000,-1,0,0,0,70.263
7569,0,0,0.000,0.000,-1,0,0,0,71.404
7570,0,0,0.000,0.000,-1,0,0,0,66.938
7571,0,0,0.000,0.000,-1,0,0,0,66.725
7572,0,0,0.000,0.000,-1,0,0,0,68.754
7573,0,0,0.000,0.000,-1,0,0,0,69.866
7574,0,0,0.000,0.000,-1,0,0,0,70.656
7575,0,0,0.000,0.000,-1,0,0,0,68.758
7576,0,0,0.000,0.000,-1,0,0,0,69.127
7577,0,0,0.000,0.000,-1,0,0,0,66.940
7578,0,0,0.000,0.000,-1,0,0,0,69.590
7579,0,0,0.000,0.000,-1,0,0,0,65.164
7580,0,0,0.000,0.000,-1,0,0,0,66.014
7581,0,0,0.000,0.000,-1,0,0,0,65.068
7582,0,0,0.000,0.000,-1,0,0,0,67.166
7583,0,0,0.000,0.000,-1,0,0,0,64.627
7584,0,1,82.592,83.393,-1,0,0,0,66.526
7585,0,0,0.000,0.000,-1,0,0,0,69.421
7586,0,0,0.000,0.000,-1,0,0,0,65.971
7587,0,0,0.000,0.000,-1,0,0,0,66.749
7588,0,0,0.000,0.000,-1,0,0,0,67.225
7589,0,0,0.000,0.000,-1,0,0,0,68.737
7590,0,0,0.000,0.000,-1,0,0,0,66.367
7591,0,0,0.000,0.000,-1,0,0,0,67.727
7592,0,0,0.000,0.000,-1,0,0,0,67.231
7593,0,0,0.000,0.000,-1,0,0,0,69.387
7594,0,0,0.000,0.000,-1,0,0,0,71.201
7595,0,0,0.000,0.000,-1,0,0,0,67.186
7596,0,0,0.000,0.000,-1,0,0,0,68.836
7597,0,0,0.000,0.000,-1,0,0,0,68.049
7598,0,0,0.000,0.000,-1,0,0,0,73.083
7599,0,0,0.000,0.000,-1,0,0,0,67.195
