step,slot,new_chunk,gpu_ms,total_ms,stage,black_head,black_left,black_right,step_ms
0,0,1,84.856,87.657,-1,0,0,0,nan
1,0,0,0.000,0.000,-1,0,0,0,138.733
2,0,0,0.000,0.000,-1,0,0,0,60.216
3,0,0,0.000,0.000,-1,0,0,0,63.329
4,0,0,0.000,0.000,-1,0,0,0,62.184
5,0,0,0.000,0.000,-1,0,0,0,93.147
6,0,0,0.000,0.000,-1,0,0,0,63.851
7,0,0,0.000,0.000,-1,0,0,0,61.146
8,0,0,0.000,0.000,-1,0,0,0,58.063
9,0,0,0.000,0.000,-1,0,0,0,62.570
10,0,0,0.000,0.000,-1,0,0,0,58.613
11,0,0,0.000,0.000,-1,0,0,0,54.750
12,0,0,0.000,0.000,-1,0,0,0,56.270
13,0,0,0.000,0.000,-1,0,0,0,62.819
14,0,0,0.000,0.000,-1,0,0,0,55.927
15,0,0,0.000,0.000,-1,0,0,0,61.553
16,0,0,0.000,0.000,-1,0,0,0,55.951
17,0,0,0.000,0.000,-1,0,0,0,54.502
18,0,0,0.000,0.000,-1,0,0,0,56.567
19,0,0,0.000,0.000,-1,0,0,0,53.940
20,0,0,0.000,0.000,-1,0,0,0,53.962
21,0,0,0.000,0.000,-1,0,0,0,54.645
22,0,0,0.000,0.000,-1,0,0,0,55.373
23,0,0,0.000,0.000,-1,0,0,0,52.886
24,0,0,0.000,0.000,-1,0,0,0,56.198
25,0,0,0.000,0.000,-1,0,0,0,51.081
26,0,0,0.000,0.000,-1,0,0,0,53.712
27,0,0,0.000,0.000,-1,0,0,0,52.141
28,0,0,0.000,0.000,-1,0,0,0,50.943
29,0,0,0.000,0.000,-1,0,0,0,61.619
30,0,0,0.000,0.000,-1,0,0,0,70.892
31,0,0,0.000,0.000,-1,0,0,0,51.590
32,0,1,84.730,87.495,-1,0,0,0,50.891
33,0,0,0.000,0.000,-1,0,0,0,52.760
34,0,0,0.000,0.000,-1,0,0,0,52.024
35,0,0,0.000,0.000,-1,0,0,0,52.969
36,0,0,0.000,0.000,-1,0,0,0,57.047
37,0,0,0.000,0.000,-1,0,0,0,52.390
38,0,0,0.000,0.000,-1,0,0,0,52.441
39,0,0,0.000,0.000,-1,0,0,0,53.370
40,0,0,0.000,0.000,-1,0,0,0,52.178
41,0,0,0.000,0.000,-1,0,0,0,52.624
42,0,0,0.000,0.000,-1,0,0,0,56.256
43,0,0,0.000,0.000,-1,0,0,0,51.736
44,0,0,0.000,0.000,-1,0,0,0,53.632
45,0,0,0.000,0.000,-1,0,0,0,60.982
46,0,0,0.000,0.000,-1,0,0,0,53.840
47,0,0,0.000,0.000,-1,0,0,0,59.119
48,0,0,0.000,0.000,-1,0,0,0,56.908
49,0,0,0.000,0.000,-1,0,0,0,49.353
50,0,0,0.000,0.000,-1,0,0,0,48.921
51,0,0,0.000,0.000,-1,0,0,0,45.075
52,0,0,0.000,0.000,-1,0,0,0,52.468
53,0,0,0.000,0.000,-1,0,0,0,54.262
54,0,0,0.000,0.000,-1,0,0,0,58.502
55,0,0,0.000,0.000,-1,0,0,0,51.360
56,0,0,0.000,0.000,-1,0,0,0,52.617
57,0,0,0.000,0.000,-1,0,0,0,50.664
58,0,0,0.000,0.000,-1,0,0,0,53.099
59,0,0,0.000,0.000,-1,0,0,0,51.779
60,0,0,0.000,0.000,-1,0,0,0,62.569
61,0,0,0.000,0.000,-1,0,0,0,52.236
62,0,0,0.000,0.000,-1,0,0,0,51.279
63,0,0,0.000,0.000,-1,0,0,0,50.811
64,0,1,82.049,84.756,-1,0,0,0,50.720
65,0,0,0.000,0.000,-1,0,0,0,50.816
66,0,0,0.000,0.000,-1,0,0,0,54.119
67,0,0,0.000,0.000,-1,0,0,0,53.941
68,0,0,0.000,0.000,-1,0,0,0,51.879
69,0,0,0.000,0.000,-1,0,0,0,51.772
70,0,0,0.000,0.000,-1,0,0,0,55.235
71,0,0,0.000,0.000,-1,0,0,0,52.824
72,0,0,0.000,0.000,-1,0,0,0,55.310
73,0,0,0.000,0.000,-1,0,0,0,52.966
74,0,0,0.000,0.000,-1,0,0,0,50.825
75,0,0,0.000,0.000,-1,0,0,0,50.768
76,0,0,0.000,0.000,-1,0,0,0,52.634
77,0,0,0.000,0.000,-1,0,0,0,54.646
78,0,0,0.000,0.000,-1,0,0,0,54.591
79,0,0,0.000,0.000,-1,0,0,0,48.644
80,0,0,0.000,0.000,-1,0,0,0,48.993
81,0,0,0.000,0.000,-1,0,0,0,49.830
82,0,0,0.000,0.000,-1,0,0,0,49.537
83,0,0,0.000,0.000,-1,0,0,0,50.147
84,0,0,0.000,0.000,-1,0,0,0,63.088
85,0,0,0.000,0.000,-1,0,0,0,50.784
86,0,0,0.000,0.000,-1,0,0,0,49.688
87,0,0,0.000,0.000,-1,0,0,0,49.874
88,0,0,0.000,0.000,-1,0,0,0,50.874
89,0,0,0.000,0.000,-1,0,0,0,65.136
90,0,0,0.000,0.000,-1,0,0,0,58.395
91,0,0,0.000,0.000,-1,0,0,0,54.668
92,0,0,0.000,0.000,-1,0,0,0,53.467
93,0,0,0.000,0.000,-1,0,0,0,54.320
94,0,0,0.000,0.000,-1,0,0,0,50.207
95,0,0,0.000,0.000,-1,0,0,0,49.691
96,0,1,82.340,84.987,-1,0,0,0,52.323
97,0,0,0.000,0.000,-1,0,0,0,53.190
98,0,0,0.000,0.000,-1,0,0,0,57.096
99,0,0,0.000,0.000,-1,0,0,0,59.253
100,0,0,0.000,0.000,-1,0,0,0,56.006
101,0,0,0.000,0.000,-1,0,0,0,50.500
102,0,0,0.000,0.000,-1,0,0,0,58.397
103,0,0,0.000,0.000,-1,0,0,0,54.303
104,0,0,0.000,0.000,-1,0,0,0,55.390
105,0,0,0.000,0.000,-1,0,0,0,53.372
106,0,0,0.000,0.000,-1,0,0,0,52.350
107,0,0,0.000,0.000,-1,0,0,0,54.420
108,0,0,0.000,0.000,-1,0,0,0,54.974
109,0,0,0.000,0.000,-1,0,0,0,51.006
110,0,0,0.000,0.000,-1,0,0,0,53.127
111,0,0,0.000,0.000,-1,0,0,0,51.287
112,0,0,0.000,0.000,-1,0,0,0,51.254
113,0,0,0.000,0.000,-1,0,0,0,51.491
114,0,0,0.000,0.000,-1,0,0,0,55.178
115,0,0,0.000,0.000,-1,0,0,0,52.577
116,0,0,0.000,0.000,-1,0,0,0,53.265
117,0,0,0.000,0.000,-1,0,0,0,52.145
118,0,0,0.000,0.000,-1,0,0,0,51.686
119,0,0,0.000,0.000,-1,0,0,0,51.058
120,0,0,0.000,0.000,-1,0,0,0,53.721
121,0,0,0.000,0.000,-1,0,0,0,54.398
122,0,0,0.000,0.000,-1,0,0,0,51.381
123,0,0,0.000,0.000,-1,0,0,0,51.723
124,0,0,0.000,0.000,-1,0,0,0,51.661
125,0,0,0.000,0.000,-1,0,0,0,52.909
126,0,0,0.000,0.000,-1,0,0,0,52.506
127,0,0,0.000,0.000,-1,0,0,0,50.804
128,0,1,82.139,84.989,-1,0,0,0,51.172
129,0,0,0.000,0.000,-1,0,0,0,53.005
130,0,0,0.000,0.000,-1,0,0,0,52.631
131,0,0,0.000,0.000,-1,0,0,0,51.817
132,0,0,0.000,0.000,-1,0,0,0,54.612
133,0,0,0.000,0.000,-1,0,0,0,52.134
134,0,0,0.000,0.000,-1,0,0,0,53.036
135,0,0,0.000,0.000,-1,0,0,0,54.376
136,0,0,0.000,0.000,-1,0,0,0,53.497
137,0,0,0.000,0.000,-1,0,0,0,57.125
138,0,0,0.000,0.000,-1,0,0,0,57.725
139,0,0,0.000,0.000,-1,0,0,0,56.536
140,0,0,0.000,0.000,-1,0,0,0,54.122
141,0,0,0.000,0.000,-1,0,0,0,52.612
142,0,0,0.000,0.000,-1,0,0,0,53.680
143,0,0,0.000,0.000,-1,0,0,0,53.282
144,0,0,0.000,0.000,-1,0,0,0,54.442
145,0,0,0.000,0.000,-1,0,0,0,53.595
146,0,0,0.000,0.000,-1,0,0,0,54.288
147,0,0,0.000,0.000,-1,0,0,0,55.349
148,0,0,0.000,0.000,-1,0,0,0,51.770
149,0,0,0.000,0.000,-1,0,0,0,53.893
150,0,0,0.000,0.000,-1,0,0,0,56.150
151,0,0,0.000,0.000,-1,0,0,0,52.971
152,0,0,0.000,0.000,-1,0,0,0,52.819
153,0,0,0.000,0.000,-1,0,0,0,51.790
154,0,0,0.000,0.000,-1,0,0,0,52.170
155,0,0,0.000,0.000,-1,0,0,0,51.651
156,0,0,0.000,0.000,-1,0,0,0,53.634
157,0,0,0.000,0.000,-1,0,0,0,54.602
158,0,0,0.000,0.000,-1,0,0,0,52.907
159,0,0,0.000,0.000,-1,0,0,0,50.546
160,0,1,82.177,85.269,-1,0,0,0,52.664
161,0,0,0.000,0.000,-1,0,0,0,52.670
162,0,0,0.000,0.000,-1,0,0,0,54.976
163,0,0,0.000,0.000,-1,0,0,0,57.991
164,0,0,0.000,0.000,-1,0,0,0,55.780
165,0,0,0.000,0.000,-1,0,0,0,59.989
166,0,0,0.000,0.000,-1,0,0,0,57.710
167,0,0,0.000,0.000,-1,0,0,0,56.252
168,0,0,0.000,0.000,-1,0,0,0,59.113
169,0,0,0.000,0.000,-1,0,0,0,55.948
170,0,0,0.000,0.000,-1,0,0,0,56.974
171,0,0,0.000,0.000,-1,0,0,0,54.249
172,0,0,0.000,0.000,-1,0,0,0,56.536
173,0,0,0.000,0.000,-1,0,0,0,57.202
174,0,0,0.000,0.000,-1,0,0,0,58.993
175,0,0,0.000,0.000,-1,0,0,0,54.341
176,0,0,0.000,0.000,-1,0,0,0,55.727
177,0,0,0.000,0.000,-1,0,0,0,56.116
178,0,0,0.000,0.000,-1,0,0,0,54.263
179,0,0,0.000,0.000,-1,0,0,0,53.763
180,0,0,0.000,0.000,-1,0,0,0,61.867
181,0,0,0.000,0.000,-1,0,0,0,57.680
182,0,0,0.000,0.000,-1,0,0,0,54.976
183,0,0,0.000,0.000,-1,0,0,0,54.224
184,0,0,0.000,0.000,-1,0,0,0,56.123
185,0,0,0.000,0.000,-1,0,0,0,57.030
186,0,0,0.000,0.000,-1,0,0,0,57.568
187,0,0,0.000,0.000,-1,0,0,0,55.910
188,0,0,0.000,0.000,-1,0,0,0,54.818
189,0,0,0.000,0.000,-1,0,0,0,55.612
190,0,0,0.000,0.000,-1,0,0,0,55.477
191,0,0,0.000,0.000,-1,0,0,0,54.351
192,0,1,83.034,85.724,-1,0,0,0,57.338
193,0,0,0.000,0.000,-1,0,0,0,57.188
194,0,0,0.000,0.000,-1,0,0,0,56.470
195,0,0,0.000,0.000,-1,0,0,0,62.134
196,0,0,0.000,0.000,-1,0,0,0,58.125
197,0,0,0.000,0.000,-1,0,0,0,56.740
198,0,0,0.000,0.000,-1,0,0,0,61.537
199,0,0,0.000,0.000,-1,0,0,0,56.347
200,0,0,0.000,0.000,-1,0,0,0,57.063
201,0,0,0.000,0.000,-1,0,0,0,57.553
202,0,0,0.000,0.000,-1,0,0,0,56.490
203,0,0,0.000,0.000,-1,0,0,0,57.798
204,0,0,0.000,0.000,-1,0,0,0,60.709
205,0,0,0.000,0.000,-1,0,0,0,58.213
206,0,0,0.000,0.000,-1,0,0,0,55.311
207,0,0,0.000,0.000,-1,0,0,0,56.849
208,0,0,0.000,0.000,-1,0,0,0,56.105
209,0,0,0.000,0.000,-1,0,0,0,56.699
210,0,0,0.000,0.000,-1,0,0,0,61.559
211,0,0,0.000,0.000,-1,0,0,0,56.982
212,0,0,0.000,0.000,-1,0,0,0,56.113
213,0,0,0.000,0.000,-1,0,0,0,56.647
214,0,0,0.000,0.000,-1,0,0,0,58.129
215,0,0,0.000,0.000,-1,0,0,0,56.724
216,0,0,0.000,0.000,-1,0,0,0,57.964
217,0,0,0.000,0.000,-1,0,0,0,55.691
218,0,0,0.000,0.000,-1,0,0,0,55.841
219,0,0,0.000,0.000,-1,0,0,0,55.430
220,0,0,0.000,0.000,-1,0,0,0,57.082
221,0,0,0.000,0.000,-1,0,0,0,56.482
222,0,0,0.000,0.000,-1,0,0,0,58.301
223,0,0,0.000,0.000,-1,0,0,0,55.672
224,0,1,83.313,86.199,-1,0,0,0,57.344
225,0,0,0.000,0.000,-1,0,0,0,60.202
226,0,0,0.000,0.000,-1,0,0,0,57.474
227,0,0,0.000,0.000,-1,0,0,0,58.703
228,0,0,0.000,0.000,-1,0,0,0,61.825
229,0,0,0.000,0.000,-1,0,0,0,59.794
230,0,0,0.000,0.000,-1,0,0,0,55.698
231,0,0,0.000,0.000,-1,0,0,0,52.628
232,0,0,0.000,0.000,-1,0,0,0,51.750
233,0,0,0.000,0.000,-1,0,0,0,56.154
234,0,0,0.000,0.000,-1,0,0,0,56.660
235,0,0,0.000,0.000,-1,0,0,0,55.808
236,0,0,0.000,0.000,-1,0,0,0,55.187
237,0,0,0.000,0.000,-1,0,0,0,54.607
238,0,0,0.000,0.000,-1,0,0,0,54.985
239,0,0,0.000,0.000,-1,0,0,0,54.940
240,0,0,0.000,0.000,-1,0,0,0,58.569
241,0,0,0.000,0.000,-1,0,0,0,53.637
242,0,0,0.000,0.000,-1,0,0,0,53.872
243,0,0,0.000,0.000,-1,0,0,0,55.843
244,0,0,0.000,0.000,-1,0,0,0,54.585
245,0,0,0.000,0.000,-1,0,0,0,55.348
246,0,0,0.000,0.000,-1,0,0,0,57.141
247,0,0,0.000,0.000,-1,0,0,0,53.641
248,0,0,0.000,0.000,-1,0,0,0,57.027
249,0,0,0.000,0.000,-1,0,0,0,61.453
250,0,0,0.000,0.000,-1,0,0,0,58.278
251,0,0,0.000,0.000,-1,0,0,0,58.336
252,0,0,0.000,0.000,-1,0,0,0,59.941
253,0,0,0.000,0.000,-1,0,0,0,59.257
254,0,0,0.000,0.000,-1,0,0,0,64.040
255,0,0,0.000,0.000,-1,0,0,0,60.762
256,0,1,83.161,85.937,-1,0,0,0,61.280
257,0,0,0.000,0.000,-1,0,0,0,59.911
258,0,0,0.000,0.000,-1,0,0,0,63.981
259,0,0,0.000,0.000,-1,0,0,0,58.242
260,0,0,0.000,0.000,-1,0,0,0,56.395
261,0,0,0.000,0.000,-1,0,0,0,52.302
262,0,0,0.000,0.000,-1,0,0,0,61.025
263,0,0,0.000,0.000,-1,0,0,0,64.095
264,0,0,0.000,0.000,-1,0,0,0,64.483
265,0,0,0.000,0.000,-1,0,0,0,62.945
266,0,0,0.000,0.000,-1,0,0,0,59.052
267,0,0,0.000,0.000,-1,0,0,0,60.389
268,0,0,0.000,0.000,-1,0,0,0,63.235
269,0,0,0.000,0.000,-1,0,0,0,61.141
270,0,0,0.000,0.000,-1,0,0,0,76.467
271,0,0,0.000,0.000,-1,0,0,0,62.205
272,0,0,0.000,0.000,-1,0,0,0,56.947
273,0,0,0.000,0.000,-1,0,0,0,56.512
274,0,0,0.000,0.000,-1,0,0,0,56.491
275,0,0,0.000,0.000,-1,0,0,0,57.984
276,0,0,0.000,0.000,-1,0,0,0,58.572
277,0,0,0.000,0.000,-1,0,0,0,56.985
278,0,0,0.000,0.000,-1,0,0,0,56.356
279,0,0,0.000,0.000,-1,0,0,0,61.957
280,0,0,0.000,0.000,-1,0,0,0,58.247
281,0,0,0.000,0.000,-1,0,0,0,56.432
282,0,0,0.000,0.000,-1,0,0,0,60.310
283,0,0,0.000,0.000,-1,0,0,0,60.011
284,0,0,0.000,0.000,-1,0,0,0,57.773
285,0,0,0.000,0.000,-1,0,0,0,57.461
286,0,0,0.000,0.000,-1,0,0,0,56.045
287,0,0,0.000,0.000,-1,0,0,0,57.854
288,0,1,82.184,84.975,-1,0,0,0,60.235
289,0,0,0.000,0.000,-1,0,0,0,60.118
290,0,0,0.000,0.000,-1,0,0,0,55.755
291,0,0,0.000,0.000,-1,0,0,0,55.373
292,0,0,0.000,0.000,-1,0,0,0,58.123
293,0,0,0.000,0.000,-1,0,0,0,55.683
294,0,0,0.000,0.000,-1,0,0,0,60.117
295,0,0,0.000,0.000,-1,0,0,0,59.068
296,0,0,0.000,0.000,-1,0,0,0,59.958
297,0,0,0.000,0.000,-1,0,0,0,58.933
298,0,0,0.000,0.000,-1,0,0,0,57.162
299,0,0,0.000,0.000,-1,0,0,0,55.790
300,0,0,0.000,0.000,-1,0,0,0,61.810
301,0,0,0.000,0.000,-1,0,0,0,58.901
302,0,0,0.000,0.000,-1,0,0,0,57.689
303,0,0,0.000,0.000,-1,0,0,0,61.228
304,0,0,0.000,0.000,-1,0,0,0,60.100
305,0,0,0.000,0.000,-1,0,0,0,57.750
306,0,0,0.000,0.000,-1,0,0,0,61.004
307,0,0,0.000,0.000,-1,0,0,0,56.745
308,0,0,0.000,0.000,-1,0,0,0,57.273
309,0,0,0.000,0.000,-1,0,0,0,67.751
310,0,0,0.000,0.000,-1,0,0,0,62.898
311,0,0,0.000,0.000,-1,0,0,0,59.787
312,0,0,0.000,0.000,-1,0,0,0,66.925
313,0,0,0.000,0.000,-1,0,0,0,61.343
314,0,0,0.000,0.000,-1,0,0,0,58.053
315,0,0,0.000,0.000,-1,0,0,0,57.272
316,0,0,0.000,0.000,-1,0,0,0,59.392
317,0,0,0.000,0.000,-1,0,0,0,57.603
318,0,0,0.000,0.000,-1,0,0,0,58.927
319,0,0,0.000,0.000,-1,0,0,0,58.341
320,0,1,82.177,84.945,-1,0,0,0,59.793
321,0,0,0.000,0.000,-1,0,0,0,56.660
322,0,0,0.000,0.000,-1,0,0,0,57.506
323,0,0,0.000,0.000,-1,0,0,0,60.482
324,0,0,0.000,0.000,-1,0,0,0,62.549
325,0,0,0.000,0.000,-1,0,0,0,60.367
326,0,0,0.000,0.000,-1,0,0,0,61.981
327,0,0,0.000,0.000,-1,0,0,0,62.501
328,0,0,0.000,0.000,-1,0,0,0,60.232
329,0,0,0.000,0.000,-1,0,0,0,62.314
330,0,0,0.000,0.000,-1,0,0,0,66.533
331,0,0,0.000,0.000,-1,0,0,0,60.991
332,0,0,0.000,0.000,-1,0,0,0,59.743
333,0,0,0.000,0.000,-1,0,0,0,60.571
334,0,0,0.000,0.000,-1,0,0,0,59.854
335,0,0,0.000,0.000,-1,0,0,0,58.916
336,0,0,0.000,0.000,-1,0,0,0,60.608
337,0,0,0.000,0.000,-1,0,0,0,59.022
338,0,0,0.000,0.000,-1,0,0,0,57.751
339,0,0,0.000,0.000,-1,0,0,0,59.785
340,0,0,0.000,0.000,-1,0,0,0,60.212
341,0,0,0.000,0.000,-1,0,0,0,58.154
342,0,0,0.000,0.000,-1,0,0,0,60.521
343,0,0,0.000,0.000,-1,0,0,0,58.276
344,0,0,0.000,0.000,-1,0,0,0,59.507
345,0,0,0.000,0.000,-1,0,0,0,59.880
346,0,0,0.000,0.000,-1,0,0,0,58.641
347,0,0,0.000,0.000,-1,0,0,0,59.210
348,0,0,0.000,0.000,-1,0,0,0,60.879
349,0,0,0.000,0.000,-1,0,0,0,57.963
350,0,0,0.000,0.000,-1,0,0,0,58.893
351,0,0,0.000,0.000,-1,0,0,0,59.278
352,0,1,81.963,84.706,-1,0,0,0,58.646
353,0,0,0.000,0.000,-1,0,0,0,59.053
354,0,0,0.000,0.000,-1,0,0,0,61.678
355,0,0,0.000,0.000,-1,0,0,0,62.397
356,0,0,0.000,0.000,-1,0,0,0,60.616
357,0,0,0.000,0.000,-1,0,0,0,62.858
358,0,0,0.000,0.000,-1,0,0,0,60.372
359,0,0,0.000,0.000,-1,0,0,0,60.812
360,0,0,0.000,0.000,-1,0,0,0,67.187
361,0,0,0.000,0.000,-1,0,0,0,58.411
362,0,0,0.000,0.000,-1,0,0,0,59.013
363,0,0,0.000,0.000,-1,0,0,0,59.632
364,0,0,0.000,0.000,-1,0,0,0,59.387
365,0,0,0.000,0.000,-1,0,0,0,59.976
366,0,0,0.000,0.000,-1,0,0,0,62.332
367,0,0,0.000,0.000,-1,0,0,0,59.466
368,0,0,0.000,0.000,-1,0,0,0,58.295
369,0,0,0.000,0.000,-1,0,0,0,57.978
370,0,0,0.000,0.000,-1,0,0,0,58.446
371,0,0,0.000,0.000,-1,0,0,0,58.803
372,0,0,0.000,0.000,-1,0,0,0,60.971
373,0,0,0.000,0.000,-1,0,0,0,58.079
374,0,0,0.000,0.000,-1,0,0,0,57.444
375,0,0,0.000,0.000,-1,0,0,0,58.546
376,0,0,0.000,0.000,-1,0,0,0,58.823
377,0,0,0.000,0.000,-1,0,0,0,57.773
378,0,0,0.000,0.000,-1,0,0,0,59.740
379,0,0,0.000,0.000,-1,0,0,0,56.675
380,0,0,0.000,0.000,-1,0,0,0,55.765
381,0,0,0.000,0.000,-1,0,0,0,57.583
382,0,0,0.000,0.000,-1,0,0,0,57.602
383,0,0,0.000,0.000,-1,0,0,0,59.987
384,0,1,84.956,87.632,-1,0,0,0,60.826
385,0,0,0.000,0.000,-1,0,0,0,60.136
386,0,0,0.000,0.000,-1,0,0,0,56.895
387,0,0,0.000,0.000,-1,0,0,0,54.026
388,0,0,0.000,0.000,-1,0,0,0,55.359
389,0,0,0.000,0.000,-1,0,0,0,54.187
390,0,0,0.000,0.000,-1,0,0,0,59.212
391,0,0,0.000,0.000,-1,0,0,0,58.604
392,0,0,0.000,0.000,-1,0,0,0,58.193
393,0,0,0.000,0.000,-1,0,0,0,54.442
394,0,0,0.000,0.000,-1,0,0,0,53.870
395,0,0,0.000,0.000,-1,0,0,0,53.841
396,0,0,0.000,0.000,-1,0,0,0,55.957
397,0,0,0.000,0.000,-1,0,0,0,55.774
398,0,0,0.000,0.000,-1,0,0,0,52.969
399,0,0,0.000,0.000,-1,0,0,0,53.986
400,0,0,0.000,0.000,-1,0,0,0,56.817
401,0,0,0.000,0.000,-1,0,0,0,54.522
402,0,0,0.000,0.000,-1,0,0,0,55.110
403,0,0,0.000,0.000,-1,0,0,0,53.848
404,0,0,0.000,0.000,-1,0,0,0,53.433
405,0,0,0.000,0.000,-1,0,0,0,53.944
406,0,0,0.000,0.000,-1,0,0,0,54.465
407,0,0,0.000,0.000,-1,0,0,0,56.345
408,0,0,0.000,0.000,-1,0,0,0,57.439
409,0,0,0.000,0.000,-1,0,0,0,54.684
410,0,0,0.000,0.000,-1,0,0,0,56.735
411,0,0,0.000,0.000,-1,0,0,0,54.468
412,0,0,0.000,0.000,-1,0,0,0,55.255
413,0,0,0.000,0.000,-1,0,0,0,56.043
414,0,0,0.000,0.000,-1,0,0,0,57.986
415,0,0,0.000,0.000,-1,0,0,0,55.579
416,0,1,83.657,86.493,-1,0,0,0,54.670
417,0,0,0.000,0.000,-1,0,0,0,54.295
418,0,0,0.000,0.000,-1,0,0,0,54.487
419,0,0,0.000,0.000,-1,0,0,0,57.133
420,0,0,0.000,0.000,-1,0,0,0,71.256
421,0,0,0.000,0.000,-1,0,0,0,57.359
422,0,0,0.000,0.000,-1,0,0,0,56.869
423,0,0,0.000,0.000,-1,0,0,0,56.561
424,0,0,0.000,0.000,-1,0,0,0,57.719
425,0,0,0.000,0.000,-1,0,0,0,59.054
426,0,0,0.000,0.000,-1,0,0,0,60.353
427,0,0,0.000,0.000,-1,0,0,0,57.227
428,0,0,0.000,0.000,-1,0,0,0,55.617
429,0,0,0.000,0.000,-1,0,0,0,59.590
430,0,0,0.000,0.000,-1,0,0,0,58.966
431,0,0,0.000,0.000,-1,0,0,0,58.419
432,0,0,0.000,0.000,-1,0,0,0,58.213
433,0,0,0.000,0.000,-1,0,0,0,57.637
434,0,0,0.000,0.000,-1,0,0,0,54.185
435,0,0,0.000,0.000,-1,0,0,0,56.983
436,0,0,0.000,0.000,-1,0,0,0,55.426
437,0,0,0.000,0.000,-1,0,0,0,53.986
438,0,0,0.000,0.000,-1,0,0,0,58.332
439,0,0,0.000,0.000,-1,0,0,0,62.838
440,0,0,0.000,0.000,-1,0,0,0,56.872
441,0,0,0.000,0.000,-1,0,0,0,59.008
442,0,0,0.000,0.000,-1,0,0,0,55.328
443,0,0,0.000,0.000,-1,0,0,0,55.359
444,0,0,0.000,0.000,-1,0,0,0,57.716
445,0,0,0.000,0.000,-1,0,0,0,55.351
446,0,0,0.000,0.000,-1,0,0,0,76.405
447,0,0,0.000,0.000,-1,0,0,0,58.967
448,0,1,85.776,88.752,-1,0,0,0,58.562
449,0,0,0.000,0.000,-1,0,0,0,57.756
450,0,0,0.000,0.000,-1,0,0,0,62.522
451,0,0,0.000,0.000,-1,0,0,0,58.986
452,0,0,0.000,0.000,-1,0,0,0,70.365
453,0,0,0.000,0.000,-1,0,0,0,62.493
454,0,0,0.000,0.000,-1,0,0,0,69.445
455,0,0,0.000,0.000,-1,0,0,0,71.024
456,0,0,0.000,0.000,-1,0,0,0,55.521
457,0,0,0.000,0.000,-1,0,0,0,50.766
458,0,0,0.000,0.000,-1,0,0,0,68.228
459,0,0,0.000,0.000,-1,0,0,0,62.371
460,0,0,0.000,0.000,-1,0,0,0,59.858
461,0,0,0.000,0.000,-1,0,0,0,61.679
462,0,0,0.000,0.000,-1,0,0,0,62.210
463,0,0,0.000,0.000,-1,0,0,0,60.098
464,0,0,0.000,0.000,-1,0,0,0,61.454
465,0,0,0.000,0.000,-1,0,0,0,63.116
466,0,0,0.000,0.000,-1,0,0,0,59.610
467,0,0,0.000,0.000,-1,0,0,0,58.684
468,0,0,0.000,0.000,-1,0,0,0,59.175
469,0,0,0.000,0.000,-1,0,0,0,59.749
470,0,0,0.000,0.000,-1,0,0,0,59.957
471,0,0,0.000,0.000,-1,0,0,0,58.934
472,0,0,0.000,0.000,-1,0,0,0,62.366
473,0,0,0.000,0.000,-1,0,0,0,59.771
474,0,0,0.000,0.000,-1,0,0,0,61.579
475,0,0,0.000,0.000,-1,0,0,0,58.635
476,0,0,0.000,0.000,-1,0,0,0,58.414
477,0,0,0.000,0.000,-1,0,0,0,58.098
478,0,0,0.000,0.000,-1,0,0,0,58.802
479,0,0,0.000,0.000,-1,0,0,0,60.195
480,0,1,82.010,84.775,-1,0,0,0,61.085
481,0,0,0.000,0.000,-1,0,0,0,58.423
482,0,0,0.000,0.000,-1,0,0,0,57.387
483,0,0,0.000,0.000,-1,0,0,0,58.687
484,0,0,0.000,0.000,-1,0,0,0,57.826
485,0,0,0.000,0.000,-1,0,0,0,58.206
486,0,0,0.000,0.000,-1,0,0,0,61.177
487,0,0,0.000,0.000,-1,0,0,0,58.145
488,0,0,0.000,0.000,-1,0,0,0,57.238
489,0,0,0.000,0.000,-1,0,0,0,58.109
490,0,0,0.000,0.000,-1,0,0,0,60.765
491,0,0,0.000,0.000,-1,0,0,0,60.432
492,0,0,0.000,0.000,-1,0,0,0,60.569
493,0,0,0.000,0.000,-1,0,0,0,60.481
494,0,0,0.000,0.000,-1,0,0,0,57.904
495,0,0,0.000,0.000,-1,0,0,0,57.692
496,0,0,0.000,0.000,-1,0,0,0,57.692
497,0,0,0.000,0.000,-1,0,0,0,59.034
498,0,0,0.000,0.000,-1,0,0,0,60.191
499,0,0,0.000,0.000,-1,0,0,0,58.931
500,0,0,0.000,0.000,-1,0,0,0,58.224
501,0,0,0.000,0.000,-1,0,0,0,60.221
502,0,0,0.000,0.000,-1,0,0,0,58.750
503,0,0,0.000,0.000,-1,0,0,0,59.329
504,0,0,0.000,0.000,-1,0,0,0,62.247
505,0,0,0.000,0.000,-1,0,0,0,61.156
506,0,0,0.000,0.000,-1,0,0,0,59.812
507,0,0,0.000,0.000,-1,0,0,0,60.670
508,0,0,0.000,0.000,-1,0,0,0,60.605
509,0,0,0.000,0.000,-1,0,0,0,61.284
510,0,0,0.000,0.000,-1,0,0,0,60.913
511,0,0,0.000,0.000,-1,0,0,0,58.750
512,0,1,82.163,84.978,-1,0,0,0,58.919
513,0,0,0.000,0.000,-1,0,0,0,57.827
514,0,0,0.000,0.000,-1,0,0,0,57.168
515,0,0,0.000,0.000,-1,0,0,0,62.825
516,0,0,0.000,0.000,-1,0,0,0,62.707
517,0,0,0.000,0.000,-1,0,0,0,59.361
518,0,0,0.000,0.000,-1,0,0,0,58.036
519,0,0,0.000,0.000,-1,0,0,0,57.862
520,0,0,0.000,0.000,-1,0,0,0,58.600
521,0,0,0.000,0.000,-1,0,0,0,59.580
522,0,0,0.000,0.000,-1,0,0,0,61.345
523,0,0,0.000,0.000,-1,0,0,0,58.456
524,0,0,0.000,0.000,-1,0,0,0,58.334
525,0,0,0.000,0.000,-1,0,0,0,57.379
526,0,0,0.000,0.000,-1,0,0,0,57.799
527,0,0,0.000,0.000,-1,0,0,0,57.993
528,0,0,0.000,0.000,-1,0,0,0,61.275
529,0,0,0.000,0.000,-1,0,0,0,57.734
530,0,0,0.000,0.000,-1,0,0,0,57.855
531,0,0,0.000,0.000,-1,0,0,0,57.841
532,0,0,0.000,0.000,-1,0,0,0,57.501
533,0,0,0.000,0.000,-1,0,0,0,59.556
534,0,0,0.000,0.000,-1,0,0,0,62.594
535,0,0,0.000,0.000,-1,0,0,0,58.769
536,0,0,0.000,0.000,-1,0,0,0,57.860
537,0,0,0.000,0.000,-1,0,0,0,58.728
538,0,0,0.000,0.000,-1,0,0,0,58.596
539,0,0,0.000,0.000,-1,0,0,0,59.853
540,0,0,0.000,0.000,-1,0,0,0,59.585
541,0,0,0.000,0.000,-1,0,0,0,57.626
542,0,0,0.000,0.000,-1,0,0,0,58.001
543,0,0,0.000,0.000,-1,0,0,0,58.072
544,0,1,81.950,84.827,-1,0,0,0,58.667
545,0,0,0.000,0.000,-1,0,0,0,58.695
546,0,0,0.000,0.000,-1,0,0,0,59.578
547,0,0,0.000,0.000,-1,0,0,0,60.003
548,0,0,0.000,0.000,-1,0,0,0,56.862
549,0,0,0.000,0.000,-1,0,0,0,62.805
550,0,0,0.000,0.000,-1,0,0,0,60.587
551,0,0,0.000,0.000,-1,0,0,0,58.143
552,0,0,0.000,0.000,-1,0,0,0,61.135
553,0,0,0.000,0.000,-1,0,0,0,58.912
554,0,0,0.000,0.000,-1,0,0,0,58.352
555,0,0,0.000,0.000,-1,0,0,0,59.565
556,0,0,0.000,0.000,-1,0,0,0,60.201
557,0,0,0.000,0.000,-1,0,0,0,58.577
558,0,0,0.000,0.000,-1,0,0,0,59.975
559,0,0,0.000,0.000,-1,0,0,0,59.025
560,0,0,0.000,0.000,-1,0,0,0,56.779
561,0,0,0.000,0.000,-1,0,0,0,60.416
562,0,0,0.000,0.000,-1,0,0,0,58.441
563,0,0,0.000,0.000,-1,0,0,0,59.650
564,0,0,0.000,0.000,-1,0,0,0,64.081
565,0,0,0.000,0.000,-1,0,0,0,59.583
566,0,0,0.000,0.000,-1,0,0,0,58.187
567,0,0,0.000,0.000,-1,0,0,0,59.227
568,0,0,0.000,0.000,-1,0,0,0,58.527
569,0,0,0.000,0.000,-1,0,0,0,58.040
570,0,0,0.000,0.000,-1,0,0,0,61.016
571,0,0,0.000,0.000,-1,0,0,0,57.798
572,0,0,0.000,0.000,-1,0,0,0,57.640
573,0,0,0.000,0.000,-1,0,0,0,57.512
574,0,0,0.000,0.000,-1,0,0,0,59.141
575,0,0,0.000,0.000,-1,0,0,0,56.582
576,0,1,81.983,84.652,-1,0,0,0,61.813
577,0,0,0.000,0.000,-1,0,0,0,60.232
578,0,0,0.000,0.000,-1,0,0,0,58.424
579,0,0,0.000,0.000,-1,0,0,0,58.705
580,0,0,0.000,0.000,-1,0,0,0,58.412
581,0,0,0.000,0.000,-1,0,0,0,58.022
582,0,0,0.000,0.000,-1,0,0,0,59.850
583,0,0,0.000,0.000,-1,0,0,0,59.972
584,0,0,0.000,0.000,-1,0,0,0,58.459
585,0,0,0.000,0.000,-1,0,0,0,57.233
586,0,0,0.000,0.000,-1,0,0,0,57.341
587,0,0,0.000,0.000,-1,0,0,0,58.475
588,0,0,0.000,0.000,-1,0,0,0,60.931
589,0,0,0.000,0.000,-1,0,0,0,58.987
590,0,0,0.000,0.000,-1,0,0,0,58.201
591,0,0,0.000,0.000,-1,0,0,0,56.134
592,0,0,0.000,0.000,-1,0,0,0,56.635
593,0,0,0.000,0.000,-1,0,0,0,59.283
594,0,0,0.000,0.000,-1,0,0,0,60.962
595,0,0,0.000,0.000,-1,0,0,0,58.884
596,0,0,0.000,0.000,-1,0,0,0,58.943
597,0,0,0.000,0.000,-1,0,0,0,59.774
598,0,0,0.000,0.000,-1,0,0,0,58.331
599,0,0,0.000,0.000,-1,0,0,0,57.408
600,0,0,0.000,0.000,-1,0,0,0,60.839
601,0,0,0.000,0.000,-1,0,0,0,60.770
602,0,0,0.000,0.000,-1,0,0,0,58.887
603,0,0,0.000,0.000,-1,0,0,0,58.451
604,0,0,0.000,0.000,-1,0,0,0,58.597
605,0,0,0.000,0.000,-1,0,0,0,58.668
606,0,0,0.000,0.000,-1,0,0,0,59.569
607,0,0,0.000,0.000,-1,0,0,0,57.773
608,0,1,82.000,84.805,-1,0,0,0,58.872
609,0,0,0.000,0.000,-1,0,0,0,58.240
610,0,0,0.000,0.000,-1,0,0,0,56.256
611,0,0,0.000,0.000,-1,0,0,0,58.514
612,0,0,0.000,0.000,-1,0,0,0,59.984
613,0,0,0.000,0.000,-1,0,0,0,58.980
614,0,0,0.000,0.000,-1,0,0,0,57.703
615,0,0,0.000,0.000,-1,0,0,0,58.884
616,0,0,0.000,0.000,-1,0,0,0,58.624
617,0,0,0.000,0.000,-1,0,0,0,57.898
618,0,0,0.000,0.000,-1,0,0,0,61.301
619,0,0,0.000,0.000,-1,0,0,0,57.500
620,0,0,0.000,0.000,-1,0,0,0,56.602
621,0,0,0.000,0.000,-1,0,0,0,58.241
622,0,0,0.000,0.000,-1,0,0,0,58.479
623,0,0,0.000,0.000,-1,0,0,0,61.370
624,0,0,0.000,0.000,-1,0,0,0,60.577
625,0,0,0.000,0.000,-1,0,0,0,56.965
626,0,0,0.000,0.000,-1,0,0,0,61.237
627,0,0,0.000,0.000,-1,0,0,0,59.976
628,0,0,0.000,0.000,-1,0,0,0,57.720
629,0,0,0.000,0.000,-1,0,0,0,60.183
630,0,0,0.000,0.000,-1,0,0,0,63.960
631,0,0,0.000,0.000,-1,0,0,0,57.052
632,0,0,0.000,0.000,-1,0,0,0,56.806
633,0,0,0.000,0.000,-1,0,0,0,60.401
634,0,0,0.000,0.000,-1,0,0,0,58.101
635,0,0,0.000,0.000,-1,0,0,0,57.722
636,0,0,0.000,0.000,-1,0,0,0,60.776
637,0,0,0.000,0.000,-1,0,0,0,56.660
638,0,0,0.000,0.000,-1,0,0,0,58.040
639,0,0,0.000,0.000,-1,0,0,0,57.644
640,0,1,81.881,84.570,-1,0,0,0,57.975
641,0,0,0.000,0.000,-1,0,0,0,57.265
642,0,0,0.000,0.000,-1,0,0,0,59.351
643,0,0,0.000,0.000,-1,0,0,0,58.146
644,0,0,0.000,0.000,-1,0,0,0,58.109
645,0,0,0.000,0.000,-1,0,0,0,56.642
646,0,0,0.000,0.000,-1,0,0,0,56.946
647,0,0,0.000,0.000,-1,0,0,0,58.775
648,0,0,0.000,0.000,-1,0,0,0,58.927
649,0,0,0.000,0.000,-1,0,0,0,57.324
650,0,0,0.000,0.000,-1,0,0,0,56.264
651,0,0,0.000,0.000,-1,0,0,0,56.701
652,0,0,0.000,0.000,-1,0,0,0,57.782
653,0,0,0.000,0.000,-1,0,0,0,59.310
654,0,0,0.000,0.000,-1,0,0,0,61.216
655,0,0,0.000,0.000,-1,0,0,0,57.739
656,0,0,0.000,0.000,-1,0,0,0,56.826
657,0,0,0.000,0.000,-1,0,0,0,59.678
658,0,0,0.000,0.000,-1,0,0,0,57.033
659,0,0,0.000,0.000,-1,0,0,0,58.591
660,0,0,0.000,0.000,-1,0,0,0,59.788
661,0,0,0.000,0.000,-1,0,0,0,58.556
662,0,0,0.000,0.000,-1,0,0,0,57.720
663,0,0,0.000,0.000,-1,0,0,0,55.179
664,0,0,0.000,0.000,-1,0,0,0,55.864
665,0,0,0.000,0.000,-1,0,0,0,57.466
666,0,0,0.000,0.000,-1,0,0,0,60.720
667,0,0,0.000,0.000,-1,0,0,0,58.991
668,0,0,0.000,0.000,-1,0,0,0,58.554
669,0,0,0.000,0.000,-1,0,0,0,59.490
670,0,0,0.000,0.000,-1,0,0,0,59.905
671,0,0,0.000,0.000,-1,0,0,0,60.666
672,0,1,81.996,84.873,-1,0,0,0,60.175
673,0,0,0.000,0.000,-1,0,0,0,58.892
674,0,0,0.000,0.000,-1,0,0,0,59.354
675,0,0,0.000,0.000,-1,0,0,0,59.478
676,0,0,0.000,0.000,-1,0,0,0,58.811
677,0,0,0.000,0.000,-1,0,0,0,57.304
678,0,0,0.000,0.000,-1,0,0,0,61.366
679,0,0,0.000,0.000,-1,0,0,0,59.348
680,0,0,0.000,0.000,-1,0,0,0,57.917
681,0,0,0.000,0.000,-1,0,0,0,57.047
682,0,0,0.000,0.000,-1,0,0,0,57.471
683,0,0,0.000,0.000,-1,0,0,0,58.612
684,0,0,0.000,0.000,-1,0,0,0,60.539
685,0,0,0.000,0.000,-1,0,0,0,57.569
686,0,0,0.000,0.000,-1,0,0,0,57.558
687,0,0,0.000,0.000,-1,0,0,0,59.967
688,0,0,0.000,0.000,-1,0,0,0,59.288
689,0,0,0.000,0.000,-1,0,0,0,56.241
690,0,0,0.000,0.000,-1,0,0,0,60.574
691,0,0,0.000,0.000,-1,0,0,0,58.261
692,0,0,0.000,0.000,-1,0,0,0,59.663
693,0,0,0.000,0.000,-1,0,0,0,59.401
694,0,0,0.000,0.000,-1,0,0,0,58.593
695,0,0,0.000,0.000,-1,0,0,0,55.803
696,0,0,0.000,0.000,-1,0,0,0,60.938
697,0,0,0.000,0.000,-1,0,0,0,60.345
698,0,0,0.000,0.000,-1,0,0,0,60.594
699,0,0,0.000,0.000,-1,0,0,0,58.598
700,0,0,0.000,0.000,-1,0,0,0,58.601
701,0,0,0.000,0.000,-1,0,0,0,57.551
702,0,0,0.000,0.000,-1,0,0,0,60.475
703,0,0,0.000,0.000,-1,0,0,0,57.286
704,0,1,82.341,85.073,-1,0,0,0,57.324
705,0,0,0.000,0.000,-1,0,0,0,57.608
706,0,0,0.000,0.000,-1,0,0,0,57.751
707,0,0,0.000,0.000,-1,0,0,0,58.144
708,0,0,0.000,0.000,-1,0,0,0,58.282
709,0,0,0.000,0.000,-1,0,0,0,57.590
710,0,0,0.000,0.000,-1,0,0,0,58.277
711,0,0,0.000,0.000,-1,0,0,0,57.939
712,0,0,0.000,0.000,-1,0,0,0,57.903
713,0,0,0.000,0.000,-1,0,0,0,57.976
714,0,0,0.000,0.000,-1,0,0,0,59.876
715,0,0,0.000,0.000,-1,0,0,0,58.975
716,0,0,0.000,0.000,-1,0,0,0,59.668
717,0,0,0.000,0.000,-1,0,0,0,56.590
718,0,0,0.000,0.000,-1,0,0,0,56.163
719,0,0,0.000,0.000,-1,0,0,0,56.477
720,0,0,0.000,0.000,-1,0,0,0,58.919
721,0,0,0.000,0.000,-1,0,0,0,59.176
722,0,0,0.000,0.000,-1,0,0,0,58.356
723,0,0,0.000,0.000,-1,0,0,0,58.491
724,0,0,0.000,0.000,-1,0,0,0,57.386
725,0,0,0.000,0.000,-1,0,0,0,59.910
726,0,0,0.000,0.000,-1,0,0,0,62.389
727,0,0,0.000,0.000,-1,0,0,0,58.908
728,0,0,0.000,0.000,-1,0,0,0,58.570
729,0,0,0.000,0.000,-1,0,0,0,60.714
730,0,0,0.000,0.000,-1,0,0,0,58.189
731,0,0,0.000,0.000,-1,0,0,0,57.818
732,0,0,0.000,0.000,-1,0,0,0,59.965
733,0,0,0.000,0.000,-1,0,0,0,59.294
734,0,0,0.000,0.000,-1,0,0,0,57.602
735,0,0,0.000,0.000,-1,0,0,0,59.339
736,0,1,81.774,84.461,-1,0,0,0,59.064
737,0,0,0.000,0.000,-1,0,0,0,58.380
738,0,0,0.000,0.000,-1,0,0,0,59.543
739,0,0,0.000,0.000,-1,0,0,0,57.987
740,0,0,0.000,0.000,-1,0,0,0,57.592
741,0,0,0.000,0.000,-1,0,0,0,56.843
742,0,0,0.000,0.000,-1,0,0,0,57.703
743,0,0,0.000,0.000,-1,0,0,0,57.828
744,0,0,0.000,0.000,-1,0,0,0,60.193
745,0,0,0.000,0.000,-1,0,0,0,59.519
746,0,0,0.000,0.000,-1,0,0,0,57.416
747,0,0,0.000,0.000,-1,0,0,0,58.606
748,0,0,0.000,0.000,-1,0,0,0,60.065
749,0,0,0.000,0.000,-1,0,0,0,56.977
750,0,0,0.000,0.000,-1,0,0,0,62.242
751,0,0,0.000,0.000,-1,0,0,0,58.817
752,0,0,0.000,0.000,-1,0,0,0,58.842
753,0,0,0.000,0.000,-1,0,0,0,57.423
754,0,0,0.000,0.000,-1,0,0,0,58.757
755,0,0,0.000,0.000,-1,0,0,0,59.181
756,0,0,0.000,0.000,-1,0,0,0,60.833
757,0,0,0.000,0.000,-1,0,0,0,58.417
758,0,0,0.000,0.000,-1,0,0,0,57.760
759,0,0,0.000,0.000,-1,0,0,0,57.602
760,0,0,0.000,0.000,-1,0,0,0,57.732
761,0,0,0.000,0.000,-1,0,0,0,58.199
762,0,0,0.000,0.000,-1,0,0,0,62.367
763,0,0,0.000,0.000,-1,0,0,0,59.308
764,0,0,0.000,0.000,-1,0,0,0,58.482
765,0,0,0.000,0.000,-1,0,0,0,59.518
766,0,0,0.000,0.000,-1,0,0,0,58.098
767,0,0,0.000,0.000,-1,0,0,0,58.366
768,0,1,81.873,84.482,-1,0,0,0,60.789
769,0,0,0.000,0.000,-1,0,0,0,59.484
770,0,0,0.000,0.000,-1,0,0,0,59.245
771,0,0,0.000,0.000,-1,0,0,0,58.102
772,0,0,0.000,0.000,-1,0,0,0,59.162
773,0,0,0.000,0.000,-1,0,0,0,58.007
774,0,0,0.000,0.000,-1,0,0,0,60.567
775,0,0,0.000,0.000,-1,0,0,0,56.367
776,0,0,0.000,0.000,-1,0,0,0,57.083
777,0,0,0.000,0.000,-1,0,0,0,57.781
778,0,0,0.000,0.000,-1,0,0,0,59.399
779,0,0,0.000,0.000,-1,0,0,0,58.794
780,0,0,0.000,0.000,-1,0,0,0,66.726
781,0,0,0.000,0.000,-1,0,0,0,58.394
782,0,0,0.000,0.000,-1,0,0,0,58.461
783,0,0,0.000,0.000,-1,0,0,0,58.642
784,0,0,0.000,0.000,-1,0,0,0,58.085
785,0,0,0.000,0.000,-1,0,0,0,58.902
786,0,0,0.000,0.000,-1,0,0,0,61.261
787,0,0,0.000,0.000,-1,0,0,0,58.908
788,0,0,0.000,0.000,-1,0,0,0,59.675
789,0,0,0.000,0.000,-1,0,0,0,58.309
790,0,0,0.000,0.000,-1,0,0,0,61.461
791,0,0,0.000,0.000,-1,0,0,0,57.059
792,0,0,0.000,0.000,-1,0,0,0,61.350
793,0,0,0.000,0.000,-1,0,0,0,58.536
794,0,0,0.000,0.000,-1,0,0,0,58.675
795,0,0,0.000,0.000,-1,0,0,0,63.810
796,0,0,0.000,0.000,-1,0,0,0,58.992
797,0,0,0.000,0.000,-1,0,0,0,57.758
798,0,0,0.000,0.000,-1,0,0,0,60.569
799,0,0,0.000,0.000,-1,0,0,0,56.804
800,0,1,82.114,84.926,-1,0,0,0,59.652
801,0,0,0.000,0.000,-1,0,0,0,57.739
802,0,0,0.000,0.000,-1,0,0,0,59.783
803,0,0,0.000,0.000,-1,0,0,0,58.011
804,0,0,0.000,0.000,-1,0,0,0,59.818
805,0,0,0.000,0.000,-1,0,0,0,57.268
806,0,0,0.000,0.000,-1,0,0,0,57.418
807,0,0,0.000,0.000,-1,0,0,0,61.946
808,0,0,0.000,0.000,-1,0,0,0,62.307
809,0,0,0.000,0.000,-1,0,0,0,61.017
810,0,0,0.000,0.000,-1,0,0,0,65.086
811,0,0,0.000,0.000,-1,0,0,0,58.295
812,0,0,0.000,0.000,-1,0,0,0,58.390
813,0,0,0.000,0.000,-1,0,0,0,59.341
814,0,0,0.000,0.000,-1,0,0,0,57.557
815,0,0,0.000,0.000,-1,0,0,0,55.931
816,0,0,0.000,0.000,-1,0,0,0,60.108
817,0,0,0.000,0.000,-1,0,0,0,58.931
818,0,0,0.000,0.000,-1,0,0,0,59.540
819,0,0,0.000,0.000,-1,0,0,0,58.708
820,0,0,0.000,0.000,-1,0,0,0,58.780
821,0,0,0.000,0.000,-1,0,0,0,58.117
822,0,0,0.000,0.000,-1,0,0,0,62.081
823,0,0,0.000,0.000,-1,0,0,0,59.463
824,0,0,0.000,0.000,-1,0,0,0,61.174
825,0,0,0.000,0.000,-1,0,0,0,57.714
826,0,0,0.000,0.000,-1,0,0,0,58.373
827,0,0,0.000,0.000,-1,0,0,0,57.106
828,0,0,0.000,0.000,-1,0,0,0,57.571
829,0,0,0.000,0.000,-1,0,0,0,56.513
830,0,0,0.000,0.000,-1,0,0,0,61.859
831,0,0,0.000,0.000,-1,0,0,0,57.756
832,0,1,81.780,84.631,-1,0,0,0,57.608
833,0,0,0.000,0.000,-1,0,0,0,57.345
834,0,0,0.000,0.000,-1,0,0,0,60.316
835,0,0,0.000,0.000,-1,0,0,0,59.578
836,0,0,0.000,0.000,-1,0,0,0,58.388
837,0,0,0.000,0.000,-1,0,0,0,59.308
838,0,0,0.000,0.000,-1,0,0,0,58.457
839,0,0,0.000,0.000,-1,0,0,0,57.654
840,0,0,0.000,0.000,-1,0,0,0,62.580
841,0,0,0.000,0.000,-1,0,0,0,57.607
842,0,0,0.000,0.000,-1,0,0,0,56.973
843,0,0,0.000,0.000,-1,0,0,0,58.586
844,0,0,0.000,0.000,-1,0,0,0,59.393
845,0,0,0.000,0.000,-1,0,0,0,57.728
846,0,0,0.000,0.000,-1,0,0,0,59.028
847,0,0,0.000,0.000,-1,0,0,0,58.391
848,0,0,0.000,0.000,-1,0,0,0,59.181
849,0,0,0.000,0.000,-1,0,0,0,59.761
850,0,0,0.000,0.000,-1,0,0,0,59.634
851,0,0,0.000,0.000,-1,0,0,0,57.417
852,0,0,0.000,0.000,-1,0,0,0,59.438
853,0,0,0.000,0.000,-1,0,0,0,59.161
854,0,0,0.000,0.000,-1,0,0,0,57.133
855,0,0,0.000,0.000,-1,0,0,0,61.462
856,0,0,0.000,0.000,-1,0,0,0,59.508
857,0,0,0.000,0.000,-1,0,0,0,59.963
858,0,0,0.000,0.000,-1,0,0,0,60.334
859,0,0,0.000,0.000,-1,0,0,0,60.954
860,0,0,0.000,0.000,-1,0,0,0,57.730
861,0,0,0.000,0.000,-1,0,0,0,57.649
862,0,0,0.000,0.000,-1,0,0,0,58.777
863,0,0,0.000,0.000,-1,0,0,0,56.976
864,0,1,82.669,85.341,-1,0,0,0,59.153
865,0,0,0.000,0.000,-1,0,0,0,62.004
866,0,0,0.000,0.000,-1,0,0,0,58.494
867,0,0,0.000,0.000,-1,0,0,0,58.060
868,0,0,0.000,0.000,-1,0,0,0,59.892
869,0,0,0.000,0.000,-1,0,0,0,58.744
870,0,0,0.000,0.000,-1,0,0,0,61.321
871,0,0,0.000,0.000,-1,0,0,0,57.252
872,0,0,0.000,0.000,-1,0,0,0,56.720
873,0,0,0.000,0.000,-1,0,0,0,58.633
874,0,0,0.000,0.000,-1,0,0,0,59.903
875,0,0,0.000,0.000,-1,0,0,0,56.661
876,0,0,0.000,0.000,-1,0,0,0,59.955
877,0,0,0.000,0.000,-1,0,0,0,57.893
878,0,0,0.000,0.000,-1,0,0,0,58.148
879,0,0,0.000,0.000,-1,0,0,0,58.879
880,0,0,0.000,0.000,-1,0,0,0,58.251
881,0,0,0.000,0.000,-1,0,0,0,59.180
882,0,0,0.000,0.000,-1,0,0,0,59.229
883,0,0,0.000,0.000,-1,0,0,0,57.164
884,0,0,0.000,0.000,-1,0,0,0,61.636
885,0,0,0.000,0.000,-1,0,0,0,58.926
886,0,0,0.000,0.000,-1,0,0,0,60.209
887,0,0,0.000,0.000,-1,0,0,0,58.571
888,0,0,0.000,0.000,-1,0,0,0,61.663
889,0,0,0.000,0.000,-1,0,0,0,63.260
890,0,0,0.000,0.000,-1,0,0,0,58.576
891,0,0,0.000,0.000,-1,0,0,0,58.040
892,0,0,0.000,0.000,-1,0,0,0,57.779
893,0,0,0.000,0.000,-1,0,0,0,56.936
894,0,0,0.000,0.000,-1,0,0,0,59.710
895,0,0,0.000,0.000,-1,0,0,0,55.749
896,0,1,82.131,84.933,-1,0,0,0,53.994
897,0,0,0.000,0.000,-1,0,0,0,58.025
898,0,0,0.000,0.000,-1,0,0,0,58.345
899,0,0,0.000,0.000,-1,0,0,0,58.857
900,0,0,0.000,0.000,-1,0,0,0,61.932
901,0,0,0.000,0.000,-1,0,0,0,58.217
902,0,0,0.000,0.000,-1,0,0,0,59.144
903,0,0,0.000,0.000,-1,0,0,0,59.159
904,0,0,0.000,0.000,-1,0,0,0,57.517
905,0,0,0.000,0.000,-1,0,0,0,57.976
906,0,0,0.000,0.000,-1,0,0,0,60.072
907,0,0,0.000,0.000,-1,0,0,0,59.499
908,0,0,0.000,0.000,-1,0,0,0,58.333
909,0,0,0.000,0.000,-1,0,0,0,56.555
910,0,0,0.000,0.000,-1,0,0,0,58.120
911,0,0,0.000,0.000,-1,0,0,0,58.087
912,0,0,0.000,0.000,-1,0,0,0,59.319
913,0,0,0.000,0.000,-1,0,0,0,58.239
914,0,0,0.000,0.000,-1,0,0,0,58.887
915,0,0,0.000,0.000,-1,0,0,0,59.510
916,0,0,0.000,0.000,-1,0,0,0,58.811
917,0,0,0.000,0.000,-1,0,0,0,58.933
918,0,0,0.000,0.000,-1,0,0,0,59.670
919,0,0,0.000,0.000,-1,0,0,0,58.229
920,0,0,0.000,0.000,-1,0,0,0,57.506
921,0,0,0.000,0.000,-1,0,0,0,57.450
922,0,0,0.000,0.000,-1,0,0,0,60.123
923,0,0,0.000,0.000,-1,0,0,0,56.335
924,0,0,0.000,0.000,-1,0,0,0,59.814
925,0,0,0.000,0.000,-1,0,0,0,57.974
926,0,0,0.000,0.000,-1,0,0,0,57.487
927,0,0,0.000,0.000,-1,0,0,0,57.324
928,0,1,81.810,84.646,-1,0,0,0,59.067
929,0,0,0.000,0.000,-1,0,0,0,59.524
930,0,0,0.000,0.000,-1,0,0,0,63.156
931,0,0,0.000,0.000,-1,0,0,0,59.707
932,0,0,0.000,0.000,-1,0,0,0,57.136
933,0,0,0.000,0.000,-1,0,0,0,60.117
934,0,0,0.000,0.000,-1,0,0,0,60.288
935,0,0,0.000,0.000,-1,0,0,0,57.600
936,0,0,0.000,0.000,-1,0,0,0,59.861
937,0,0,0.000,0.000,-1,0,0,0,59.153
938,0,0,0.000,0.000,-1,0,0,0,57.651
939,0,0,0.000,0.000,-1,0,0,0,59.241
940,0,0,0.000,0.000,-1,0,0,0,57.990
941,0,0,0.000,0.000,-1,0,0,0,57.669
942,0,0,0.000,0.000,-1,0,0,0,59.485
943,0,0,0.000,0.000,-1,0,0,0,58.830
944,0,0,0.000,0.000,-1,0,0,0,58.220
945,0,0,0.000,0.000,-1,0,0,0,58.447
946,0,0,0.000,0.000,-1,0,0,0,57.592
947,0,0,0.000,0.000,-1,0,0,0,58.246
948,0,0,0.000,0.000,-1,0,0,0,60.381
949,0,0,0.000,0.000,-1,0,0,0,58.893
950,0,0,0.000,0.000,-1,0,0,0,59.279
951,0,0,0.000,0.000,-1,0,0,0,56.318
952,0,0,0.000,0.000,-1,0,0,0,60.979
953,0,0,0.000,0.000,-1,0,0,0,59.267
954,0,0,0.000,0.000,-1,0,0,0,59.698
955,0,0,0.000,0.000,-1,0,0,0,57.221
956,0,0,0.000,0.000,-1,0,0,0,55.971
957,0,0,0.000,0.000,-1,0,0,0,58.620
958,0,0,0.000,0.000,-1,0,0,0,56.629
959,0,0,0.000,0.000,-1,0,0,0,59.768
960,0,1,82.071,84.778,-1,0,0,0,63.022
961,0,0,0.000,0.000,-1,0,0,0,58.619
962,0,0,0.000,0.000,-1,0,0,0,60.788
963,0,0,0.000,0.000,-1,0,0,0,59.350
964,0,0,0.000,0.000,-1,0,0,0,59.624
965,0,0,0.000,0.000,-1,0,0,0,56.237
966,0,0,0.000,0.000,-1,0,0,0,57.221
967,0,0,0.000,0.000,-1,0,0,0,56.135
968,0,0,0.000,0.000,-1,0,0,0,57.081
969,0,0,0.000,0.000,-1,0,0,0,57.648
970,0,0,0.000,0.000,-1,0,0,0,58.887
971,0,0,0.000,0.000,-1,0,0,0,58.452
972,0,0,0.000,0.000,-1,0,0,0,61.534
973,0,0,0.000,0.000,-1,0,0,0,58.980
974,0,0,0.000,0.000,-1,0,0,0,57.631
975,0,0,0.000,0.000,-1,0,0,0,58.410
976,0,0,0.000,0.000,-1,0,0,0,58.511
977,0,0,0.000,0.000,-1,0,0,0,59.060
978,0,0,0.000,0.000,-1,0,0,0,62.181
979,0,0,0.000,0.000,-1,0,0,0,57.756
980,0,0,0.000,0.000,-1,0,0,0,57.393
981,0,0,0.000,0.000,-1,0,0,0,57.392
982,0,0,0.000,0.000,-1,0,0,0,56.236
983,0,0,0.000,0.000,-1,0,0,0,55.383
984,0,0,0.000,0.000,-1,0,0,0,59.827
985,0,0,0.000,0.000,-1,0,0,0,56.724
986,0,0,0.000,0.000,-1,0,0,0,58.387
987,0,0,0.000,0.000,-1,0,0,0,58.519
988,0,0,0.000,0.000,-1,0,0,0,57.334
989,0,0,0.000,0.000,-1,0,0,0,56.156
990,0,0,0.000,0.000,-1,0,0,0,59.818
991,0,0,0.000,0.000,-1,0,0,0,58.039
992,0,1,81.750,84.636,-1,0,0,0,58.362
993,0,0,0.000,0.000,-1,0,0,0,66.301
994,0,0,0.000,0.000,-1,0,0,0,62.857
995,0,0,0.000,0.000,-1,0,0,0,63.261
996,0,0,0.000,0.000,-1,0,0,0,67.097
997,0,0,0.000,0.000,-1,0,0,0,64.570
998,0,0,0.000,0.000,-1,0,0,0,63.644
999,0,0,0.000,0.000,-1,0,0,0,63.163
1000,0,0,0.000,0.000,-1,0,0,0,63.974
1001,0,0,0.000,0.000,-1,0,0,0,62.650
1002,0,0,0.000,0.000,-1,0,0,0,64.533
1003,0,0,0.000,0.000,-1,0,0,0,62.620
1004,0,0,0.000,0.000,-1,0,0,0,67.607
1005,0,0,0.000,0.000,-1,0,0,0,63.804
1006,0,0,0.000,0.000,-1,0,0,0,62.465
1007,0,0,0.000,0.000,-1,0,0,0,62.012
1008,0,0,0.000,0.000,-1,0,0,0,65.521
1009,0,0,0.000,0.000,-1,0,0,0,62.176
1010,0,0,0.000,0.000,-1,0,0,0,61.793
1011,0,0,0.000,0.000,-1,0,0,0,64.443
1012,0,0,0.000,0.000,-1,0,0,0,63.545
1013,0,0,0.000,0.000,-1,0,0,0,61.086
1014,0,0,0.000,0.000,-1,0,0,0,65.263
1015,0,0,0.000,0.000,-1,0,0,0,62.632
1016,0,0,0.000,0.000,-1,0,0,0,61.716
1017,0,0,0.000,0.000,-1,0,0,0,61.977
1018,0,0,0.000,0.000,-1,0,0,0,58.360
1019,0,0,0.000,0.000,-1,0,0,0,58.650
1020,0,0,0.000,0.000,-1,0,0,0,64.693
1021,0,0,0.000,0.000,-1,0,0,0,60.228
1022,0,0,0.000,0.000,-1,0,0,0,62.095
1023,0,0,0.000,0.000,-1,0,0,0,57.190
1024,0,1,81.969,84.819,-1,0,0,0,58.063
1025,0,0,0.000,0.000,-1,0,0,0,57.544
1026,0,0,0.000,0.000,-1,0,0,0,59.365
1027,0,0,0.000,0.000,-1,0,0,0,56.460
1028,0,0,0.000,0.000,-1,0,0,0,58.371
1029,0,0,0.000,0.000,-1,0,0,0,57.822
1030,0,0,0.000,0.000,-1,0,0,0,57.248
1031,0,0,0.000,0.000,-1,0,0,0,61.634
1032,0,0,0.000,0.000,-1,0,0,0,58.968
1033,0,0,0.000,0.000,-1,0,0,0,57.677
1034,0,0,0.000,0.000,-1,0,0,0,58.401
1035,0,0,0.000,0.000,-1,0,0,0,57.409
1036,0,0,0.000,0.000,-1,0,0,0,58.805
1037,0,0,0.000,0.000,-1,0,0,0,57.867
1038,0,0,0.000,0.000,-1,0,0,0,57.978
1039,0,0,0.000,0.000,-1,0,0,0,57.011
1040,0,0,0.000,0.000,-1,0,0,0,57.104
1041,0,0,0.000,0.000,-1,0,0,0,55.661
1042,0,0,0.000,0.000,-1,0,0,0,57.784
1043,0,0,0.000,0.000,-1,0,0,0,55.190
1044,0,0,0.000,0.000,-1,0,0,0,57.945
1045,0,0,0.000,0.000,-1,0,0,0,59.856
1046,0,0,0.000,0.000,-1,0,0,0,55.826
1047,0,0,0.000,0.000,-1,0,0,0,59.237
1048,0,0,0.000,0.000,-1,0,0,0,57.124
1049,0,0,0.000,0.000,-1,0,0,0,57.024
1050,0,0,0.000,0.000,-1,0,0,0,61.340
1051,0,0,0.000,0.000,-1,0,0,0,59.548
1052,0,0,0.000,0.000,-1,0,0,0,56.836
1053,0,0,0.000,0.000,-1,0,0,0,56.490
1054,0,0,0.000,0.000,-1,0,0,0,56.498
1055,0,0,0.000,0.000,-1,0,0,0,58.262
1056,0,1,82.114,84.791,-1,0,0,0,58.237
1057,0,0,0.000,0.000,-1,0,0,0,56.612
1058,0,0,0.000,0.000,-1,0,0,0,56.236
1059,0,0,0.000,0.000,-1,0,0,0,57.273
1060,0,0,0.000,0.000,-1,0,0,0,56.368
1061,0,0,0.000,0.000,-1,0,0,0,55.519
1062,0,0,0.000,0.000,-1,0,0,0,57.188
1063,0,0,0.000,0.000,-1,0,0,0,58.970
1064,0,0,0.000,0.000,-1,0,0,0,57.312
1065,0,0,0.000,0.000,-1,0,0,0,57.576
1066,0,0,0.000,0.000,-1,0,0,0,56.420
1067,0,0,0.000,0.000,-1,0,0,0,57.851
1068,0,0,0.000,0.000,-1,0,0,0,60.049
1069,0,0,0.000,0.000,-1,0,0,0,57.807
1070,0,0,0.000,0.000,-1,0,0,0,58.742
1071,0,0,0.000,0.000,-1,0,0,0,58.179
1072,0,0,0.000,0.000,-1,0,0,0,57.645
1073,0,0,0.000,0.000,-1,0,0,0,60.101
1074,0,0,0.000,0.000,-1,0,0,0,59.795
1075,0,0,0.000,0.000,-1,0,0,0,57.716
1076,0,0,0.000,0.000,-1,0,0,0,58.953
1077,0,0,0.000,0.000,-1,0,0,0,57.041
1078,0,0,0.000,0.000,-1,0,0,0,56.466
1079,0,0,0.000,0.000,-1,0,0,0,55.656
1080,0,0,0.000,0.000,-1,0,0,0,59.342
1081,0,0,0.000,0.000,-1,0,0,0,59.447
1082,0,0,0.000,0.000,-1,0,0,0,57.573
1083,0,0,0.000,0.000,-1,0,0,0,57.873
1084,0,0,0.000,0.000,-1,0,0,0,56.174
1085,0,0,0.000,0.000,-1,0,0,0,58.363
1086,0,0,0.000,0.000,-1,0,0,0,58.228
1087,0,0,0.000,0.000,-1,0,0,0,57.467
1088,0,1,81.780,84.711,-1,0,0,0,60.443
1089,0,0,0.000,0.000,-1,0,0,0,62.068
1090,0,0,0.000,0.000,-1,0,0,0,59.604
1091,0,0,0.000,0.000,-1,0,0,0,59.672
1092,0,0,0.000,0.000,-1,0,0,0,63.098
1093,0,0,0.000,0.000,-1,0,0,0,58.558
1094,0,0,0.000,0.000,-1,0,0,0,59.525
1095,0,0,0.000,0.000,-1,0,0,0,59.808
1096,0,0,0.000,0.000,-1,0,0,0,59.725
1097,0,0,0.000,0.000,-1,0,0,0,59.076
1098,0,0,0.000,0.000,-1,0,0,0,60.158
1099,0,0,0.000,0.000,-1,0,0,0,59.970
1100,0,0,0.000,0.000,-1,0,0,0,60.650
1101,0,0,0.000,0.000,-1,0,0,0,60.141
1102,0,0,0.000,0.000,-1,0,0,0,58.742
1103,0,0,0.000,0.000,-1,0,0,0,59.637
1104,0,0,0.000,0.000,-1,0,0,0,60.726
1105,0,0,0.000,0.000,-1,0,0,0,59.711
1106,0,0,0.000,0.000,-1,0,0,0,60.147
1107,0,0,0.000,0.000,-1,0,0,0,58.988
1108,0,0,0.000,0.000,-1,0,0,0,57.733
1109,0,0,0.000,0.000,-1,0,0,0,61.377
1110,0,0,0.000,0.000,-1,0,0,0,62.881
1111,0,0,0.000,0.000,-1,0,0,0,60.916
1112,0,0,0.000,0.000,-1,0,0,0,59.318
1113,0,0,0.000,0.000,-1,0,0,0,59.118
1114,0,0,0.000,0.000,-1,0,0,0,59.619
1115,0,0,0.000,0.000,-1,0,0,0,58.834
1116,0,0,0.000,0.000,-1,0,0,0,60.567
1117,0,0,0.000,0.000,-1,0,0,0,60.238
1118,0,0,0.000,0.000,-1,0,0,0,59.139
1119,0,0,0.000,0.000,-1,0,0,0,60.302
1120,0,1,81.796,84.654,-1,0,0,0,60.218
1121,0,0,0.000,0.000,-1,0,0,0,61.049
1122,0,0,0.000,0.000,-1,0,0,0,61.929
1123,0,0,0.000,0.000,-1,0,0,0,59.921
1124,0,0,0.000,0.000,-1,0,0,0,59.621
1125,0,0,0.000,0.000,-1,0,0,0,59.283
1126,0,0,0.000,0.000,-1,0,0,0,58.656
1127,0,0,0.000,0.000,-1,0,0,0,63.006
1128,0,0,0.000,0.000,-1,0,0,0,59.919
1129,0,0,0.000,0.000,-1,0,0,0,58.887
1130,0,0,0.000,0.000,-1,0,0,0,59.245
1131,0,0,0.000,0.000,-1,0,0,0,59.472
1132,0,0,0.000,0.000,-1,0,0,0,61.255
1133,0,0,0.000,0.000,-1,0,0,0,65.345
1134,0,0,0.000,0.000,-1,0,0,0,68.282
1135,0,0,0.000,0.000,-1,0,0,0,66.450
1136,0,0,0.000,0.000,-1,0,0,0,64.810
1137,0,0,0.000,0.000,-1,0,0,0,65.969
1138,0,0,0.000,0.000,-1,0,0,0,61.843
1139,0,0,0.000,0.000,-1,0,0,0,62.622
1140,0,0,0.000,0.000,-1,0,0,0,64.507
1141,0,0,0.000,0.000,-1,0,0,0,62.381
1142,0,0,0.000,0.000,-1,0,0,0,63.233
1143,0,0,0.000,0.000,-1,0,0,0,64.919
1144,0,0,0.000,0.000,-1,0,0,0,61.958
1145,0,0,0.000,0.000,-1,0,0,0,62.049
1146,0,0,0.000,0.000,-1,0,0,0,64.238
1147,0,0,0.000,0.000,-1,0,0,0,62.231
1148,0,0,0.000,0.000,-1,0,0,0,64.825
1149,0,0,0.000,0.000,-1,0,0,0,63.592
1150,0,0,0.000,0.000,-1,0,0,0,64.594
1151,0,0,0.000,0.000,-1,0,0,0,62.354
1152,0,1,81.939,84.614,-1,0,0,0,64.793
1153,0,0,0.000,0.000,-1,0,0,0,62.647
1154,0,0,0.000,0.000,-1,0,0,0,61.504
1155,0,0,0.000,0.000,-1,0,0,0,63.965
1156,0,0,0.000,0.000,-1,0,0,0,59.690
1157,0,0,0.000,0.000,-1,0,0,0,62.137
1158,0,0,0.000,0.000,-1,0,0,0,62.322
1159,0,0,0.000,0.000,-1,0,0,0,62.927
1160,0,0,0.000,0.000,-1,0,0,0,60.542
1161,0,0,0.000,0.000,-1,0,0,0,61.106
1162,0,0,0.000,0.000,-1,0,0,0,65.334
1163,0,0,0.000,0.000,-1,0,0,0,61.432
1164,0,0,0.000,0.000,-1,0,0,0,61.550
1165,0,0,0.000,0.000,-1,0,0,0,62.353
1166,0,0,0.000,0.000,-1,0,0,0,62.508
1167,0,0,0.000,0.000,-1,0,0,0,58.767
1168,0,0,0.000,0.000,-1,0,0,0,61.205
1169,0,0,0.000,0.000,-1,0,0,0,59.630
1170,0,0,0.000,0.000,-1,0,0,0,62.630
1171,0,0,0.000,0.000,-1,0,0,0,59.526
1172,0,0,0.000,0.000,-1,0,0,0,61.937
1173,0,0,0.000,0.000,-1,0,0,0,58.234
1174,0,0,0.000,0.000,-1,0,0,0,60.987
1175,0,0,0.000,0.000,-1,0,0,0,60.146
1176,0,0,0.000,0.000,-1,0,0,0,60.685
1177,0,0,0.000,0.000,-1,0,0,0,61.187
1178,0,0,0.000,0.000,-1,0,0,0,60.014
1179,0,0,0.000,0.000,-1,0,0,0,58.103
1180,0,0,0.000,0.000,-1,0,0,0,58.587
1181,0,0,0.000,0.000,-1,0,0,0,57.883
1182,0,0,0.000,0.000,-1,0,0,0,59.372
1183,0,0,0.000,0.000,-1,0,0,0,58.430
1184,0,1,81.703,84.531,-1,0,0,0,57.659
1185,0,0,0.000,0.000,-1,0,0,0,58.768
1186,0,0,0.000,0.000,-1,0,0,0,56.487
1187,0,0,0.000,0.000,-1,0,0,0,59.149
1188,0,0,0.000,0.000,-1,0,0,0,59.058
1189,0,0,0.000,0.000,-1,0,0,0,57.795
1190,0,0,0.000,0.000,-1,0,0,0,58.522
1191,0,0,0.000,0.000,-1,0,0,0,60.565
1192,0,0,0.000,0.000,-1,0,0,0,58.554
1193,0,0,0.000,0.000,-1,0,0,0,58.849
1194,0,0,0.000,0.000,-1,0,0,0,61.056
1195,0,0,0.000,0.000,-1,0,0,0,57.869
1196,0,0,0.000,0.000,-1,0,0,0,57.990
1197,0,0,0.000,0.000,-1,0,0,0,57.208
1198,0,0,0.000,0.000,-1,0,0,0,59.219
1199,0,0,0.000,0.000,-1,0,0,0,57.506
1200,0,0,0.000,0.000,-1,0,0,0,60.419
1201,0,0,0.000,0.000,-1,0,0,0,59.237
1202,0,0,0.000,0.000,-1,0,0,0,57.512
1203,0,0,0.000,0.000,-1,0,0,0,58.580
1204,0,0,0.000,0.000,-1,0,0,0,57.590
1205,0,0,0.000,0.000,-1,0,0,0,59.132
1206,0,0,0.000,0.000,-1,0,0,0,60.818
1207,0,0,0.000,0.000,-1,0,0,0,58.655
1208,0,0,0.000,0.000,-1,0,0,0,60.572
1209,0,0,0.000,0.000,-1,0,0,0,59.431
1210,0,0,0.000,0.000,-1,0,0,0,56.942
1211,0,0,0.000,0.000,-1,0,0,0,56.096
1212,0,0,0.000,0.000,-1,0,0,0,58.394
1213,0,0,0.000,0.000,-1,0,0,0,57.075
1214,0,0,0.000,0.000,-1,0,0,0,57.455
1215,0,0,0.000,0.000,-1,0,0,0,57.378
1216,0,1,81.803,84.606,-1,0,0,0,57.271
1217,0,0,0.000,0.000,-1,0,0,0,58.288
1218,0,0,0.000,0.000,-1,0,0,0,58.781
1219,0,0,0.000,0.000,-1,0,0,0,58.059
1220,0,0,0.000,0.000,-1,0,0,0,57.004
1221,0,0,0.000,0.000,-1,0,0,0,57.561
1222,0,0,0.000,0.000,-1,0,0,0,60.186
1223,0,0,0.000,0.000,-1,0,0,0,58.026
1224,0,0,0.000,0.000,-1,0,0,0,59.918
1225,0,0,0.000,0.000,-1,0,0,0,56.808
1226,0,0,0.000,0.000,-1,0,0,0,57.339
1227,0,0,0.000,0.000,-1,0,0,0,60.680
1228,0,0,0.000,0.000,-1,0,0,0,56.625
1229,0,0,0.000,0.000,-1,0,0,0,59.004
1230,0,0,0.000,0.000,-1,0,0,0,62.627
1231,0,0,0.000,0.000,-1,0,0,0,56.714
1232,0,0,0.000,0.000,-1,0,0,0,56.749
1233,0,0,0.000,0.000,-1,0,0,0,57.072
1234,0,0,0.000,0.000,-1,0,0,0,56.480
1235,0,0,0.000,0.000,-1,0,0,0,57.655
1236,0,0,0.000,0.000,-1,0,0,0,59.581
1237,0,0,0.000,0.000,-1,0,0,0,58.330
1238,0,0,0.000,0.000,-1,0,0,0,57.752
1239,0,0,0.000,0.000,-1,0,0,0,56.793
1240,0,0,0.000,0.000,-1,0,0,0,56.327
1241,0,0,0.000,0.000,-1,0,0,0,58.978
1242,0,0,0.000,0.000,-1,0,0,0,58.413
1243,0,0,0.000,0.000,-1,0,0,0,57.014
1244,0,0,0.000,0.000,-1,0,0,0,57.911
1245,0,0,0.000,0.000,-1,0,0,0,58.751
1246,0,0,0.000,0.000,-1,0,0,0,57.516
1247,0,0,0.000,0.000,-1,0,0,0,57.618
1248,0,1,81.761,84.527,-1,0,0,0,60.983
1249,0,0,0.000,0.000,-1,0,0,0,57.784
1250,0,0,0.000,0.000,-1,0,0,0,59.734
1251,0,0,0.000,0.000,-1,0,0,0,58.389
1252,0,0,0.000,0.000,-1,0,0,0,57.931
1253,0,0,0.000,0.000,-1,0,0,0,56.806
1254,0,0,0.000,0.000,-1,0,0,0,60.808
1255,0,0,0.000,0.000,-1,0,0,0,59.903
1256,0,0,0.000,0.000,-1,0,0,0,59.395
1257,0,0,0.000,0.000,-1,0,0,0,57.376
1258,0,0,0.000,0.000,-1,0,0,0,58.750
1259,0,0,0.000,0.000,-1,0,0,0,59.116
1260,0,0,0.000,0.000,-1,0,0,0,61.139
1261,0,0,0.000,0.000,-1,0,0,0,55.989
1262,0,0,0.000,0.000,-1,0,0,0,57.199
1263,0,0,0.000,0.000,-1,0,0,0,58.560
1264,0,0,0.000,0.000,-1,0,0,0,58.636
1265,0,0,0.000,0.000,-1,0,0,0,61.009
1266,0,0,0.000,0.000,-1,0,0,0,59.551
1267,0,0,0.000,0.000,-1,0,0,0,58.587
1268,0,0,0.000,0.000,-1,0,0,0,57.990
1269,0,0,0.000,0.000,-1,0,0,0,56.473
1270,0,0,0.000,0.000,-1,0,0,0,58.275
1271,0,0,0.000,0.000,-1,0,0,0,58.398
1272,0,0,0.000,0.000,-1,0,0,0,61.605
1273,0,0,0.000,0.000,-1,0,0,0,58.304
1274,0,0,0.000,0.000,-1,0,0,0,57.294
1275,0,0,0.000,0.000,-1,0,0,0,60.669
1276,0,0,0.000,0.000,-1,0,0,0,56.594
1277,0,0,0.000,0.000,-1,0,0,0,56.998
1278,0,0,0.000,0.000,-1,0,0,0,59.875
1279,0,0,0.000,0.000,-1,0,0,0,56.201
1280,0,1,81.840,84.647,-1,0,0,0,56.304
1281,0,0,0.000,0.000,-1,0,0,0,57.162
1282,0,0,0.000,0.000,-1,0,0,0,59.601
1283,0,0,0.000,0.000,-1,0,0,0,57.307
1284,0,0,0.000,0.000,-1,0,0,0,59.371
1285,0,0,0.000,0.000,-1,0,0,0,57.782
1286,0,0,0.000,0.000,-1,0,0,0,58.849
1287,0,0,0.000,0.000,-1,0,0,0,58.321
1288,0,0,0.000,0.000,-1,0,0,0,58.218
1289,0,0,0.000,0.000,-1,0,0,0,58.138
1290,0,0,0.000,0.000,-1,0,0,0,61.650
1291,0,0,0.000,0.000,-1,0,0,0,59.874
1292,0,0,0.000,0.000,-1,0,0,0,59.066
1293,0,0,0.000,0.000,-1,0,0,0,59.088
1294,0,0,0.000,0.000,-1,0,0,0,58.301
1295,0,0,0.000,0.000,-1,0,0,0,57.442
1296,0,0,0.000,0.000,-1,0,0,0,60.755
1297,0,0,0.000,0.000,-1,0,0,0,59.454
1298,0,0,0.000,0.000,-1,0,0,0,56.857
1299,0,0,0.000,0.000,-1,0,0,0,59.438
1300,0,0,0.000,0.000,-1,0,0,0,58.765
1301,0,0,0.000,0.000,-1,0,0,0,57.772
1302,0,0,0.000,0.000,-1,0,0,0,59.572
1303,0,0,0.000,0.000,-1,0,0,0,57.971
1304,0,0,0.000,0.000,-1,0,0,0,58.961
1305,0,0,0.000,0.000,-1,0,0,0,57.845
1306,0,0,0.000,0.000,-1,0,0,0,56.499
1307,0,0,0.000,0.000,-1,0,0,0,57.369
1308,0,0,0.000,0.000,-1,0,0,0,60.825
1309,0,0,0.000,0.000,-1,0,0,0,59.830
1310,0,0,0.000,0.000,-1,0,0,0,58.927
1311,0,0,0.000,0.000,-1,0,0,0,58.692
1312,0,1,81.658,84.469,-1,0,0,0,58.187
1313,0,0,0.000,0.000,-1,0,0,0,57.505
1314,0,0,0.000,0.000,-1,0,0,0,58.521
1315,0,0,0.000,0.000,-1,0,0,0,58.651
1316,0,0,0.000,0.000,-1,0,0,0,62.472
1317,0,0,0.000,0.000,-1,0,0,0,56.361
1318,0,0,0.000,0.000,-1,0,0,0,56.185
1319,0,0,0.000,0.000,-1,0,0,0,56.526
1320,0,0,0.000,0.000,-1,0,0,0,63.596
1321,0,0,0.000,0.000,-1,0,0,0,57.981
1322,0,0,0.000,0.000,-1,0,0,0,59.567
1323,0,0,0.000,0.000,-1,0,0,0,57.685
1324,0,0,0.000,0.000,-1,0,0,0,57.857
1325,0,0,0.000,0.000,-1,0,0,0,57.930
1326,0,0,0.000,0.000,-1,0,0,0,59.459
1327,0,0,0.000,0.000,-1,0,0,0,60.572
1328,0,0,0.000,0.000,-1,0,0,0,57.640
1329,0,0,0.000,0.000,-1,0,0,0,58.340
1330,0,0,0.000,0.000,-1,0,0,0,57.002
1331,0,0,0.000,0.000,-1,0,0,0,59.267
1332,0,0,0.000,0.000,-1,0,0,0,59.910
1333,0,0,0.000,0.000,-1,0,0,0,57.377
1334,0,0,0.000,0.000,-1,0,0,0,58.118
1335,0,0,0.000,0.000,-1,0,0,0,58.482
1336,0,0,0.000,0.000,-1,0,0,0,58.663
1337,0,0,0.000,0.000,-1,0,0,0,57.624
1338,0,0,0.000,0.000,-1,0,0,0,59.385
1339,0,0,0.000,0.000,-1,0,0,0,59.417
1340,0,0,0.000,0.000,-1,0,0,0,57.590
1341,0,0,0.000,0.000,-1,0,0,0,59.690
1342,0,0,0.000,0.000,-1,0,0,0,56.840
1343,0,0,0.000,0.000,-1,0,0,0,57.323
1344,0,1,82.635,85.313,-1,0,0,0,58.816
1345,0,0,0.000,0.000,-1,0,0,0,58.024
1346,0,0,0.000,0.000,-1,0,0,0,56.856
1347,0,0,0.000,0.000,-1,0,0,0,58.169
1348,0,0,0.000,0.000,-1,0,0,0,58.889
1349,0,0,0.000,0.000,-1,0,0,0,59.882
1350,0,0,0.000,0.000,-1,0,0,0,62.912
1351,0,0,0.000,0.000,-1,0,0,0,58.862
1352,0,0,0.000,0.000,-1,0,0,0,58.790
1353,0,0,0.000,0.000,-1,0,0,0,58.873
1354,0,0,0.000,0.000,-1,0,0,0,60.348
1355,0,0,0.000,0.000,-1,0,0,0,60.071
1356,0,0,0.000,0.000,-1,0,0,0,61.911
1357,0,0,0.000,0.000,-1,0,0,0,60.724
1358,0,0,0.000,0.000,-1,0,0,0,62.031
1359,0,0,0.000,0.000,-1,0,0,0,59.802
1360,0,0,0.000,0.000,-1,0,0,0,59.497
1361,0,0,0.000,0.000,-1,0,0,0,61.023
1362,0,0,0.000,0.000,-1,0,0,0,61.276
1363,0,0,0.000,0.000,-1,0,0,0,59.723
1364,0,0,0.000,0.000,-1,0,0,0,59.080
1365,0,0,0.000,0.000,-1,0,0,0,59.413
1366,0,0,0.000,0.000,-1,0,0,0,59.995
1367,0,0,0.000,0.000,-1,0,0,0,58.965
1368,0,0,0.000,0.000,-1,0,0,0,63.074
1369,0,0,0.000,0.000,-1,0,0,0,60.202
1370,0,0,0.000,0.000,-1,0,0,0,59.696
1371,0,0,0.000,0.000,-1,0,0,0,60.390
1372,0,0,0.000,0.000,-1,0,0,0,58.452
1373,0,0,0.000,0.000,-1,0,0,0,57.597
1374,0,0,0.000,0.000,-1,0,0,0,62.328
1375,0,0,0.000,0.000,-1,0,0,0,70.886
1376,0,1,81.691,84.446,-1,0,0,0,58.783
1377,0,0,0.000,0.000,-1,0,0,0,59.965
1378,0,0,0.000,0.000,-1,0,0,0,58.192
1379,0,0,0.000,0.000,-1,0,0,0,60.368
1380,0,0,0.000,0.000,-1,0,0,0,63.764
1381,0,0,0.000,0.000,-1,0,0,0,58.246
1382,0,0,0.000,0.000,-1,0,0,0,59.577
1383,0,0,0.000,0.000,-1,0,0,0,58.476
1384,0,0,0.000,0.000,-1,0,0,0,57.949
1385,0,0,0.000,0.000,-1,0,0,0,57.901
1386,0,0,0.000,0.000,-1,0,0,0,60.126
1387,0,0,0.000,0.000,-1,0,0,0,58.024
1388,0,0,0.000,0.000,-1,0,0,0,57.566
1389,0,0,0.000,0.000,-1,0,0,0,60.338
1390,0,0,0.000,0.000,-1,0,0,0,59.939
1391,0,0,0.000,0.000,-1,0,0,0,57.340
1392,0,0,0.000,0.000,-1,0,0,0,58.507
1393,0,0,0.000,0.000,-1,0,0,0,56.815
1394,0,0,0.000,0.000,-1,0,0,0,58.383
1395,0,0,0.000,0.000,-1,0,0,0,58.036
1396,0,0,0.000,0.000,-1,0,0,0,57.861
1397,0,0,0.000,0.000,-1,0,0,0,60.228
1398,0,0,0.000,0.000,-1,0,0,0,59.598
1399,0,0,0.000,0.000,-1,0,0,0,58.017
1400,0,0,0.000,0.000,-1,0,0,0,60.456
1401,0,0,0.000,0.000,-1,0,0,0,58.620
1402,0,0,0.000,0.000,-1,0,0,0,57.699
1403,0,0,0.000,0.000,-1,0,0,0,58.098
1404,0,0,0.000,0.000,-1,0,0,0,58.977
1405,0,0,0.000,0.000,-1,0,0,0,58.798
1406,0,0,0.000,0.000,-1,0,0,0,58.289
1407,0,0,0.000,0.000,-1,0,0,0,64.751
1408,0,1,81.906,84.617,-1,0,0,0,60.901
1409,0,0,0.000,0.000,-1,0,0,0,60.105
1410,0,0,0.000,0.000,-1,0,0,0,62.535
1411,0,0,0.000,0.000,-1,0,0,0,58.276
1412,0,0,0.000,0.000,-1,0,0,0,57.964
1413,0,0,0.000,0.000,-1,0,0,0,60.812
1414,0,0,0.000,0.000,-1,0,0,0,60.406
1415,0,0,0.000,0.000,-1,0,0,0,56.359
1416,0,0,0.000,0.000,-1,0,0,0,59.946
1417,0,0,0.000,0.000,-1,0,0,0,61.011
1418,0,0,0.000,0.000,-1,0,0,0,60.657
1419,0,0,0.000,0.000,-1,0,0,0,61.040
1420,0,0,0.000,0.000,-1,0,0,0,61.646
1421,0,0,0.000,0.000,-1,0,0,0,59.761
1422,0,0,0.000,0.000,-1,0,0,0,62.175
1423,0,0,0.000,0.000,-1,0,0,0,60.421
1424,0,0,0.000,0.000,-1,0,0,0,58.754
1425,0,0,0.000,0.000,-1,0,0,0,72.160
1426,0,0,0.000,0.000,-1,0,0,0,64.082
1427,0,0,0.000,0.000,-1,0,0,0,65.359
1428,0,0,0.000,0.000,-1,0,0,0,62.998
1429,0,0,0.000,0.000,-1,0,0,0,57.857
1430,0,0,0.000,0.000,-1,0,0,0,58.730
1431,0,0,0.000,0.000,-1,0,0,0,57.584
1432,0,0,0.000,0.000,-1,0,0,0,59.486
1433,0,0,0.000,0.000,-1,0,0,0,58.698
1434,0,0,0.000,0.000,-1,0,0,0,59.804
1435,0,0,0.000,0.000,-1,0,0,0,60.457
1436,0,0,0.000,0.000,-1,0,0,0,57.886
1437,0,0,0.000,0.000,-1,0,0,0,56.892
1438,0,0,0.000,0.000,-1,0,0,0,59.133
1439,0,0,0.000,0.000,-1,0,0,0,57.994
1440,0,1,81.826,84.522,-1,0,0,0,60.955
1441,0,0,0.000,0.000,-1,0,0,0,57.167
1442,0,0,0.000,0.000,-1,0,0,0,60.632
1443,0,0,0.000,0.000,-1,0,0,0,59.288
1444,0,0,0.000,0.000,-1,0,0,0,57.501
1445,0,0,0.000,0.000,-1,0,0,0,58.362
1446,0,0,0.000,0.000,-1,0,0,0,60.884
1447,0,0,0.000,0.000,-1,0,0,0,57.776
1448,0,0,0.000,0.000,-1,0,0,0,57.850
1449,0,0,0.000,0.000,-1,0,0,0,59.719
1450,0,0,0.000,0.000,-1,0,0,0,58.325
1451,0,0,0.000,0.000,-1,0,0,0,58.689
1452,0,0,0.000,0.000,-1,0,0,0,61.439
1453,0,0,0.000,0.000,-1,0,0,0,58.002
1454,0,0,0.000,0.000,-1,0,0,0,59.073
1455,0,0,0.000,0.000,-1,0,0,0,57.604
1456,0,0,0.000,0.000,-1,0,0,0,57.844
1457,0,0,0.000,0.000,-1,0,0,0,58.178
1458,0,0,0.000,0.000,-1,0,0,0,59.881
1459,0,0,0.000,0.000,-1,0,0,0,58.393
1460,0,0,0.000,0.000,-1,0,0,0,59.295
1461,0,0,0.000,0.000,-1,0,0,0,58.320
1462,0,0,0.000,0.000,-1,0,0,0,56.861
1463,0,0,0.000,0.000,-1,0,0,0,56.835
1464,0,0,0.000,0.000,-1,0,0,0,61.316
1465,0,0,0.000,0.000,-1,0,0,0,60.001
1466,0,0,0.000,0.000,-1,0,0,0,58.414
1467,0,0,0.000,0.000,-1,0,0,0,57.658
1468,0,0,0.000,0.000,-1,0,0,0,58.821
1469,0,0,0.000,0.000,-1,0,0,0,58.505
1470,0,0,0.000,0.000,-1,0,0,0,60.647
1471,0,0,0.000,0.000,-1,0,0,0,58.024
1472,0,1,81.744,84.577,-1,0,0,0,58.159
1473,0,0,0.000,0.000,-1,0,0,0,60.063
1474,0,0,0.000,0.000,-1,0,0,0,58.294
1475,0,0,0.000,0.000,-1,0,0,0,58.453
1476,0,0,0.000,0.000,-1,0,0,0,61.748
1477,0,0,0.000,0.000,-1,0,0,0,58.155
1478,0,0,0.000,0.000,-1,0,0,0,56.928
1479,0,0,0.000,0.000,-1,0,0,0,57.038
1480,0,0,0.000,0.000,-1,0,0,0,59.239
1481,0,0,0.000,0.000,-1,0,0,0,59.046
1482,0,0,0.000,0.000,-1,0,0,0,59.394
1483,0,0,0.000,0.000,-1,0,0,0,58.538
1484,0,0,0.000,0.000,-1,0,0,0,57.888
1485,0,0,0.000,0.000,-1,0,0,0,58.133
1486,0,0,0.000,0.000,-1,0,0,0,56.786
1487,0,0,0.000,0.000,-1,0,0,0,57.541
1488,0,0,0.000,0.000,-1,0,0,0,59.371
1489,0,0,0.000,0.000,-1,0,0,0,58.703
1490,0,0,0.000,0.000,-1,0,0,0,57.042
1491,0,0,0.000,0.000,-1,0,0,0,57.096
1492,0,0,0.000,0.000,-1,0,0,0,56.699
1493,0,0,0.000,0.000,-1,0,0,0,56.642
1494,0,0,0.000,0.000,-1,0,0,0,60.867
1495,0,0,0.000,0.000,-1,0,0,0,58.772
1496,0,0,0.000,0.000,-1,0,0,0,57.530
1497,0,0,0.000,0.000,-1,0,0,0,56.708
1498,0,0,0.000,0.000,-1,0,0,0,57.885
1499,0,0,0.000,0.000,-1,0,0,0,61.252
1500,0,0,0.000,0.000,-1,0,0,0,61.222
1501,0,0,0.000,0.000,-1,0,0,0,57.295
1502,0,0,0.000,0.000,-1,0,0,0,57.034
1503,0,0,0.000,0.000,-1,0,0,0,57.988
1504,0,1,81.844,84.716,-1,0,0,0,58.967
1505,0,0,0.000,0.000,-1,0,0,0,57.789
1506,0,0,0.000,0.000,-1,0,0,0,58.553
1507,0,0,0.000,0.000,-1,0,0,0,58.765
1508,0,0,0.000,0.000,-1,0,0,0,57.817
1509,0,0,0.000,0.000,-1,0,0,0,58.397
1510,0,0,0.000,0.000,-1,0,0,0,56.669
1511,0,0,0.000,0.000,-1,0,0,0,56.486
1512,0,0,0.000,0.000,-1,0,0,0,57.784
1513,0,0,0.000,0.000,-1,0,0,0,59.881
1514,0,0,0.000,0.000,-1,0,0,0,61.170
1515,0,0,0.000,0.000,-1,0,0,0,59.015
1516,0,0,0.000,0.000,-1,0,0,0,59.059
1517,0,0,0.000,0.000,-1,0,0,0,58.849
1518,0,0,0.000,0.000,-1,0,0,0,59.266
1519,0,0,0.000,0.000,-1,0,0,0,57.324
1520,0,0,0.000,0.000,-1,0,0,0,58.922
1521,0,0,0.000,0.000,-1,0,0,0,58.870
1522,0,0,0.000,0.000,-1,0,0,0,57.592
1523,0,0,0.000,0.000,-1,0,0,0,59.644
1524,0,0,0.000,0.000,-1,0,0,0,59.604
1525,0,0,0.000,0.000,-1,0,0,0,59.293
1526,0,0,0.000,0.000,-1,0,0,0,57.637
1527,0,0,0.000,0.000,-1,0,0,0,58.706
1528,0,0,0.000,0.000,-1,0,0,0,59.824
1529,0,0,0.000,0.000,-1,0,0,0,58.015
1530,0,0,0.000,0.000,-1,0,0,0,60.890
1531,0,0,0.000,0.000,-1,0,0,0,59.461
1532,0,0,0.000,0.000,-1,0,0,0,57.324
1533,0,0,0.000,0.000,-1,0,0,0,58.885
1534,0,0,0.000,0.000,-1,0,0,0,57.685
1535,0,0,0.000,0.000,-1,0,0,0,57.778
1536,0,1,81.745,84.395,-1,0,0,0,59.595
1537,0,0,0.000,0.000,-1,0,0,0,60.880
1538,0,0,0.000,0.000,-1,0,0,0,58.891
1539,0,0,0.000,0.000,-1,0,0,0,59.066
1540,0,0,0.000,0.000,-1,0,0,0,58.399
1541,0,0,0.000,0.000,-1,0,0,0,55.817
1542,0,0,0.000,0.000,-1,0,0,0,59.173
1543,0,0,0.000,0.000,-1,0,0,0,58.418
1544,0,0,0.000,0.000,-1,0,0,0,56.755
1545,0,0,0.000,0.000,-1,0,0,0,57.081
1546,0,0,0.000,0.000,-1,0,0,0,59.784
1547,0,0,0.000,0.000,-1,0,0,0,57.392
1548,0,0,0.000,0.000,-1,0,0,0,60.244
1549,0,0,0.000,0.000,-1,0,0,0,58.907
1550,0,0,0.000,0.000,-1,0,0,0,59.365
1551,0,0,0.000,0.000,-1,0,0,0,57.341
1552,0,0,0.000,0.000,-1,0,0,0,59.333
1553,0,0,0.000,0.000,-1,0,0,0,58.968
1554,0,0,0.000,0.000,-1,0,0,0,64.101
1555,0,0,0.000,0.000,-1,0,0,0,59.642
1556,0,0,0.000,0.000,-1,0,0,0,57.924
1557,0,0,0.000,0.000,-1,0,0,0,59.633
1558,0,0,0.000,0.000,-1,0,0,0,59.638
1559,0,0,0.000,0.000,-1,0,0,0,59.140
1560,0,0,0.000,0.000,-1,0,0,0,60.984
1561,0,0,0.000,0.000,-1,0,0,0,58.041
1562,0,0,0.000,0.000,-1,0,0,0,58.135
1563,0,0,0.000,0.000,-1,0,0,0,57.295
1564,0,0,0.000,0.000,-1,0,0,0,57.198
1565,0,0,0.000,0.000,-1,0,0,0,58.431
1566,0,0,0.000,0.000,-1,0,0,0,59.264
1567,0,0,0.000,0.000,-1,0,0,0,59.711
1568,0,1,81.822,84.618,-1,0,0,0,59.111
1569,0,0,0.000,0.000,-1,0,0,0,59.868
1570,0,0,0.000,0.000,-1,0,0,0,57.487
1571,0,0,0.000,0.000,-1,0,0,0,64.580
1572,0,0,0.000,0.000,-1,0,0,0,61.103
1573,0,0,0.000,0.000,-1,0,0,0,58.232
1574,0,0,0.000,0.000,-1,0,0,0,58.037
1575,0,0,0.000,0.000,-1,0,0,0,57.256
1576,0,0,0.000,0.000,-1,0,0,0,60.512
1577,0,0,0.000,0.000,-1,0,0,0,58.076
1578,0,0,0.000,0.000,-1,0,0,0,59.699
1579,0,0,0.000,0.000,-1,0,0,0,59.209
1580,0,0,0.000,0.000,-1,0,0,0,57.987
1581,0,0,0.000,0.000,-1,0,0,0,60.030
1582,0,0,0.000,0.000,-1,0,0,0,58.949
1583,0,0,0.000,0.000,-1,0,0,0,60.617
1584,0,0,0.000,0.000,-1,0,0,0,59.847
1585,0,0,0.000,0.000,-1,0,0,0,57.098
1586,0,0,0.000,0.000,-1,0,0,0,56.616
1587,0,0,0.000,0.000,-1,0,0,0,57.824
1588,0,0,0.000,0.000,-1,0,0,0,56.835
1589,0,0,0.000,0.000,-1,0,0,0,58.219
1590,0,0,0.000,0.000,-1,0,0,0,63.771
1591,0,0,0.000,0.000,-1,0,0,0,58.520
1592,0,0,0.000,0.000,-1,0,0,0,57.893
1593,0,0,0.000,0.000,-1,0,0,0,57.433
1594,0,0,0.000,0.000,-1,0,0,0,57.250
1595,0,0,0.000,0.000,-1,0,0,0,58.126
1596,0,0,0.000,0.000,-1,0,0,0,60.251
1597,0,0,0.000,0.000,-1,0,0,0,57.496
1598,0,0,0.000,0.000,-1,0,0,0,56.764
1599,0,0,0.000,0.000,-1,0,0,0,55.999
1600,0,1,81.916,84.623,-1,0,0,0,56.356
1601,0,0,0.000,0.000,-1,0,0,0,57.807
1602,0,0,0.000,0.000,-1,0,0,0,58.875
1603,0,0,0.000,0.000,-1,0,0,0,57.555
1604,0,0,0.000,0.000,-1,0,0,0,57.968
1605,0,0,0.000,0.000,-1,0,0,0,58.613
1606,0,0,0.000,0.000,-1,0,0,0,59.093
1607,0,0,0.000,0.000,-1,0,0,0,56.939
1608,0,0,0.000,0.000,-1,0,0,0,59.201
1609,0,0,0.000,0.000,-1,0,0,0,56.876
1610,0,0,0.000,0.000,-1,0,0,0,56.838
1611,0,0,0.000,0.000,-1,0,0,0,56.187
1612,0,0,0.000,0.000,-1,0,0,0,59.836
1613,0,0,0.000,0.000,-1,0,0,0,56.876
1614,0,0,0.000,0.000,-1,0,0,0,58.747
1615,0,0,0.000,0.000,-1,0,0,0,59.299
1616,0,0,0.000,0.000,-1,0,0,0,57.489
1617,0,0,0.000,0.000,-1,0,0,0,57.626
1618,0,0,0.000,0.000,-1,0,0,0,61.758
1619,0,0,0.000,0.000,-1,0,0,0,57.919
1620,0,0,0.000,0.000,-1,0,0,0,59.777
1621,0,0,0.000,0.000,-1,0,0,0,56.777
1622,0,0,0.000,0.000,-1,0,0,0,57.149
1623,0,0,0.000,0.000,-1,0,0,0,56.811
1624,0,0,0.000,0.000,-1,0,0,0,56.743
1625,0,0,0.000,0.000,-1,0,0,0,57.026
1626,0,0,0.000,0.000,-1,0,0,0,60.716
1627,0,0,0.000,0.000,-1,0,0,0,58.545
1628,0,0,0.000,0.000,-1,0,0,0,55.940
1629,0,0,0.000,0.000,-1,0,0,0,56.170
1630,0,0,0.000,0.000,-1,0,0,0,57.632
1631,0,0,0.000,0.000,-1,0,0,0,56.448
1632,0,1,81.838,84.528,-1,0,0,0,59.462
1633,0,0,0.000,0.000,-1,0,0,0,56.721
1634,0,0,0.000,0.000,-1,0,0,0,56.116
1635,0,0,0.000,0.000,-1,0,0,0,57.218
1636,0,0,0.000,0.000,-1,0,0,0,56.661
1637,0,0,0.000,0.000,-1,0,0,0,58.353
1638,0,0,0.000,0.000,-1,0,0,0,58.074
1639,0,0,0.000,0.000,-1,0,0,0,57.269
1640,0,0,0.000,0.000,-1,0,0,0,57.683
1641,0,0,0.000,0.000,-1,0,0,0,58.208
1642,0,0,0.000,0.000,-1,0,0,0,59.409
1643,0,0,0.000,0.000,-1,0,0,0,57.064
1644,0,0,0.000,0.000,-1,0,0,0,60.147
1645,0,0,0.000,0.000,-1,0,0,0,58.090
1646,0,0,0.000,0.000,-1,0,0,0,59.528
1647,0,0,0.000,0.000,-1,0,0,0,58.350
1648,0,0,0.000,0.000,-1,0,0,0,56.987
1649,0,0,0.000,0.000,-1,0,0,0,56.950
1650,0,0,0.000,0.000,-1,0,0,0,61.727
1651,0,0,0.000,0.000,-1,0,0,0,57.928
1652,0,0,0.000,0.000,-1,0,0,0,58.432
1653,0,0,0.000,0.000,-1,0,0,0,58.687
1654,0,0,0.000,0.000,-1,0,0,0,59.434
1655,0,0,0.000,0.000,-1,0,0,0,58.040
1656,0,0,0.000,0.000,-1,0,0,0,59.527
1657,0,0,0.000,0.000,-1,0,0,0,59.075
1658,0,0,0.000,0.000,-1,0,0,0,60.672
1659,0,0,0.000,0.000,-1,0,0,0,59.252
1660,0,0,0.000,0.000,-1,0,0,0,60.723
1661,0,0,0.000,0.000,-1,0,0,0,57.609
1662,0,0,0.000,0.000,-1,0,0,0,61.262
1663,0,0,0.000,0.000,-1,0,0,0,59.735
1664,0,1,81.718,84.558,-1,0,0,0,56.711
1665,0,0,0.000,0.000,-1,0,0,0,59.367
1666,0,0,0.000,0.000,-1,0,0,0,59.787
1667,0,0,0.000,0.000,-1,0,0,0,58.493
1668,0,0,0.000,0.000,-1,0,0,0,59.192
1669,0,0,0.000,0.000,-1,0,0,0,58.119
1670,0,0,0.000,0.000,-1,0,0,0,57.769
1671,0,0,0.000,0.000,-1,0,0,0,57.859
1672,0,0,0.000,0.000,-1,0,0,0,57.800
1673,0,0,0.000,0.000,-1,0,0,0,61.987
1674,0,0,0.000,0.000,-1,0,0,0,60.720
1675,0,0,0.000,0.000,-1,0,0,0,58.002
1676,0,0,0.000,0.000,-1,0,0,0,59.365
1677,0,0,0.000,0.000,-1,0,0,0,58.931
1678,0,0,0.000,0.000,-1,0,0,0,57.528
1679,0,0,0.000,0.000,-1,0,0,0,59.517
1680,0,0,0.000,0.000,-1,0,0,0,61.597
1681,0,0,0.000,0.000,-1,0,0,0,59.352
1682,0,0,0.000,0.000,-1,0,0,0,57.912
1683,0,0,0.000,0.000,-1,0,0,0,58.537
1684,0,0,0.000,0.000,-1,0,0,0,59.348
1685,0,0,0.000,0.000,-1,0,0,0,59.208
1686,0,0,0.000,0.000,-1,0,0,0,61.231
1687,0,0,0.000,0.000,-1,0,0,0,61.340
1688,0,0,0.000,0.000,-1,0,0,0,62.276
1689,0,0,0.000,0.000,-1,0,0,0,57.770
1690,0,0,0.000,0.000,-1,0,0,0,57.318
1691,0,0,0.000,0.000,-1,0,0,0,56.816
1692,0,0,0.000,0.000,-1,0,0,0,57.536
1693,0,0,0.000,0.000,-1,0,0,0,57.418
1694,0,0,0.000,0.000,-1,0,0,0,56.561
1695,0,0,0.000,0.000,-1,0,0,0,59.074
1696,0,1,83.254,86.339,-1,0,0,0,59.203
1697,0,0,0.000,0.000,-1,0,0,0,57.095
1698,0,0,0.000,0.000,-1,0,0,0,59.605
1699,0,0,0.000,0.000,-1,0,0,0,62.301
1700,0,0,0.000,0.000,-1,0,0,0,57.422
1701,0,0,0.000,0.000,-1,0,0,0,58.671
1702,0,0,0.000,0.000,-1,0,0,0,58.572
1703,0,0,0.000,0.000,-1,0,0,0,57.415
1704,0,0,0.000,0.000,-1,0,0,0,57.619
1705,0,0,0.000,0.000,-1,0,0,0,56.150
1706,0,0,0.000,0.000,-1,0,0,0,57.770
1707,0,0,0.000,0.000,-1,0,0,0,55.079
1708,0,0,0.000,0.000,-1,0,0,0,58.560
1709,0,0,0.000,0.000,-1,0,0,0,56.494
1710,0,0,0.000,0.000,-1,0,0,0,59.701
1711,0,0,0.000,0.000,-1,0,0,0,56.950
1712,0,0,0.000,0.000,-1,0,0,0,55.933
1713,0,0,0.000,0.000,-1,0,0,0,57.729
1714,0,0,0.000,0.000,-1,0,0,0,58.639
1715,0,0,0.000,0.000,-1,0,0,0,58.081
1716,0,0,0.000,0.000,-1,0,0,0,59.221
1717,0,0,0.000,0.000,-1,0,0,0,57.135
1718,0,0,0.000,0.000,-1,0,0,0,56.131
1719,0,0,0.000,0.000,-1,0,0,0,56.712
1720,0,0,0.000,0.000,-1,0,0,0,62.209
1721,0,0,0.000,0.000,-1,0,0,0,59.669
1722,0,0,0.000,0.000,-1,0,0,0,59.262
1723,0,0,0.000,0.000,-1,0,0,0,56.037
1724,0,0,0.000,0.000,-1,0,0,0,57.387
1725,0,0,0.000,0.000,-1,0,0,0,58.425
1726,0,0,0.000,0.000,-1,0,0,0,58.734
1727,0,0,0.000,0.000,-1,0,0,0,59.274
1728,0,1,82.554,85.252,-1,0,0,0,68.515
1729,0,0,0.000,0.000,-1,0,0,0,58.238
1730,0,0,0.000,0.000,-1,0,0,0,60.518
1731,0,0,0.000,0.000,-1,0,0,0,57.905
1732,0,0,0.000,0.000,-1,0,0,0,60.409
1733,0,0,0.000,0.000,-1,0,0,0,56.735
1734,0,0,0.000,0.000,-1,0,0,0,59.627
1735,0,0,0.000,0.000,-1,0,0,0,60.386
1736,0,0,0.000,0.000,-1,0,0,0,57.459
1737,0,0,0.000,0.000,-1,0,0,0,58.375
1738,0,0,0.000,0.000,-1,0,0,0,58.654
1739,0,0,0.000,0.000,-1,0,0,0,59.427
1740,0,0,0.000,0.000,-1,0,0,0,62.340
1741,0,0,0.000,0.000,-1,0,0,0,59.168
1742,0,0,0.000,0.000,-1,0,0,0,57.724
1743,0,0,0.000,0.000,-1,0,0,0,57.400
1744,0,0,0.000,0.000,-1,0,0,0,58.105
1745,0,0,0.000,0.000,-1,0,0,0,58.060
1746,0,0,0.000,0.000,-1,0,0,0,63.244
1747,0,0,0.000,0.000,-1,0,0,0,57.001
1748,0,0,0.000,0.000,-1,0,0,0,57.940
1749,0,0,0.000,0.000,-1,0,0,0,56.278
1750,0,0,0.000,0.000,-1,0,0,0,58.918
1751,0,0,0.000,0.000,-1,0,0,0,58.968
1752,0,0,0.000,0.000,-1,0,0,0,61.077
1753,0,0,0.000,0.000,-1,0,0,0,57.704
1754,0,0,0.000,0.000,-1,0,0,0,56.752
1755,0,0,0.000,0.000,-1,0,0,0,57.705
1756,0,0,0.000,0.000,-1,0,0,0,56.201
1757,0,0,0.000,0.000,-1,0,0,0,57.285
1758,0,0,0.000,0.000,-1,0,0,0,61.596
1759,0,0,0.000,0.000,-1,0,0,0,58.633
1760,0,1,82.880,85.664,-1,0,0,0,56.810
1761,0,0,0.000,0.000,-1,0,0,0,62.338
1762,0,0,0.000,0.000,-1,0,0,0,60.348
1763,0,0,0.000,0.000,-1,0,0,0,56.616
1764,0,0,0.000,0.000,-1,0,0,0,57.877
1765,0,0,0.000,0.000,-1,0,0,0,57.623
1766,0,0,0.000,0.000,-1,0,0,0,56.341
1767,0,0,0.000,0.000,-1,0,0,0,56.286
1768,0,0,0.000,0.000,-1,0,0,0,58.168
1769,0,0,0.000,0.000,-1,0,0,0,58.016
1770,0,0,0.000,0.000,-1,0,0,0,59.353
1771,0,0,0.000,0.000,-1,0,0,0,59.802
1772,0,0,0.000,0.000,-1,0,0,0,57.583
1773,0,0,0.000,0.000,-1,0,0,0,59.976
1774,0,0,0.000,0.000,-1,0,0,0,58.063
1775,0,0,0.000,0.000,-1,0,0,0,57.826
1776,0,0,0.000,0.000,-1,0,0,0,60.659
1777,0,0,0.000,0.000,-1,0,0,0,60.137
1778,0,0,0.000,0.000,-1,0,0,0,62.510
1779,0,0,0.000,0.000,-1,0,0,0,57.946
1780,0,0,0.000,0.000,-1,0,0,0,57.915
1781,0,0,0.000,0.000,-1,0,0,0,59.913
1782,0,0,0.000,0.000,-1,0,0,0,60.770
1783,0,0,0.000,0.000,-1,0,0,0,60.998
1784,0,0,0.000,0.000,-1,0,0,0,57.592
1785,0,0,0.000,0.000,-1,0,0,0,58.825
1786,0,0,0.000,0.000,-1,0,0,0,57.632
1787,0,0,0.000,0.000,-1,0,0,0,56.750
1788,0,0,0.000,0.000,-1,0,0,0,61.863
1789,0,0,0.000,0.000,-1,0,0,0,59.646
1790,0,0,0.000,0.000,-1,0,0,0,58.529
1791,0,0,0.000,0.000,-1,0,0,0,57.085
1792,0,1,81.766,84.490,-1,0,0,0,62.381
1793,0,0,0.000,0.000,-1,0,0,0,57.928
1794,0,0,0.000,0.000,-1,0,0,0,59.812
1795,0,0,0.000,0.000,-1,0,0,0,57.121
1796,0,0,0.000,0.000,-1,0,0,0,59.226
1797,0,0,0.000,0.000,-1,0,0,0,62.417
1798,0,0,0.000,0.000,-1,0,0,0,58.235
1799,0,0,0.000,0.000,-1,0,0,0,58.307
1800,0,0,0.000,0.000,-1,0,0,0,63.016
1801,0,0,0.000,0.000,-1,0,0,0,58.758
1802,0,0,0.000,0.000,-1,0,0,0,59.936
1803,0,0,0.000,0.000,-1,0,0,0,59.710
1804,0,0,0.000,0.000,-1,0,0,0,57.986
1805,0,0,0.000,0.000,-1,0,0,0,57.869
1806,0,0,0.000,0.000,-1,0,0,0,60.738
1807,0,0,0.000,0.000,-1,0,0,0,59.722
1808,0,0,0.000,0.000,-1,0,0,0,57.627
1809,0,0,0.000,0.000,-1,0,0,0,57.139
1810,0,0,0.000,0.000,-1,0,0,0,58.006
1811,0,0,0.000,0.000,-1,0,0,0,57.317
1812,0,0,0.000,0.000,-1,0,0,0,59.540
1813,0,0,0.000,0.000,-1,0,0,0,57.306
1814,0,0,0.000,0.000,-1,0,0,0,59.059
1815,0,0,0.000,0.000,-1,0,0,0,56.939
1816,0,0,0.000,0.000,-1,0,0,0,58.728
1817,0,0,0.000,0.000,-1,0,0,0,59.339
1818,0,0,0.000,0.000,-1,0,0,0,59.207
1819,0,0,0.000,0.000,-1,0,0,0,56.334
1820,0,0,0.000,0.000,-1,0,0,0,56.478
1821,0,0,0.000,0.000,-1,0,0,0,58.173
1822,0,0,0.000,0.000,-1,0,0,0,57.999
1823,0,0,0.000,0.000,-1,0,0,0,60.686
1824,0,1,81.672,84.311,-1,0,0,0,59.245
1825,0,0,0.000,0.000,-1,0,0,0,59.726
1826,0,0,0.000,0.000,-1,0,0,0,58.486
1827,0,0,0.000,0.000,-1,0,0,0,57.718
1828,0,0,0.000,0.000,-1,0,0,0,57.327
1829,0,0,0.000,0.000,-1,0,0,0,56.785
1830,0,0,0.000,0.000,-1,0,0,0,60.497
1831,0,0,0.000,0.000,-1,0,0,0,58.866
1832,0,0,0.000,0.000,-1,0,0,0,59.825
1833,0,0,0.000,0.000,-1,0,0,0,58.521
1834,0,0,0.000,0.000,-1,0,0,0,57.148
1835,0,0,0.000,0.000,-1,0,0,0,60.600
1836,0,0,0.000,0.000,-1,0,0,0,60.258
1837,0,0,0.000,0.000,-1,0,0,0,56.987
1838,0,0,0.000,0.000,-1,0,0,0,55.963
1839,0,0,0.000,0.000,-1,0,0,0,57.074
1840,0,0,0.000,0.000,-1,0,0,0,56.291
1841,0,0,0.000,0.000,-1,0,0,0,57.992
1842,0,0,0.000,0.000,-1,0,0,0,58.135
1843,0,0,0.000,0.000,-1,0,0,0,57.411
1844,0,0,0.000,0.000,-1,0,0,0,56.722
1845,0,0,0.000,0.000,-1,0,0,0,56.845
1846,0,0,0.000,0.000,-1,0,0,0,57.728
1847,0,0,0.000,0.000,-1,0,0,0,58.701
1848,0,0,0.000,0.000,-1,0,0,0,59.871
1849,0,0,0.000,0.000,-1,0,0,0,57.865
1850,0,0,0.000,0.000,-1,0,0,0,57.008
1851,0,0,0.000,0.000,-1,0,0,0,57.897
1852,0,0,0.000,0.000,-1,0,0,0,58.651
1853,0,0,0.000,0.000,-1,0,0,0,58.280
1854,0,0,0.000,0.000,-1,0,0,0,60.408
1855,0,0,0.000,0.000,-1,0,0,0,58.094
1856,0,1,81.635,84.373,-1,0,0,0,59.889
1857,0,0,0.000,0.000,-1,0,0,0,57.928
1858,0,0,0.000,0.000,-1,0,0,0,58.084
1859,0,0,0.000,0.000,-1,0,0,0,58.661
1860,0,0,0.000,0.000,-1,0,0,0,64.124
1861,0,0,0.000,0.000,-1,0,0,0,57.940
1862,0,0,0.000,0.000,-1,0,0,0,57.029
1863,0,0,0.000,0.000,-1,0,0,0,58.044
1864,0,0,0.000,0.000,-1,0,0,0,58.580
1865,0,0,0.000,0.000,-1,0,0,0,58.538
1866,0,0,0.000,0.000,-1,0,0,0,60.433
1867,0,0,0.000,0.000,-1,0,0,0,58.232
1868,0,0,0.000,0.000,-1,0,0,0,57.640
1869,0,0,0.000,0.000,-1,0,0,0,57.707
1870,0,0,0.000,0.000,-1,0,0,0,59.588
1871,0,0,0.000,0.000,-1,0,0,0,57.862
1872,0,0,0.000,0.000,-1,0,0,0,59.878
1873,0,0,0.000,0.000,-1,0,0,0,58.945
1874,0,0,0.000,0.000,-1,0,0,0,60.084
1875,0,0,0.000,0.000,-1,0,0,0,57.471
1876,0,0,0.000,0.000,-1,0,0,0,58.835
1877,0,0,0.000,0.000,-1,0,0,0,60.633
1878,0,0,0.000,0.000,-1,0,0,0,62.155
1879,0,0,0.000,0.000,-1,0,0,0,56.825
1880,0,0,0.000,0.000,-1,0,0,0,56.512
1881,0,0,0.000,0.000,-1,0,0,0,58.078
1882,0,0,0.000,0.000,-1,0,0,0,59.617
1883,0,0,0.000,0.000,-1,0,0,0,55.887
1884,0,0,0.000,0.000,-1,0,0,0,59.012
1885,0,0,0.000,0.000,-1,0,0,0,57.947
1886,0,0,0.000,0.000,-1,0,0,0,57.494
1887,0,0,0.000,0.000,-1,0,0,0,59.650
1888,0,1,81.758,84.566,-1,0,0,0,61.381
1889,0,0,0.000,0.000,-1,0,0,0,58.779
1890,0,0,0.000,0.000,-1,0,0,0,61.874
1891,0,0,0.000,0.000,-1,0,0,0,58.105
1892,0,0,0.000,0.000,-1,0,0,0,57.568
1893,0,0,0.000,0.000,-1,0,0,0,57.600
1894,0,0,0.000,0.000,-1,0,0,0,57.947
1895,0,0,0.000,0.000,-1,0,0,0,58.337
1896,0,0,0.000,0.000,-1,0,0,0,59.329
1897,0,0,0.000,0.000,-1,0,0,0,57.729
1898,0,0,0.000,0.000,-1,0,0,0,57.932
1899,0,0,0.000,0.000,-1,0,0,0,58.116
1900,0,0,0.000,0.000,-1,0,0,0,57.160
1901,0,0,0.000,0.000,-1,0,0,0,58.460
1902,0,0,0.000,0.000,-1,0,0,0,59.650
1903,0,0,0.000,0.000,-1,0,0,0,59.907
1904,0,0,0.000,0.000,-1,0,0,0,58.125
1905,0,0,0.000,0.000,-1,0,0,0,58.438
1906,0,0,0.000,0.000,-1,0,0,0,57.607
1907,0,0,0.000,0.000,-1,0,0,0,57.822
1908,0,0,0.000,0.000,-1,0,0,0,61.516
1909,0,0,0.000,0.000,-1,0,0,0,57.829
1910,0,0,0.000,0.000,-1,0,0,0,56.623
1911,0,0,0.000,0.000,-1,0,0,0,56.549
1912,0,0,0.000,0.000,-1,0,0,0,57.631
1913,0,0,0.000,0.000,-1,0,0,0,58.923
1914,0,0,0.000,0.000,-1,0,0,0,59.589
1915,0,0,0.000,0.000,-1,0,0,0,58.497
1916,0,0,0.000,0.000,-1,0,0,0,56.676
1917,0,0,0.000,0.000,-1,0,0,0,61.057
1918,0,0,0.000,0.000,-1,0,0,0,56.364
1919,0,0,0.000,0.000,-1,0,0,0,58.885
1920,0,1,81.704,84.466,-1,0,0,0,61.995
1921,0,0,0.000,0.000,-1,0,0,0,58.634
1922,0,0,0.000,0.000,-1,0,0,0,57.680
1923,0,0,0.000,0.000,-1,0,0,0,58.317
1924,0,0,0.000,0.000,-1,0,0,0,59.631
1925,0,0,0.000,0.000,-1,0,0,0,60.203
1926,0,0,0.000,0.000,-1,0,0,0,61.343
1927,0,0,0.000,0.000,-1,0,0,0,57.643
1928,0,0,0.000,0.000,-1,0,0,0,59.337
1929,0,0,0.000,0.000,-1,0,0,0,60.146
1930,0,0,0.000,0.000,-1,0,0,0,58.931
1931,0,0,0.000,0.000,-1,0,0,0,60.266
1932,0,0,0.000,0.000,-1,0,0,0,61.084
1933,0,0,0.000,0.000,-1,0,0,0,60.466
1934,0,0,0.000,0.000,-1,0,0,0,59.497
1935,0,0,0.000,0.000,-1,0,0,0,59.001
1936,0,0,0.000,0.000,-1,0,0,0,62.015
1937,0,0,0.000,0.000,-1,0,0,0,59.304
1938,0,0,0.000,0.000,-1,0,0,0,61.707
1939,0,0,0.000,0.000,-1,0,0,0,59.546
1940,0,0,0.000,0.000,-1,0,0,0,61.474
1941,0,0,0.000,0.000,-1,0,0,0,59.643
1942,0,0,0.000,0.000,-1,0,0,0,59.327
1943,0,0,0.000,0.000,-1,0,0,0,59.102
1944,0,0,0.000,0.000,-1,0,0,0,60.900
1945,0,0,0.000,0.000,-1,0,0,0,59.672
1946,0,0,0.000,0.000,-1,0,0,0,60.103
1947,0,0,0.000,0.000,-1,0,0,0,57.400
1948,0,0,0.000,0.000,-1,0,0,0,58.449
1949,0,0,0.000,0.000,-1,0,0,0,61.296
1950,0,0,0.000,0.000,-1,0,0,0,73.893
1951,0,0,0.000,0.000,-1,0,0,0,61.050
1952,0,1,82.049,84.995,-1,0,0,0,62.446
1953,0,0,0.000,0.000,-1,0,0,0,61.405
1954,0,0,0.000,0.000,-1,0,0,0,60.191
1955,0,0,0.000,0.000,-1,0,0,0,62.191
1956,0,0,0.000,0.000,-1,0,0,0,63.648
1957,0,0,0.000,0.000,-1,0,0,0,59.365
1958,0,0,0.000,0.000,-1,0,0,0,57.588
1959,0,0,0.000,0.000,-1,0,0,0,60.937
1960,0,0,0.000,0.000,-1,0,0,0,58.591
1961,0,0,0.000,0.000,-1,0,0,0,59.015
1962,0,0,0.000,0.000,-1,0,0,0,60.021
1963,0,0,0.000,0.000,-1,0,0,0,57.660
1964,0,0,0.000,0.000,-1,0,0,0,58.047
1965,0,0,0.000,0.000,-1,0,0,0,58.817
1966,0,0,0.000,0.000,-1,0,0,0,59.119
1967,0,0,0.000,0.000,-1,0,0,0,56.813
1968,0,0,0.000,0.000,-1,0,0,0,58.955
1969,0,0,0.000,0.000,-1,0,0,0,58.277
1970,0,0,0.000,0.000,-1,0,0,0,59.986
1971,0,0,0.000,0.000,-1,0,0,0,57.613
1972,0,0,0.000,0.000,-1,0,0,0,57.511
1973,0,0,0.000,0.000,-1,0,0,0,57.612
1974,0,0,0.000,0.000,-1,0,0,0,63.176
1975,0,0,0.000,0.000,-1,0,0,0,58.006
1976,0,0,0.000,0.000,-1,0,0,0,59.736
1977,0,0,0.000,0.000,-1,0,0,0,60.554
1978,0,0,0.000,0.000,-1,0,0,0,58.478
1979,0,0,0.000,0.000,-1,0,0,0,59.153
1980,0,0,0.000,0.000,-1,0,0,0,63.373
1981,0,0,0.000,0.000,-1,0,0,0,59.364
1982,0,0,0.000,0.000,-1,0,0,0,56.978
1983,0,0,0.000,0.000,-1,0,0,0,55.612
1984,0,1,81.742,84.466,-1,0,0,0,59.568
1985,0,0,0.000,0.000,-1,0,0,0,57.585
1986,0,0,0.000,0.000,-1,0,0,0,58.977
1987,0,0,0.000,0.000,-1,0,0,0,58.882
1988,0,0,0.000,0.000,-1,0,0,0,56.633
1989,0,0,0.000,0.000,-1,0,0,0,59.345
1990,0,0,0.000,0.000,-1,0,0,0,58.661
1991,0,0,0.000,0.000,-1,0,0,0,57.157
1992,0,0,0.000,0.000,-1,0,0,0,58.639
1993,0,0,0.000,0.000,-1,0,0,0,57.773
1994,0,0,0.000,0.000,-1,0,0,0,58.971
1995,0,0,0.000,0.000,-1,0,0,0,58.895
1996,0,0,0.000,0.000,-1,0,0,0,57.244
1997,0,0,0.000,0.000,-1,0,0,0,57.505
1998,0,0,0.000,0.000,-1,0,0,0,61.165
1999,0,0,0.000,0.000,-1,0,0,0,59.700
2000,0,0,0.000,0.000,-1,0,0,0,59.382
2001,0,0,0.000,0.000,-1,0,0,0,59.590
2002,0,0,0.000,0.000,-1,0,0,0,62.481
2003,0,0,0.000,0.000,-1,0,0,0,60.297
2004,0,0,0.000,0.000,-1,0,0,0,60.373
2005,0,0,0.000,0.000,-1,0,0,0,58.991
2006,0,0,0.000,0.000,-1,0,0,0,58.277
2007,0,0,0.000,0.000,-1,0,0,0,58.338
2008,0,0,0.000,0.000,-1,0,0,0,56.373
2009,0,0,0.000,0.000,-1,0,0,0,56.136
2010,0,0,0.000,0.000,-1,0,0,0,58.400
2011,0,0,0.000,0.000,-1,0,0,0,58.552
2012,0,0,0.000,0.000,-1,0,0,0,58.012
2013,0,0,0.000,0.000,-1,0,0,0,59.529
2014,0,0,0.000,0.000,-1,0,0,0,59.633
2015,0,0,0.000,0.000,-1,0,0,0,57.261
2016,0,1,81.637,84.257,-1,0,0,0,59.422
2017,0,0,0.000,0.000,-1,0,0,0,58.265
2018,0,0,0.000,0.000,-1,0,0,0,57.929
2019,0,0,0.000,0.000,-1,0,0,0,57.774
2020,0,0,0.000,0.000,-1,0,0,0,59.378
2021,0,0,0.000,0.000,-1,0,0,0,58.451
2022,0,0,0.000,0.000,-1,0,0,0,59.690
2023,0,0,0.000,0.000,-1,0,0,0,57.624
2024,0,0,0.000,0.000,-1,0,0,0,58.802
2025,0,0,0.000,0.000,-1,0,0,0,58.035
2026,0,0,0.000,0.000,-1,0,0,0,57.252
2027,0,0,0.000,0.000,-1,0,0,0,57.087
2028,0,0,0.000,0.000,-1,0,0,0,60.327
2029,0,0,0.000,0.000,-1,0,0,0,57.539
2030,0,0,0.000,0.000,-1,0,0,0,56.907
2031,0,0,0.000,0.000,-1,0,0,0,57.021
2032,0,0,0.000,0.000,-1,0,0,0,57.628
2033,0,0,0.000,0.000,-1,0,0,0,57.860
2034,0,0,0.000,0.000,-1,0,0,0,59.986
2035,0,0,0.000,0.000,-1,0,0,0,59.156
2036,0,0,0.000,0.000,-1,0,0,0,56.580
2037,0,0,0.000,0.000,-1,0,0,0,56.207
2038,0,0,0.000,0.000,-1,0,0,0,56.679
2039,0,0,0.000,0.000,-1,0,0,0,56.577
2040,0,0,0.000,0.000,-1,0,0,0,62.939
2041,0,0,0.000,0.000,-1,0,0,0,58.927
2042,0,0,0.000,0.000,-1,0,0,0,57.864
2043,0,0,0.000,0.000,-1,0,0,0,59.081
2044,0,0,0.000,0.000,-1,0,0,0,57.170
2045,0,0,0.000,0.000,-1,0,0,0,57.913
2046,0,0,0.000,0.000,-1,0,0,0,61.213
2047,0,0,0.000,0.000,-1,0,0,0,59.878
2048,0,1,81.530,84.343,-1,0,0,0,57.806
2049,0,0,0.000,0.000,-1,0,0,0,57.950
2050,0,0,0.000,0.000,-1,0,0,0,58.251
2051,0,0,0.000,0.000,-1,0,0,0,57.312
2052,0,0,0.000,0.000,-1,0,0,0,61.121
2053,0,0,0.000,0.000,-1,0,0,0,58.084
2054,0,0,0.000,0.000,-1,0,0,0,56.982
2055,0,0,0.000,0.000,-1,0,0,0,57.492
2056,0,0,0.000,0.000,-1,0,0,0,58.231
2057,0,0,0.000,0.000,-1,0,0,0,57.099
2058,0,0,0.000,0.000,-1,0,0,0,62.704
2059,0,0,0.000,0.000,-1,0,0,0,59.100
2060,0,0,0.000,0.000,-1,0,0,0,56.495
2061,0,0,0.000,0.000,-1,0,0,0,62.351
2062,0,0,0.000,0.000,-1,0,0,0,59.880
2063,0,0,0.000,0.000,-1,0,0,0,57.523
2064,0,0,0.000,0.000,-1,0,0,0,59.939
2065,0,0,0.000,0.000,-1,0,0,0,57.295
2066,0,0,0.000,0.000,-1,0,0,0,57.260
2067,0,0,0.000,0.000,-1,0,0,0,57.768
2068,0,0,0.000,0.000,-1,0,0,0,56.729
2069,0,0,0.000,0.000,-1,0,0,0,57.179
2070,0,0,0.000,0.000,-1,0,0,0,61.814
2071,0,0,0.000,0.000,-1,0,0,0,58.628
2072,0,0,0.000,0.000,-1,0,0,0,56.906
2073,0,0,0.000,0.000,-1,0,0,0,57.117
2074,0,0,0.000,0.000,-1,0,0,0,60.804
2075,0,0,0.000,0.000,-1,0,0,0,58.907
2076,0,0,0.000,0.000,-1,0,0,0,59.071
2077,0,0,0.000,0.000,-1,0,0,0,58.358
2078,0,0,0.000,0.000,-1,0,0,0,58.039
2079,0,0,0.000,0.000,-1,0,0,0,59.326
2080,0,1,81.730,84.553,-1,0,0,0,57.910
2081,0,0,0.000,0.000,-1,0,0,0,63.063
2082,0,0,0.000,0.000,-1,0,0,0,59.399
2083,0,0,0.000,0.000,-1,0,0,0,60.109
2084,0,0,0.000,0.000,-1,0,0,0,57.910
2085,0,0,0.000,0.000,-1,0,0,0,59.038
2086,0,0,0.000,0.000,-1,0,0,0,57.875
2087,0,0,0.000,0.000,-1,0,0,0,57.607
2088,0,0,0.000,0.000,-1,0,0,0,61.555
2089,0,0,0.000,0.000,-1,0,0,0,58.203
2090,0,0,0.000,0.000,-1,0,0,0,57.970
2091,0,0,0.000,0.000,-1,0,0,0,59.420
2092,0,0,0.000,0.000,-1,0,0,0,58.244
2093,0,0,0.000,0.000,-1,0,0,0,57.386
2094,0,0,0.000,0.000,-1,0,0,0,59.773
2095,0,0,0.000,0.000,-1,0,0,0,57.586
2096,0,0,0.000,0.000,-1,0,0,0,58.565
2097,0,0,0.000,0.000,-1,0,0,0,57.541
2098,0,0,0.000,0.000,-1,0,0,0,57.131
2099,0,0,0.000,0.000,-1,0,0,0,57.311
2100,0,0,0.000,0.000,-1,0,0,0,63.366
2101,0,0,0.000,0.000,-1,0,0,0,58.844
2102,0,0,0.000,0.000,-1,0,0,0,57.972
2103,0,0,0.000,0.000,-1,0,0,0,59.051
2104,0,0,0.000,0.000,-1,0,0,0,57.834
2105,0,0,0.000,0.000,-1,0,0,0,59.659
2106,0,0,0.000,0.000,-1,0,0,0,62.154
2107,0,0,0.000,0.000,-1,0,0,0,58.373
2108,0,0,0.000,0.000,-1,0,0,0,58.223
2109,0,0,0.000,0.000,-1,0,0,0,57.146
2110,0,0,0.000,0.000,-1,0,0,0,56.468
2111,0,0,0.000,0.000,-1,0,0,0,57.916
2112,0,1,81.692,84.369,-1,0,0,0,60.121
2113,0,0,0.000,0.000,-1,0,0,0,58.041
2114,0,0,0.000,0.000,-1,0,0,0,57.304
2115,0,0,0.000,0.000,-1,0,0,0,58.696
2116,0,0,0.000,0.000,-1,0,0,0,57.486
2117,0,0,0.000,0.000,-1,0,0,0,57.301
2118,0,0,0.000,0.000,-1,0,0,0,60.928
2119,0,0,0.000,0.000,-1,0,0,0,58.239
2120,0,0,0.000,0.000,-1,0,0,0,57.174
2121,0,0,0.000,0.000,-1,0,0,0,58.943
2122,0,0,0.000,0.000,-1,0,0,0,56.341
2123,0,0,0.000,0.000,-1,0,0,0,55.507
2124,0,0,0.000,0.000,-1,0,0,0,57.894
2125,0,0,0.000,0.000,-1,0,0,0,56.825
2126,0,0,0.000,0.000,-1,0,0,0,56.221
2127,0,0,0.000,0.000,-1,0,0,0,57.311
2128,0,0,0.000,0.000,-1,0,0,0,59.178
2129,0,0,0.000,0.000,-1,0,0,0,57.518
2130,0,0,0.000,0.000,-1,0,0,0,61.359
2131,0,0,0.000,0.000,-1,0,0,0,59.011
2132,0,0,0.000,0.000,-1,0,0,0,55.835
2133,0,0,0.000,0.000,-1,0,0,0,56.106
2134,0,0,0.000,0.000,-1,0,0,0,58.659
2135,0,0,0.000,0.000,-1,0,0,0,59.658
2136,0,0,0.000,0.000,-1,0,0,0,60.512
2137,0,0,0.000,0.000,-1,0,0,0,57.704
2138,0,0,0.000,0.000,-1,0,0,0,57.647
2139,0,0,0.000,0.000,-1,0,0,0,61.595
2140,0,0,0.000,0.000,-1,0,0,0,62.060
2141,0,0,0.000,0.000,-1,0,0,0,58.722
2142,0,0,0.000,0.000,-1,0,0,0,61.034
2143,0,0,0.000,0.000,-1,0,0,0,59.795
2144,0,1,81.757,84.570,-1,0,0,0,59.125
2145,0,0,0.000,0.000,-1,0,0,0,59.279
2146,0,0,0.000,0.000,-1,0,0,0,60.169
2147,0,0,0.000,0.000,-1,0,0,0,57.763
2148,0,0,0.000,0.000,-1,0,0,0,59.301
2149,0,0,0.000,0.000,-1,0,0,0,58.602
2150,0,0,0.000,0.000,-1,0,0,0,57.963
2151,0,0,0.000,0.000,-1,0,0,0,55.759
2152,0,0,0.000,0.000,-1,0,0,0,57.545
2153,0,0,0.000,0.000,-1,0,0,0,64.175
2154,0,0,0.000,0.000,-1,0,0,0,61.872
2155,0,0,0.000,0.000,-1,0,0,0,57.693
2156,0,0,0.000,0.000,-1,0,0,0,59.103
2157,0,0,0.000,0.000,-1,0,0,0,58.398
2158,0,0,0.000,0.000,-1,0,0,0,57.306
2159,0,0,0.000,0.000,-1,0,0,0,59.333
2160,0,0,0.000,0.000,-1,0,0,0,58.915
2161,0,0,0.000,0.000,-1,0,0,0,58.991
2162,0,0,0.000,0.000,-1,0,0,0,58.391
2163,0,0,0.000,0.000,-1,0,0,0,58.429
2164,0,0,0.000,0.000,-1,0,0,0,59.094
2165,0,0,0.000,0.000,-1,0,0,0,59.046
2166,0,0,0.000,0.000,-1,0,0,0,61.266
2167,0,0,0.000,0.000,-1,0,0,0,58.403
2168,0,0,0.000,0.000,-1,0,0,0,58.747
2169,0,0,0.000,0.000,-1,0,0,0,60.569
2170,0,0,0.000,0.000,-1,0,0,0,58.028
2171,0,0,0.000,0.000,-1,0,0,0,57.569
2172,0,0,0.000,0.000,-1,0,0,0,59.306
2173,0,0,0.000,0.000,-1,0,0,0,56.868
2174,0,0,0.000,0.000,-1,0,0,0,55.407
2175,0,0,0.000,0.000,-1,0,0,0,55.571
2176,0,1,81.570,84.397,-1,0,0,0,58.731
2177,0,0,0.000,0.000,-1,0,0,0,57.725
2178,0,0,0.000,0.000,-1,0,0,0,60.117
2179,0,0,0.000,0.000,-1,0,0,0,58.964
2180,0,0,0.000,0.000,-1,0,0,0,59.227
2181,0,0,0.000,0.000,-1,0,0,0,57.726
2182,0,0,0.000,0.000,-1,0,0,0,56.576
2183,0,0,0.000,0.000,-1,0,0,0,56.773
2184,0,0,0.000,0.000,-1,0,0,0,56.887
2185,0,0,0.000,0.000,-1,0,0,0,58.538
2186,0,0,0.000,0.000,-1,0,0,0,57.526
2187,0,0,0.000,0.000,-1,0,0,0,57.458
2188,0,0,0.000,0.000,-1,0,0,0,59.714
2189,0,0,0.000,0.000,-1,0,0,0,58.154
2190,0,0,0.000,0.000,-1,0,0,0,63.702
2191,0,0,0.000,0.000,-1,0,0,0,58.237
2192,0,0,0.000,0.000,-1,0,0,0,56.317
2193,0,0,0.000,0.000,-1,0,0,0,57.082
2194,0,0,0.000,0.000,-1,0,0,0,55.729
2195,0,0,0.000,0.000,-1,0,0,0,57.537
2196,0,0,0.000,0.000,-1,0,0,0,60.270
2197,0,0,0.000,0.000,-1,0,0,0,58.052
2198,0,0,0.000,0.000,-1,0,0,0,58.186
2199,0,0,0.000,0.000,-1,0,0,0,57.851
2200,0,0,0.000,0.000,-1,0,0,0,56.655
2201,0,0,0.000,0.000,-1,0,0,0,56.815
2202,0,0,0.000,0.000,-1,0,0,0,59.332
2203,0,0,0.000,0.000,-1,0,0,0,59.527
2204,0,0,0.000,0.000,-1,0,0,0,57.213
2205,0,0,0.000,0.000,-1,0,0,0,59.410
2206,0,0,0.000,0.000,-1,0,0,0,57.930
2207,0,0,0.000,0.000,-1,0,0,0,57.013
2208,0,1,81.440,84.228,-1,0,0,0,58.797
2209,0,0,0.000,0.000,-1,0,0,0,57.566
2210,0,0,0.000,0.000,-1,0,0,0,56.640
2211,0,0,0.000,0.000,-1,0,0,0,61.161
2212,0,0,0.000,0.000,-1,0,0,0,59.360
2213,0,0,0.000,0.000,-1,0,0,0,58.374
2214,0,0,0.000,0.000,-1,0,0,0,60.470
2215,0,0,0.000,0.000,-1,0,0,0,59.001
2216,0,0,0.000,0.000,-1,0,0,0,57.426
2217,0,0,0.000,0.000,-1,0,0,0,58.479
2218,0,0,0.000,0.000,-1,0,0,0,55.580
2219,0,0,0.000,0.000,-1,0,0,0,57.876
2220,0,0,0.000,0.000,-1,0,0,0,60.316
2221,0,0,0.000,0.000,-1,0,0,0,59.259
2222,0,0,0.000,0.000,-1,0,0,0,58.367
2223,0,0,0.000,0.000,-1,0,0,0,57.715
2224,0,0,0.000,0.000,-1,0,0,0,59.913
2225,0,0,0.000,0.000,-1,0,0,0,56.522
2226,0,0,0.000,0.000,-1,0,0,0,58.355
2227,0,0,0.000,0.000,-1,0,0,0,58.344
2228,0,0,0.000,0.000,-1,0,0,0,58.361
2229,0,0,0.000,0.000,-1,0,0,0,57.612
2230,0,0,0.000,0.000,-1,0,0,0,57.694
2231,0,0,0.000,0.000,-1,0,0,0,57.542
2232,0,0,0.000,0.000,-1,0,0,0,62.725
2233,0,0,0.000,0.000,-1,0,0,0,59.405
2234,0,0,0.000,0.000,-1,0,0,0,57.065
2235,0,0,0.000,0.000,-1,0,0,0,62.983
2236,0,0,0.000,0.000,-1,0,0,0,57.045
2237,0,0,0.000,0.000,-1,0,0,0,58.442
2238,0,0,0.000,0.000,-1,0,0,0,59.132
2239,0,0,0.000,0.000,-1,0,0,0,59.664
2240,0,1,82.156,84.929,-1,0,0,0,57.787
2241,0,0,0.000,0.000,-1,0,0,0,57.492
2242,0,0,0.000,0.000,-1,0,0,0,57.073
2243,0,0,0.000,0.000,-1,0,0,0,57.180
2244,0,0,0.000,0.000,-1,0,0,0,60.977
2245,0,0,0.000,0.000,-1,0,0,0,56.931
2246,0,0,0.000,0.000,-1,0,0,0,58.540
2247,0,0,0.000,0.000,-1,0,0,0,57.673
2248,0,0,0.000,0.000,-1,0,0,0,58.217
2249,0,0,0.000,0.000,-1,0,0,0,57.444
2250,0,0,0.000,0.000,-1,0,0,0,60.579
2251,0,0,0.000,0.000,-1,0,0,0,57.755
2252,0,0,0.000,0.000,-1,0,0,0,58.596
2253,0,0,0.000,0.000,-1,0,0,0,57.760
2254,0,0,0.000,0.000,-1,0,0,0,58.169
2255,0,0,0.000,0.000,-1,0,0,0,58.839
2256,0,0,0.000,0.000,-1,0,0,0,60.881
2257,0,0,0.000,0.000,-1,0,0,0,58.001
2258,0,0,0.000,0.000,-1,0,0,0,58.522
2259,0,0,0.000,0.000,-1,0,0,0,58.215
2260,0,0,0.000,0.000,-1,0,0,0,58.959
2261,0,0,0.000,0.000,-1,0,0,0,58.069
2262,0,0,0.000,0.000,-1,0,0,0,60.737
2263,0,0,0.000,0.000,-1,0,0,0,59.204
2264,0,0,0.000,0.000,-1,0,0,0,57.163
2265,0,0,0.000,0.000,-1,0,0,0,59.815
2266,0,0,0.000,0.000,-1,0,0,0,57.560
2267,0,0,0.000,0.000,-1,0,0,0,57.101
2268,0,0,0.000,0.000,-1,0,0,0,59.991
2269,0,0,0.000,0.000,-1,0,0,0,56.802
2270,0,0,0.000,0.000,-1,0,0,0,57.574
2271,0,0,0.000,0.000,-1,0,0,0,56.667
2272,0,1,81.736,84.515,-1,0,0,0,57.720
2273,0,0,0.000,0.000,-1,0,0,0,56.611
2274,0,0,0.000,0.000,-1,0,0,0,57.884
2275,0,0,0.000,0.000,-1,0,0,0,57.777
2276,0,0,0.000,0.000,-1,0,0,0,58.381
2277,0,0,0.000,0.000,-1,0,0,0,58.112
2278,0,0,0.000,0.000,-1,0,0,0,56.618
2279,0,0,0.000,0.000,-1,0,0,0,57.969
2280,0,0,0.000,0.000,-1,0,0,0,61.103
2281,0,0,0.000,0.000,-1,0,0,0,56.781
2282,0,0,0.000,0.000,-1,0,0,0,56.269
2283,0,0,0.000,0.000,-1,0,0,0,56.450
2284,0,0,0.000,0.000,-1,0,0,0,57.926
2285,0,0,0.000,0.000,-1,0,0,0,62.757
2286,0,0,0.000,0.000,-1,0,0,0,59.877
2287,0,0,0.000,0.000,-1,0,0,0,57.391
2288,0,0,0.000,0.000,-1,0,0,0,56.735
2289,0,0,0.000,0.000,-1,0,0,0,57.444
2290,0,0,0.000,0.000,-1,0,0,0,58.208
2291,0,0,0.000,0.000,-1,0,0,0,56.518
2292,0,0,0.000,0.000,-1,0,0,0,63.157
2293,0,0,0.000,0.000,-1,0,0,0,59.721
2294,0,0,0.000,0.000,-1,0,0,0,57.842
2295,0,0,0.000,0.000,-1,0,0,0,58.397
2296,0,0,0.000,0.000,-1,0,0,0,57.849
2297,0,0,0.000,0.000,-1,0,0,0,56.812
2298,0,0,0.000,0.000,-1,0,0,0,61.188
2299,0,0,0.000,0.000,-1,0,0,0,58.437
2300,0,0,0.000,0.000,-1,0,0,0,56.661
2301,0,0,0.000,0.000,-1,0,0,0,57.178
2302,0,0,0.000,0.000,-1,0,0,0,59.455
2303,0,0,0.000,0.000,-1,0,0,0,57.871
2304,0,1,81.639,84.304,-1,0,0,0,60.558
2305,0,0,0.000,0.000,-1,0,0,0,57.919
2306,0,0,0.000,0.000,-1,0,0,0,58.123
2307,0,0,0.000,0.000,-1,0,0,0,59.008
2308,0,0,0.000,0.000,-1,0,0,0,56.721
2309,0,0,0.000,0.000,-1,0,0,0,56.374
2310,0,0,0.000,0.000,-1,0,0,0,61.988
2311,0,0,0.000,0.000,-1,0,0,0,58.640
2312,0,0,0.000,0.000,-1,0,0,0,58.407
2313,0,0,0.000,0.000,-1,0,0,0,58.012
2314,0,0,0.000,0.000,-1,0,0,0,59.453
2315,0,0,0.000,0.000,-1,0,0,0,59.179
2316,0,0,0.000,0.000,-1,0,0,0,61.955
2317,0,0,0.000,0.000,-1,0,0,0,58.093
2318,0,0,0.000,0.000,-1,0,0,0,58.451
2319,0,0,0.000,0.000,-1,0,0,0,57.723
2320,0,0,0.000,0.000,-1,0,0,0,57.781
2321,0,0,0.000,0.000,-1,0,0,0,56.269
2322,0,0,0.000,0.000,-1,0,0,0,58.351
2323,0,0,0.000,0.000,-1,0,0,0,56.626
2324,0,0,0.000,0.000,-1,0,0,0,60.181
2325,0,0,0.000,0.000,-1,0,0,0,58.967
2326,0,0,0.000,0.000,-1,0,0,0,57.454
2327,0,0,0.000,0.000,-1,0,0,0,56.105
2328,0,0,0.000,0.000,-1,0,0,0,60.110
2329,0,0,0.000,0.000,-1,0,0,0,59.579
2330,0,0,0.000,0.000,-1,0,0,0,57.546
2331,0,0,0.000,0.000,-1,0,0,0,57.150
2332,0,0,0.000,0.000,-1,0,0,0,56.651
2333,0,0,0.000,0.000,-1,0,0,0,56.341
2334,0,0,0.000,0.000,-1,0,0,0,59.344
2335,0,0,0.000,0.000,-1,0,0,0,57.812
2336,0,1,81.768,84.704,-1,0,0,0,57.533
2337,0,0,0.000,0.000,-1,0,0,0,58.254
2338,0,0,0.000,0.000,-1,0,0,0,57.442
2339,0,0,0.000,0.000,-1,0,0,0,56.520
2340,0,0,0.000,0.000,-1,0,0,0,67.055
2341,0,0,0.000,0.000,-1,0,0,0,60.901
2342,0,0,0.000,0.000,-1,0,0,0,56.602
2343,0,0,0.000,0.000,-1,0,0,0,58.009
2344,0,0,0.000,0.000,-1,0,0,0,58.036
2345,0,0,0.000,0.000,-1,0,0,0,57.190
2346,0,0,0.000,0.000,-1,0,0,0,58.214
2347,0,0,0.000,0.000,-1,0,0,0,56.848
2348,0,0,0.000,0.000,-1,0,0,0,56.269
2349,0,0,0.000,0.000,-1,0,0,0,57.332
2350,0,0,0.000,0.000,-1,0,0,0,59.459
2351,0,0,0.000,0.000,-1,0,0,0,60.254
2352,0,0,0.000,0.000,-1,0,0,0,59.639
2353,0,0,0.000,0.000,-1,0,0,0,57.205
2354,0,0,0.000,0.000,-1,0,0,0,56.888
2355,0,0,0.000,0.000,-1,0,0,0,57.211
2356,0,0,0.000,0.000,-1,0,0,0,57.711
2357,0,0,0.000,0.000,-1,0,0,0,58.174
2358,0,0,0.000,0.000,-1,0,0,0,61.105
2359,0,0,0.000,0.000,-1,0,0,0,59.575
2360,0,0,0.000,0.000,-1,0,0,0,59.356
2361,0,0,0.000,0.000,-1,0,0,0,57.754
2362,0,0,0.000,0.000,-1,0,0,0,58.131
2363,0,0,0.000,0.000,-1,0,0,0,58.294
2364,0,0,0.000,0.000,-1,0,0,0,59.539
2365,0,0,0.000,0.000,-1,0,0,0,58.134
2366,0,0,0.000,0.000,-1,0,0,0,58.134
2367,0,0,0.000,0.000,-1,0,0,0,58.560
2368,0,1,82.826,85.605,-1,0,0,0,57.427
2369,0,0,0.000,0.000,-1,0,0,0,59.797
2370,0,0,0.000,0.000,-1,0,0,0,64.295
2371,0,0,0.000,0.000,-1,0,0,0,57.385
2372,0,0,0.000,0.000,-1,0,0,0,57.181
2373,0,0,0.000,0.000,-1,0,0,0,58.128
2374,0,0,0.000,0.000,-1,0,0,0,58.185
2375,0,0,0.000,0.000,-1,0,0,0,58.031
2376,0,0,0.000,0.000,-1,0,0,0,60.037
2377,0,0,0.000,0.000,-1,0,0,0,59.328
2378,0,0,0.000,0.000,-1,0,0,0,57.427
2379,0,0,0.000,0.000,-1,0,0,0,58.488
2380,0,0,0.000,0.000,-1,0,0,0,59.113
2381,0,0,0.000,0.000,-1,0,0,0,57.384
2382,0,0,0.000,0.000,-1,0,0,0,59.794
2383,0,0,0.000,0.000,-1,0,0,0,57.458
2384,0,0,0.000,0.000,-1,0,0,0,57.863
2385,0,0,0.000,0.000,-1,0,0,0,59.758
2386,0,0,0.000,0.000,-1,0,0,0,57.815
2387,0,0,0.000,0.000,-1,0,0,0,58.382
2388,0,0,0.000,0.000,-1,0,0,0,59.194
2389,0,0,0.000,0.000,-1,0,0,0,55.944
2390,0,0,0.000,0.000,-1,0,0,0,57.536
2391,0,0,0.000,0.000,-1,0,0,0,58.064
2392,0,0,0.000,0.000,-1,0,0,0,59.885
2393,0,0,0.000,0.000,-1,0,0,0,59.218
2394,0,0,0.000,0.000,-1,0,0,0,59.636
2395,0,0,0.000,0.000,-1,0,0,0,57.599
2396,0,0,0.000,0.000,-1,0,0,0,57.834
2397,0,0,0.000,0.000,-1,0,0,0,57.593
2398,0,0,0.000,0.000,-1,0,0,0,58.451
2399,0,0,0.000,0.000,-1,0,0,0,58.480
2400,0,1,81.640,84.383,-1,0,0,0,62.138
2401,0,0,0.000,0.000,-1,0,0,0,59.847
2402,0,0,0.000,0.000,-1,0,0,0,57.724
2403,0,0,0.000,0.000,-1,0,0,0,58.723
2404,0,0,0.000,0.000,-1,0,0,0,59.132
2405,0,0,0.000,0.000,-1,0,0,0,59.100
2406,0,0,0.000,0.000,-1,0,0,0,60.672
2407,0,0,0.000,0.000,-1,0,0,0,59.090
2408,0,0,0.000,0.000,-1,0,0,0,58.286
2409,0,0,0.000,0.000,-1,0,0,0,56.807
2410,0,0,0.000,0.000,-1,0,0,0,57.752
2411,0,0,0.000,0.000,-1,0,0,0,57.281
2412,0,0,0.000,0.000,-1,0,0,0,58.864
2413,0,0,0.000,0.000,-1,0,0,0,58.761
2414,0,0,0.000,0.000,-1,0,0,0,58.675
2415,0,0,0.000,0.000,-1,0,0,0,58.144
2416,0,0,0.000,0.000,-1,0,0,0,56.403
2417,0,0,0.000,0.000,-1,0,0,0,57.085
2418,0,0,0.000,0.000,-1,0,0,0,58.653
2419,0,0,0.000,0.000,-1,0,0,0,57.233
2420,0,0,0.000,0.000,-1,0,0,0,57.073
2421,0,0,0.000,0.000,-1,0,0,0,56.223
2422,0,0,0.000,0.000,-1,0,0,0,59.219
2423,0,0,0.000,0.000,-1,0,0,0,59.891
2424,0,0,0.000,0.000,-1,0,0,0,60.863
2425,0,0,0.000,0.000,-1,0,0,0,58.393
2426,0,0,0.000,0.000,-1,0,0,0,58.937
2427,0,0,0.000,0.000,-1,0,0,0,57.783
2428,0,0,0.000,0.000,-1,0,0,0,57.528
2429,0,0,0.000,0.000,-1,0,0,0,58.935
2430,0,0,0.000,0.000,-1,0,0,0,61.120
2431,0,0,0.000,0.000,-1,0,0,0,58.020
2432,0,1,81.414,84.332,-1,0,0,0,59.297
2433,0,0,0.000,0.000,-1,0,0,0,58.143
2434,0,0,0.000,0.000,-1,0,0,0,60.107
2435,0,0,0.000,0.000,-1,0,0,0,57.413
2436,0,0,0.000,0.000,-1,0,0,0,60.609
2437,0,0,0.000,0.000,-1,0,0,0,59.470
2438,0,0,0.000,0.000,-1,0,0,0,59.003
2439,0,0,0.000,0.000,-1,0,0,0,58.159
2440,0,0,0.000,0.000,-1,0,0,0,57.838
2441,0,0,0.000,0.000,-1,0,0,0,58.646
2442,0,0,0.000,0.000,-1,0,0,0,58.920
2443,0,0,0.000,0.000,-1,0,0,0,58.751
2444,0,0,0.000,0.000,-1,0,0,0,60.762
2445,0,0,0.000,0.000,-1,0,0,0,61.213
2446,0,0,0.000,0.000,-1,0,0,0,59.382
2447,0,0,0.000,0.000,-1,0,0,0,60.334
2448,0,0,0.000,0.000,-1,0,0,0,61.032
2449,0,0,0.000,0.000,-1,0,0,0,59.640
2450,0,0,0.000,0.000,-1,0,0,0,59.927
2451,0,0,0.000,0.000,-1,0,0,0,61.149
2452,0,0,0.000,0.000,-1,0,0,0,60.745
2453,0,0,0.000,0.000,-1,0,0,0,59.226
2454,0,0,0.000,0.000,-1,0,0,0,64.722
2455,0,0,0.000,0.000,-1,0,0,0,58.484
2456,0,0,0.000,0.000,-1,0,0,0,59.530
2457,0,0,0.000,0.000,-1,0,0,0,59.183
2458,0,0,0.000,0.000,-1,0,0,0,60.886
2459,0,0,0.000,0.000,-1,0,0,0,59.680
2460,0,0,0.000,0.000,-1,0,0,0,62.364
2461,0,0,0.000,0.000,-1,0,0,0,59.730
2462,0,0,0.000,0.000,-1,0,0,0,57.525
2463,0,0,0.000,0.000,-1,0,0,0,59.614
2464,0,1,81.668,84.417,-1,0,0,0,59.148
2465,0,0,0.000,0.000,-1,0,0,0,60.853
2466,0,0,0.000,0.000,-1,0,0,0,62.136
2467,0,0,0.000,0.000,-1,0,0,0,61.553
2468,0,0,0.000,0.000,-1,0,0,0,59.649
2469,0,0,0.000,0.000,-1,0,0,0,60.907
2470,0,0,0.000,0.000,-1,0,0,0,70.963
2471,0,0,0.000,0.000,-1,0,0,0,63.456
2472,0,0,0.000,0.000,-1,0,0,0,61.368
2473,0,0,0.000,0.000,-1,0,0,0,60.592
2474,0,0,0.000,0.000,-1,0,0,0,59.707
2475,0,0,0.000,0.000,-1,0,0,0,61.473
2476,0,0,0.000,0.000,-1,0,0,0,62.878
2477,0,0,0.000,0.000,-1,0,0,0,61.081
2478,0,0,0.000,0.000,-1,0,0,0,62.145
2479,0,0,0.000,0.000,-1,0,0,0,59.931
2480,0,0,0.000,0.000,-1,0,0,0,59.718
2481,0,0,0.000,0.000,-1,0,0,0,57.503
2482,0,0,0.000,0.000,-1,0,0,0,56.999
2483,0,0,0.000,0.000,-1,0,0,0,60.010
2484,0,0,0.000,0.000,-1,0,0,0,60.367
2485,0,0,0.000,0.000,-1,0,0,0,59.000
2486,0,0,0.000,0.000,-1,0,0,0,57.113
2487,0,0,0.000,0.000,-1,0,0,0,57.855
2488,0,0,0.000,0.000,-1,0,0,0,61.920
2489,0,0,0.000,0.000,-1,0,0,0,58.152
2490,0,0,0.000,0.000,-1,0,0,0,58.466
2491,0,0,0.000,0.000,-1,0,0,0,57.296
2492,0,0,0.000,0.000,-1,0,0,0,57.376
2493,0,0,0.000,0.000,-1,0,0,0,56.129
2494,0,0,0.000,0.000,-1,0,0,0,57.660
2495,0,0,0.000,0.000,-1,0,0,0,57.441
2496,0,1,81.791,84.404,-1,0,0,0,57.699
2497,0,0,0.000,0.000,-1,0,0,0,58.318
2498,0,0,0.000,0.000,-1,0,0,0,57.502
2499,0,0,0.000,0.000,-1,0,0,0,56.932
2500,0,0,0.000,0.000,-1,0,0,0,57.852
2501,0,0,0.000,0.000,-1,0,0,0,58.540
2502,0,0,0.000,0.000,-1,0,0,0,58.863
2503,0,0,0.000,0.000,-1,0,0,0,56.755
2504,0,0,0.000,0.000,-1,0,0,0,58.128
2505,0,0,0.000,0.000,-1,0,0,0,57.305
2506,0,0,0.000,0.000,-1,0,0,0,58.888
2507,0,0,0.000,0.000,-1,0,0,0,57.640
2508,0,0,0.000,0.000,-1,0,0,0,61.840
2509,0,0,0.000,0.000,-1,0,0,0,57.256
2510,0,0,0.000,0.000,-1,0,0,0,57.989
2511,0,0,0.000,0.000,-1,0,0,0,57.530
2512,0,0,0.000,0.000,-1,0,0,0,56.748
2513,0,0,0.000,0.000,-1,0,0,0,56.337
2514,0,0,0.000,0.000,-1,0,0,0,59.020
2515,0,0,0.000,0.000,-1,0,0,0,57.070
2516,0,0,0.000,0.000,-1,0,0,0,56.706
2517,0,0,0.000,0.000,-1,0,0,0,65.438
2518,0,0,0.000,0.000,-1,0,0,0,57.994
2519,0,0,0.000,0.000,-1,0,0,0,56.850
2520,0,0,0.000,0.000,-1,0,0,0,60.262
2521,0,0,0.000,0.000,-1,0,0,0,58.699
2522,0,0,0.000,0.000,-1,0,0,0,59.096
2523,0,0,0.000,0.000,-1,0,0,0,61.907
2524,0,0,0.000,0.000,-1,0,0,0,58.878
2525,0,0,0.000,0.000,-1,0,0,0,59.674
2526,0,0,0.000,0.000,-1,0,0,0,60.192
2527,0,0,0.000,0.000,-1,0,0,0,60.126
2528,0,1,81.717,84.419,-1,0,0,0,59.957
2529,0,0,0.000,0.000,-1,0,0,0,58.469
2530,0,0,0.000,0.000,-1,0,0,0,58.397
2531,0,0,0.000,0.000,-1,0,0,0,56.801
2532,0,0,0.000,0.000,-1,0,0,0,59.701
2533,0,0,0.000,0.000,-1,0,0,0,58.093
2534,0,0,0.000,0.000,-1,0,0,0,58.225
2535,0,0,0.000,0.000,-1,0,0,0,58.206
2536,0,0,0.000,0.000,-1,0,0,0,59.696
2537,0,0,0.000,0.000,-1,0,0,0,59.455
2538,0,0,0.000,0.000,-1,0,0,0,58.951
2539,0,0,0.000,0.000,-1,0,0,0,57.446
2540,0,0,0.000,0.000,-1,0,0,0,57.873
2541,0,0,0.000,0.000,-1,0,0,0,58.412
2542,0,0,0.000,0.000,-1,0,0,0,55.865
2543,0,0,0.000,0.000,-1,0,0,0,58.009
2544,0,0,0.000,0.000,-1,0,0,0,60.416
2545,0,0,0.000,0.000,-1,0,0,0,57.959
2546,0,0,0.000,0.000,-1,0,0,0,58.901
2547,0,0,0.000,0.000,-1,0,0,0,58.602
2548,0,0,0.000,0.000,-1,0,0,0,57.643
2549,0,0,0.000,0.000,-1,0,0,0,57.134
2550,0,0,0.000,0.000,-1,0,0,0,61.701
2551,0,0,0.000,0.000,-1,0,0,0,60.397
2552,0,0,0.000,0.000,-1,0,0,0,56.776
2553,0,0,0.000,0.000,-1,0,0,0,57.486
2554,0,0,0.000,0.000,-1,0,0,0,58.168
2555,0,0,0.000,0.000,-1,0,0,0,58.196
2556,0,0,0.000,0.000,-1,0,0,0,59.280
2557,0,0,0.000,0.000,-1,0,0,0,59.345
2558,0,0,0.000,0.000,-1,0,0,0,59.088
2559,0,0,0.000,0.000,-1,0,0,0,58.924
2560,0,1,81.714,84.413,-1,0,0,0,57.636
2561,0,0,0.000,0.000,-1,0,0,0,56.844
2562,0,0,0.000,0.000,-1,0,0,0,60.929
2563,0,0,0.000,0.000,-1,0,0,0,57.155
2564,0,0,0.000,0.000,-1,0,0,0,56.871
2565,0,0,0.000,0.000,-1,0,0,0,58.342
2566,0,0,0.000,0.000,-1,0,0,0,58.977
2567,0,0,0.000,0.000,-1,0,0,0,56.592
2568,0,0,0.000,0.000,-1,0,0,0,59.192
2569,0,0,0.000,0.000,-1,0,0,0,58.882
2570,0,0,0.000,0.000,-1,0,0,0,57.926
2571,0,0,0.000,0.000,-1,0,0,0,57.164
2572,0,0,0.000,0.000,-1,0,0,0,58.282
2573,0,0,0.000,0.000,-1,0,0,0,58.418
2574,0,0,0.000,0.000,-1,0,0,0,59.445
2575,0,0,0.000,0.000,-1,0,0,0,57.386
2576,0,0,0.000,0.000,-1,0,0,0,56.781
2577,0,0,0.000,0.000,-1,0,0,0,56.656
2578,0,0,0.000,0.000,-1,0,0,0,58.212
2579,0,0,0.000,0.000,-1,0,0,0,59.467
2580,0,0,0.000,0.000,-1,0,0,0,60.429
2581,0,0,0.000,0.000,-1,0,0,0,57.426
2582,0,0,0.000,0.000,-1,0,0,0,56.868
2583,0,0,0.000,0.000,-1,0,0,0,56.240
2584,0,0,0.000,0.000,-1,0,0,0,56.873
2585,0,0,0.000,0.000,-1,0,0,0,57.794
2586,0,0,0.000,0.000,-1,0,0,0,58.468
2587,0,0,0.000,0.000,-1,0,0,0,58.942
2588,0,0,0.000,0.000,-1,0,0,0,56.199
2589,0,0,0.000,0.000,-1,0,0,0,59.080
2590,0,0,0.000,0.000,-1,0,0,0,57.018
2591,0,0,0.000,0.000,-1,0,0,0,56.596
2592,0,1,81.632,84.314,-1,0,0,0,59.773
2593,0,0,0.000,0.000,-1,0,0,0,58.260
2594,0,0,0.000,0.000,-1,0,0,0,57.928
2595,0,0,0.000,0.000,-1,0,0,0,57.388
2596,0,0,0.000,0.000,-1,0,0,0,58.057
2597,0,0,0.000,0.000,-1,0,0,0,57.442
2598,0,0,0.000,0.000,-1,0,0,0,59.411
2599,0,0,0.000,0.000,-1,0,0,0,56.234
2600,0,0,0.000,0.000,-1,0,0,0,59.075
2601,0,0,0.000,0.000,-1,0,0,0,58.636
2602,0,0,0.000,0.000,-1,0,0,0,57.916
2603,0,0,0.000,0.000,-1,0,0,0,57.097
2604,0,0,0.000,0.000,-1,0,0,0,58.657
2605,0,0,0.000,0.000,-1,0,0,0,59.381
2606,0,0,0.000,0.000,-1,0,0,0,56.414
2607,0,0,0.000,0.000,-1,0,0,0,58.194
2608,0,0,0.000,0.000,-1,0,0,0,58.451
2609,0,0,0.000,0.000,-1,0,0,0,57.053
2610,0,0,0.000,0.000,-1,0,0,0,60.087
2611,0,0,0.000,0.000,-1,0,0,0,56.930
2612,0,0,0.000,0.000,-1,0,0,0,56.236
2613,0,0,0.000,0.000,-1,0,0,0,56.888
2614,0,0,0.000,0.000,-1,0,0,0,57.553
2615,0,0,0.000,0.000,-1,0,0,0,57.327
2616,0,0,0.000,0.000,-1,0,0,0,59.279
2617,0,0,0.000,0.000,-1,0,0,0,56.089
2618,0,0,0.000,0.000,-1,0,0,0,55.603
2619,0,0,0.000,0.000,-1,0,0,0,57.693
2620,0,0,0.000,0.000,-1,0,0,0,58.183
2621,0,0,0.000,0.000,-1,0,0,0,56.975
2622,0,0,0.000,0.000,-1,0,0,0,57.791
2623,0,0,0.000,0.000,-1,0,0,0,58.470
2624,0,1,81.659,84.475,-1,0,0,0,57.727
2625,0,0,0.000,0.000,-1,0,0,0,58.485
2626,0,0,0.000,0.000,-1,0,0,0,58.589
2627,0,0,0.000,0.000,-1,0,0,0,58.048
2628,0,0,0.000,0.000,-1,0,0,0,59.500
2629,0,0,0.000,0.000,-1,0,0,0,60.965
2630,0,0,0.000,0.000,-1,0,0,0,57.177
2631,0,0,0.000,0.000,-1,0,0,0,57.774
2632,0,0,0.000,0.000,-1,0,0,0,57.272
2633,0,0,0.000,0.000,-1,0,0,0,57.775
2634,0,0,0.000,0.000,-1,0,0,0,58.427
2635,0,0,0.000,0.000,-1,0,0,0,56.898
2636,0,0,0.000,0.000,-1,0,0,0,57.081
2637,0,0,0.000,0.000,-1,0,0,0,56.622
2638,0,0,0.000,0.000,-1,0,0,0,56.988
2639,0,0,0.000,0.000,-1,0,0,0,56.432
2640,0,0,0.000,0.000,-1,0,0,0,61.458
2641,0,0,0.000,0.000,-1,0,0,0,57.826
2642,0,0,0.000,0.000,-1,0,0,0,56.544
2643,0,0,0.000,0.000,-1,0,0,0,58.062
2644,0,0,0.000,0.000,-1,0,0,0,57.935
2645,0,0,0.000,0.000,-1,0,0,0,59.507
2646,0,0,0.000,0.000,-1,0,0,0,58.723
2647,0,0,0.000,0.000,-1,0,0,0,55.842
2648,0,0,0.000,0.000,-1,0,0,0,56.402
2649,0,0,0.000,0.000,-1,0,0,0,56.228
2650,0,0,0.000,0.000,-1,0,0,0,57.315
2651,0,0,0.000,0.000,-1,0,0,0,58.959
2652,0,0,0.000,0.000,-1,0,0,0,58.335
2653,0,0,0.000,0.000,-1,0,0,0,57.472
2654,0,0,0.000,0.000,-1,0,0,0,56.710
2655,0,0,0.000,0.000,-1,0,0,0,56.644
2656,0,1,81.666,84.359,-1,0,0,0,56.576
2657,0,0,0.000,0.000,-1,0,0,0,56.801
2658,0,0,0.000,0.000,-1,0,0,0,59.659
2659,0,0,0.000,0.000,-1,0,0,0,58.711
2660,0,0,0.000,0.000,-1,0,0,0,57.554
2661,0,0,0.000,0.000,-1,0,0,0,57.678
2662,0,0,0.000,0.000,-1,0,0,0,61.115
2663,0,0,0.000,0.000,-1,0,0,0,57.980
2664,0,0,0.000,0.000,-1,0,0,0,60.488
2665,0,0,0.000,0.000,-1,0,0,0,58.925
2666,0,0,0.000,0.000,-1,0,0,0,58.730
2667,0,0,0.000,0.000,-1,0,0,0,58.489
2668,0,0,0.000,0.000,-1,0,0,0,58.498
2669,0,0,0.000,0.000,-1,0,0,0,60.196
2670,0,0,0.000,0.000,-1,0,0,0,62.991
2671,0,0,0.000,0.000,-1,0,0,0,59.949
2672,0,0,0.000,0.000,-1,0,0,0,59.672
2673,0,0,0.000,0.000,-1,0,0,0,58.141
2674,0,0,0.000,0.000,-1,0,0,0,58.103
2675,0,0,0.000,0.000,-1,0,0,0,59.865
2676,0,0,0.000,0.000,-1,0,0,0,62.840
2677,0,0,0.000,0.000,-1,0,0,0,60.154
2678,0,0,0.000,0.000,-1,0,0,0,58.300
2679,0,0,0.000,0.000,-1,0,0,0,57.611
2680,0,0,0.000,0.000,-1,0,0,0,59.362
2681,0,0,0.000,0.000,-1,0,0,0,59.455
2682,0,0,0.000,0.000,-1,0,0,0,61.274
2683,0,0,0.000,0.000,-1,0,0,0,59.874
2684,0,0,0.000,0.000,-1,0,0,0,61.397
2685,0,0,0.000,0.000,-1,0,0,0,61.181
2686,0,0,0.000,0.000,-1,0,0,0,59.865
2687,0,0,0.000,0.000,-1,0,0,0,58.903
2688,0,1,81.663,84.311,-1,0,0,0,61.908
2689,0,0,0.000,0.000,-1,0,0,0,62.559
2690,0,0,0.000,0.000,-1,0,0,0,61.487
2691,0,0,0.000,0.000,-1,0,0,0,60.186
2692,0,0,0.000,0.000,-1,0,0,0,62.781
2693,0,0,0.000,0.000,-1,0,0,0,60.882
2694,0,0,0.000,0.000,-1,0,0,0,62.799
2695,0,0,0.000,0.000,-1,0,0,0,60.975
2696,0,0,0.000,0.000,-1,0,0,0,59.165
2697,0,0,0.000,0.000,-1,0,0,0,60.909
2698,0,0,0.000,0.000,-1,0,0,0,60.286
2699,0,0,0.000,0.000,-1,0,0,0,57.113
2700,0,0,0.000,0.000,-1,0,0,0,61.320
2701,0,0,0.000,0.000,-1,0,0,0,57.654
2702,0,0,0.000,0.000,-1,0,0,0,60.083
2703,0,0,0.000,0.000,-1,0,0,0,58.757
2704,0,0,0.000,0.000,-1,0,0,0,58.473
2705,0,0,0.000,0.000,-1,0,0,0,59.624
2706,0,0,0.000,0.000,-1,0,0,0,59.797
2707,0,0,0.000,0.000,-1,0,0,0,57.979
2708,0,0,0.000,0.000,-1,0,0,0,58.225
2709,0,0,0.000,0.000,-1,0,0,0,57.159
2710,0,0,0.000,0.000,-1,0,0,0,58.182
2711,0,0,0.000,0.000,-1,0,0,0,58.039
2712,0,0,0.000,0.000,-1,0,0,0,59.567
2713,0,0,0.000,0.000,-1,0,0,0,58.217
2714,0,0,0.000,0.000,-1,0,0,0,57.592
2715,0,0,0.000,0.000,-1,0,0,0,57.960
2716,0,0,0.000,0.000,-1,0,0,0,56.730
2717,0,0,0.000,0.000,-1,0,0,0,57.565
2718,0,0,0.000,0.000,-1,0,0,0,57.875
2719,0,0,0.000,0.000,-1,0,0,0,59.050
2720,0,1,82.775,85.458,-1,0,0,0,58.140
2721,0,0,0.000,0.000,-1,0,0,0,58.344
2722,0,0,0.000,0.000,-1,0,0,0,60.034
2723,0,0,0.000,0.000,-1,0,0,0,59.975
2724,0,0,0.000,0.000,-1,0,0,0,58.367
2725,0,0,0.000,0.000,-1,0,0,0,56.487
2726,0,0,0.000,0.000,-1,0,0,0,56.620
2727,0,0,0.000,0.000,-1,0,0,0,58.668
2728,0,0,0.000,0.000,-1,0,0,0,57.125
2729,0,0,0.000,0.000,-1,0,0,0,57.214
2730,0,0,0.000,0.000,-1,0,0,0,61.680
2731,0,0,0.000,0.000,-1,0,0,0,57.998
2732,0,0,0.000,0.000,-1,0,0,0,58.728
2733,0,0,0.000,0.000,-1,0,0,0,57.600
2734,0,0,0.000,0.000,-1,0,0,0,56.733
2735,0,0,0.000,0.000,-1,0,0,0,58.096
2736,0,0,0.000,0.000,-1,0,0,0,60.159
2737,0,0,0.000,0.000,-1,0,0,0,59.494
2738,0,0,0.000,0.000,-1,0,0,0,59.623
2739,0,0,0.000,0.000,-1,0,0,0,59.542
2740,0,0,0.000,0.000,-1,0,0,0,58.346
2741,0,0,0.000,0.000,-1,0,0,0,58.590
2742,0,0,0.000,0.000,-1,0,0,0,59.726
2743,0,0,0.000,0.000,-1,0,0,0,56.978
2744,0,0,0.000,0.000,-1,0,0,0,60.099
2745,0,0,0.000,0.000,-1,0,0,0,60.735
2746,0,0,0.000,0.000,-1,0,0,0,61.001
2747,0,0,0.000,0.000,-1,0,0,0,58.946
2748,0,0,0.000,0.000,-1,0,0,0,59.441
2749,0,0,0.000,0.000,-1,0,0,0,58.470
2750,0,0,0.000,0.000,-1,0,0,0,56.561
2751,0,0,0.000,0.000,-1,0,0,0,59.815
2752,0,1,82.643,85.413,-1,0,0,0,58.405
2753,0,0,0.000,0.000,-1,0,0,0,60.195
2754,0,0,0.000,0.000,-1,0,0,0,60.896
2755,0,0,0.000,0.000,-1,0,0,0,58.580
2756,0,0,0.000,0.000,-1,0,0,0,59.545
2757,0,0,0.000,0.000,-1,0,0,0,59.566
2758,0,0,0.000,0.000,-1,0,0,0,57.979
2759,0,0,0.000,0.000,-1,0,0,0,59.109
2760,0,0,0.000,0.000,-1,0,0,0,61.042
2761,0,0,0.000,0.000,-1,0,0,0,58.099
2762,0,0,0.000,0.000,-1,0,0,0,58.241
2763,0,0,0.000,0.000,-1,0,0,0,57.390
2764,0,0,0.000,0.000,-1,0,0,0,57.065
2765,0,0,0.000,0.000,-1,0,0,0,56.803
2766,0,0,0.000,0.000,-1,0,0,0,59.157
2767,0,0,0.000,0.000,-1,0,0,0,58.595
2768,0,0,0.000,0.000,-1,0,0,0,58.534
2769,0,0,0.000,0.000,-1,0,0,0,57.402
2770,0,0,0.000,0.000,-1,0,0,0,60.198
2771,0,0,0.000,0.000,-1,0,0,0,58.230
2772,0,0,0.000,0.000,-1,0,0,0,60.093
2773,0,0,0.000,0.000,-1,0,0,0,59.847
2774,0,0,0.000,0.000,-1,0,0,0,56.930
2775,0,0,0.000,0.000,-1,0,0,0,58.257
2776,0,0,0.000,0.000,-1,0,0,0,56.166
2777,0,0,0.000,0.000,-1,0,0,0,55.798
2778,0,0,0.000,0.000,-1,0,0,0,61.095
2779,0,0,0.000,0.000,-1,0,0,0,57.431
2780,0,0,0.000,0.000,-1,0,0,0,57.852
2781,0,0,0.000,0.000,-1,0,0,0,57.354
2782,0,0,0.000,0.000,-1,0,0,0,59.368
2783,0,0,0.000,0.000,-1,0,0,0,58.006
2784,0,1,81.684,84.467,-1,0,0,0,60.348
2785,0,0,0.000,0.000,-1,0,0,0,57.407
2786,0,0,0.000,0.000,-1,0,0,0,55.808
2787,0,0,0.000,0.000,-1,0,0,0,56.114
2788,0,0,0.000,0.000,-1,0,0,0,56.921
2789,0,0,0.000,0.000,-1,0,0,0,57.041
2790,0,0,0.000,0.000,-1,0,0,0,59.570
2791,0,0,0.000,0.000,-1,0,0,0,57.733
2792,0,0,0.000,0.000,-1,0,0,0,60.416
2793,0,0,0.000,0.000,-1,0,0,0,60.370
2794,0,0,0.000,0.000,-1,0,0,0,59.113
2795,0,0,0.000,0.000,-1,0,0,0,57.396
2796,0,0,0.000,0.000,-1,0,0,0,61.741
2797,0,0,0.000,0.000,-1,0,0,0,56.505
2798,0,0,0.000,0.000,-1,0,0,0,54.966
2799,0,0,0.000,0.000,-1,0,0,0,56.916
2800,0,0,0.000,0.000,-1,0,0,0,58.965
2801,0,0,0.000,0.000,-1,0,0,0,58.130
2802,0,0,0.000,0.000,-1,0,0,0,58.676
2803,0,0,0.000,0.000,-1,0,0,0,57.589
2804,0,0,0.000,0.000,-1,0,0,0,59.810
2805,0,0,0.000,0.000,-1,0,0,0,57.905
2806,0,0,0.000,0.000,-1,0,0,0,58.705
2807,0,0,0.000,0.000,-1,0,0,0,57.740
2808,0,0,0.000,0.000,-1,0,0,0,59.093
2809,0,0,0.000,0.000,-1,0,0,0,57.657
2810,0,0,0.000,0.000,-1,0,0,0,58.511
2811,0,0,0.000,0.000,-1,0,0,0,55.998
2812,0,0,0.000,0.000,-1,0,0,0,56.345
2813,0,0,0.000,0.000,-1,0,0,0,56.127
2814,0,0,0.000,0.000,-1,0,0,0,58.479
2815,0,0,0.000,0.000,-1,0,0,0,57.625
2816,0,1,82.044,84.789,-1,0,0,0,57.261
2817,0,0,0.000,0.000,-1,0,0,0,58.409
2818,0,0,0.000,0.000,-1,0,0,0,57.863
2819,0,0,0.000,0.000,-1,0,0,0,58.327
2820,0,0,0.000,0.000,-1,0,0,0,61.811
2821,0,0,0.000,0.000,-1,0,0,0,57.543
2822,0,0,0.000,0.000,-1,0,0,0,57.851
2823,0,0,0.000,0.000,-1,0,0,0,57.916
2824,0,0,0.000,0.000,-1,0,0,0,59.633
2825,0,0,0.000,0.000,-1,0,0,0,59.943
2826,0,0,0.000,0.000,-1,0,0,0,60.214
2827,0,0,0.000,0.000,-1,0,0,0,58.668
2828,0,0,0.000,0.000,-1,0,0,0,56.878
2829,0,0,0.000,0.000,-1,0,0,0,56.291
2830,0,0,0.000,0.000,-1,0,0,0,55.647
2831,0,0,0.000,0.000,-1,0,0,0,57.065
2832,0,0,0.000,0.000,-1,0,0,0,57.512
2833,0,0,0.000,0.000,-1,0,0,0,55.968
2834,0,0,0.000,0.000,-1,0,0,0,57.914
2835,0,0,0.000,0.000,-1,0,0,0,58.312
2836,0,0,0.000,0.000,-1,0,0,0,57.069
2837,0,0,0.000,0.000,-1,0,0,0,56.947
2838,0,0,0.000,0.000,-1,0,0,0,57.591
2839,0,0,0.000,0.000,-1,0,0,0,59.628
2840,0,0,0.000,0.000,-1,0,0,0,58.995
2841,0,0,0.000,0.000,-1,0,0,0,58.037
2842,0,0,0.000,0.000,-1,0,0,0,57.859
2843,0,0,0.000,0.000,-1,0,0,0,57.446
2844,0,0,0.000,0.000,-1,0,0,0,59.469
2845,0,0,0.000,0.000,-1,0,0,0,57.706
2846,0,0,0.000,0.000,-1,0,0,0,57.607
2847,0,0,0.000,0.000,-1,0,0,0,57.374
2848,0,1,81.606,84.353,-1,0,0,0,56.207
2849,0,0,0.000,0.000,-1,0,0,0,57.097
2850,0,0,0.000,0.000,-1,0,0,0,65.401
2851,0,0,0.000,0.000,-1,0,0,0,59.100
2852,0,0,0.000,0.000,-1,0,0,0,58.255
2853,0,0,0.000,0.000,-1,0,0,0,57.629
2854,0,0,0.000,0.000,-1,0,0,0,55.621
2855,0,0,0.000,0.000,-1,0,0,0,57.484
2856,0,0,0.000,0.000,-1,0,0,0,60.999
2857,0,0,0.000,0.000,-1,0,0,0,59.043
2858,0,0,0.000,0.000,-1,0,0,0,58.726
2859,0,0,0.000,0.000,-1,0,0,0,58.587
2860,0,0,0.000,0.000,-1,0,0,0,57.310
2861,0,0,0.000,0.000,-1,0,0,0,57.798
2862,0,0,0.000,0.000,-1,0,0,0,59.550
2863,0,0,0.000,0.000,-1,0,0,0,56.407
2864,0,0,0.000,0.000,-1,0,0,0,55.148
2865,0,0,0.000,0.000,-1,0,0,0,55.692
2866,0,0,0.000,0.000,-1,0,0,0,57.879
2867,0,0,0.000,0.000,-1,0,0,0,58.136
2868,0,0,0.000,0.000,-1,0,0,0,58.605
2869,0,0,0.000,0.000,-1,0,0,0,55.869
2870,0,0,0.000,0.000,-1,0,0,0,56.717
2871,0,0,0.000,0.000,-1,0,0,0,55.257
2872,0,0,0.000,0.000,-1,0,0,0,54.968
2873,0,0,0.000,0.000,-1,0,0,0,57.339
2874,0,0,0.000,0.000,-1,0,0,0,58.185
2875,0,0,0.000,0.000,-1,0,0,0,58.405
2876,0,0,0.000,0.000,-1,0,0,0,57.308
2877,0,0,0.000,0.000,-1,0,0,0,58.067
2878,0,0,0.000,0.000,-1,0,0,0,58.485
2879,0,0,0.000,0.000,-1,0,0,0,57.380
2880,0,1,81.604,84.311,-1,0,0,0,63.798
2881,0,0,0.000,0.000,-1,0,0,0,58.369
2882,0,0,0.000,0.000,-1,0,0,0,58.808
2883,0,0,0.000,0.000,-1,0,0,0,58.571
2884,0,0,0.000,0.000,-1,0,0,0,57.740
2885,0,0,0.000,0.000,-1,0,0,0,57.423
2886,0,0,0.000,0.000,-1,0,0,0,60.233
2887,0,0,0.000,0.000,-1,0,0,0,59.111
2888,0,0,0.000,0.000,-1,0,0,0,58.744
2889,0,0,0.000,0.000,-1,0,0,0,58.361
2890,0,0,0.000,0.000,-1,0,0,0,57.952
2891,0,0,0.000,0.000,-1,0,0,0,56.790
2892,0,0,0.000,0.000,-1,0,0,0,59.466
2893,0,0,0.000,0.000,-1,0,0,0,57.538
2894,0,0,0.000,0.000,-1,0,0,0,58.567
2895,0,0,0.000,0.000,-1,0,0,0,58.133
2896,0,0,0.000,0.000,-1,0,0,0,56.333
2897,0,0,0.000,0.000,-1,0,0,0,58.896
2898,0,0,0.000,0.000,-1,0,0,0,59.909
2899,0,0,0.000,0.000,-1,0,0,0,59.569
2900,0,0,0.000,0.000,-1,0,0,0,58.533
2901,0,0,0.000,0.000,-1,0,0,0,57.576
2902,0,0,0.000,0.000,-1,0,0,0,57.717
2903,0,0,0.000,0.000,-1,0,0,0,57.120
2904,0,0,0.000,0.000,-1,0,0,0,59.232
2905,0,0,0.000,0.000,-1,0,0,0,57.321
2906,0,0,0.000,0.000,-1,0,0,0,57.432
2907,0,0,0.000,0.000,-1,0,0,0,57.701
2908,0,0,0.000,0.000,-1,0,0,0,56.361
2909,0,0,0.000,0.000,-1,0,0,0,56.850
2910,0,0,0.000,0.000,-1,0,0,0,63.473
2911,0,0,0.000,0.000,-1,0,0,0,57.034
2912,0,1,81.649,84.358,-1,0,0,0,57.850
2913,0,0,0.000,0.000,-1,0,0,0,55.944
2914,0,0,0.000,0.000,-1,0,0,0,58.751
2915,0,0,0.000,0.000,-1,0,0,0,58.764
2916,0,0,0.000,0.000,-1,0,0,0,59.059
2917,0,0,0.000,0.000,-1,0,0,0,56.738
2918,0,0,0.000,0.000,-1,0,0,0,58.458
2919,0,0,0.000,0.000,-1,0,0,0,57.899
2920,0,0,0.000,0.000,-1,0,0,0,58.887
2921,0,0,0.000,0.000,-1,0,0,0,57.127
2922,0,0,0.000,0.000,-1,0,0,0,59.505
2923,0,0,0.000,0.000,-1,0,0,0,59.870
2924,0,0,0.000,0.000,-1,0,0,0,58.230
2925,0,0,0.000,0.000,-1,0,0,0,56.246
2926,0,0,0.000,0.000,-1,0,0,0,61.648
2927,0,0,0.000,0.000,-1,0,0,0,58.349
2928,0,0,0.000,0.000,-1,0,0,0,61.902
2929,0,0,0.000,0.000,-1,0,0,0,59.145
2930,0,0,0.000,0.000,-1,0,0,0,58.223
2931,0,0,0.000,0.000,-1,0,0,0,57.014
2932,0,0,0.000,0.000,-1,0,0,0,56.785
2933,0,0,0.000,0.000,-1,0,0,0,58.224
2934,0,0,0.000,0.000,-1,0,0,0,59.643
2935,0,0,0.000,0.000,-1,0,0,0,58.678
2936,0,0,0.000,0.000,-1,0,0,0,56.694
2937,0,0,0.000,0.000,-1,0,0,0,57.759
2938,0,0,0.000,0.000,-1,0,0,0,56.727
2939,0,0,0.000,0.000,-1,0,0,0,56.406
2940,0,0,0.000,0.000,-1,0,0,0,60.743
2941,0,0,0.000,0.000,-1,0,0,0,57.678
2942,0,0,0.000,0.000,-1,0,0,0,58.533
2943,0,0,0.000,0.000,-1,0,0,0,57.424
2944,0,1,81.579,84.400,-1,0,0,0,56.655
2945,0,0,0.000,0.000,-1,0,0,0,58.137
2946,0,0,0.000,0.000,-1,0,0,0,57.295
2947,0,0,0.000,0.000,-1,0,0,0,55.779
2948,0,0,0.000,0.000,-1,0,0,0,56.512
2949,0,0,0.000,0.000,-1,0,0,0,58.150
2950,0,0,0.000,0.000,-1,0,0,0,57.940
2951,0,0,0.000,0.000,-1,0,0,0,57.270
2952,0,0,0.000,0.000,-1,0,0,0,58.137
2953,0,0,0.000,0.000,-1,0,0,0,55.474
2954,0,0,0.000,0.000,-1,0,0,0,57.960
2955,0,0,0.000,0.000,-1,0,0,0,58.290
2956,0,0,0.000,0.000,-1,0,0,0,57.500
2957,0,0,0.000,0.000,-1,0,0,0,57.476
2958,0,0,0.000,0.000,-1,0,0,0,58.378
2959,0,0,0.000,0.000,-1,0,0,0,56.938
2960,0,0,0.000,0.000,-1,0,0,0,58.289
2961,0,0,0.000,0.000,-1,0,0,0,58.820
2962,0,0,0.000,0.000,-1,0,0,0,57.831
2963,0,0,0.000,0.000,-1,0,0,0,59.554
2964,0,0,0.000,0.000,-1,0,0,0,59.528
2965,0,0,0.000,0.000,-1,0,0,0,57.831
2966,0,0,0.000,0.000,-1,0,0,0,57.067
2967,0,0,0.000,0.000,-1,0,0,0,57.101
2968,0,0,0.000,0.000,-1,0,0,0,61.951
2969,0,0,0.000,0.000,-1,0,0,0,57.369
2970,0,0,0.000,0.000,-1,0,0,0,61.656
2971,0,0,0.000,0.000,-1,0,0,0,58.149
2972,0,0,0.000,0.000,-1,0,0,0,56.420
2973,0,0,0.000,0.000,-1,0,0,0,56.925
2974,0,0,0.000,0.000,-1,0,0,0,56.091
2975,0,0,0.000,0.000,-1,0,0,0,56.991
2976,0,1,81.650,84.369,-1,0,0,0,58.878
2977,0,0,0.000,0.000,-1,0,0,0,56.526
2978,0,0,0.000,0.000,-1,0,0,0,56.224
2979,0,0,0.000,0.000,-1,0,0,0,58.866
2980,0,0,0.000,0.000,-1,0,0,0,57.103
2981,0,0,0.000,0.000,-1,0,0,0,58.625
2982,0,0,0.000,0.000,-1,0,0,0,59.048
2983,0,0,0.000,0.000,-1,0,0,0,58.487
2984,0,0,0.000,0.000,-1,0,0,0,57.784
2985,0,0,0.000,0.000,-1,0,0,0,58.006
2986,0,0,0.000,0.000,-1,0,0,0,57.872
2987,0,0,0.000,0.000,-1,0,0,0,60.327
2988,0,0,0.000,0.000,-1,0,0,0,58.698
2989,0,0,0.000,0.000,-1,0,0,0,56.585
2990,0,0,0.000,0.000,-1,0,0,0,58.031
2991,0,0,0.000,0.000,-1,0,0,0,56.455
2992,0,0,0.000,0.000,-1,0,0,0,56.170
2993,0,0,0.000,0.000,-1,0,0,0,56.242
2994,0,0,0.000,0.000,-1,0,0,0,58.371
2995,0,0,0.000,0.000,-1,0,0,0,56.752
2996,0,0,0.000,0.000,-1,0,0,0,57.245
2997,0,0,0.000,0.000,-1,0,0,0,58.443
2998,0,0,0.000,0.000,-1,0,0,0,58.827
2999,0,0,0.000,0.000,-1,0,0,0,57.324
3000,0,0,0.000,0.000,-1,0,0,0,62.666
3001,0,0,0.000,0.000,-1,0,0,0,60.797
3002,0,0,0.000,0.000,-1,0,0,0,57.085
3003,0,0,0.000,0.000,-1,0,0,0,57.266
3004,0,0,0.000,0.000,-1,0,0,0,59.598
3005,0,0,0.000,0.000,-1,0,0,0,58.375
3006,0,0,0.000,0.000,-1,0,0,0,58.839
3007,0,0,0.000,0.000,-1,0,0,0,57.547
3008,0,1,81.537,84.217,-1,0,0,0,55.858
3009,0,0,0.000,0.000,-1,0,0,0,58.577
3010,0,0,0.000,0.000,-1,0,0,0,57.270
3011,0,0,0.000,0.000,-1,0,0,0,57.298
3012,0,0,0.000,0.000,-1,0,0,0,59.433
3013,0,0,0.000,0.000,-1,0,0,0,59.254
3014,0,0,0.000,0.000,-1,0,0,0,58.469
3015,0,0,0.000,0.000,-1,0,0,0,58.052
3016,0,0,0.000,0.000,-1,0,0,0,57.404
3017,0,0,0.000,0.000,-1,0,0,0,57.982
3018,0,0,0.000,0.000,-1,0,0,0,59.133
3019,0,0,0.000,0.000,-1,0,0,0,58.021
3020,0,0,0.000,0.000,-1,0,0,0,60.093
3021,0,0,0.000,0.000,-1,0,0,0,57.184
3022,0,0,0.000,0.000,-1,0,0,0,57.474
3023,0,0,0.000,0.000,-1,0,0,0,57.347
3024,0,0,0.000,0.000,-1,0,0,0,58.352
3025,0,0,0.000,0.000,-1,0,0,0,58.143
3026,0,0,0.000,0.000,-1,0,0,0,59.083
3027,0,0,0.000,0.000,-1,0,0,0,58.348
3028,0,0,0.000,0.000,-1,0,0,0,58.087
3029,0,0,0.000,0.000,-1,0,0,0,57.973
3030,0,0,0.000,0.000,-1,0,0,0,62.437
3031,0,0,0.000,0.000,-1,0,0,0,58.304
3032,0,0,0.000,0.000,-1,0,0,0,57.703
3033,0,0,0.000,0.000,-1,0,0,0,57.910
3034,0,0,0.000,0.000,-1,0,0,0,56.733
3035,0,0,0.000,0.000,-1,0,0,0,56.562
3036,0,0,0.000,0.000,-1,0,0,0,60.675
3037,0,0,0.000,0.000,-1,0,0,0,58.816
3038,0,0,0.000,0.000,-1,0,0,0,58.489
3039,0,0,0.000,0.000,-1,0,0,0,58.293
3040,0,1,81.543,84.297,-1,0,0,0,59.176
3041,0,0,0.000,0.000,-1,0,0,0,57.924
3042,0,0,0.000,0.000,-1,0,0,0,63.637
3043,0,0,0.000,0.000,-1,0,0,0,57.733
3044,0,0,0.000,0.000,-1,0,0,0,56.731
3045,0,0,0.000,0.000,-1,0,0,0,59.320
3046,0,0,0.000,0.000,-1,0,0,0,58.141
3047,0,0,0.000,0.000,-1,0,0,0,59.822
3048,0,0,0.000,0.000,-1,0,0,0,59.131
3049,0,0,0.000,0.000,-1,0,0,0,57.346
3050,0,0,0.000,0.000,-1,0,0,0,58.778
3051,0,0,0.000,0.000,-1,0,0,0,58.564
3052,0,0,0.000,0.000,-1,0,0,0,57.979
3053,0,0,0.000,0.000,-1,0,0,0,58.103
3054,0,0,0.000,0.000,-1,0,0,0,60.568
3055,0,0,0.000,0.000,-1,0,0,0,56.888
3056,0,0,0.000,0.000,-1,0,0,0,56.904
3057,0,0,0.000,0.000,-1,0,0,0,56.512
3058,0,0,0.000,0.000,-1,0,0,0,56.603
3059,0,0,0.000,0.000,-1,0,0,0,59.582
3060,0,0,0.000,0.000,-1,0,0,0,61.345
3061,0,0,0.000,0.000,-1,0,0,0,59.083
3062,0,0,0.000,0.000,-1,0,0,0,57.895
3063,0,0,0.000,0.000,-1,0,0,0,56.279
3064,0,0,0.000,0.000,-1,0,0,0,57.000
3065,0,0,0.000,0.000,-1,0,0,0,58.361
3066,0,0,0.000,0.000,-1,0,0,0,60.533
3067,0,0,0.000,0.000,-1,0,0,0,59.742
3068,0,0,0.000,0.000,-1,0,0,0,57.274
3069,0,0,0.000,0.000,-1,0,0,0,59.098
3070,0,0,0.000,0.000,-1,0,0,0,58.475
3071,0,0,0.000,0.000,-1,0,0,0,57.076
3072,0,1,81.595,84.317,-1,0,0,0,58.631
3073,0,0,0.000,0.000,-1,0,0,0,61.103
3074,0,0,0.000,0.000,-1,0,0,0,58.680
3075,0,0,0.000,0.000,-1,0,0,0,58.384
3076,0,0,0.000,0.000,-1,0,0,0,57.584
3077,0,0,0.000,0.000,-1,0,0,0,56.655
3078,0,0,0.000,0.000,-1,0,0,0,59.369
3079,0,0,0.000,0.000,-1,0,0,0,56.452
3080,0,0,0.000,0.000,-1,0,0,0,57.045
3081,0,0,0.000,0.000,-1,0,0,0,57.456
3082,0,0,0.000,0.000,-1,0,0,0,57.986
3083,0,0,0.000,0.000,-1,0,0,0,59.697
3084,0,0,0.000,0.000,-1,0,0,0,61.207
3085,0,0,0.000,0.000,-1,0,0,0,57.457
3086,0,0,0.000,0.000,-1,0,0,0,58.589
3087,0,0,0.000,0.000,-1,0,0,0,57.223
3088,0,0,0.000,0.000,-1,0,0,0,57.099
3089,0,0,0.000,0.000,-1,0,0,0,56.599
3090,0,0,0.000,0.000,-1,0,0,0,60.622
3091,0,0,0.000,0.000,-1,0,0,0,58.835
3092,0,0,0.000,0.000,-1,0,0,0,57.105
3093,0,0,0.000,0.000,-1,0,0,0,60.467
3094,0,0,0.000,0.000,-1,0,0,0,58.641
3095,0,0,0.000,0.000,-1,0,0,0,56.915
3096,0,0,0.000,0.000,-1,0,0,0,58.750
3097,0,0,0.000,0.000,-1,0,0,0,57.751
3098,0,0,0.000,0.000,-1,0,0,0,60.311
3099,0,0,0.000,0.000,-1,0,0,0,57.588
3100,0,0,0.000,0.000,-1,0,0,0,57.602
3101,0,0,0.000,0.000,-1,0,0,0,57.675
3102,0,0,0.000,0.000,-1,0,0,0,59.684
3103,0,0,0.000,0.000,-1,0,0,0,58.656
3104,0,1,82.665,85.468,-1,0,0,0,56.786
3105,0,0,0.000,0.000,-1,0,0,0,59.023
3106,0,0,0.000,0.000,-1,0,0,0,58.949
3107,0,0,0.000,0.000,-1,0,0,0,58.395
3108,0,0,0.000,0.000,-1,0,0,0,59.945
3109,0,0,0.000,0.000,-1,0,0,0,57.111
3110,0,0,0.000,0.000,-1,0,0,0,57.575
3111,0,0,0.000,0.000,-1,0,0,0,57.999
3112,0,0,0.000,0.000,-1,0,0,0,56.750
3113,0,0,0.000,0.000,-1,0,0,0,57.521
3114,0,0,0.000,0.000,-1,0,0,0,58.167
3115,0,0,0.000,0.000,-1,0,0,0,58.601
3116,0,0,0.000,0.000,-1,0,0,0,58.029
3117,0,0,0.000,0.000,-1,0,0,0,56.264
3118,0,0,0.000,0.000,-1,0,0,0,56.184
3119,0,0,0.000,0.000,-1,0,0,0,58.498
3120,0,0,0.000,0.000,-1,0,0,0,63.199
3121,0,0,0.000,0.000,-1,0,0,0,56.409
3122,0,0,0.000,0.000,-1,0,0,0,57.685
3123,0,0,0.000,0.000,-1,0,0,0,57.772
3124,0,0,0.000,0.000,-1,0,0,0,57.533
3125,0,0,0.000,0.000,-1,0,0,0,57.761
3126,0,0,0.000,0.000,-1,0,0,0,59.094
3127,0,0,0.000,0.000,-1,0,0,0,58.242
3128,0,0,0.000,0.000,-1,0,0,0,58.984
3129,0,0,0.000,0.000,-1,0,0,0,57.679
3130,0,0,0.000,0.000,-1,0,0,0,59.567
3131,0,0,0.000,0.000,-1,0,0,0,59.389
3132,0,0,0.000,0.000,-1,0,0,0,59.336
3133,0,0,0.000,0.000,-1,0,0,0,60.887
3134,0,0,0.000,0.000,-1,0,0,0,58.478
3135,0,0,0.000,0.000,-1,0,0,0,58.478
3136,0,1,82.058,84.853,-1,0,0,0,58.186
3137,0,0,0.000,0.000,-1,0,0,0,58.398
3138,0,0,0.000,0.000,-1,0,0,0,58.335
3139,0,0,0.000,0.000,-1,0,0,0,57.108
3140,0,0,0.000,0.000,-1,0,0,0,57.376
3141,0,0,0.000,0.000,-1,0,0,0,60.636
3142,0,0,0.000,0.000,-1,0,0,0,57.852
3143,0,0,0.000,0.000,-1,0,0,0,59.031
3144,0,0,0.000,0.000,-1,0,0,0,59.228
3145,0,0,0.000,0.000,-1,0,0,0,56.524
3146,0,0,0.000,0.000,-1,0,0,0,57.059
3147,0,0,0.000,0.000,-1,0,0,0,55.499
3148,0,0,0.000,0.000,-1,0,0,0,57.113
3149,0,0,0.000,0.000,-1,0,0,0,58.910
3150,0,0,0.000,0.000,-1,0,0,0,61.812
3151,0,0,0.000,0.000,-1,0,0,0,57.825
3152,0,0,0.000,0.000,-1,0,0,0,58.132
3153,0,0,0.000,0.000,-1,0,0,0,56.719
3154,0,0,0.000,0.000,-1,0,0,0,57.952
3155,0,0,0.000,0.000,-1,0,0,0,58.209
3156,0,0,0.000,0.000,-1,0,0,0,60.309
3157,0,0,0.000,0.000,-1,0,0,0,56.415
3158,0,0,0.000,0.000,-1,0,0,0,57.460
3159,0,0,0.000,0.000,-1,0,0,0,57.122
3160,0,0,0.000,0.000,-1,0,0,0,57.082
3161,0,0,0.000,0.000,-1,0,0,0,58.552
3162,0,0,0.000,0.000,-1,0,0,0,60.007
3163,0,0,0.000,0.000,-1,0,0,0,59.142
3164,0,0,0.000,0.000,-1,0,0,0,57.134
3165,0,0,0.000,0.000,-1,0,0,0,57.715
3166,0,0,0.000,0.000,-1,0,0,0,57.580
3167,0,0,0.000,0.000,-1,0,0,0,57.181
3168,0,1,81.655,84.333,-1,0,0,0,59.078
3169,0,0,0.000,0.000,-1,0,0,0,57.879
3170,0,0,0.000,0.000,-1,0,0,0,58.992
3171,0,0,0.000,0.000,-1,0,0,0,57.765
3172,0,0,0.000,0.000,-1,0,0,0,58.185
3173,0,0,0.000,0.000,-1,0,0,0,59.745
3174,0,0,0.000,0.000,-1,0,0,0,60.951
3175,0,0,0.000,0.000,-1,0,0,0,57.550
3176,0,0,0.000,0.000,-1,0,0,0,58.013
3177,0,0,0.000,0.000,-1,0,0,0,59.117
3178,0,0,0.000,0.000,-1,0,0,0,57.297
3179,0,0,0.000,0.000,-1,0,0,0,57.188
3180,0,0,0.000,0.000,-1,0,0,0,60.597
3181,0,0,0.000,0.000,-1,0,0,0,58.759
3182,0,0,0.000,0.000,-1,0,0,0,57.836
3183,0,0,0.000,0.000,-1,0,0,0,59.438
3184,0,0,0.000,0.000,-1,0,0,0,59.956
3185,0,0,0.000,0.000,-1,0,0,0,56.705
3186,0,0,0.000,0.000,-1,0,0,0,59.654
3187,0,0,0.000,0.000,-1,0,0,0,57.708
3188,0,0,0.000,0.000,-1,0,0,0,58.931
3189,0,0,0.000,0.000,-1,0,0,0,58.366
3190,0,0,0.000,0.000,-1,0,0,0,56.781
3191,0,0,0.000,0.000,-1,0,0,0,61.177
3192,0,0,0.000,0.000,-1,0,0,0,60.812
3193,0,0,0.000,0.000,-1,0,0,0,58.742
3194,0,0,0.000,0.000,-1,0,0,0,57.609
3195,0,0,0.000,0.000,-1,0,0,0,58.903
3196,0,0,0.000,0.000,-1,0,0,0,56.992
3197,0,0,0.000,0.000,-1,0,0,0,57.106
3198,0,0,0.000,0.000,-1,0,0,0,58.880
3199,0,0,0.000,0.000,-1,0,0,0,58.446
3200,0,1,81.517,84.197,-1,0,0,0,56.319
3201,0,0,0.000,0.000,-1,0,0,0,57.582
3202,0,0,0.000,0.000,-1,0,0,0,57.290
3203,0,0,0.000,0.000,-1,0,0,0,57.738
3204,0,0,0.000,0.000,-1,0,0,0,57.618
3205,0,0,0.000,0.000,-1,0,0,0,55.764
3206,0,0,0.000,0.000,-1,0,0,0,58.319
3207,0,0,0.000,0.000,-1,0,0,0,54.821
3208,0,0,0.000,0.000,-1,0,0,0,59.317
3209,0,0,0.000,0.000,-1,0,0,0,58.099
3210,0,0,0.000,0.000,-1,0,0,0,66.560
3211,0,0,0.000,0.000,-1,0,0,0,57.167
3212,0,0,0.000,0.000,-1,0,0,0,57.585
3213,0,0,0.000,0.000,-1,0,0,0,58.117
3214,0,0,0.000,0.000,-1,0,0,0,57.240
3215,0,0,0.000,0.000,-1,0,0,0,57.419
3216,0,0,0.000,0.000,-1,0,0,0,59.009
3217,0,0,0.000,0.000,-1,0,0,0,57.668
3218,0,0,0.000,0.000,-1,0,0,0,59.098
3219,0,0,0.000,0.000,-1,0,0,0,57.357
3220,0,0,0.000,0.000,-1,0,0,0,57.578
3221,0,0,0.000,0.000,-1,0,0,0,59.833
3222,0,0,0.000,0.000,-1,0,0,0,59.375
3223,0,0,0.000,0.000,-1,0,0,0,57.072
3224,0,0,0.000,0.000,-1,0,0,0,57.418
3225,0,0,0.000,0.000,-1,0,0,0,59.041
3226,0,0,0.000,0.000,-1,0,0,0,57.414
3227,0,0,0.000,0.000,-1,0,0,0,56.564
3228,0,0,0.000,0.000,-1,0,0,0,61.265
3229,0,0,0.000,0.000,-1,0,0,0,58.134
3230,0,0,0.000,0.000,-1,0,0,0,57.320
3231,0,0,0.000,0.000,-1,0,0,0,59.247
3232,0,1,81.435,84.612,-1,0,0,0,57.855
3233,0,0,0.000,0.000,-1,0,0,0,57.995
3234,0,0,0.000,0.000,-1,0,0,0,61.279
3235,0,0,0.000,0.000,-1,0,0,0,59.557
3236,0,0,0.000,0.000,-1,0,0,0,57.499
3237,0,0,0.000,0.000,-1,0,0,0,56.898
3238,0,0,0.000,0.000,-1,0,0,0,55.840
3239,0,0,0.000,0.000,-1,0,0,0,59.006
3240,0,0,0.000,0.000,-1,0,0,0,61.143
3241,0,0,0.000,0.000,-1,0,0,0,57.042
3242,0,0,0.000,0.000,-1,0,0,0,57.030
3243,0,0,0.000,0.000,-1,0,0,0,60.930
3244,0,0,0.000,0.000,-1,0,0,0,57.613
3245,0,0,0.000,0.000,-1,0,0,0,57.840
3246,0,0,0.000,0.000,-1,0,0,0,59.947
3247,0,0,0.000,0.000,-1,0,0,0,57.376
3248,0,0,0.000,0.000,-1,0,0,0,59.784
3249,0,0,0.000,0.000,-1,0,0,0,58.094
3250,0,0,0.000,0.000,-1,0,0,0,58.343
3251,0,0,0.000,0.000,-1,0,0,0,58.084
3252,0,0,0.000,0.000,-1,0,0,0,61.453
3253,0,0,0.000,0.000,-1,0,0,0,58.981
3254,0,0,0.000,0.000,-1,0,0,0,57.526
3255,0,0,0.000,0.000,-1,0,0,0,56.665
3256,0,0,0.000,0.000,-1,0,0,0,58.183
3257,0,0,0.000,0.000,-1,0,0,0,58.845
3258,0,0,0.000,0.000,-1,0,0,0,59.355
3259,0,0,0.000,0.000,-1,0,0,0,59.449
3260,0,0,0.000,0.000,-1,0,0,0,57.126
3261,0,0,0.000,0.000,-1,0,0,0,57.677
3262,0,0,0.000,0.000,-1,0,0,0,58.921
3263,0,0,0.000,0.000,-1,0,0,0,60.841
3264,0,1,81.621,84.297,-1,0,0,0,58.599
3265,0,0,0.000,0.000,-1,0,0,0,57.717
3266,0,0,0.000,0.000,-1,0,0,0,59.399
3267,0,0,0.000,0.000,-1,0,0,0,57.723
3268,0,0,0.000,0.000,-1,0,0,0,56.658
3269,0,0,0.000,0.000,-1,0,0,0,61.465
3270,0,0,0.000,0.000,-1,0,0,0,60.543
3271,0,0,0.000,0.000,-1,0,0,0,58.548
3272,0,0,0.000,0.000,-1,0,0,0,57.392
3273,0,0,0.000,0.000,-1,0,0,0,56.425
3274,0,0,0.000,0.000,-1,0,0,0,57.661
3275,0,0,0.000,0.000,-1,0,0,0,57.703
3276,0,0,0.000,0.000,-1,0,0,0,58.956
3277,0,0,0.000,0.000,-1,0,0,0,58.096
3278,0,0,0.000,0.000,-1,0,0,0,59.706
3279,0,0,0.000,0.000,-1,0,0,0,57.834
3280,0,0,0.000,0.000,-1,0,0,0,58.753
3281,0,0,0.000,0.000,-1,0,0,0,57.481
3282,0,0,0.000,0.000,-1,0,0,0,59.521
3283,0,0,0.000,0.000,-1,0,0,0,58.531
3284,0,0,0.000,0.000,-1,0,0,0,57.353
3285,0,0,0.000,0.000,-1,0,0,0,57.500
3286,0,0,0.000,0.000,-1,0,0,0,59.470
3287,0,0,0.000,0.000,-1,0,0,0,57.641
3288,0,0,0.000,0.000,-1,0,0,0,59.038
3289,0,0,0.000,0.000,-1,0,0,0,57.282
3290,0,0,0.000,0.000,-1,0,0,0,57.615
3291,0,0,0.000,0.000,-1,0,0,0,58.776
3292,0,0,0.000,0.000,-1,0,0,0,58.776
3293,0,0,0.000,0.000,-1,0,0,0,57.733
3294,0,0,0.000,0.000,-1,0,0,0,60.492
3295,0,0,0.000,0.000,-1,0,0,0,57.221
3296,0,1,82.812,85.503,-1,0,0,0,55.708
3297,0,0,0.000,0.000,-1,0,0,0,57.245
3298,0,0,0.000,0.000,-1,0,0,0,60.589
3299,0,0,0.000,0.000,-1,0,0,0,56.378
3300,0,0,0.000,0.000,-1,0,0,0,63.396
3301,0,0,0.000,0.000,-1,0,0,0,57.763
3302,0,0,0.000,0.000,-1,0,0,0,57.692
3303,0,0,0.000,0.000,-1,0,0,0,57.816
3304,0,0,0.000,0.000,-1,0,0,0,59.553
3305,0,0,0.000,0.000,-1,0,0,0,59.496
3306,0,0,0.000,0.000,-1,0,0,0,60.665
3307,0,0,0.000,0.000,-1,0,0,0,58.254
3308,0,0,0.000,0.000,-1,0,0,0,57.055
3309,0,0,0.000,0.000,-1,0,0,0,57.513
3310,0,0,0.000,0.000,-1,0,0,0,58.501
3311,0,0,0.000,0.000,-1,0,0,0,56.624
3312,0,0,0.000,0.000,-1,0,0,0,58.727
3313,0,0,0.000,0.000,-1,0,0,0,56.689
3314,0,0,0.000,0.000,-1,0,0,0,56.699
3315,0,0,0.000,0.000,-1,0,0,0,56.996
3316,0,0,0.000,0.000,-1,0,0,0,57.265
3317,0,0,0.000,0.000,-1,0,0,0,55.030
3318,0,0,0.000,0.000,-1,0,0,0,58.500
3319,0,0,0.000,0.000,-1,0,0,0,57.258
3320,0,0,0.000,0.000,-1,0,0,0,57.901
3321,0,0,0.000,0.000,-1,0,0,0,58.214
3322,0,0,0.000,0.000,-1,0,0,0,57.139
3323,0,0,0.000,0.000,-1,0,0,0,56.665
3324,0,0,0.000,0.000,-1,0,0,0,68.317
3325,0,0,0.000,0.000,-1,0,0,0,57.284
3326,0,0,0.000,0.000,-1,0,0,0,58.715
3327,0,0,0.000,0.000,-1,0,0,0,57.588
3328,0,1,81.712,84.506,-1,0,0,0,58.718
3329,0,0,0.000,0.000,-1,0,0,0,58.654
3330,0,0,0.000,0.000,-1,0,0,0,59.358
3331,0,0,0.000,0.000,-1,0,0,0,58.422
3332,0,0,0.000,0.000,-1,0,0,0,56.687
3333,0,0,0.000,0.000,-1,0,0,0,57.885
3334,0,0,0.000,0.000,-1,0,0,0,56.163
3335,0,0,0.000,0.000,-1,0,0,0,56.792
3336,0,0,0.000,0.000,-1,0,0,0,58.522
3337,0,0,0.000,0.000,-1,0,0,0,58.754
3338,0,0,0.000,0.000,-1,0,0,0,58.556
3339,0,0,0.000,0.000,-1,0,0,0,58.243
3340,0,0,0.000,0.000,-1,0,0,0,56.952
3341,0,0,0.000,0.000,-1,0,0,0,59.968
3342,0,0,0.000,0.000,-1,0,0,0,59.014
3343,0,0,0.000,0.000,-1,0,0,0,57.941
3344,0,0,0.000,0.000,-1,0,0,0,58.611
3345,0,0,0.000,0.000,-1,0,0,0,57.992
3346,0,0,0.000,0.000,-1,0,0,0,58.153
3347,0,0,0.000,0.000,-1,0,0,0,58.151
3348,0,0,0.000,0.000,-1,0,0,0,59.005
3349,0,0,0.000,0.000,-1,0,0,0,56.216
3350,0,0,0.000,0.000,-1,0,0,0,57.887
3351,0,0,0.000,0.000,-1,0,0,0,56.845
3352,0,0,0.000,0.000,-1,0,0,0,58.243
3353,0,0,0.000,0.000,-1,0,0,0,57.383
3354,0,0,0.000,0.000,-1,0,0,0,61.159
3355,0,0,0.000,0.000,-1,0,0,0,60.039
3356,0,0,0.000,0.000,-1,0,0,0,59.054
3357,0,0,0.000,0.000,-1,0,0,0,57.493
3358,0,0,0.000,0.000,-1,0,0,0,56.090
3359,0,0,0.000,0.000,-1,0,0,0,57.185
3360,0,1,81.589,84.400,-1,0,0,0,60.822
3361,0,0,0.000,0.000,-1,0,0,0,59.715
3362,0,0,0.000,0.000,-1,0,0,0,59.020
3363,0,0,0.000,0.000,-1,0,0,0,59.022
3364,0,0,0.000,0.000,-1,0,0,0,60.190
3365,0,0,0.000,0.000,-1,0,0,0,58.302
3366,0,0,0.000,0.000,-1,0,0,0,61.080
3367,0,0,0.000,0.000,-1,0,0,0,59.021
3368,0,0,0.000,0.000,-1,0,0,0,58.187
3369,0,0,0.000,0.000,-1,0,0,0,61.120
3370,0,0,0.000,0.000,-1,0,0,0,58.848
3371,0,0,0.000,0.000,-1,0,0,0,58.200
3372,0,0,0.000,0.000,-1,0,0,0,61.407
3373,0,0,0.000,0.000,-1,0,0,0,58.592
3374,0,0,0.000,0.000,-1,0,0,0,59.652
3375,0,0,0.000,0.000,-1,0,0,0,59.037
3376,0,0,0.000,0.000,-1,0,0,0,57.734
3377,0,0,0.000,0.000,-1,0,0,0,58.430
3378,0,0,0.000,0.000,-1,0,0,0,62.595
3379,0,0,0.000,0.000,-1,0,0,0,59.471
3380,0,0,0.000,0.000,-1,0,0,0,59.467
3381,0,0,0.000,0.000,-1,0,0,0,59.623
3382,0,0,0.000,0.000,-1,0,0,0,59.750
3383,0,0,0.000,0.000,-1,0,0,0,58.985
3384,0,0,0.000,0.000,-1,0,0,0,60.593
3385,0,0,0.000,0.000,-1,0,0,0,58.194
3386,0,0,0.000,0.000,-1,0,0,0,61.130
3387,0,0,0.000,0.000,-1,0,0,0,70.633
3388,0,0,0.000,0.000,-1,0,0,0,60.977
3389,0,0,0.000,0.000,-1,0,0,0,57.402
3390,0,0,0.000,0.000,-1,0,0,0,62.059
3391,0,0,0.000,0.000,-1,0,0,0,59.182
3392,0,1,81.535,84.400,-1,0,0,0,59.777
3393,0,0,0.000,0.000,-1,0,0,0,60.170
3394,0,0,0.000,0.000,-1,0,0,0,59.360
3395,0,0,0.000,0.000,-1,0,0,0,59.102
3396,0,0,0.000,0.000,-1,0,0,0,59.043
3397,0,0,0.000,0.000,-1,0,0,0,58.229
3398,0,0,0.000,0.000,-1,0,0,0,59.426
3399,0,0,0.000,0.000,-1,0,0,0,57.577
3400,0,0,0.000,0.000,-1,0,0,0,57.961
3401,0,0,0.000,0.000,-1,0,0,0,57.729
3402,0,0,0.000,0.000,-1,0,0,0,57.526
3403,0,0,0.000,0.000,-1,0,0,0,58.881
3404,0,0,0.000,0.000,-1,0,0,0,57.029
3405,0,0,0.000,0.000,-1,0,0,0,57.378
3406,0,0,0.000,0.000,-1,0,0,0,57.296
3407,0,0,0.000,0.000,-1,0,0,0,57.012
3408,0,0,0.000,0.000,-1,0,0,0,58.163
3409,0,0,0.000,0.000,-1,0,0,0,59.021
3410,0,0,0.000,0.000,-1,0,0,0,56.464
3411,0,0,0.000,0.000,-1,0,0,0,57.319
3412,0,0,0.000,0.000,-1,0,0,0,58.964
3413,0,0,0.000,0.000,-1,0,0,0,57.161
3414,0,0,0.000,0.000,-1,0,0,0,58.383
3415,0,0,0.000,0.000,-1,0,0,0,59.017
3416,0,0,0.000,0.000,-1,0,0,0,57.628
3417,0,0,0.000,0.000,-1,0,0,0,56.566
3418,0,0,0.000,0.000,-1,0,0,0,58.767
3419,0,0,0.000,0.000,-1,0,0,0,57.458
3420,0,0,0.000,0.000,-1,0,0,0,60.289
3421,0,0,0.000,0.000,-1,0,0,0,59.177
3422,0,0,0.000,0.000,-1,0,0,0,56.764
3423,0,0,0.000,0.000,-1,0,0,0,57.060
3424,0,1,81.944,84.752,-1,0,0,0,60.538
3425,0,0,0.000,0.000,-1,0,0,0,59.722
3426,0,0,0.000,0.000,-1,0,0,0,59.895
3427,0,0,0.000,0.000,-1,0,0,0,58.880
3428,0,0,0.000,0.000,-1,0,0,0,56.268
3429,0,0,0.000,0.000,-1,0,0,0,56.232
3430,0,0,0.000,0.000,-1,0,0,0,64.395
3431,0,0,0.000,0.000,-1,0,0,0,64.483
3432,0,0,0.000,0.000,-1,0,0,0,66.745
3433,0,0,0.000,0.000,-1,0,0,0,58.304
3434,0,0,0.000,0.000,-1,0,0,0,58.678
3435,0,0,0.000,0.000,-1,0,0,0,57.268
3436,0,0,0.000,0.000,-1,0,0,0,56.264
3437,0,0,0.000,0.000,-1,0,0,0,56.952
3438,0,0,0.000,0.000,-1,0,0,0,60.883
3439,0,0,0.000,0.000,-1,0,0,0,57.943
3440,0,0,0.000,0.000,-1,0,0,0,57.668
3441,0,0,0.000,0.000,-1,0,0,0,57.641
3442,0,0,0.000,0.000,-1,0,0,0,57.393
3443,0,0,0.000,0.000,-1,0,0,0,57.385
3444,0,0,0.000,0.000,-1,0,0,0,58.416
3445,0,0,0.000,0.000,-1,0,0,0,57.864
3446,0,0,0.000,0.000,-1,0,0,0,56.594
3447,0,0,0.000,0.000,-1,0,0,0,58.695
3448,0,0,0.000,0.000,-1,0,0,0,58.386
3449,0,0,0.000,0.000,-1,0,0,0,56.421
3450,0,0,0.000,0.000,-1,0,0,0,61.471
3451,0,0,0.000,0.000,-1,0,0,0,57.219
3452,0,0,0.000,0.000,-1,0,0,0,56.071
3453,0,0,0.000,0.000,-1,0,0,0,56.069
3454,0,0,0.000,0.000,-1,0,0,0,57.394
3455,0,0,0.000,0.000,-1,0,0,0,55.872
3456,0,1,81.497,84.179,-1,0,0,0,58.309
3457,0,0,0.000,0.000,-1,0,0,0,57.875
3458,0,0,0.000,0.000,-1,0,0,0,57.326
3459,0,0,0.000,0.000,-1,0,0,0,56.993
3460,0,0,0.000,0.000,-1,0,0,0,57.306
3461,0,0,0.000,0.000,-1,0,0,0,56.059
3462,0,0,0.000,0.000,-1,0,0,0,58.660
3463,0,0,0.000,0.000,-1,0,0,0,56.540
3464,0,0,0.000,0.000,-1,0,0,0,58.068
3465,0,0,0.000,0.000,-1,0,0,0,57.025
3466,0,0,0.000,0.000,-1,0,0,0,57.815
3467,0,0,0.000,0.000,-1,0,0,0,58.875
3468,0,0,0.000,0.000,-1,0,0,0,59.859
3469,0,0,0.000,0.000,-1,0,0,0,58.042
3470,0,0,0.000,0.000,-1,0,0,0,58.544
3471,0,0,0.000,0.000,-1,0,0,0,61.837
3472,0,0,0.000,0.000,-1,0,0,0,60.579
3473,0,0,0.000,0.000,-1,0,0,0,58.469
3474,0,0,0.000,0.000,-1,0,0,0,60.804
3475,0,0,0.000,0.000,-1,0,0,0,60.120
3476,0,0,0.000,0.000,-1,0,0,0,57.502
3477,0,0,0.000,0.000,-1,0,0,0,58.344
3478,0,0,0.000,0.000,-1,0,0,0,57.282
3479,0,0,0.000,0.000,-1,0,0,0,60.027
3480,0,0,0.000,0.000,-1,0,0,0,64.637
3481,0,0,0.000,0.000,-1,0,0,0,58.938
3482,0,0,0.000,0.000,-1,0,0,0,58.665
3483,0,0,0.000,0.000,-1,0,0,0,59.018
3484,0,0,0.000,0.000,-1,0,0,0,60.082
3485,0,0,0.000,0.000,-1,0,0,0,58.683
3486,0,0,0.000,0.000,-1,0,0,0,60.858
3487,0,0,0.000,0.000,-1,0,0,0,58.426
3488,0,1,81.838,84.688,-1,0,0,0,59.017
3489,0,0,0.000,0.000,-1,0,0,0,58.377
3490,0,0,0.000,0.000,-1,0,0,0,62.377
3491,0,0,0.000,0.000,-1,0,0,0,63.434
3492,0,0,0.000,0.000,-1,0,0,0,62.560
3493,0,0,0.000,0.000,-1,0,0,0,61.343
3494,0,0,0.000,0.000,-1,0,0,0,59.040
3495,0,0,0.000,0.000,-1,0,0,0,58.146
3496,0,0,0.000,0.000,-1,0,0,0,60.511
3497,0,0,0.000,0.000,-1,0,0,0,61.079
3498,0,0,0.000,0.000,-1,0,0,0,61.302
3499,0,0,0.000,0.000,-1,0,0,0,60.559
3500,0,0,0.000,0.000,-1,0,0,0,60.863
3501,0,0,0.000,0.000,-1,0,0,0,63.349
3502,0,0,0.000,0.000,-1,0,0,0,61.031
3503,0,0,0.000,0.000,-1,0,0,0,59.354
3504,0,0,0.000,0.000,-1,0,0,0,61.818
3505,0,0,0.000,0.000,-1,0,0,0,60.112
3506,0,0,0.000,0.000,-1,0,0,0,61.189
3507,0,0,0.000,0.000,-1,0,0,0,62.183
3508,0,0,0.000,0.000,-1,0,0,0,58.695
3509,0,0,0.000,0.000,-1,0,0,0,60.181
3510,0,0,0.000,0.000,-1,0,0,0,63.337
3511,0,0,0.000,0.000,-1,0,0,0,61.165
3512,0,0,0.000,0.000,-1,0,0,0,62.004
3513,0,0,0.000,0.000,-1,0,0,0,61.920
3514,0,0,0.000,0.000,-1,0,0,0,60.610
3515,0,0,0.000,0.000,-1,0,0,0,60.162
3516,0,0,0.000,0.000,-1,0,0,0,65.038
3517,0,0,0.000,0.000,-1,0,0,0,59.809
3518,0,0,0.000,0.000,-1,0,0,0,62.572
3519,0,0,0.000,0.000,-1,0,0,0,61.896
3520,0,1,83.983,86.820,-1,0,0,0,60.167
3521,0,0,0.000,0.000,-1,0,0,0,60.910
3522,0,0,0.000,0.000,-1,0,0,0,67.299
3523,0,0,0.000,0.000,-1,0,0,0,69.087
3524,0,0,0.000,0.000,-1,0,0,0,59.657
3525,0,0,0.000,0.000,-1,0,0,0,60.341
3526,0,0,0.000,0.000,-1,0,0,0,59.386
3527,0,0,0.000,0.000,-1,0,0,0,60.907
3528,0,0,0.000,0.000,-1,0,0,0,59.236
3529,0,0,0.000,0.000,-1,0,0,0,56.768
3530,0,0,0.000,0.000,-1,0,0,0,58.728
3531,0,0,0.000,0.000,-1,0,0,0,57.372
3532,0,0,0.000,0.000,-1,0,0,0,57.729
3533,0,0,0.000,0.000,-1,0,0,0,57.515
3534,0,0,0.000,0.000,-1,0,0,0,57.457
3535,0,0,0.000,0.000,-1,0,0,0,57.870
3536,0,0,0.000,0.000,-1,0,0,0,55.670
3537,0,0,0.000,0.000,-1,0,0,0,56.619
3538,0,0,0.000,0.000,-1,0,0,0,60.405
3539,0,0,0.000,0.000,-1,0,0,0,57.105
3540,0,0,0.000,0.000,-1,0,0,0,59.375
3541,0,0,0.000,0.000,-1,0,0,0,56.435
3542,0,0,0.000,0.000,-1,0,0,0,56.711
3543,0,0,0.000,0.000,-1,0,0,0,58.415
3544,0,0,0.000,0.000,-1,0,0,0,56.121
3545,0,0,0.000,0.000,-1,0,0,0,57.846
3546,0,0,0.000,0.000,-1,0,0,0,58.176
3547,0,0,0.000,0.000,-1,0,0,0,59.423
3548,0,0,0.000,0.000,-1,0,0,0,58.040
3549,0,0,0.000,0.000,-1,0,0,0,56.257
3550,0,0,0.000,0.000,-1,0,0,0,57.326
3551,0,0,0.000,0.000,-1,0,0,0,56.735
3552,0,1,81.504,84.296,-1,0,0,0,58.292
3553,0,0,0.000,0.000,-1,0,0,0,58.085
3554,0,0,0.000,0.000,-1,0,0,0,57.243
3555,0,0,0.000,0.000,-1,0,0,0,58.283
3556,0,0,0.000,0.000,-1,0,0,0,58.299
3557,0,0,0.000,0.000,-1,0,0,0,57.531
3558,0,0,0.000,0.000,-1,0,0,0,59.423
3559,0,0,0.000,0.000,-1,0,0,0,57.622
3560,0,0,0.000,0.000,-1,0,0,0,58.221
3561,0,0,0.000,0.000,-1,0,0,0,56.861
3562,0,0,0.000,0.000,-1,0,0,0,57.885
3563,0,0,0.000,0.000,-1,0,0,0,57.351
3564,0,0,0.000,0.000,-1,0,0,0,58.635
3565,0,0,0.000,0.000,-1,0,0,0,57.407
3566,0,0,0.000,0.000,-1,0,0,0,55.993
3567,0,0,0.000,0.000,-1,0,0,0,57.275
3568,0,0,0.000,0.000,-1,0,0,0,57.353
3569,0,0,0.000,0.000,-1,0,0,0,59.080
3570,0,0,0.000,0.000,-1,0,0,0,59.285
3571,0,0,0.000,0.000,-1,0,0,0,60.365
3572,0,0,0.000,0.000,-1,0,0,0,57.303
3573,0,0,0.000,0.000,-1,0,0,0,56.567
3574,0,0,0.000,0.000,-1,0,0,0,58.259
3575,0,0,0.000,0.000,-1,0,0,0,58.410
3576,0,0,0.000,0.000,-1,0,0,0,59.183
3577,0,0,0.000,0.000,-1,0,0,0,58.980
3578,0,0,0.000,0.000,-1,0,0,0,57.386
3579,0,0,0.000,0.000,-1,0,0,0,56.327
3580,0,0,0.000,0.000,-1,0,0,0,57.242
3581,0,0,0.000,0.000,-1,0,0,0,57.339
3582,0,0,0.000,0.000,-1,0,0,0,58.297
3583,0,0,0.000,0.000,-1,0,0,0,56.528
3584,0,1,81.714,84.511,-1,0,0,0,56.041
3585,0,0,0.000,0.000,-1,0,0,0,57.938
3586,0,0,0.000,0.000,-1,0,0,0,58.984
3587,0,0,0.000,0.000,-1,0,0,0,58.339
3588,0,0,0.000,0.000,-1,0,0,0,60.276
3589,0,0,0.000,0.000,-1,0,0,0,58.395
3590,0,0,0.000,0.000,-1,0,0,0,57.731
3591,0,0,0.000,0.000,-1,0,0,0,56.626
3592,0,0,0.000,0.000,-1,0,0,0,57.631
3593,0,0,0.000,0.000,-1,0,0,0,57.272
3594,0,0,0.000,0.000,-1,0,0,0,57.976
3595,0,0,0.000,0.000,-1,0,0,0,60.740
3596,0,0,0.000,0.000,-1,0,0,0,60.838
3597,0,0,0.000,0.000,-1,0,0,0,57.718
3598,0,0,0.000,0.000,-1,0,0,0,59.523
3599,0,0,0.000,0.000,-1,0,0,0,57.743
3600,0,0,0.000,0.000,-1,0,0,0,60.288
3601,0,0,0.000,0.000,-1,0,0,0,58.354
3602,0,0,0.000,0.000,-1,0,0,0,55.582
3603,0,0,0.000,0.000,-1,0,0,0,56.948
3604,0,0,0.000,0.000,-1,0,0,0,57.022
3605,0,0,0.000,0.000,-1,0,0,0,57.607
3606,0,0,0.000,0.000,-1,0,0,0,59.152
3607,0,0,0.000,0.000,-1,0,0,0,59.031
3608,0,0,0.000,0.000,-1,0,0,0,57.397
3609,0,0,0.000,0.000,-1,0,0,0,58.384
3610,0,0,0.000,0.000,-1,0,0,0,58.559
3611,0,0,0.000,0.000,-1,0,0,0,57.220
3612,0,0,0.000,0.000,-1,0,0,0,59.776
3613,0,0,0.000,0.000,-1,0,0,0,58.704
3614,0,0,0.000,0.000,-1,0,0,0,56.421
3615,0,0,0.000,0.000,-1,0,0,0,55.925
3616,0,1,81.578,84.377,-1,0,0,0,58.625
3617,0,0,0.000,0.000,-1,0,0,0,58.202
3618,0,0,0.000,0.000,-1,0,0,0,60.258
3619,0,0,0.000,0.000,-1,0,0,0,57.315
3620,0,0,0.000,0.000,-1,0,0,0,56.372
3621,0,0,0.000,0.000,-1,0,0,0,57.517
3622,0,0,0.000,0.000,-1,0,0,0,56.853
3623,0,0,0.000,0.000,-1,0,0,0,58.911
3624,0,0,0.000,0.000,-1,0,0,0,59.509
3625,0,0,0.000,0.000,-1,0,0,0,58.297
3626,0,0,0.000,0.000,-1,0,0,0,57.742
3627,0,0,0.000,0.000,-1,0,0,0,58.489
3628,0,0,0.000,0.000,-1,0,0,0,58.053
3629,0,0,0.000,0.000,-1,0,0,0,58.159
3630,0,0,0.000,0.000,-1,0,0,0,61.000
3631,0,0,0.000,0.000,-1,0,0,0,58.900
3632,0,0,0.000,0.000,-1,0,0,0,57.370
3633,0,0,0.000,0.000,-1,0,0,0,57.168
3634,0,0,0.000,0.000,-1,0,0,0,59.160
3635,0,0,0.000,0.000,-1,0,0,0,58.161
3636,0,0,0.000,0.000,-1,0,0,0,58.153
3637,0,0,0.000,0.000,-1,0,0,0,58.281
3638,0,0,0.000,0.000,-1,0,0,0,61.260
3639,0,0,0.000,0.000,-1,0,0,0,58.027
3640,0,0,0.000,0.000,-1,0,0,0,60.347
3641,0,0,0.000,0.000,-1,0,0,0,57.790
3642,0,0,0.000,0.000,-1,0,0,0,59.657
3643,0,0,0.000,0.000,-1,0,0,0,58.165
3644,0,0,0.000,0.000,-1,0,0,0,55.972
3645,0,0,0.000,0.000,-1,0,0,0,57.004
3646,0,0,0.000,0.000,-1,0,0,0,61.859
3647,0,0,0.000,0.000,-1,0,0,0,62.182
3648,0,1,81.540,84.606,-1,0,0,0,61.129
3649,0,0,0.000,0.000,-1,0,0,0,59.138
3650,0,0,0.000,0.000,-1,0,0,0,57.908
3651,0,0,0.000,0.000,-1,0,0,0,58.963
3652,0,0,0.000,0.000,-1,0,0,0,58.100
3653,0,0,0.000,0.000,-1,0,0,0,59.077
3654,0,0,0.000,0.000,-1,0,0,0,60.441
3655,0,0,0.000,0.000,-1,0,0,0,57.862
3656,0,0,0.000,0.000,-1,0,0,0,57.508
3657,0,0,0.000,0.000,-1,0,0,0,58.015
3658,0,0,0.000,0.000,-1,0,0,0,58.138
3659,0,0,0.000,0.000,-1,0,0,0,57.780
3660,0,0,0.000,0.000,-1,0,0,0,61.672
3661,0,0,0.000,0.000,-1,0,0,0,57.880
3662,0,0,0.000,0.000,-1,0,0,0,58.940
3663,0,0,0.000,0.000,-1,0,0,0,57.506
3664,0,0,0.000,0.000,-1,0,0,0,58.924
3665,0,0,0.000,0.000,-1,0,0,0,61.039
3666,0,0,0.000,0.000,-1,0,0,0,59.031
3667,0,0,0.000,0.000,-1,0,0,0,57.500
3668,0,0,0.000,0.000,-1,0,0,0,60.956
3669,0,0,0.000,0.000,-1,0,0,0,58.793
3670,0,0,0.000,0.000,-1,0,0,0,59.000
3671,0,0,0.000,0.000,-1,0,0,0,59.874
3672,0,0,0.000,0.000,-1,0,0,0,59.061
3673,0,0,0.000,0.000,-1,0,0,0,60.490
3674,0,0,0.000,0.000,-1,0,0,0,57.897
3675,0,0,0.000,0.000,-1,0,0,0,57.034
3676,0,0,0.000,0.000,-1,0,0,0,57.015
3677,0,0,0.000,0.000,-1,0,0,0,58.256
3678,0,0,0.000,0.000,-1,0,0,0,59.926
3679,0,0,0.000,0.000,-1,0,0,0,59.716
3680,0,1,81.607,84.400,-1,0,0,0,57.675
3681,0,0,0.000,0.000,-1,0,0,0,58.773
3682,0,0,0.000,0.000,-1,0,0,0,59.170
3683,0,0,0.000,0.000,-1,0,0,0,57.487
3684,0,0,0.000,0.000,-1,0,0,0,60.027
3685,0,0,0.000,0.000,-1,0,0,0,57.410
3686,0,0,0.000,0.000,-1,0,0,0,58.254
3687,0,0,0.000,0.000,-1,0,0,0,59.255
3688,0,0,0.000,0.000,-1,0,0,0,57.795
3689,0,0,0.000,0.000,-1,0,0,0,57.767
3690,0,0,0.000,0.000,-1,0,0,0,61.664
3691,0,0,0.000,0.000,-1,0,0,0,58.731
3692,0,0,0.000,0.000,-1,0,0,0,57.634
3693,0,0,0.000,0.000,-1,0,0,0,57.394
3694,0,0,0.000,0.000,-1,0,0,0,58.097
3695,0,0,0.000,0.000,-1,0,0,0,58.855
3696,0,0,0.000,0.000,-1,0,0,0,59.792
3697,0,0,0.000,0.000,-1,0,0,0,57.477
3698,0,0,0.000,0.000,-1,0,0,0,58.220
3699,0,0,0.000,0.000,-1,0,0,0,57.646
3700,0,0,0.000,0.000,-1,0,0,0,58.494
3701,0,0,0.000,0.000,-1,0,0,0,57.902
3702,0,0,0.000,0.000,-1,0,0,0,59.484
3703,0,0,0.000,0.000,-1,0,0,0,59.065
3704,0,0,0.000,0.000,-1,0,0,0,57.401
3705,0,0,0.000,0.000,-1,0,0,0,56.211
3706,0,0,0.000,0.000,-1,0,0,0,56.303
3707,0,0,0.000,0.000,-1,0,0,0,58.287
3708,0,0,0.000,0.000,-1,0,0,0,59.526
3709,0,0,0.000,0.000,-1,0,0,0,57.961
3710,0,0,0.000,0.000,-1,0,0,0,57.597
3711,0,0,0.000,0.000,-1,0,0,0,57.245
3712,0,1,81.650,84.433,-1,0,0,0,60.306
3713,0,0,0.000,0.000,-1,0,0,0,56.998
3714,0,0,0.000,0.000,-1,0,0,0,58.613
3715,0,0,0.000,0.000,-1,0,0,0,58.429
3716,0,0,0.000,0.000,-1,0,0,0,57.181
3717,0,0,0.000,0.000,-1,0,0,0,57.653
3718,0,0,0.000,0.000,-1,0,0,0,57.425
3719,0,0,0.000,0.000,-1,0,0,0,56.921
3720,0,0,0.000,0.000,-1,0,0,0,62.565
3721,0,0,0.000,0.000,-1,0,0,0,56.841
3722,0,0,0.000,0.000,-1,0,0,0,55.533
3723,0,0,0.000,0.000,-1,0,0,0,54.830
3724,0,0,0.000,0.000,-1,0,0,0,57.140
3725,0,0,0.000,0.000,-1,0,0,0,55.965
3726,0,0,0.000,0.000,-1,0,0,0,58.339
3727,0,0,0.000,0.000,-1,0,0,0,56.444
3728,0,0,0.000,0.000,-1,0,0,0,56.022
3729,0,0,0.000,0.000,-1,0,0,0,57.113
3730,0,0,0.000,0.000,-1,0,0,0,58.926
3731,0,0,0.000,0.000,-1,0,0,0,58.197
3732,0,0,0.000,0.000,-1,0,0,0,58.118
3733,0,0,0.000,0.000,-1,0,0,0,58.346
3734,0,0,0.000,0.000,-1,0,0,0,57.772
3735,0,0,0.000,0.000,-1,0,0,0,57.209
3736,0,0,0.000,0.000,-1,0,0,0,57.881
3737,0,0,0.000,0.000,-1,0,0,0,57.207
3738,0,0,0.000,0.000,-1,0,0,0,57.094
3739,0,0,0.000,0.000,-1,0,0,0,57.421
3740,0,0,0.000,0.000,-1,0,0,0,56.112
3741,0,0,0.000,0.000,-1,0,0,0,56.746
3742,0,0,0.000,0.000,-1,0,0,0,57.520
3743,0,0,0.000,0.000,-1,0,0,0,56.852
3744,0,1,81.516,84.283,-1,0,0,0,58.900
3745,0,0,0.000,0.000,-1,0,0,0,56.667
3746,0,0,0.000,0.000,-1,0,0,0,58.174
3747,0,0,0.000,0.000,-1,0,0,0,60.207
3748,0,0,0.000,0.000,-1,0,0,0,57.577
3749,0,0,0.000,0.000,-1,0,0,0,57.665
3750,0,0,0.000,0.000,-1,0,0,0,61.804
3751,0,0,0.000,0.000,-1,0,0,0,57.182
3752,0,0,0.000,0.000,-1,0,0,0,57.120
3753,0,0,0.000,0.000,-1,0,0,0,57.789
3754,0,0,0.000,0.000,-1,0,0,0,57.832
3755,0,0,0.000,0.000,-1,0,0,0,57.995
3756,0,0,0.000,0.000,-1,0,0,0,58.235
3757,0,0,0.000,0.000,-1,0,0,0,58.181
3758,0,0,0.000,0.000,-1,0,0,0,57.590
3759,0,0,0.000,0.000,-1,0,0,0,58.538
3760,0,0,0.000,0.000,-1,0,0,0,58.745
3761,0,0,0.000,0.000,-1,0,0,0,57.533
3762,0,0,0.000,0.000,-1,0,0,0,61.691
3763,0,0,0.000,0.000,-1,0,0,0,57.681
3764,0,0,0.000,0.000,-1,0,0,0,59.827
3765,0,0,0.000,0.000,-1,0,0,0,58.559
3766,0,0,0.000,0.000,-1,0,0,0,56.982
3767,0,0,0.000,0.000,-1,0,0,0,59.409
3768,0,0,0.000,0.000,-1,0,0,0,59.607
3769,0,0,0.000,0.000,-1,0,0,0,58.620
3770,0,0,0.000,0.000,-1,0,0,0,56.534
3771,0,0,0.000,0.000,-1,0,0,0,57.790
3772,0,0,0.000,0.000,-1,0,0,0,58.951
3773,0,0,0.000,0.000,-1,0,0,0,57.291
3774,0,0,0.000,0.000,-1,0,0,0,59.431
3775,0,0,0.000,0.000,-1,0,0,0,56.892
3776,0,1,81.571,84.357,-1,0,0,0,56.943
3777,0,0,0.000,0.000,-1,0,0,0,55.743
3778,0,0,0.000,0.000,-1,0,0,0,56.246
3779,0,0,0.000,0.000,-1,0,0,0,57.855
3780,0,0,0.000,0.000,-1,0,0,0,60.727
3781,0,0,0.000,0.000,-1,0,0,0,57.732
3782,0,0,0.000,0.000,-1,0,0,0,57.363
3783,0,0,0.000,0.000,-1,0,0,0,57.538
3784,0,0,0.000,0.000,-1,0,0,0,57.264
3785,0,0,0.000,0.000,-1,0,0,0,56.602
3786,0,0,0.000,0.000,-1,0,0,0,60.079
3787,0,0,0.000,0.000,-1,0,0,0,57.723
3788,0,0,0.000,0.000,-1,0,0,0,56.028
3789,0,0,0.000,0.000,-1,0,0,0,61.017
3790,0,0,0.000,0.000,-1,0,0,0,59.764
3791,0,0,0.000,0.000,-1,0,0,0,57.329
3792,0,0,0.000,0.000,-1,0,0,0,58.995
3793,0,0,0.000,0.000,-1,0,0,0,59.263
3794,0,0,0.000,0.000,-1,0,0,0,57.478
3795,0,0,0.000,0.000,-1,0,0,0,57.356
3796,0,0,0.000,0.000,-1,0,0,0,56.030
3797,0,0,0.000,0.000,-1,0,0,0,56.273
3798,0,0,0.000,0.000,-1,0,0,0,60.536
3799,0,0,0.000,0.000,-1,0,0,0,58.342
3800,0,0,0.000,0.000,-1,0,0,0,58.125
3801,0,0,0.000,0.000,-1,0,0,0,57.826
3802,0,0,0.000,0.000,-1,0,0,0,55.812
3803,0,0,0.000,0.000,-1,0,0,0,57.391
3804,0,0,0.000,0.000,-1,0,0,0,61.395
3805,0,0,0.000,0.000,-1,0,0,0,58.003
3806,0,0,0.000,0.000,-1,0,0,0,59.199
3807,0,0,0.000,0.000,-1,0,0,0,55.551
3808,0,1,81.791,84.623,-1,0,0,0,57.119
3809,0,0,0.000,0.000,-1,0,0,0,57.095
3810,0,0,0.000,0.000,-1,0,0,0,62.417
3811,0,0,0.000,0.000,-1,0,0,0,57.806
3812,0,0,0.000,0.000,-1,0,0,0,57.744
3813,0,0,0.000,0.000,-1,0,0,0,58.209
3814,0,0,0.000,0.000,-1,0,0,0,60.062
3815,0,0,0.000,0.000,-1,0,0,0,59.031
3816,0,0,0.000,0.000,-1,0,0,0,60.634
3817,0,0,0.000,0.000,-1,0,0,0,57.873
3818,0,0,0.000,0.000,-1,0,0,0,59.019
3819,0,0,0.000,0.000,-1,0,0,0,57.219
3820,0,0,0.000,0.000,-1,0,0,0,58.448
3821,0,0,0.000,0.000,-1,0,0,0,57.755
3822,0,0,0.000,0.000,-1,0,0,0,59.155
3823,0,0,0.000,0.000,-1,0,0,0,55.663
3824,0,0,0.000,0.000,-1,0,0,0,60.856
3825,0,0,0.000,0.000,-1,0,0,0,57.926
3826,0,0,0.000,0.000,-1,0,0,0,57.145
3827,0,0,0.000,0.000,-1,0,0,0,59.428
3828,0,0,0.000,0.000,-1,0,0,0,61.024
3829,0,0,0.000,0.000,-1,0,0,0,56.126
3830,0,0,0.000,0.000,-1,0,0,0,58.671
3831,0,0,0.000,0.000,-1,0,0,0,56.626
3832,0,0,0.000,0.000,-1,0,0,0,56.958
3833,0,0,0.000,0.000,-1,0,0,0,57.888
3834,0,0,0.000,0.000,-1,0,0,0,64.555
3835,0,0,0.000,0.000,-1,0,0,0,58.610
3836,0,0,0.000,0.000,-1,0,0,0,58.229
3837,0,0,0.000,0.000,-1,0,0,0,58.501
3838,0,0,0.000,0.000,-1,0,0,0,58.830
3839,0,0,0.000,0.000,-1,0,0,0,59.344
3840,0,1,81.531,84.225,-1,0,0,0,60.829
3841,0,0,0.000,0.000,-1,0,0,0,58.320
3842,0,0,0.000,0.000,-1,0,0,0,59.366
3843,0,0,0.000,0.000,-1,0,0,0,58.165
3844,0,0,0.000,0.000,-1,0,0,0,59.449
3845,0,0,0.000,0.000,-1,0,0,0,56.804
3846,0,0,0.000,0.000,-1,0,0,0,59.404
3847,0,0,0.000,0.000,-1,0,0,0,58.250
3848,0,0,0.000,0.000,-1,0,0,0,58.322
3849,0,0,0.000,0.000,-1,0,0,0,57.352
3850,0,0,0.000,0.000,-1,0,0,0,57.855
3851,0,0,0.000,0.000,-1,0,0,0,57.921
3852,0,0,0.000,0.000,-1,0,0,0,65.381
3853,0,0,0.000,0.000,-1,0,0,0,59.250
3854,0,0,0.000,0.000,-1,0,0,0,57.636
3855,0,0,0.000,0.000,-1,0,0,0,57.482
3856,0,0,0.000,0.000,-1,0,0,0,56.265
3857,0,0,0.000,0.000,-1,0,0,0,60.174
3858,0,0,0.000,0.000,-1,0,0,0,59.079
3859,0,0,0.000,0.000,-1,0,0,0,57.921
3860,0,0,0.000,0.000,-1,0,0,0,58.913
3861,0,0,0.000,0.000,-1,0,0,0,57.350
3862,0,0,0.000,0.000,-1,0,0,0,57.549
3863,0,0,0.000,0.000,-1,0,0,0,57.641
3864,0,0,0.000,0.000,-1,0,0,0,58.936
3865,0,0,0.000,0.000,-1,0,0,0,57.486
3866,0,0,0.000,0.000,-1,0,0,0,58.231
3867,0,0,0.000,0.000,-1,0,0,0,57.308
3868,0,0,0.000,0.000,-1,0,0,0,60.120
3869,0,0,0.000,0.000,-1,0,0,0,60.289
3870,0,0,0.000,0.000,-1,0,0,0,59.177
3871,0,0,0.000,0.000,-1,0,0,0,58.685
3872,0,1,81.647,84.331,-1,0,0,0,58.814
3873,0,0,0.000,0.000,-1,0,0,0,56.213
3874,0,0,0.000,0.000,-1,0,0,0,57.703
3875,0,0,0.000,0.000,-1,0,0,0,59.102
3876,0,0,0.000,0.000,-1,0,0,0,59.276
3877,0,0,0.000,0.000,-1,0,0,0,57.089
3878,0,0,0.000,0.000,-1,0,0,0,65.212
3879,0,0,0.000,0.000,-1,0,0,0,57.578
3880,0,0,0.000,0.000,-1,0,0,0,57.215
3881,0,0,0.000,0.000,-1,0,0,0,56.888
3882,0,0,0.000,0.000,-1,0,0,0,58.899
3883,0,0,0.000,0.000,-1,0,0,0,57.627
3884,0,0,0.000,0.000,-1,0,0,0,56.633
3885,0,0,0.000,0.000,-1,0,0,0,57.146
3886,0,0,0.000,0.000,-1,0,0,0,58.796
3887,0,0,0.000,0.000,-1,0,0,0,57.844
3888,0,0,0.000,0.000,-1,0,0,0,57.877
3889,0,0,0.000,0.000,-1,0,0,0,57.895
3890,0,0,0.000,0.000,-1,0,0,0,58.457
3891,0,0,0.000,0.000,-1,0,0,0,55.985
3892,0,0,0.000,0.000,-1,0,0,0,56.592
3893,0,0,0.000,0.000,-1,0,0,0,56.876
3894,0,0,0.000,0.000,-1,0,0,0,60.428
3895,0,0,0.000,0.000,-1,0,0,0,58.023
3896,0,0,0.000,0.000,-1,0,0,0,56.411
3897,0,0,0.000,0.000,-1,0,0,0,56.784
3898,0,0,0.000,0.000,-1,0,0,0,57.185
3899,0,0,0.000,0.000,-1,0,0,0,58.371
3900,0,0,0.000,0.000,-1,0,0,0,62.058
3901,0,0,0.000,0.000,-1,0,0,0,58.910
3902,0,0,0.000,0.000,-1,0,0,0,59.509
3903,0,0,0.000,0.000,-1,0,0,0,58.867
3904,0,1,81.699,84.519,-1,0,0,0,56.818
3905,0,0,0.000,0.000,-1,0,0,0,58.126
3906,0,0,0.000,0.000,-1,0,0,0,57.824
3907,0,0,0.000,0.000,-1,0,0,0,57.659
3908,0,0,0.000,0.000,-1,0,0,0,57.830
3909,0,0,0.000,0.000,-1,0,0,0,58.097
3910,0,0,0.000,0.000,-1,0,0,0,57.993
3911,0,0,0.000,0.000,-1,0,0,0,56.588
3912,0,0,0.000,0.000,-1,0,0,0,59.184
3913,0,0,0.000,0.000,-1,0,0,0,57.703
3914,0,0,0.000,0.000,-1,0,0,0,56.722
3915,0,0,0.000,0.000,-1,0,0,0,57.047
3916,0,0,0.000,0.000,-1,0,0,0,55.560
3917,0,0,0.000,0.000,-1,0,0,0,59.852
3918,0,0,0.000,0.000,-1,0,0,0,58.029
3919,0,0,0.000,0.000,-1,0,0,0,56.014
3920,0,0,0.000,0.000,-1,0,0,0,56.821
3921,0,0,0.000,0.000,-1,0,0,0,56.805
3922,0,0,0.000,0.000,-1,0,0,0,59.125
3923,0,0,0.000,0.000,-1,0,0,0,58.132
3924,0,0,0.000,0.000,-1,0,0,0,59.455
3925,0,0,0.000,0.000,-1,0,0,0,57.337
3926,0,0,0.000,0.000,-1,0,0,0,58.107
3927,0,0,0.000,0.000,-1,0,0,0,58.577
3928,0,0,0.000,0.000,-1,0,0,0,58.340
3929,0,0,0.000,0.000,-1,0,0,0,58.227
3930,0,0,0.000,0.000,-1,0,0,0,60.264
3931,0,0,0.000,0.000,-1,0,0,0,56.749
3932,0,0,0.000,0.000,-1,0,0,0,58.538
3933,0,0,0.000,0.000,-1,0,0,0,55.815
3934,0,0,0.000,0.000,-1,0,0,0,56.765
3935,0,0,0.000,0.000,-1,0,0,0,56.046
3936,0,1,81.796,84.407,-1,0,0,0,58.837
3937,0,0,0.000,0.000,-1,0,0,0,59.265
3938,0,0,0.000,0.000,-1,0,0,0,57.347
3939,0,0,0.000,0.000,-1,0,0,0,59.114
3940,0,0,0.000,0.000,-1,0,0,0,59.058
3941,0,0,0.000,0.000,-1,0,0,0,57.852
3942,0,0,0.000,0.000,-1,0,0,0,58.743
3943,0,0,0.000,0.000,-1,0,0,0,57.335
3944,0,0,0.000,0.000,-1,0,0,0,56.909
3945,0,0,0.000,0.000,-1,0,0,0,57.433
3946,0,0,0.000,0.000,-1,0,0,0,56.989
3947,0,0,0.000,0.000,-1,0,0,0,57.598
3948,0,0,0.000,0.000,-1,0,0,0,60.517
3949,0,0,0.000,0.000,-1,0,0,0,60.655
3950,0,0,0.000,0.000,-1,0,0,0,57.256
3951,0,0,0.000,0.000,-1,0,0,0,57.481
3952,0,0,0.000,0.000,-1,0,0,0,58.660
3953,0,0,0.000,0.000,-1,0,0,0,58.657
3954,0,0,0.000,0.000,-1,0,0,0,58.625
3955,0,0,0.000,0.000,-1,0,0,0,56.669
3956,0,0,0.000,0.000,-1,0,0,0,58.793
3957,0,0,0.000,0.000,-1,0,0,0,58.726
3958,0,0,0.000,0.000,-1,0,0,0,56.278
3959,0,0,0.000,0.000,-1,0,0,0,56.417
3960,0,0,0.000,0.000,-1,0,0,0,60.984
3961,0,0,0.000,0.000,-1,0,0,0,56.578
3962,0,0,0.000,0.000,-1,0,0,0,55.587
3963,0,0,0.000,0.000,-1,0,0,0,56.091
3964,0,0,0.000,0.000,-1,0,0,0,59.295
3965,0,0,0.000,0.000,-1,0,0,0,59.583
3966,0,0,0.000,0.000,-1,0,0,0,60.006
3967,0,0,0.000,0.000,-1,0,0,0,58.432
3968,0,1,82.224,85.040,-1,0,0,0,60.258
3969,0,0,0.000,0.000,-1,0,0,0,59.811
3970,0,0,0.000,0.000,-1,0,0,0,59.613
3971,0,0,0.000,0.000,-1,0,0,0,57.899
3972,0,0,0.000,0.000,-1,0,0,0,58.595
3973,0,0,0.000,0.000,-1,0,0,0,57.125
3974,0,0,0.000,0.000,-1,0,0,0,56.460
3975,0,0,0.000,0.000,-1,0,0,0,58.423
3976,0,0,0.000,0.000,-1,0,0,0,57.252
3977,0,0,0.000,0.000,-1,0,0,0,57.370
3978,0,0,0.000,0.000,-1,0,0,0,60.766
3979,0,0,0.000,0.000,-1,0,0,0,58.975
3980,0,0,0.000,0.000,-1,0,0,0,57.866
3981,0,0,0.000,0.000,-1,0,0,0,58.052
3982,0,0,0.000,0.000,-1,0,0,0,58.792
3983,0,0,0.000,0.000,-1,0,0,0,59.536
3984,0,0,0.000,0.000,-1,0,0,0,59.969
3985,0,0,0.000,0.000,-1,0,0,0,59.036
3986,0,0,0.000,0.000,-1,0,0,0,57.640
3987,0,0,0.000,0.000,-1,0,0,0,58.308
3988,0,0,0.000,0.000,-1,0,0,0,56.308
3989,0,0,0.000,0.000,-1,0,0,0,56.799
3990,0,0,0.000,0.000,-1,0,0,0,61.732
3991,0,0,0.000,0.000,-1,0,0,0,57.894
3992,0,0,0.000,0.000,-1,0,0,0,58.296
3993,0,0,0.000,0.000,-1,0,0,0,57.564
3994,0,0,0.000,0.000,-1,0,0,0,57.780
3995,0,0,0.000,0.000,-1,0,0,0,57.266
3996,0,0,0.000,0.000,-1,0,0,0,59.503
3997,0,0,0.000,0.000,-1,0,0,0,56.903
3998,0,0,0.000,0.000,-1,0,0,0,58.301
3999,0,0,0.000,0.000,-1,0,0,0,56.422
4000,0,1,81.575,84.420,-1,0,0,0,57.049
4001,0,0,0.000,0.000,-1,0,0,0,57.873
4002,0,0,0.000,0.000,-1,0,0,0,58.465
4003,0,0,0.000,0.000,-1,0,0,0,59.942
4004,0,0,0.000,0.000,-1,0,0,0,58.240
4005,0,0,0.000,0.000,-1,0,0,0,57.029
4006,0,0,0.000,0.000,-1,0,0,0,57.771
4007,0,0,0.000,0.000,-1,0,0,0,57.933
4008,0,0,0.000,0.000,-1,0,0,0,62.020
4009,0,0,0.000,0.000,-1,0,0,0,58.798
4010,0,0,0.000,0.000,-1,0,0,0,56.386
4011,0,0,0.000,0.000,-1,0,0,0,56.389
4012,0,0,0.000,0.000,-1,0,0,0,60.040
4013,0,0,0.000,0.000,-1,0,0,0,55.296
4014,0,0,0.000,0.000,-1,0,0,0,57.498
4015,0,0,0.000,0.000,-1,0,0,0,57.709
4016,0,0,0.000,0.000,-1,0,0,0,58.176
4017,0,0,0.000,0.000,-1,0,0,0,59.460
4018,0,0,0.000,0.000,-1,0,0,0,57.280
4019,0,0,0.000,0.000,-1,0,0,0,56.557
4020,0,0,0.000,0.000,-1,0,0,0,59.543
4021,0,0,0.000,0.000,-1,0,0,0,56.695
4022,0,0,0.000,0.000,-1,0,0,0,56.881
4023,0,0,0.000,0.000,-1,0,0,0,57.787
4024,0,0,0.000,0.000,-1,0,0,0,59.382
4025,0,0,0.000,0.000,-1,0,0,0,60.123
4026,0,0,0.000,0.000,-1,0,0,0,57.555
4027,0,0,0.000,0.000,-1,0,0,0,57.290
4028,0,0,0.000,0.000,-1,0,0,0,57.416
4029,0,0,0.000,0.000,-1,0,0,0,59.880
4030,0,0,0.000,0.000,-1,0,0,0,58.310
4031,0,0,0.000,0.000,-1,0,0,0,58.058
4032,0,1,81.534,84.245,-1,0,0,0,59.839
4033,0,0,0.000,0.000,-1,0,0,0,56.178
4034,0,0,0.000,0.000,-1,0,0,0,56.366
4035,0,0,0.000,0.000,-1,0,0,0,57.181
4036,0,0,0.000,0.000,-1,0,0,0,58.163
4037,0,0,0.000,0.000,-1,0,0,0,58.011
4038,0,0,0.000,0.000,-1,0,0,0,59.477
4039,0,0,0.000,0.000,-1,0,0,0,60.667
4040,0,0,0.000,0.000,-1,0,0,0,58.212
4041,0,0,0.000,0.000,-1,0,0,0,57.266
4042,0,0,0.000,0.000,-1,0,0,0,57.667
4043,0,0,0.000,0.000,-1,0,0,0,58.583
4044,0,0,0.000,0.000,-1,0,0,0,59.622
4045,0,0,0.000,0.000,-1,0,0,0,57.392
4046,0,0,0.000,0.000,-1,0,0,0,58.728
4047,0,0,0.000,0.000,-1,0,0,0,58.062
4048,0,0,0.000,0.000,-1,0,0,0,59.700
4049,0,0,0.000,0.000,-1,0,0,0,56.786
4050,0,0,0.000,0.000,-1,0,0,0,62.299
4051,0,0,0.000,0.000,-1,0,0,0,58.996
4052,0,0,0.000,0.000,-1,0,0,0,57.862
4053,0,0,0.000,0.000,-1,0,0,0,60.269
4054,0,0,0.000,0.000,-1,0,0,0,57.868
4055,0,0,0.000,0.000,-1,0,0,0,58.042
4056,0,0,0.000,0.000,-1,0,0,0,58.987
4057,0,0,0.000,0.000,-1,0,0,0,56.969
4058,0,0,0.000,0.000,-1,0,0,0,57.498
4059,0,0,0.000,0.000,-1,0,0,0,57.279
4060,0,0,0.000,0.000,-1,0,0,0,58.050
4061,0,0,0.000,0.000,-1,0,0,0,57.485
4062,0,0,0.000,0.000,-1,0,0,0,57.192
4063,0,0,0.000,0.000,-1,0,0,0,55.488
4064,0,1,81.498,84.186,-1,0,0,0,55.442
4065,0,0,0.000,0.000,-1,0,0,0,56.027
4066,0,0,0.000,0.000,-1,0,0,0,57.873
4067,0,0,0.000,0.000,-1,0,0,0,59.479
4068,0,0,0.000,0.000,-1,0,0,0,64.656
4069,0,0,0.000,0.000,-1,0,0,0,57.522
4070,0,0,0.000,0.000,-1,0,0,0,57.867
4071,0,0,0.000,0.000,-1,0,0,0,58.004
4072,0,0,0.000,0.000,-1,0,0,0,57.739
4073,0,0,0.000,0.000,-1,0,0,0,55.722
4074,0,0,0.000,0.000,-1,0,0,0,58.229
4075,0,0,0.000,0.000,-1,0,0,0,59.402
4076,0,0,0.000,0.000,-1,0,0,0,57.163
4077,0,0,0.000,0.000,-1,0,0,0,56.981
4078,0,0,0.000,0.000,-1,0,0,0,58.764
4079,0,0,0.000,0.000,-1,0,0,0,57.926
4080,0,0,0.000,0.000,-1,0,0,0,59.658
4081,0,0,0.000,0.000,-1,0,0,0,55.980
4082,0,0,0.000,0.000,-1,0,0,0,55.819
4083,0,0,0.000,0.000,-1,0,0,0,56.038
4084,0,0,0.000,0.000,-1,0,0,0,56.425
4085,0,0,0.000,0.000,-1,0,0,0,56.475
4086,0,0,0.000,0.000,-1,0,0,0,58.362
4087,0,0,0.000,0.000,-1,0,0,0,56.468
4088,0,0,0.000,0.000,-1,0,0,0,57.001
4089,0,0,0.000,0.000,-1,0,0,0,56.856
4090,0,0,0.000,0.000,-1,0,0,0,57.394
4091,0,0,0.000,0.000,-1,0,0,0,57.965
4092,0,0,0.000,0.000,-1,0,0,0,60.344
4093,0,0,0.000,0.000,-1,0,0,0,58.344
4094,0,0,0.000,0.000,-1,0,0,0,57.939
4095,0,0,0.000,0.000,-1,0,0,0,59.226
4096,0,1,81.548,84.227,-1,0,0,0,58.139
4097,0,0,0.000,0.000,-1,0,0,0,57.952
4098,0,0,0.000,0.000,-1,0,0,0,60.357
4099,0,0,0.000,0.000,-1,0,0,0,58.981
4100,0,0,0.000,0.000,-1,0,0,0,57.948
4101,0,0,0.000,0.000,-1,0,0,0,58.113
4102,0,0,0.000,0.000,-1,0,0,0,57.858
4103,0,0,0.000,0.000,-1,0,0,0,56.994
4104,0,0,0.000,0.000,-1,0,0,0,59.262
4105,0,0,0.000,0.000,-1,0,0,0,58.020
4106,0,0,0.000,0.000,-1,0,0,0,58.062
4107,0,0,0.000,0.000,-1,0,0,0,57.474
4108,0,0,0.000,0.000,-1,0,0,0,56.657
4109,0,0,0.000,0.000,-1,0,0,0,57.612
4110,0,0,0.000,0.000,-1,0,0,0,62.678
4111,0,0,0.000,0.000,-1,0,0,0,57.591
4112,0,0,0.000,0.000,-1,0,0,0,57.199
4113,0,0,0.000,0.000,-1,0,0,0,59.635
4114,0,0,0.000,0.000,-1,0,0,0,58.132
4115,0,0,0.000,0.000,-1,0,0,0,57.618
4116,0,0,0.000,0.000,-1,0,0,0,59.717
4117,0,0,0.000,0.000,-1,0,0,0,57.313
4118,0,0,0.000,0.000,-1,0,0,0,57.227
4119,0,0,0.000,0.000,-1,0,0,0,58.477
4120,0,0,0.000,0.000,-1,0,0,0,58.974
4121,0,0,0.000,0.000,-1,0,0,0,58.135
4122,0,0,0.000,0.000,-1,0,0,0,60.442
4123,0,0,0.000,0.000,-1,0,0,0,57.426
4124,0,0,0.000,0.000,-1,0,0,0,57.857
4125,0,0,0.000,0.000,-1,0,0,0,57.085
4126,0,0,0.000,0.000,-1,0,0,0,56.037
4127,0,0,0.000,0.000,-1,0,0,0,56.250
4128,0,1,81.586,84.285,-1,0,0,0,59.005
4129,0,0,0.000,0.000,-1,0,0,0,58.841
4130,0,0,0.000,0.000,-1,0,0,0,56.764
4131,0,0,0.000,0.000,-1,0,0,0,57.992
4132,0,0,0.000,0.000,-1,0,0,0,59.996
4133,0,0,0.000,0.000,-1,0,0,0,58.089
4134,0,0,0.000,0.000,-1,0,0,0,60.435
4135,0,0,0.000,0.000,-1,0,0,0,58.709
4136,0,0,0.000,0.000,-1,0,0,0,59.258
4137,0,0,0.000,0.000,-1,0,0,0,59.292
4138,0,0,0.000,0.000,-1,0,0,0,58.969
4139,0,0,0.000,0.000,-1,0,0,0,57.537
4140,0,0,0.000,0.000,-1,0,0,0,60.507
4141,0,0,0.000,0.000,-1,0,0,0,59.092
4142,0,0,0.000,0.000,-1,0,0,0,57.208
4143,0,0,0.000,0.000,-1,0,0,0,59.263
4144,0,0,0.000,0.000,-1,0,0,0,58.313
4145,0,0,0.000,0.000,-1,0,0,0,57.499
4146,0,0,0.000,0.000,-1,0,0,0,57.281
4147,0,0,0.000,0.000,-1,0,0,0,55.884
4148,0,0,0.000,0.000,-1,0,0,0,56.108
4149,0,0,0.000,0.000,-1,0,0,0,57.668
4150,0,0,0.000,0.000,-1,0,0,0,58.510
4151,0,0,0.000,0.000,-1,0,0,0,59.329
4152,0,0,0.000,0.000,-1,0,0,0,60.135
4153,0,0,0.000,0.000,-1,0,0,0,58.701
4154,0,0,0.000,0.000,-1,0,0,0,57.856
4155,0,0,0.000,0.000,-1,0,0,0,56.211
4156,0,0,0.000,0.000,-1,0,0,0,55.018
4157,0,0,0.000,0.000,-1,0,0,0,57.188
4158,0,0,0.000,0.000,-1,0,0,0,59.611
4159,0,0,0.000,0.000,-1,0,0,0,58.600
4160,0,1,81.586,84.350,-1,0,0,0,57.119
4161,0,0,0.000,0.000,-1,0,0,0,58.972
4162,0,0,0.000,0.000,-1,0,0,0,57.330
4163,0,0,0.000,0.000,-1,0,0,0,56.921
4164,0,0,0.000,0.000,-1,0,0,0,59.412
4165,0,0,0.000,0.000,-1,0,0,0,57.635
4166,0,0,0.000,0.000,-1,0,0,0,58.003
4167,0,0,0.000,0.000,-1,0,0,0,59.074
4168,0,0,0.000,0.000,-1,0,0,0,59.574
4169,0,0,0.000,0.000,-1,0,0,0,59.074
4170,0,0,0.000,0.000,-1,0,0,0,62.043
4171,0,0,0.000,0.000,-1,0,0,0,59.448
4172,0,0,0.000,0.000,-1,0,0,0,57.517
4173,0,0,0.000,0.000,-1,0,0,0,58.852
4174,0,0,0.000,0.000,-1,0,0,0,57.797
4175,0,0,0.000,0.000,-1,0,0,0,59.516
4176,0,0,0.000,0.000,-1,0,0,0,58.612
4177,0,0,0.000,0.000,-1,0,0,0,59.692
4178,0,0,0.000,0.000,-1,0,0,0,60.821
4179,0,0,0.000,0.000,-1,0,0,0,61.175
4180,0,0,0.000,0.000,-1,0,0,0,58.333
4181,0,0,0.000,0.000,-1,0,0,0,58.122
4182,0,0,0.000,0.000,-1,0,0,0,60.088
4183,0,0,0.000,0.000,-1,0,0,0,61.184
4184,0,0,0.000,0.000,-1,0,0,0,59.266
4185,0,0,0.000,0.000,-1,0,0,0,57.849
4186,0,0,0.000,0.000,-1,0,0,0,58.613
4187,0,0,0.000,0.000,-1,0,0,0,59.616
4188,0,0,0.000,0.000,-1,0,0,0,61.586
4189,0,0,0.000,0.000,-1,0,0,0,58.857
4190,0,0,0.000,0.000,-1,0,0,0,60.284
4191,0,0,0.000,0.000,-1,0,0,0,59.267
4192,0,1,82.785,85.750,-1,0,0,0,58.300
4193,0,0,0.000,0.000,-1,0,0,0,59.940
4194,0,0,0.000,0.000,-1,0,0,0,60.297
4195,0,0,0.000,0.000,-1,0,0,0,59.047
4196,0,0,0.000,0.000,-1,0,0,0,59.477
4197,0,0,0.000,0.000,-1,0,0,0,59.581
4198,0,0,0.000,0.000,-1,0,0,0,59.025
4199,0,0,0.000,0.000,-1,0,0,0,60.123
4200,0,0,0.000,0.000,-1,0,0,0,73.632
4201,0,0,0.000,0.000,-1,0,0,0,60.641
4202,0,0,0.000,0.000,-1,0,0,0,61.251
4203,0,0,0.000,0.000,-1,0,0,0,61.444
4204,0,0,0.000,0.000,-1,0,0,0,59.326
4205,0,0,0.000,0.000,-1,0,0,0,60.002
4206,0,0,0.000,0.000,-1,0,0,0,62.012
4207,0,0,0.000,0.000,-1,0,0,0,58.363
4208,0,0,0.000,0.000,-1,0,0,0,60.185
4209,0,0,0.000,0.000,-1,0,0,0,59.489
4210,0,0,0.000,0.000,-1,0,0,0,59.035
4211,0,0,0.000,0.000,-1,0,0,0,61.120
4212,0,0,0.000,0.000,-1,0,0,0,59.800
4213,0,0,0.000,0.000,-1,0,0,0,58.687
4214,0,0,0.000,0.000,-1,0,0,0,57.184
4215,0,0,0.000,0.000,-1,0,0,0,57.780
4216,0,0,0.000,0.000,-1,0,0,0,57.549
4217,0,0,0.000,0.000,-1,0,0,0,58.239
4218,0,0,0.000,0.000,-1,0,0,0,59.534
4219,0,0,0.000,0.000,-1,0,0,0,57.264
4220,0,0,0.000,0.000,-1,0,0,0,59.764
4221,0,0,0.000,0.000,-1,0,0,0,57.869
4222,0,0,0.000,0.000,-1,0,0,0,58.512
4223,0,0,0.000,0.000,-1,0,0,0,57.056
4224,0,1,81.566,84.550,-1,0,0,0,59.545
4225,0,0,0.000,0.000,-1,0,0,0,57.026
4226,0,0,0.000,0.000,-1,0,0,0,57.838
4227,0,0,0.000,0.000,-1,0,0,0,56.525
4228,0,0,0.000,0.000,-1,0,0,0,57.315
4229,0,0,0.000,0.000,-1,0,0,0,59.108
4230,0,0,0.000,0.000,-1,0,0,0,60.379
4231,0,0,0.000,0.000,-1,0,0,0,57.389
4232,0,0,0.000,0.000,-1,0,0,0,57.463
4233,0,0,0.000,0.000,-1,0,0,0,58.623
4234,0,0,0.000,0.000,-1,0,0,0,57.906
4235,0,0,0.000,0.000,-1,0,0,0,59.412
4236,0,0,0.000,0.000,-1,0,0,0,58.426
4237,0,0,0.000,0.000,-1,0,0,0,56.631
4238,0,0,0.000,0.000,-1,0,0,0,56.154
4239,0,0,0.000,0.000,-1,0,0,0,57.528
4240,0,0,0.000,0.000,-1,0,0,0,56.593
4241,0,0,0.000,0.000,-1,0,0,0,58.060
4242,0,0,0.000,0.000,-1,0,0,0,58.148
4243,0,0,0.000,0.000,-1,0,0,0,57.679
4244,0,0,0.000,0.000,-1,0,0,0,58.118
4245,0,0,0.000,0.000,-1,0,0,0,59.416
4246,0,0,0.000,0.000,-1,0,0,0,57.291
4247,0,0,0.000,0.000,-1,0,0,0,58.076
4248,0,0,0.000,0.000,-1,0,0,0,60.130
4249,0,0,0.000,0.000,-1,0,0,0,57.459
4250,0,0,0.000,0.000,-1,0,0,0,58.117
4251,0,0,0.000,0.000,-1,0,0,0,57.683
4252,0,0,0.000,0.000,-1,0,0,0,57.359
4253,0,0,0.000,0.000,-1,0,0,0,56.207
4254,0,0,0.000,0.000,-1,0,0,0,59.068
4255,0,0,0.000,0.000,-1,0,0,0,56.719
4256,0,1,81.587,84.361,-1,0,0,0,58.432
4257,0,0,0.000,0.000,-1,0,0,0,58.591
4258,0,0,0.000,0.000,-1,0,0,0,56.558
4259,0,0,0.000,0.000,-1,0,0,0,57.692
4260,0,0,0.000,0.000,-1,0,0,0,61.483
4261,0,0,0.000,0.000,-1,0,0,0,58.452
4262,0,0,0.000,0.000,-1,0,0,0,56.771
4263,0,0,0.000,0.000,-1,0,0,0,57.763
4264,0,0,0.000,0.000,-1,0,0,0,57.192
4265,0,0,0.000,0.000,-1,0,0,0,58.349
4266,0,0,0.000,0.000,-1,0,0,0,60.033
4267,0,0,0.000,0.000,-1,0,0,0,56.540
4268,0,0,0.000,0.000,-1,0,0,0,57.465
4269,0,0,0.000,0.000,-1,0,0,0,57.060
4270,0,0,0.000,0.000,-1,0,0,0,56.549
4271,0,0,0.000,0.000,-1,0,0,0,56.850
4272,0,0,0.000,0.000,-1,0,0,0,58.888
4273,0,0,0.000,0.000,-1,0,0,0,58.155
4274,0,0,0.000,0.000,-1,0,0,0,57.645
4275,0,0,0.000,0.000,-1,0,0,0,58.705
4276,0,0,0.000,0.000,-1,0,0,0,56.864
4277,0,0,0.000,0.000,-1,0,0,0,58.751
4278,0,0,0.000,0.000,-1,0,0,0,58.680
4279,0,0,0.000,0.000,-1,0,0,0,58.889
4280,0,0,0.000,0.000,-1,0,0,0,58.900
4281,0,0,0.000,0.000,-1,0,0,0,59.144
4282,0,0,0.000,0.000,-1,0,0,0,56.762
4283,0,0,0.000,0.000,-1,0,0,0,56.506
4284,0,0,0.000,0.000,-1,0,0,0,60.350
4285,0,0,0.000,0.000,-1,0,0,0,57.644
4286,0,0,0.000,0.000,-1,0,0,0,56.426
4287,0,0,0.000,0.000,-1,0,0,0,62.805
4288,0,1,81.537,84.333,-1,0,0,0,57.080
4289,0,0,0.000,0.000,-1,0,0,0,57.951
4290,0,0,0.000,0.000,-1,0,0,0,61.957
4291,0,0,0.000,0.000,-1,0,0,0,57.186
4292,0,0,0.000,0.000,-1,0,0,0,56.426
4293,0,0,0.000,0.000,-1,0,0,0,57.604
4294,0,0,0.000,0.000,-1,0,0,0,58.312
4295,0,0,0.000,0.000,-1,0,0,0,57.054
4296,0,0,0.000,0.000,-1,0,0,0,61.095
4297,0,0,0.000,0.000,-1,0,0,0,57.895
4298,0,0,0.000,0.000,-1,0,0,0,57.210
4299,0,0,0.000,0.000,-1,0,0,0,56.208
4300,0,0,0.000,0.000,-1,0,0,0,57.908
4301,0,0,0.000,0.000,-1,0,0,0,57.130
4302,0,0,0.000,0.000,-1,0,0,0,58.055
4303,0,0,0.000,0.000,-1,0,0,0,57.906
4304,0,0,0.000,0.000,-1,0,0,0,58.040
4305,0,0,0.000,0.000,-1,0,0,0,55.898
4306,0,0,0.000,0.000,-1,0,0,0,56.021
4307,0,0,0.000,0.000,-1,0,0,0,58.394
4308,0,0,0.000,0.000,-1,0,0,0,63.044
4309,0,0,0.000,0.000,-1,0,0,0,57.707
4310,0,0,0.000,0.000,-1,0,0,0,59.051
4311,0,0,0.000,0.000,-1,0,0,0,57.280
4312,0,0,0.000,0.000,-1,0,0,0,58.363
4313,0,0,0.000,0.000,-1,0,0,0,58.638
4314,0,0,0.000,0.000,-1,0,0,0,60.076
4315,0,0,0.000,0.000,-1,0,0,0,59.721
4316,0,0,0.000,0.000,-1,0,0,0,58.652
4317,0,0,0.000,0.000,-1,0,0,0,59.502
4318,0,0,0.000,0.000,-1,0,0,0,58.472
4319,0,0,0.000,0.000,-1,0,0,0,56.934
4320,0,1,81.635,84.309,-1,0,0,0,70.918
4321,0,0,0.000,0.000,-1,0,0,0,57.815
4322,0,0,0.000,0.000,-1,0,0,0,58.666
4323,0,0,0.000,0.000,-1,0,0,0,60.345
4324,0,0,0.000,0.000,-1,0,0,0,57.920
4325,0,0,0.000,0.000,-1,0,0,0,56.174
4326,0,0,0.000,0.000,-1,0,0,0,60.060
4327,0,0,0.000,0.000,-1,0,0,0,56.938
4328,0,0,0.000,0.000,-1,0,0,0,57.833
4329,0,0,0.000,0.000,-1,0,0,0,58.805
4330,0,0,0.000,0.000,-1,0,0,0,57.369
4331,0,0,0.000,0.000,-1,0,0,0,56.896
4332,0,0,0.000,0.000,-1,0,0,0,61.021
4333,0,0,0.000,0.000,-1,0,0,0,59.666
4334,0,0,0.000,0.000,-1,0,0,0,57.061
4335,0,0,0.000,0.000,-1,0,0,0,59.217
4336,0,0,0.000,0.000,-1,0,0,0,58.851
4337,0,0,0.000,0.000,-1,0,0,0,56.708
4338,0,0,0.000,0.000,-1,0,0,0,59.383
4339,0,0,0.000,0.000,-1,0,0,0,56.499
4340,0,0,0.000,0.000,-1,0,0,0,56.990
4341,0,0,0.000,0.000,-1,0,0,0,59.049
4342,0,0,0.000,0.000,-1,0,0,0,58.528
4343,0,0,0.000,0.000,-1,0,0,0,57.570
4344,0,0,0.000,0.000,-1,0,0,0,61.489
4345,0,0,0.000,0.000,-1,0,0,0,56.825
4346,0,0,0.000,0.000,-1,0,0,0,56.866
4347,0,0,0.000,0.000,-1,0,0,0,59.111
4348,0,0,0.000,0.000,-1,0,0,0,56.720
4349,0,0,0.000,0.000,-1,0,0,0,56.533
4350,0,0,0.000,0.000,-1,0,0,0,60.710
4351,0,0,0.000,0.000,-1,0,0,0,57.007
4352,0,1,81.530,84.387,-1,0,0,0,55.870
4353,0,0,0.000,0.000,-1,0,0,0,58.431
4354,0,0,0.000,0.000,-1,0,0,0,57.211
4355,0,0,0.000,0.000,-1,0,0,0,56.006
4356,0,0,0.000,0.000,-1,0,0,0,61.045
4357,0,0,0.000,0.000,-1,0,0,0,57.772
4358,0,0,0.000,0.000,-1,0,0,0,58.780
4359,0,0,0.000,0.000,-1,0,0,0,57.247
4360,0,0,0.000,0.000,-1,0,0,0,59.904
4361,0,0,0.000,0.000,-1,0,0,0,56.792
4362,0,0,0.000,0.000,-1,0,0,0,57.851
4363,0,0,0.000,0.000,-1,0,0,0,57.242
4364,0,0,0.000,0.000,-1,0,0,0,59.094
4365,0,0,0.000,0.000,-1,0,0,0,61.793
4366,0,0,0.000,0.000,-1,0,0,0,60.052
4367,0,0,0.000,0.000,-1,0,0,0,58.799
4368,0,0,0.000,0.000,-1,0,0,0,59.410
4369,0,0,0.000,0.000,-1,0,0,0,58.081
4370,0,0,0.000,0.000,-1,0,0,0,58.616
4371,0,0,0.000,0.000,-1,0,0,0,56.640
4372,0,0,0.000,0.000,-1,0,0,0,56.322
4373,0,0,0.000,0.000,-1,0,0,0,58.503
4374,0,0,0.000,0.000,-1,0,0,0,60.273
4375,0,0,0.000,0.000,-1,0,0,0,56.159
4376,0,0,0.000,0.000,-1,0,0,0,57.889
4377,0,0,0.000,0.000,-1,0,0,0,59.466
4378,0,0,0.000,0.000,-1,0,0,0,59.146
4379,0,0,0.000,0.000,-1,0,0,0,59.068
4380,0,0,0.000,0.000,-1,0,0,0,62.713
4381,0,0,0.000,0.000,-1,0,0,0,60.760
4382,0,0,0.000,0.000,-1,0,0,0,62.879
4383,0,0,0.000,0.000,-1,0,0,0,60.891
4384,0,1,81.440,84.412,-1,0,0,0,60.228
4385,0,0,0.000,0.000,-1,0,0,0,60.425
4386,0,0,0.000,0.000,-1,0,0,0,60.460
4387,0,0,0.000,0.000,-1,0,0,0,61.669
4388,0,0,0.000,0.000,-1,0,0,0,59.847
4389,0,0,0.000,0.000,-1,0,0,0,60.031
4390,0,0,0.000,0.000,-1,0,0,0,58.544
4391,0,0,0.000,0.000,-1,0,0,0,59.669
4392,0,0,0.000,0.000,-1,0,0,0,63.834
4393,0,0,0.000,0.000,-1,0,0,0,60.211
4394,0,0,0.000,0.000,-1,0,0,0,58.801
4395,0,0,0.000,0.000,-1,0,0,0,58.781
4396,0,0,0.000,0.000,-1,0,0,0,59.529
4397,0,0,0.000,0.000,-1,0,0,0,58.998
4398,0,0,0.000,0.000,-1,0,0,0,61.780
4399,0,0,0.000,0.000,-1,0,0,0,60.725
4400,0,0,0.000,0.000,-1,0,0,0,61.015
4401,0,0,0.000,0.000,-1,0,0,0,64.033
4402,0,0,0.000,0.000,-1,0,0,0,63.108
4403,0,0,0.000,0.000,-1,0,0,0,60.296
4404,0,0,0.000,0.000,-1,0,0,0,60.274
4405,0,0,0.000,0.000,-1,0,0,0,58.671
4406,0,0,0.000,0.000,-1,0,0,0,59.387
4407,0,0,0.000,0.000,-1,0,0,0,59.646
4408,0,0,0.000,0.000,-1,0,0,0,60.525
4409,0,0,0.000,0.000,-1,0,0,0,63.270
4410,0,0,0.000,0.000,-1,0,0,0,63.531
4411,0,0,0.000,0.000,-1,0,0,0,59.200
4412,0,0,0.000,0.000,-1,0,0,0,56.918
4413,0,0,0.000,0.000,-1,0,0,0,58.283
4414,0,0,0.000,0.000,-1,0,0,0,58.774
4415,0,0,0.000,0.000,-1,0,0,0,57.723
4416,0,1,81.624,84.296,-1,0,0,0,59.497
4417,0,0,0.000,0.000,-1,0,0,0,57.730
4418,0,0,0.000,0.000,-1,0,0,0,58.816
4419,0,0,0.000,0.000,-1,0,0,0,58.903
4420,0,0,0.000,0.000,-1,0,0,0,57.089
4421,0,0,0.000,0.000,-1,0,0,0,58.979
4422,0,0,0.000,0.000,-1,0,0,0,59.385
4423,0,0,0.000,0.000,-1,0,0,0,57.496
4424,0,0,0.000,0.000,-1,0,0,0,58.246
4425,0,0,0.000,0.000,-1,0,0,0,59.043
4426,0,0,0.000,0.000,-1,0,0,0,58.369
4427,0,0,0.000,0.000,-1,0,0,0,57.702
4428,0,0,0.000,0.000,-1,0,0,0,60.546
4429,0,0,0.000,0.000,-1,0,0,0,57.823
4430,0,0,0.000,0.000,-1,0,0,0,57.518
4431,0,0,0.000,0.000,-1,0,0,0,57.588
4432,0,0,0.000,0.000,-1,0,0,0,58.242
4433,0,0,0.000,0.000,-1,0,0,0,58.660
4434,0,0,0.000,0.000,-1,0,0,0,57.703
4435,0,0,0.000,0.000,-1,0,0,0,57.262
4436,0,0,0.000,0.000,-1,0,0,0,57.112
4437,0,0,0.000,0.000,-1,0,0,0,58.692
4438,0,0,0.000,0.000,-1,0,0,0,58.262
4439,0,0,0.000,0.000,-1,0,0,0,58.305
4440,0,0,0.000,0.000,-1,0,0,0,61.072
4441,0,0,0.000,0.000,-1,0,0,0,58.921
4442,0,0,0.000,0.000,-1,0,0,0,57.950
4443,0,0,0.000,0.000,-1,0,0,0,58.561
4444,0,0,0.000,0.000,-1,0,0,0,58.482
4445,0,0,0.000,0.000,-1,0,0,0,58.872
4446,0,0,0.000,0.000,-1,0,0,0,60.176
4447,0,0,0.000,0.000,-1,0,0,0,59.012
4448,0,1,81.585,84.528,-1,0,0,0,57.801
4449,0,0,0.000,0.000,-1,0,0,0,57.142
4450,0,0,0.000,0.000,-1,0,0,0,58.790
4451,0,0,0.000,0.000,-1,0,0,0,56.964
4452,0,0,0.000,0.000,-1,0,0,0,59.802
4453,0,0,0.000,0.000,-1,0,0,0,61.102
4454,0,0,0.000,0.000,-1,0,0,0,61.326
4455,0,0,0.000,0.000,-1,0,0,0,56.188
4456,0,0,0.000,0.000,-1,0,0,0,57.573
4457,0,0,0.000,0.000,-1,0,0,0,56.962
4458,0,0,0.000,0.000,-1,0,0,0,61.898
4459,0,0,0.000,0.000,-1,0,0,0,59.365
4460,0,0,0.000,0.000,-1,0,0,0,57.671
4461,0,0,0.000,0.000,-1,0,0,0,59.761
4462,0,0,0.000,0.000,-1,0,0,0,57.456
4463,0,0,0.000,0.000,-1,0,0,0,56.832
4464,0,0,0.000,0.000,-1,0,0,0,60.384
4465,0,0,0.000,0.000,-1,0,0,0,59.211
4466,0,0,0.000,0.000,-1,0,0,0,59.523
4467,0,0,0.000,0.000,-1,0,0,0,61.448
4468,0,0,0.000,0.000,-1,0,0,0,58.577
4469,0,0,0.000,0.000,-1,0,0,0,61.321
4470,0,0,0.000,0.000,-1,0,0,0,62.095
4471,0,0,0.000,0.000,-1,0,0,0,59.613
4472,0,0,0.000,0.000,-1,0,0,0,60.211
4473,0,0,0.000,0.000,-1,0,0,0,59.206
4474,0,0,0.000,0.000,-1,0,0,0,59.808
4475,0,0,0.000,0.000,-1,0,0,0,58.984
4476,0,0,0.000,0.000,-1,0,0,0,61.710
4477,0,0,0.000,0.000,-1,0,0,0,59.555
4478,0,0,0.000,0.000,-1,0,0,0,60.181
4479,0,0,0.000,0.000,-1,0,0,0,59.571
4480,0,1,81.593,84.425,-1,0,0,0,59.358
4481,0,0,0.000,0.000,-1,0,0,0,60.610
4482,0,0,0.000,0.000,-1,0,0,0,63.072
4483,0,0,0.000,0.000,-1,0,0,0,59.506
4484,0,0,0.000,0.000,-1,0,0,0,58.826
4485,0,0,0.000,0.000,-1,0,0,0,58.890
4486,0,0,0.000,0.000,-1,0,0,0,60.523
4487,0,0,0.000,0.000,-1,0,0,0,57.915
4488,0,0,0.000,0.000,-1,0,0,0,61.547
4489,0,0,0.000,0.000,-1,0,0,0,58.826
4490,0,0,0.000,0.000,-1,0,0,0,73.571
4491,0,0,0.000,0.000,-1,0,0,0,59.765
4492,0,0,0.000,0.000,-1,0,0,0,60.113
4493,0,0,0.000,0.000,-1,0,0,0,59.091
4494,0,0,0.000,0.000,-1,0,0,0,59.408
4495,0,0,0.000,0.000,-1,0,0,0,60.302
4496,0,0,0.000,0.000,-1,0,0,0,58.105
4497,0,0,0.000,0.000,-1,0,0,0,56.976
4498,0,0,0.000,0.000,-1,0,0,0,56.640
4499,0,0,0.000,0.000,-1,0,0,0,56.984
4500,0,0,0.000,0.000,-1,0,0,0,61.234
4501,0,0,0.000,0.000,-1,0,0,0,60.132
4502,0,0,0.000,0.000,-1,0,0,0,57.260
4503,0,0,0.000,0.000,-1,0,0,0,57.212
4504,0,0,0.000,0.000,-1,0,0,0,56.702
4505,0,0,0.000,0.000,-1,0,0,0,57.420
4506,0,0,0.000,0.000,-1,0,0,0,62.427
4507,0,0,0.000,0.000,-1,0,0,0,59.919
4508,0,0,0.000,0.000,-1,0,0,0,58.232
4509,0,0,0.000,0.000,-1,0,0,0,57.130
4510,0,0,0.000,0.000,-1,0,0,0,57.473
4511,0,0,0.000,0.000,-1,0,0,0,56.902
4512,0,1,81.643,84.378,-1,0,0,0,58.568
4513,0,0,0.000,0.000,-1,0,0,0,57.669
4514,0,0,0.000,0.000,-1,0,0,0,57.387
4515,0,0,0.000,0.000,-1,0,0,0,60.718
4516,0,0,0.000,0.000,-1,0,0,0,63.157
4517,0,0,0.000,0.000,-1,0,0,0,58.186
4518,0,0,0.000,0.000,-1,0,0,0,60.675
4519,0,0,0.000,0.000,-1,0,0,0,58.477
4520,0,0,0.000,0.000,-1,0,0,0,58.335
4521,0,0,0.000,0.000,-1,0,0,0,56.591
4522,0,0,0.000,0.000,-1,0,0,0,56.557
4523,0,0,0.000,0.000,-1,0,0,0,57.657
4524,0,0,0.000,0.000,-1,0,0,0,60.274
4525,0,0,0.000,0.000,-1,0,0,0,56.856
4526,0,0,0.000,0.000,-1,0,0,0,55.236
4527,0,0,0.000,0.000,-1,0,0,0,58.784
4528,0,0,0.000,0.000,-1,0,0,0,56.681
4529,0,0,0.000,0.000,-1,0,0,0,58.814
4530,0,0,0.000,0.000,-1,0,0,0,61.009
4531,0,0,0.000,0.000,-1,0,0,0,56.421
4532,0,0,0.000,0.000,-1,0,0,0,59.791
4533,0,0,0.000,0.000,-1,0,0,0,56.990
4534,0,0,0.000,0.000,-1,0,0,0,58.170
4535,0,0,0.000,0.000,-1,0,0,0,59.086
4536,0,0,0.000,0.000,-1,0,0,0,62.494
4537,0,0,0.000,0.000,-1,0,0,0,60.249
4538,0,0,0.000,0.000,-1,0,0,0,57.627
4539,0,0,0.000,0.000,-1,0,0,0,57.238
4540,0,0,0.000,0.000,-1,0,0,0,58.525
4541,0,0,0.000,0.000,-1,0,0,0,56.054
4542,0,0,0.000,0.000,-1,0,0,0,59.378
4543,0,0,0.000,0.000,-1,0,0,0,57.129
4544,0,1,81.483,84.320,-1,0,0,0,59.016
4545,0,0,0.000,0.000,-1,0,0,0,57.455
4546,0,0,0.000,0.000,-1,0,0,0,58.065
4547,0,0,0.000,0.000,-1,0,0,0,58.333
4548,0,0,0.000,0.000,-1,0,0,0,57.827
4549,0,0,0.000,0.000,-1,0,0,0,57.230
4550,0,0,0.000,0.000,-1,0,0,0,60.077
4551,0,0,0.000,0.000,-1,0,0,0,58.752
4552,0,0,0.000,0.000,-1,0,0,0,58.788
4553,0,0,0.000,0.000,-1,0,0,0,59.046
4554,0,0,0.000,0.000,-1,0,0,0,59.260
4555,0,0,0.000,0.000,-1,0,0,0,57.339
4556,0,0,0.000,0.000,-1,0,0,0,57.228
4557,0,0,0.000,0.000,-1,0,0,0,57.527
4558,0,0,0.000,0.000,-1,0,0,0,62.158
4559,0,0,0.000,0.000,-1,0,0,0,55.956
4560,0,0,0.000,0.000,-1,0,0,0,59.796
4561,0,0,0.000,0.000,-1,0,0,0,57.585
4562,0,0,0.000,0.000,-1,0,0,0,57.587
4563,0,0,0.000,0.000,-1,0,0,0,57.853
4564,0,0,0.000,0.000,-1,0,0,0,56.892
4565,0,0,0.000,0.000,-1,0,0,0,56.672
4566,0,0,0.000,0.000,-1,0,0,0,58.637
4567,0,0,0.000,0.000,-1,0,0,0,57.191
4568,0,0,0.000,0.000,-1,0,0,0,56.909
4569,0,0,0.000,0.000,-1,0,0,0,60.299
4570,0,0,0.000,0.000,-1,0,0,0,57.769
4571,0,0,0.000,0.000,-1,0,0,0,57.949
4572,0,0,0.000,0.000,-1,0,0,0,60.504
4573,0,0,0.000,0.000,-1,0,0,0,61.159
4574,0,0,0.000,0.000,-1,0,0,0,60.709
4575,0,0,0.000,0.000,-1,0,0,0,56.162
4576,0,1,81.500,84.274,-1,0,0,0,59.640
4577,0,0,0.000,0.000,-1,0,0,0,59.550
4578,0,0,0.000,0.000,-1,0,0,0,61.324
4579,0,0,0.000,0.000,-1,0,0,0,58.040
4580,0,0,0.000,0.000,-1,0,0,0,57.125
4581,0,0,0.000,0.000,-1,0,0,0,59.674
4582,0,0,0.000,0.000,-1,0,0,0,58.141
4583,0,0,0.000,0.000,-1,0,0,0,56.368
4584,0,0,0.000,0.000,-1,0,0,0,60.509
4585,0,0,0.000,0.000,-1,0,0,0,58.477
4586,0,0,0.000,0.000,-1,0,0,0,57.314
4587,0,0,0.000,0.000,-1,0,0,0,57.595
4588,0,0,0.000,0.000,-1,0,0,0,58.420
4589,0,0,0.000,0.000,-1,0,0,0,58.790
4590,0,0,0.000,0.000,-1,0,0,0,59.337
4591,0,0,0.000,0.000,-1,0,0,0,57.274
4592,0,0,0.000,0.000,-1,0,0,0,57.363
4593,0,0,0.000,0.000,-1,0,0,0,57.017
4594,0,0,0.000,0.000,-1,0,0,0,58.536
4595,0,0,0.000,0.000,-1,0,0,0,59.152
4596,0,0,0.000,0.000,-1,0,0,0,58.858
4597,0,0,0.000,0.000,-1,0,0,0,58.961
4598,0,0,0.000,0.000,-1,0,0,0,59.171
4599,0,0,0.000,0.000,-1,0,0,0,58.673
4600,0,0,0.000,0.000,-1,0,0,0,58.617
4601,0,0,0.000,0.000,-1,0,0,0,57.585
4602,0,0,0.000,0.000,-1,0,0,0,59.926
4603,0,0,0.000,0.000,-1,0,0,0,57.859
4604,0,0,0.000,0.000,-1,0,0,0,57.557
4605,0,0,0.000,0.000,-1,0,0,0,57.626
4606,0,0,0.000,0.000,-1,0,0,0,58.368
4607,0,0,0.000,0.000,-1,0,0,0,57.373
4608,0,1,81.496,84.186,-1,0,0,0,59.077
4609,0,0,0.000,0.000,-1,0,0,0,57.128
4610,0,0,0.000,0.000,-1,0,0,0,57.754
4611,0,0,0.000,0.000,-1,0,0,0,57.429
4612,0,0,0.000,0.000,-1,0,0,0,59.360
4613,0,0,0.000,0.000,-1,0,0,0,56.810
4614,0,0,0.000,0.000,-1,0,0,0,60.049
4615,0,0,0.000,0.000,-1,0,0,0,57.172
4616,0,0,0.000,0.000,-1,0,0,0,60.050
4617,0,0,0.000,0.000,-1,0,0,0,60.219
4618,0,0,0.000,0.000,-1,0,0,0,56.524
4619,0,0,0.000,0.000,-1,0,0,0,57.096
4620,0,0,0.000,0.000,-1,0,0,0,59.851
4621,0,0,0.000,0.000,-1,0,0,0,57.953
4622,0,0,0.000,0.000,-1,0,0,0,57.303
4623,0,0,0.000,0.000,-1,0,0,0,57.391
4624,0,0,0.000,0.000,-1,0,0,0,55.980
4625,0,0,0.000,0.000,-1,0,0,0,57.836
4626,0,0,0.000,0.000,-1,0,0,0,65.162
4627,0,0,0.000,0.000,-1,0,0,0,60.087
4628,0,0,0.000,0.000,-1,0,0,0,57.486
4629,0,0,0.000,0.000,-1,0,0,0,58.974
4630,0,0,0.000,0.000,-1,0,0,0,62.068
4631,0,0,0.000,0.000,-1,0,0,0,57.958
4632,0,0,0.000,0.000,-1,0,0,0,59.018
4633,0,0,0.000,0.000,-1,0,0,0,58.165
4634,0,0,0.000,0.000,-1,0,0,0,56.740
4635,0,0,0.000,0.000,-1,0,0,0,60.240
4636,0,0,0.000,0.000,-1,0,0,0,58.820
4637,0,0,0.000,0.000,-1,0,0,0,58.043
4638,0,0,0.000,0.000,-1,0,0,0,59.514
4639,0,0,0.000,0.000,-1,0,0,0,57.384
4640,0,1,81.863,84.540,-1,0,0,0,56.491
4641,0,0,0.000,0.000,-1,0,0,0,57.660
4642,0,0,0.000,0.000,-1,0,0,0,56.857
4643,0,0,0.000,0.000,-1,0,0,0,56.083
4644,0,0,0.000,0.000,-1,0,0,0,60.512
4645,0,0,0.000,0.000,-1,0,0,0,58.594
4646,0,0,0.000,0.000,-1,0,0,0,57.793
4647,0,0,0.000,0.000,-1,0,0,0,56.984
4648,0,0,0.000,0.000,-1,0,0,0,57.692
4649,0,0,0.000,0.000,-1,0,0,0,57.583
4650,0,0,0.000,0.000,-1,0,0,0,66.459
4651,0,0,0.000,0.000,-1,0,0,0,58.477
4652,0,0,0.000,0.000,-1,0,0,0,59.244
4653,0,0,0.000,0.000,-1,0,0,0,58.675
4654,0,0,0.000,0.000,-1,0,0,0,57.178
4655,0,0,0.000,0.000,-1,0,0,0,59.549
4656,0,0,0.000,0.000,-1,0,0,0,57.639
4657,0,0,0.000,0.000,-1,0,0,0,58.158
4658,0,0,0.000,0.000,-1,0,0,0,57.255
4659,0,0,0.000,0.000,-1,0,0,0,59.025
4660,0,0,0.000,0.000,-1,0,0,0,56.560
4661,0,0,0.000,0.000,-1,0,0,0,57.251
4662,0,0,0.000,0.000,-1,0,0,0,59.222
4663,0,0,0.000,0.000,-1,0,0,0,58.438
4664,0,0,0.000,0.000,-1,0,0,0,58.381
4665,0,0,0.000,0.000,-1,0,0,0,57.595
4666,0,0,0.000,0.000,-1,0,0,0,56.867
4667,0,0,0.000,0.000,-1,0,0,0,57.894
4668,0,0,0.000,0.000,-1,0,0,0,60.399
4669,0,0,0.000,0.000,-1,0,0,0,58.819
4670,0,0,0.000,0.000,-1,0,0,0,56.207
4671,0,0,0.000,0.000,-1,0,0,0,60.629
4672,0,1,81.519,84.497,-1,0,0,0,56.955
4673,0,0,0.000,0.000,-1,0,0,0,58.129
4674,0,0,0.000,0.000,-1,0,0,0,62.594
4675,0,0,0.000,0.000,-1,0,0,0,57.379
4676,0,0,0.000,0.000,-1,0,0,0,58.428
4677,0,0,0.000,0.000,-1,0,0,0,56.819
4678,0,0,0.000,0.000,-1,0,0,0,56.866
4679,0,0,0.000,0.000,-1,0,0,0,60.463
4680,0,0,0.000,0.000,-1,0,0,0,61.015
4681,0,0,0.000,0.000,-1,0,0,0,59.931
4682,0,0,0.000,0.000,-1,0,0,0,60.478
4683,0,0,0.000,0.000,-1,0,0,0,57.666
4684,0,0,0.000,0.000,-1,0,0,0,58.889
4685,0,0,0.000,0.000,-1,0,0,0,59.875
4686,0,0,0.000,0.000,-1,0,0,0,59.739
4687,0,0,0.000,0.000,-1,0,0,0,59.583
4688,0,0,0.000,0.000,-1,0,0,0,57.272
4689,0,0,0.000,0.000,-1,0,0,0,57.567
4690,0,0,0.000,0.000,-1,0,0,0,56.716
4691,0,0,0.000,0.000,-1,0,0,0,57.629
4692,0,0,0.000,0.000,-1,0,0,0,59.396
4693,0,0,0.000,0.000,-1,0,0,0,56.489
4694,0,0,0.000,0.000,-1,0,0,0,59.510
4695,0,0,0.000,0.000,-1,0,0,0,57.630
4696,0,0,0.000,0.000,-1,0,0,0,57.165
4697,0,0,0.000,0.000,-1,0,0,0,58.392
4698,0,0,0.000,0.000,-1,0,0,0,60.732
4699,0,0,0.000,0.000,-1,0,0,0,57.584
4700,0,0,0.000,0.000,-1,0,0,0,56.874
4701,0,0,0.000,0.000,-1,0,0,0,58.620
4702,0,0,0.000,0.000,-1,0,0,0,57.655
4703,0,0,0.000,0.000,-1,0,0,0,56.911
4704,0,1,81.589,84.254,-1,0,0,0,58.108
4705,0,0,0.000,0.000,-1,0,0,0,56.599
4706,0,0,0.000,0.000,-1,0,0,0,56.894
4707,0,0,0.000,0.000,-1,0,0,0,57.007
4708,0,0,0.000,0.000,-1,0,0,0,58.771
4709,0,0,0.000,0.000,-1,0,0,0,56.891
4710,0,0,0.000,0.000,-1,0,0,0,62.210
4711,0,0,0.000,0.000,-1,0,0,0,57.679
4712,0,0,0.000,0.000,-1,0,0,0,59.104
4713,0,0,0.000,0.000,-1,0,0,0,58.470
4714,0,0,0.000,0.000,-1,0,0,0,58.717
4715,0,0,0.000,0.000,-1,0,0,0,58.418
4716,0,0,0.000,0.000,-1,0,0,0,61.665
4717,0,0,0.000,0.000,-1,0,0,0,58.654
4718,0,0,0.000,0.000,-1,0,0,0,57.626
4719,0,0,0.000,0.000,-1,0,0,0,57.643
4720,0,0,0.000,0.000,-1,0,0,0,57.125
4721,0,0,0.000,0.000,-1,0,0,0,57.041
4722,0,0,0.000,0.000,-1,0,0,0,59.746
4723,0,0,0.000,0.000,-1,0,0,0,59.360
4724,0,0,0.000,0.000,-1,0,0,0,57.494
4725,0,0,0.000,0.000,-1,0,0,0,57.841
4726,0,0,0.000,0.000,-1,0,0,0,58.562
4727,0,0,0.000,0.000,-1,0,0,0,61.929
4728,0,0,0.000,0.000,-1,0,0,0,59.538
4729,0,0,0.000,0.000,-1,0,0,0,58.472
4730,0,0,0.000,0.000,-1,0,0,0,56.335
4731,0,0,0.000,0.000,-1,0,0,0,57.415
4732,0,0,0.000,0.000,-1,0,0,0,58.821
4733,0,0,0.000,0.000,-1,0,0,0,58.435
4734,0,0,0.000,0.000,-1,0,0,0,61.427
4735,0,0,0.000,0.000,-1,0,0,0,56.547
4736,0,1,81.801,84.669,-1,0,0,0,58.116
4737,0,0,0.000,0.000,-1,0,0,0,58.461
4738,0,0,0.000,0.000,-1,0,0,0,58.034
4739,0,0,0.000,0.000,-1,0,0,0,61.292
4740,0,0,0.000,0.000,-1,0,0,0,62.864
4741,0,0,0.000,0.000,-1,0,0,0,57.454
4742,0,0,0.000,0.000,-1,0,0,0,57.950
4743,0,0,0.000,0.000,-1,0,0,0,58.944
4744,0,0,0.000,0.000,-1,0,0,0,59.291
4745,0,0,0.000,0.000,-1,0,0,0,58.401
4746,0,0,0.000,0.000,-1,0,0,0,60.807
4747,0,0,0.000,0.000,-1,0,0,0,57.476
4748,0,0,0.000,0.000,-1,0,0,0,58.588
4749,0,0,0.000,0.000,-1,0,0,0,57.161
4750,0,0,0.000,0.000,-1,0,0,0,61.600
4751,0,0,0.000,0.000,-1,0,0,0,58.743
4752,0,0,0.000,0.000,-1,0,0,0,59.053
4753,0,0,0.000,0.000,-1,0,0,0,59.204
4754,0,0,0.000,0.000,-1,0,0,0,59.740
4755,0,0,0.000,0.000,-1,0,0,0,57.771
4756,0,0,0.000,0.000,-1,0,0,0,58.711
4757,0,0,0.000,0.000,-1,0,0,0,59.618
4758,0,0,0.000,0.000,-1,0,0,0,58.637
4759,0,0,0.000,0.000,-1,0,0,0,58.514
4760,0,0,0.000,0.000,-1,0,0,0,57.927
4761,0,0,0.000,0.000,-1,0,0,0,56.771
4762,0,0,0.000,0.000,-1,0,0,0,57.995
4763,0,0,0.000,0.000,-1,0,0,0,57.673
4764,0,0,0.000,0.000,-1,0,0,0,57.976
4765,0,0,0.000,0.000,-1,0,0,0,57.073
4766,0,0,0.000,0.000,-1,0,0,0,57.987
4767,0,0,0.000,0.000,-1,0,0,0,56.881
4768,0,1,81.844,84.535,-1,0,0,0,56.044
4769,0,0,0.000,0.000,-1,0,0,0,56.589
4770,0,0,0.000,0.000,-1,0,0,0,61.495
4771,0,0,0.000,0.000,-1,0,0,0,58.416
4772,0,0,0.000,0.000,-1,0,0,0,57.940
4773,0,0,0.000,0.000,-1,0,0,0,57.087
4774,0,0,0.000,0.000,-1,0,0,0,57.348
4775,0,0,0.000,0.000,-1,0,0,0,57.609
4776,0,0,0.000,0.000,-1,0,0,0,58.189
4777,0,0,0.000,0.000,-1,0,0,0,58.592
4778,0,0,0.000,0.000,-1,0,0,0,58.883
4779,0,0,0.000,0.000,-1,0,0,0,58.241
4780,0,0,0.000,0.000,-1,0,0,0,58.197
4781,0,0,0.000,0.000,-1,0,0,0,57.287
4782,0,0,0.000,0.000,-1,0,0,0,59.633
4783,0,0,0.000,0.000,-1,0,0,0,59.768
4784,0,0,0.000,0.000,-1,0,0,0,59.554
4785,0,0,0.000,0.000,-1,0,0,0,57.985
4786,0,0,0.000,0.000,-1,0,0,0,56.567
4787,0,0,0.000,0.000,-1,0,0,0,56.217
4788,0,0,0.000,0.000,-1,0,0,0,59.833
4789,0,0,0.000,0.000,-1,0,0,0,58.082
4790,0,0,0.000,0.000,-1,0,0,0,56.880
4791,0,0,0.000,0.000,-1,0,0,0,59.795
4792,0,0,0.000,0.000,-1,0,0,0,60.121
4793,0,0,0.000,0.000,-1,0,0,0,59.730
4794,0,0,0.000,0.000,-1,0,0,0,61.257
4795,0,0,0.000,0.000,-1,0,0,0,58.054
4796,0,0,0.000,0.000,-1,0,0,0,59.413
4797,0,0,0.000,0.000,-1,0,0,0,58.113
4798,0,0,0.000,0.000,-1,0,0,0,57.380
4799,0,0,0.000,0.000,-1,0,0,0,58.792
4800,0,1,81.256,84.027,-1,0,0,0,64.486
4801,0,0,0.000,0.000,-1,0,0,0,56.730
4802,0,0,0.000,0.000,-1,0,0,0,59.117
4803,0,0,0.000,0.000,-1,0,0,0,57.351
4804,0,0,0.000,0.000,-1,0,0,0,58.185
4805,0,0,0.000,0.000,-1,0,0,0,58.747
4806,0,0,0.000,0.000,-1,0,0,0,61.110
4807,0,0,0.000,0.000,-1,0,0,0,57.754
4808,0,0,0.000,0.000,-1,0,0,0,58.292
4809,0,0,0.000,0.000,-1,0,0,0,58.077
4810,0,0,0.000,0.000,-1,0,0,0,57.757
4811,0,0,0.000,0.000,-1,0,0,0,55.957
4812,0,0,0.000,0.000,-1,0,0,0,59.601
4813,0,0,0.000,0.000,-1,0,0,0,57.921
4814,0,0,0.000,0.000,-1,0,0,0,60.163
4815,0,0,0.000,0.000,-1,0,0,0,58.434
4816,0,0,0.000,0.000,-1,0,0,0,56.938
4817,0,0,0.000,0.000,-1,0,0,0,57.805
4818,0,0,0.000,0.000,-1,0,0,0,59.252
4819,0,0,0.000,0.000,-1,0,0,0,56.448
4820,0,0,0.000,0.000,-1,0,0,0,56.876
4821,0,0,0.000,0.000,-1,0,0,0,55.210
4822,0,0,0.000,0.000,-1,0,0,0,58.694
4823,0,0,0.000,0.000,-1,0,0,0,58.062
4824,0,0,0.000,0.000,-1,0,0,0,59.204
4825,0,0,0.000,0.000,-1,0,0,0,56.682
4826,0,0,0.000,0.000,-1,0,0,0,60.535
4827,0,0,0.000,0.000,-1,0,0,0,57.065
4828,0,0,0.000,0.000,-1,0,0,0,57.388
4829,0,0,0.000,0.000,-1,0,0,0,56.315
4830,0,0,0.000,0.000,-1,0,0,0,64.345
4831,0,0,0.000,0.000,-1,0,0,0,56.745
4832,0,1,81.552,84.376,-1,0,0,0,57.131
4833,0,0,0.000,0.000,-1,0,0,0,58.582
4834,0,0,0.000,0.000,-1,0,0,0,56.011
4835,0,0,0.000,0.000,-1,0,0,0,56.890
4836,0,0,0.000,0.000,-1,0,0,0,58.987
4837,0,0,0.000,0.000,-1,0,0,0,57.234
4838,0,0,0.000,0.000,-1,0,0,0,57.833
4839,0,0,0.000,0.000,-1,0,0,0,61.818
4840,0,0,0.000,0.000,-1,0,0,0,57.565
4841,0,0,0.000,0.000,-1,0,0,0,58.231
4842,0,0,0.000,0.000,-1,0,0,0,59.612
4843,0,0,0.000,0.000,-1,0,0,0,57.904
4844,0,0,0.000,0.000,-1,0,0,0,58.348
4845,0,0,0.000,0.000,-1,0,0,0,58.471
4846,0,0,0.000,0.000,-1,0,0,0,57.180
4847,0,0,0.000,0.000,-1,0,0,0,57.823
4848,0,0,0.000,0.000,-1,0,0,0,60.127
4849,0,0,0.000,0.000,-1,0,0,0,58.599
4850,0,0,0.000,0.000,-1,0,0,0,57.003
4851,0,0,0.000,0.000,-1,0,0,0,59.159
4852,0,0,0.000,0.000,-1,0,0,0,58.624
4853,0,0,0.000,0.000,-1,0,0,0,58.279
4854,0,0,0.000,0.000,-1,0,0,0,59.445
4855,0,0,0.000,0.000,-1,0,0,0,57.593
4856,0,0,0.000,0.000,-1,0,0,0,59.106
4857,0,0,0.000,0.000,-1,0,0,0,56.265
4858,0,0,0.000,0.000,-1,0,0,0,57.283
4859,0,0,0.000,0.000,-1,0,0,0,56.707
4860,0,0,0.000,0.000,-1,0,0,0,62.759
4861,0,0,0.000,0.000,-1,0,0,0,57.543
4862,0,0,0.000,0.000,-1,0,0,0,58.202
4863,0,0,0.000,0.000,-1,0,0,0,57.919
4864,0,1,81.614,84.512,-1,0,0,0,58.133
4865,0,0,0.000,0.000,-1,0,0,0,59.897
4866,0,0,0.000,0.000,-1,0,0,0,61.348
4867,0,0,0.000,0.000,-1,0,0,0,58.881
4868,0,0,0.000,0.000,-1,0,0,0,58.789
4869,0,0,0.000,0.000,-1,0,0,0,59.407
4870,0,0,0.000,0.000,-1,0,0,0,59.725
4871,0,0,0.000,0.000,-1,0,0,0,59.117
4872,0,0,0.000,0.000,-1,0,0,0,60.798
4873,0,0,0.000,0.000,-1,0,0,0,61.153
4874,0,0,0.000,0.000,-1,0,0,0,58.270
4875,0,0,0.000,0.000,-1,0,0,0,59.340
4876,0,0,0.000,0.000,-1,0,0,0,58.943
4877,0,0,0.000,0.000,-1,0,0,0,58.332
4878,0,0,0.000,0.000,-1,0,0,0,61.783
4879,0,0,0.000,0.000,-1,0,0,0,60.219
4880,0,0,0.000,0.000,-1,0,0,0,59.612
4881,0,0,0.000,0.000,-1,0,0,0,60.545
4882,0,0,0.000,0.000,-1,0,0,0,58.281
4883,0,0,0.000,0.000,-1,0,0,0,59.654
4884,0,0,0.000,0.000,-1,0,0,0,62.148
4885,0,0,0.000,0.000,-1,0,0,0,59.430
4886,0,0,0.000,0.000,-1,0,0,0,60.596
4887,0,0,0.000,0.000,-1,0,0,0,61.052
4888,0,0,0.000,0.000,-1,0,0,0,58.895
4889,0,0,0.000,0.000,-1,0,0,0,58.491
4890,0,0,0.000,0.000,-1,0,0,0,62.947
4891,0,0,0.000,0.000,-1,0,0,0,61.795
4892,0,0,0.000,0.000,-1,0,0,0,73.523
4893,0,0,0.000,0.000,-1,0,0,0,60.420
4894,0,0,0.000,0.000,-1,0,0,0,57.757
4895,0,0,0.000,0.000,-1,0,0,0,63.902
4896,0,1,81.711,84.387,-1,0,0,0,61.543
4897,0,0,0.000,0.000,-1,0,0,0,60.718
4898,0,0,0.000,0.000,-1,0,0,0,60.632
4899,0,0,0.000,0.000,-1,0,0,0,60.912
4900,0,0,0.000,0.000,-1,0,0,0,60.280
4901,0,0,0.000,0.000,-1,0,0,0,58.415
4902,0,0,0.000,0.000,-1,0,0,0,61.008
4903,0,0,0.000,0.000,-1,0,0,0,57.455
4904,0,0,0.000,0.000,-1,0,0,0,60.088
4905,0,0,0.000,0.000,-1,0,0,0,57.253
4906,0,0,0.000,0.000,-1,0,0,0,58.635
4907,0,0,0.000,0.000,-1,0,0,0,60.021
4908,0,0,0.000,0.000,-1,0,0,0,62.004
4909,0,0,0.000,0.000,-1,0,0,0,57.793
4910,0,0,0.000,0.000,-1,0,0,0,57.791
4911,0,0,0.000,0.000,-1,0,0,0,58.021
4912,0,0,0.000,0.000,-1,0,0,0,57.519
4913,0,0,0.000,0.000,-1,0,0,0,58.094
4914,0,0,0.000,0.000,-1,0,0,0,67.219
4915,0,0,0.000,0.000,-1,0,0,0,59.225
4916,0,0,0.000,0.000,-1,0,0,0,59.298
4917,0,0,0.000,0.000,-1,0,0,0,57.310
4918,0,0,0.000,0.000,-1,0,0,0,57.433
4919,0,0,0.000,0.000,-1,0,0,0,56.966
4920,0,0,0.000,0.000,-1,0,0,0,61.532
4921,0,0,0.000,0.000,-1,0,0,0,58.075
4922,0,0,0.000,0.000,-1,0,0,0,58.217
4923,0,0,0.000,0.000,-1,0,0,0,57.562
4924,0,0,0.000,0.000,-1,0,0,0,59.409
4925,0,0,0.000,0.000,-1,0,0,0,56.975
4926,0,0,0.000,0.000,-1,0,0,0,60.431
4927,0,0,0.000,0.000,-1,0,0,0,58.142
4928,0,1,81.641,84.428,-1,0,0,0,56.280
4929,0,0,0.000,0.000,-1,0,0,0,60.018
4930,0,0,0.000,0.000,-1,0,0,0,57.326
4931,0,0,0.000,0.000,-1,0,0,0,59.253
4932,0,0,0.000,0.000,-1,0,0,0,60.557
4933,0,0,0.000,0.000,-1,0,0,0,57.056
4934,0,0,0.000,0.000,-1,0,0,0,61.438
4935,0,0,0.000,0.000,-1,0,0,0,58.507
4936,0,0,0.000,0.000,-1,0,0,0,58.867
4937,0,0,0.000,0.000,-1,0,0,0,57.909
4938,0,0,0.000,0.000,-1,0,0,0,59.690
4939,0,0,0.000,0.000,-1,0,0,0,57.902
4940,0,0,0.000,0.000,-1,0,0,0,57.229
4941,0,0,0.000,0.000,-1,0,0,0,57.429
4942,0,0,0.000,0.000,-1,0,0,0,58.594
4943,0,0,0.000,0.000,-1,0,0,0,58.163
4944,0,0,0.000,0.000,-1,0,0,0,59.720
4945,0,0,0.000,0.000,-1,0,0,0,57.396
4946,0,0,0.000,0.000,-1,0,0,0,56.294
4947,0,0,0.000,0.000,-1,0,0,0,57.861
4948,0,0,0.000,0.000,-1,0,0,0,56.849
4949,0,0,0.000,0.000,-1,0,0,0,60.237
4950,0,0,0.000,0.000,-1,0,0,0,59.887
4951,0,0,0.000,0.000,-1,0,0,0,57.827
4952,0,0,0.000,0.000,-1,0,0,0,58.215
4953,0,0,0.000,0.000,-1,0,0,0,57.689
4954,0,0,0.000,0.000,-1,0,0,0,57.395
4955,0,0,0.000,0.000,-1,0,0,0,58.340
4956,0,0,0.000,0.000,-1,0,0,0,59.496
4957,0,0,0.000,0.000,-1,0,0,0,60.439
4958,0,0,0.000,0.000,-1,0,0,0,57.648
4959,0,0,0.000,0.000,-1,0,0,0,57.391
4960,0,1,81.658,84.489,-1,0,0,0,58.924
4961,0,0,0.000,0.000,-1,0,0,0,58.731
4962,0,0,0.000,0.000,-1,0,0,0,61.244
4963,0,0,0.000,0.000,-1,0,0,0,58.007
4964,0,0,0.000,0.000,-1,0,0,0,58.886
4965,0,0,0.000,0.000,-1,0,0,0,58.500
4966,0,0,0.000,0.000,-1,0,0,0,58.701
4967,0,0,0.000,0.000,-1,0,0,0,57.875
4968,0,0,0.000,0.000,-1,0,0,0,59.625
4969,0,0,0.000,0.000,-1,0,0,0,56.672
4970,0,0,0.000,0.000,-1,0,0,0,59.746
4971,0,0,0.000,0.000,-1,0,0,0,57.890
4972,0,0,0.000,0.000,-1,0,0,0,57.866
4973,0,0,0.000,0.000,-1,0,0,0,58.287
4974,0,0,0.000,0.000,-1,0,0,0,60.870
4975,0,0,0.000,0.000,-1,0,0,0,58.406
4976,0,0,0.000,0.000,-1,0,0,0,58.981
4977,0,0,0.000,0.000,-1,0,0,0,56.242
4978,0,0,0.000,0.000,-1,0,0,0,57.746
4979,0,0,0.000,0.000,-1,0,0,0,58.546
4980,0,0,0.000,0.000,-1,0,0,0,60.724
4981,0,0,0.000,0.000,-1,0,0,0,57.714
4982,0,0,0.000,0.000,-1,0,0,0,56.323
4983,0,0,0.000,0.000,-1,0,0,0,57.139
4984,0,0,0.000,0.000,-1,0,0,0,58.015
4985,0,0,0.000,0.000,-1,0,0,0,59.303
4986,0,0,0.000,0.000,-1,0,0,0,62.393
4987,0,0,0.000,0.000,-1,0,0,0,59.176
4988,0,0,0.000,0.000,-1,0,0,0,58.375
4989,0,0,0.000,0.000,-1,0,0,0,59.551
4990,0,0,0.000,0.000,-1,0,0,0,56.799
4991,0,0,0.000,0.000,-1,0,0,0,60.431
4992,0,1,81.552,84.301,-1,0,0,0,59.262
4993,0,0,0.000,0.000,-1,0,0,0,59.191
4994,0,0,0.000,0.000,-1,0,0,0,58.214
4995,0,0,0.000,0.000,-1,0,0,0,57.959
4996,0,0,0.000,0.000,-1,0,0,0,56.161
4997,0,0,0.000,0.000,-1,0,0,0,56.421
4998,0,0,0.000,0.000,-1,0,0,0,60.787
4999,0,0,0.000,0.000,-1,0,0,0,57.843
5000,0,0,0.000,0.000,-1,0,0,0,57.865
5001,0,0,0.000,0.000,-1,0,0,0,59.449
5002,0,0,0.000,0.000,-1,0,0,0,59.032
5003,0,0,0.000,0.000,-1,0,0,0,59.097
5004,0,0,0.000,0.000,-1,0,0,0,64.527
5005,0,0,0.000,0.000,-1,0,0,0,57.580
5006,0,0,0.000,0.000,-1,0,0,0,56.323
5007,0,0,0.000,0.000,-1,0,0,0,57.098
5008,0,0,0.000,0.000,-1,0,0,0,58.697
5009,0,0,0.000,0.000,-1,0,0,0,58.416
5010,0,0,0.000,0.000,-1,0,0,0,61.982
5011,0,0,0.000,0.000,-1,0,0,0,59.647
5012,0,0,0.000,0.000,-1,0,0,0,58.870
5013,0,0,0.000,0.000,-1,0,0,0,58.269
5014,0,0,0.000,0.000,-1,0,0,0,58.034
5015,0,0,0.000,0.000,-1,0,0,0,58.234
5016,0,0,0.000,0.000,-1,0,0,0,58.174
5017,0,0,0.000,0.000,-1,0,0,0,58.387
5018,0,0,0.000,0.000,-1,0,0,0,57.802
5019,0,0,0.000,0.000,-1,0,0,0,57.383
5020,0,0,0.000,0.000,-1,0,0,0,57.524
5021,0,0,0.000,0.000,-1,0,0,0,58.427
5022,0,0,0.000,0.000,-1,0,0,0,58.329
5023,0,0,0.000,0.000,-1,0,0,0,57.207
5024,0,1,81.649,84.445,-1,0,0,0,57.642
5025,0,0,0.000,0.000,-1,0,0,0,58.283
5026,0,0,0.000,0.000,-1,0,0,0,59.011
5027,0,0,0.000,0.000,-1,0,0,0,60.785
5028,0,0,0.000,0.000,-1,0,0,0,59.163
5029,0,0,0.000,0.000,-1,0,0,0,57.407
5030,0,0,0.000,0.000,-1,0,0,0,58.492
5031,0,0,0.000,0.000,-1,0,0,0,59.039
5032,0,0,0.000,0.000,-1,0,0,0,56.131
5033,0,0,0.000,0.000,-1,0,0,0,57.308
5034,0,0,0.000,0.000,-1,0,0,0,60.484
5035,0,0,0.000,0.000,-1,0,0,0,58.423
5036,0,0,0.000,0.000,-1,0,0,0,59.226
5037,0,0,0.000,0.000,-1,0,0,0,58.275
5038,0,0,0.000,0.000,-1,0,0,0,59.851
5039,0,0,0.000,0.000,-1,0,0,0,59.154
5040,0,0,0.000,0.000,-1,0,0,0,61.619
5041,0,0,0.000,0.000,-1,0,0,0,58.330
5042,0,0,0.000,0.000,-1,0,0,0,56.548
5043,0,0,0.000,0.000,-1,0,0,0,57.728
5044,0,0,0.000,0.000,-1,0,0,0,58.477
5045,0,0,0.000,0.000,-1,0,0,0,60.746
5046,0,0,0.000,0.000,-1,0,0,0,59.893
5047,0,0,0.000,0.000,-1,0,0,0,57.279
5048,0,0,0.000,0.000,-1,0,0,0,58.099
5049,0,0,0.000,0.000,-1,0,0,0,61.012
5050,0,0,0.000,0.000,-1,0,0,0,58.174
5051,0,0,0.000,0.000,-1,0,0,0,58.220
5052,0,0,0.000,0.000,-1,0,0,0,57.582
5053,0,0,0.000,0.000,-1,0,0,0,59.261
5054,0,0,0.000,0.000,-1,0,0,0,59.278
5055,0,0,0.000,0.000,-1,0,0,0,57.781
5056,0,1,81.521,84.355,-1,0,0,0,56.605
5057,0,0,0.000,0.000,-1,0,0,0,57.992
5058,0,0,0.000,0.000,-1,0,0,0,62.576
5059,0,0,0.000,0.000,-1,0,0,0,58.498
5060,0,0,0.000,0.000,-1,0,0,0,57.875
5061,0,0,0.000,0.000,-1,0,0,0,57.721
5062,0,0,0.000,0.000,-1,0,0,0,60.125
5063,0,0,0.000,0.000,-1,0,0,0,58.276
5064,0,0,0.000,0.000,-1,0,0,0,61.270
5065,0,0,0.000,0.000,-1,0,0,0,57.944
5066,0,0,0.000,0.000,-1,0,0,0,57.876
5067,0,0,0.000,0.000,-1,0,0,0,57.828
5068,0,0,0.000,0.000,-1,0,0,0,58.159
5069,0,0,0.000,0.000,-1,0,0,0,56.893
5070,0,0,0.000,0.000,-1,0,0,0,61.027
5071,0,0,0.000,0.000,-1,0,0,0,57.672
5072,0,0,0.000,0.000,-1,0,0,0,58.042
5073,0,0,0.000,0.000,-1,0,0,0,57.510
5074,0,0,0.000,0.000,-1,0,0,0,58.751
5075,0,0,0.000,0.000,-1,0,0,0,57.639
5076,0,0,0.000,0.000,-1,0,0,0,58.496
5077,0,0,0.000,0.000,-1,0,0,0,56.864
5078,0,0,0.000,0.000,-1,0,0,0,58.451
5079,0,0,0.000,0.000,-1,0,0,0,57.058
5080,0,0,0.000,0.000,-1,0,0,0,57.880
5081,0,0,0.000,0.000,-1,0,0,0,58.503
5082,0,0,0.000,0.000,-1,0,0,0,59.127
5083,0,0,0.000,0.000,-1,0,0,0,59.257
5084,0,0,0.000,0.000,-1,0,0,0,58.327
5085,0,0,0.000,0.000,-1,0,0,0,58.422
5086,0,0,0.000,0.000,-1,0,0,0,60.366
5087,0,0,0.000,0.000,-1,0,0,0,60.480
5088,0,1,81.463,84.117,-1,0,0,0,58.728
5089,0,0,0.000,0.000,-1,0,0,0,58.784
5090,0,0,0.000,0.000,-1,0,0,0,57.782
5091,0,0,0.000,0.000,-1,0,0,0,58.261
5092,0,0,0.000,0.000,-1,0,0,0,55.656
5093,0,0,0.000,0.000,-1,0,0,0,57.791
5094,0,0,0.000,0.000,-1,0,0,0,60.945
5095,0,0,0.000,0.000,-1,0,0,0,57.410
5096,0,0,0.000,0.000,-1,0,0,0,56.918
5097,0,0,0.000,0.000,-1,0,0,0,57.949
5098,0,0,0.000,0.000,-1,0,0,0,57.584
5099,0,0,0.000,0.000,-1,0,0,0,58.117
5100,0,0,0.000,0.000,-1,0,0,0,61.190
5101,0,0,0.000,0.000,-1,0,0,0,57.970
5102,0,0,0.000,0.000,-1,0,0,0,58.630
5103,0,0,0.000,0.000,-1,0,0,0,63.592
5104,0,0,0.000,0.000,-1,0,0,0,58.282
5105,0,0,0.000,0.000,-1,0,0,0,56.850
5106,0,0,0.000,0.000,-1,0,0,0,59.651
5107,0,0,0.000,0.000,-1,0,0,0,59.536
5108,0,0,0.000,0.000,-1,0,0,0,58.241
5109,0,0,0.000,0.000,-1,0,0,0,57.228
5110,0,0,0.000,0.000,-1,0,0,0,58.021
5111,0,0,0.000,0.000,-1,0,0,0,56.298
5112,0,0,0.000,0.000,-1,0,0,0,60.697
5113,0,0,0.000,0.000,-1,0,0,0,57.861
5114,0,0,0.000,0.000,-1,0,0,0,56.785
5115,0,0,0.000,0.000,-1,0,0,0,57.319
5116,0,0,0.000,0.000,-1,0,0,0,57.906
5117,0,0,0.000,0.000,-1,0,0,0,57.341
5118,0,0,0.000,0.000,-1,0,0,0,59.652
5119,0,0,0.000,0.000,-1,0,0,0,57.639
5120,0,1,81.650,84.551,-1,0,0,0,58.688
5121,0,0,0.000,0.000,-1,0,0,0,57.713
5122,0,0,0.000,0.000,-1,0,0,0,60.802
5123,0,0,0.000,0.000,-1,0,0,0,58.220
5124,0,0,0.000,0.000,-1,0,0,0,59.315
5125,0,0,0.000,0.000,-1,0,0,0,57.886
5126,0,0,0.000,0.000,-1,0,0,0,56.976
5127,0,0,0.000,0.000,-1,0,0,0,60.388
5128,0,0,0.000,0.000,-1,0,0,0,58.109
5129,0,0,0.000,0.000,-1,0,0,0,57.602
5130,0,0,0.000,0.000,-1,0,0,0,63.654
5131,0,0,0.000,0.000,-1,0,0,0,60.285
5132,0,0,0.000,0.000,-1,0,0,0,64.463
5133,0,0,0.000,0.000,-1,0,0,0,64.214
5134,0,0,0.000,0.000,-1,0,0,0,62.995
5135,0,0,0.000,0.000,-1,0,0,0,64.755
5136,0,0,0.000,0.000,-1,0,0,0,67.984
5137,0,0,0.000,0.000,-1,0,0,0,64.083
5138,0,0,0.000,0.000,-1,0,0,0,63.657
5139,0,0,0.000,0.000,-1,0,0,0,61.642
5140,0,0,0.000,0.000,-1,0,0,0,62.708
5141,0,0,0.000,0.000,-1,0,0,0,63.193
5142,0,0,0.000,0.000,-1,0,0,0,64.585
5143,0,0,0.000,0.000,-1,0,0,0,62.641
5144,0,0,0.000,0.000,-1,0,0,0,63.235
5145,0,0,0.000,0.000,-1,0,0,0,64.114
5146,0,0,0.000,0.000,-1,0,0,0,63.059
5147,0,0,0.000,0.000,-1,0,0,0,61.759
5148,0,0,0.000,0.000,-1,0,0,0,62.517
5149,0,0,0.000,0.000,-1,0,0,0,63.046
5150,0,0,0.000,0.000,-1,0,0,0,65.293
5151,0,0,0.000,0.000,-1,0,0,0,61.633
5152,0,1,81.528,84.396,-1,0,0,0,62.992
5153,0,0,0.000,0.000,-1,0,0,0,62.110
5154,0,0,0.000,0.000,-1,0,0,0,64.006
5155,0,0,0.000,0.000,-1,0,0,0,61.867
5156,0,0,0.000,0.000,-1,0,0,0,58.095
5157,0,0,0.000,0.000,-1,0,0,0,60.837
5158,0,0,0.000,0.000,-1,0,0,0,61.288
5159,0,0,0.000,0.000,-1,0,0,0,59.042
5160,0,0,0.000,0.000,-1,0,0,0,64.382
5161,0,0,0.000,0.000,-1,0,0,0,59.780
5162,0,0,0.000,0.000,-1,0,0,0,58.699
5163,0,0,0.000,0.000,-1,0,0,0,58.633
5164,0,0,0.000,0.000,-1,0,0,0,61.541
5165,0,0,0.000,0.000,-1,0,0,0,59.578
5166,0,0,0.000,0.000,-1,0,0,0,61.558
5167,0,0,0.000,0.000,-1,0,0,0,62.360
5168,0,0,0.000,0.000,-1,0,0,0,59.541
5169,0,0,0.000,0.000,-1,0,0,0,60.090
5170,0,0,0.000,0.000,-1,0,0,0,59.461
5171,0,0,0.000,0.000,-1,0,0,0,60.439
5172,0,0,0.000,0.000,-1,0,0,0,61.607
5173,0,0,0.000,0.000,-1,0,0,0,59.111
5174,0,0,0.000,0.000,-1,0,0,0,61.266
5175,0,0,0.000,0.000,-1,0,0,0,58.952
5176,0,0,0.000,0.000,-1,0,0,0,59.463
5177,0,0,0.000,0.000,-1,0,0,0,58.150
5178,0,0,0.000,0.000,-1,0,0,0,68.721
5179,0,0,0.000,0.000,-1,0,0,0,65.632
5180,0,0,0.000,0.000,-1,0,0,0,72.468
5181,0,0,0.000,0.000,-1,0,0,0,66.304
5182,0,0,0.000,0.000,-1,0,0,0,64.422
5183,0,0,0.000,0.000,-1,0,0,0,64.695
5184,0,1,81.862,84.641,-1,0,0,0,67.685
5185,0,0,0.000,0.000,-1,0,0,0,66.367
5186,0,0,0.000,0.000,-1,0,0,0,65.293
5187,0,0,0.000,0.000,-1,0,0,0,62.759
5188,0,0,0.000,0.000,-1,0,0,0,63.795
5189,0,0,0.000,0.000,-1,0,0,0,65.543
5190,0,0,0.000,0.000,-1,0,0,0,69.948
5191,0,0,0.000,0.000,-1,0,0,0,62.106
5192,0,0,0.000,0.000,-1,0,0,0,61.874
5193,0,0,0.000,0.000,-1,0,0,0,61.395
5194,0,0,0.000,0.000,-1,0,0,0,62.231
5195,0,0,0.000,0.000,-1,0,0,0,61.738
5196,0,0,0.000,0.000,-1,0,0,0,65.066
5197,0,0,0.000,0.000,-1,0,0,0,62.729
5198,0,0,0.000,0.000,-1,0,0,0,62.258
5199,0,0,0.000,0.000,-1,0,0,0,63.471
5200,0,0,0.000,0.000,-1,0,0,0,61.175
5201,0,0,0.000,0.000,-1,0,0,0,62.022
5202,0,0,0.000,0.000,-1,0,0,0,64.691
5203,0,0,0.000,0.000,-1,0,0,0,63.691
5204,0,0,0.000,0.000,-1,0,0,0,63.393
5205,0,0,0.000,0.000,-1,0,0,0,60.586
5206,0,0,0.000,0.000,-1,0,0,0,62.089
5207,0,0,0.000,0.000,-1,0,0,0,60.688
5208,0,0,0.000,0.000,-1,0,0,0,62.679
5209,0,0,0.000,0.000,-1,0,0,0,60.945
5210,0,0,0.000,0.000,-1,0,0,0,59.220
5211,0,0,0.000,0.000,-1,0,0,0,62.455
5212,0,0,0.000,0.000,-1,0,0,0,61.269
5213,0,0,0.000,0.000,-1,0,0,0,60.725
5214,0,0,0.000,0.000,-1,0,0,0,63.861
5215,0,0,0.000,0.000,-1,0,0,0,61.516
5216,0,1,81.529,84.354,-1,0,0,0,60.445
5217,0,0,0.000,0.000,-1,0,0,0,61.300
5218,0,0,0.000,0.000,-1,0,0,0,59.952
5219,0,0,0.000,0.000,-1,0,0,0,58.608
5220,0,0,0.000,0.000,-1,0,0,0,62.516
5221,0,0,0.000,0.000,-1,0,0,0,59.079
5222,0,0,0.000,0.000,-1,0,0,0,59.198
5223,0,0,0.000,0.000,-1,0,0,0,58.274
5224,0,0,0.000,0.000,-1,0,0,0,58.264
5225,0,0,0.000,0.000,-1,0,0,0,57.796
5226,0,0,0.000,0.000,-1,0,0,0,61.903
5227,0,0,0.000,0.000,-1,0,0,0,58.041
5228,0,0,0.000,0.000,-1,0,0,0,59.718
5229,0,0,0.000,0.000,-1,0,0,0,57.282
5230,0,0,0.000,0.000,-1,0,0,0,58.597
5231,0,0,0.000,0.000,-1,0,0,0,61.330
5232,0,0,0.000,0.000,-1,0,0,0,60.512
5233,0,0,0.000,0.000,-1,0,0,0,57.288
5234,0,0,0.000,0.000,-1,0,0,0,57.825
5235,0,0,0.000,0.000,-1,0,0,0,58.674
5236,0,0,0.000,0.000,-1,0,0,0,57.166
5237,0,0,0.000,0.000,-1,0,0,0,57.693
5238,0,0,0.000,0.000,-1,0,0,0,58.539
5239,0,0,0.000,0.000,-1,0,0,0,57.156
5240,0,0,0.000,0.000,-1,0,0,0,57.517
5241,0,0,0.000,0.000,-1,0,0,0,58.667
5242,0,0,0.000,0.000,-1,0,0,0,58.682
5243,0,0,0.000,0.000,-1,0,0,0,58.104
5244,0,0,0.000,0.000,-1,0,0,0,59.240
5245,0,0,0.000,0.000,-1,0,0,0,59.230
5246,0,0,0.000,0.000,-1,0,0,0,57.772
5247,0,0,0.000,0.000,-1,0,0,0,57.939
5248,0,1,81.792,84.639,-1,0,0,0,58.686
5249,0,0,0.000,0.000,-1,0,0,0,59.763
5250,0,0,0.000,0.000,-1,0,0,0,61.440
5251,0,0,0.000,0.000,-1,0,0,0,58.772
5252,0,0,0.000,0.000,-1,0,0,0,57.634
5253,0,0,0.000,0.000,-1,0,0,0,58.409
5254,0,0,0.000,0.000,-1,0,0,0,57.500
5255,0,0,0.000,0.000,-1,0,0,0,57.348
5256,0,0,0.000,0.000,-1,0,0,0,59.032
5257,0,0,0.000,0.000,-1,0,0,0,59.346
5258,0,0,0.000,0.000,-1,0,0,0,57.645
5259,0,0,0.000,0.000,-1,0,0,0,56.036
5260,0,0,0.000,0.000,-1,0,0,0,56.883
5261,0,0,0.000,0.000,-1,0,0,0,57.401
5262,0,0,0.000,0.000,-1,0,0,0,61.359
5263,0,0,0.000,0.000,-1,0,0,0,59.256
5264,0,0,0.000,0.000,-1,0,0,0,56.481
5265,0,0,0.000,0.000,-1,0,0,0,57.605
5266,0,0,0.000,0.000,-1,0,0,0,57.624
5267,0,0,0.000,0.000,-1,0,0,0,58.264
5268,0,0,0.000,0.000,-1,0,0,0,59.041
5269,0,0,0.000,0.000,-1,0,0,0,58.097
5270,0,0,0.000,0.000,-1,0,0,0,57.909
5271,0,0,0.000,0.000,-1,0,0,0,60.185
5272,0,0,0.000,0.000,-1,0,0,0,58.584
5273,0,0,0.000,0.000,-1,0,0,0,58.104
5274,0,0,0.000,0.000,-1,0,0,0,61.180
5275,0,0,0.000,0.000,-1,0,0,0,58.552
5276,0,0,0.000,0.000,-1,0,0,0,57.054
5277,0,0,0.000,0.000,-1,0,0,0,57.210
5278,0,0,0.000,0.000,-1,0,0,0,57.058
5279,0,0,0.000,0.000,-1,0,0,0,59.126
5280,0,1,81.750,84.371,-1,0,0,0,61.518
5281,0,0,0.000,0.000,-1,0,0,0,58.839
5282,0,0,0.000,0.000,-1,0,0,0,58.184
5283,0,0,0.000,0.000,-1,0,0,0,59.505
5284,0,0,0.000,0.000,-1,0,0,0,59.755
5285,0,0,0.000,0.000,-1,0,0,0,58.674
5286,0,0,0.000,0.000,-1,0,0,0,61.274
5287,0,0,0.000,0.000,-1,0,0,0,57.954
5288,0,0,0.000,0.000,-1,0,0,0,56.808
5289,0,0,0.000,0.000,-1,0,0,0,59.054
5290,0,0,0.000,0.000,-1,0,0,0,58.414
5291,0,0,0.000,0.000,-1,0,0,0,57.307
5292,0,0,0.000,0.000,-1,0,0,0,61.154
5293,0,0,0.000,0.000,-1,0,0,0,56.762
5294,0,0,0.000,0.000,-1,0,0,0,58.255
5295,0,0,0.000,0.000,-1,0,0,0,59.477
5296,0,0,0.000,0.000,-1,0,0,0,57.768
5297,0,0,0.000,0.000,-1,0,0,0,57.993
5298,0,0,0.000,0.000,-1,0,0,0,61.164
5299,0,0,0.000,0.000,-1,0,0,0,57.271
5300,0,0,0.000,0.000,-1,0,0,0,57.813
5301,0,0,0.000,0.000,-1,0,0,0,58.065
5302,0,0,0.000,0.000,-1,0,0,0,61.643
5303,0,0,0.000,0.000,-1,0,0,0,58.199
5304,0,0,0.000,0.000,-1,0,0,0,63.273
5305,0,0,0.000,0.000,-1,0,0,0,59.789
5306,0,0,0.000,0.000,-1,0,0,0,57.650
5307,0,0,0.000,0.000,-1,0,0,0,58.958
5308,0,0,0.000,0.000,-1,0,0,0,64.402
5309,0,0,0.000,0.000,-1,0,0,0,65.184
5310,0,0,0.000,0.000,-1,0,0,0,67.110
5311,0,0,0.000,0.000,-1,0,0,0,72.126
5312,0,1,82.116,85.175,-1,0,0,0,75.167
5313,0,0,0.000,0.000,-1,0,0,0,65.609
5314,0,0,0.000,0.000,-1,0,0,0,66.416
5315,0,0,0.000,0.000,-1,0,0,0,65.522
5316,0,0,0.000,0.000,-1,0,0,0,64.794
5317,0,0,0.000,0.000,-1,0,0,0,62.184
5318,0,0,0.000,0.000,-1,0,0,0,62.258
5319,0,0,0.000,0.000,-1,0,0,0,63.359
5320,0,0,0.000,0.000,-1,0,0,0,61.593
5321,0,0,0.000,0.000,-1,0,0,0,60.472
5322,0,0,0.000,0.000,-1,0,0,0,64.830
5323,0,0,0.000,0.000,-1,0,0,0,68.847
5324,0,0,0.000,0.000,-1,0,0,0,63.837
5325,0,0,0.000,0.000,-1,0,0,0,64.474
5326,0,0,0.000,0.000,-1,0,0,0,67.445
5327,0,0,0.000,0.000,-1,0,0,0,61.980
5328,0,0,0.000,0.000,-1,0,0,0,61.045
5329,0,0,0.000,0.000,-1,0,0,0,61.536
5330,0,0,0.000,0.000,-1,0,0,0,62.540
5331,0,0,0.000,0.000,-1,0,0,0,72.886
5332,0,0,0.000,0.000,-1,0,0,0,63.108
5333,0,0,0.000,0.000,-1,0,0,0,59.456
5334,0,0,0.000,0.000,-1,0,0,0,60.273
5335,0,0,0.000,0.000,-1,0,0,0,62.761
5336,0,0,0.000,0.000,-1,0,0,0,59.416
5337,0,0,0.000,0.000,-1,0,0,0,60.008
5338,0,0,0.000,0.000,-1,0,0,0,60.432
5339,0,0,0.000,0.000,-1,0,0,0,72.901
5340,0,0,0.000,0.000,-1,0,0,0,75.966
5341,0,0,0.000,0.000,-1,0,0,0,72.863
5342,0,0,0.000,0.000,-1,0,0,0,61.157
5343,0,0,0.000,0.000,-1,0,0,0,58.094
5344,0,1,81.589,84.486,-1,0,0,0,59.684
5345,0,0,0.000,0.000,-1,0,0,0,61.155
5346,0,0,0.000,0.000,-1,0,0,0,60.199
5347,0,0,0.000,0.000,-1,0,0,0,59.886
5348,0,0,0.000,0.000,-1,0,0,0,64.406
5349,0,0,0.000,0.000,-1,0,0,0,65.922
5350,0,0,0.000,0.000,-1,0,0,0,60.766
5351,0,0,0.000,0.000,-1,0,0,0,57.787
5352,0,0,0.000,0.000,-1,0,0,0,60.752
5353,0,0,0.000,0.000,-1,0,0,0,57.428
5354,0,0,0.000,0.000,-1,0,0,0,60.896
5355,0,0,0.000,0.000,-1,0,0,0,59.262
5356,0,0,0.000,0.000,-1,0,0,0,61.173
5357,0,0,0.000,0.000,-1,0,0,0,61.513
5358,0,0,0.000,0.000,-1,0,0,0,62.269
5359,0,0,0.000,0.000,-1,0,0,0,59.702
5360,0,0,0.000,0.000,-1,0,0,0,60.493
5361,0,0,0.000,0.000,-1,0,0,0,60.055
5362,0,0,0.000,0.000,-1,0,0,0,65.062
5363,0,0,0.000,0.000,-1,0,0,0,60.577
5364,0,0,0.000,0.000,-1,0,0,0,62.772
5365,0,0,0.000,0.000,-1,0,0,0,63.127
5366,0,0,0.000,0.000,-1,0,0,0,61.016
5367,0,0,0.000,0.000,-1,0,0,0,61.184
5368,0,0,0.000,0.000,-1,0,0,0,60.088
5369,0,0,0.000,0.000,-1,0,0,0,60.643
5370,0,0,0.000,0.000,-1,0,0,0,65.308
5371,0,0,0.000,0.000,-1,0,0,0,62.720
5372,0,0,0.000,0.000,-1,0,0,0,62.208
5373,0,0,0.000,0.000,-1,0,0,0,60.084
5374,0,0,0.000,0.000,-1,0,0,0,62.191
5375,0,0,0.000,0.000,-1,0,0,0,59.659
5376,0,1,84.426,87.145,-1,0,0,0,63.712
5377,0,0,0.000,0.000,-1,0,0,0,63.689
5378,0,0,0.000,0.000,-1,0,0,0,61.500
5379,0,0,0.000,0.000,-1,0,0,0,64.707
5380,0,0,0.000,0.000,-1,0,0,0,61.198
5381,0,0,0.000,0.000,-1,0,0,0,60.775
5382,0,0,0.000,0.000,-1,0,0,0,62.524
5383,0,0,0.000,0.000,-1,0,0,0,59.664
5384,0,0,0.000,0.000,-1,0,0,0,59.153
5385,0,0,0.000,0.000,-1,0,0,0,64.554
5386,0,0,0.000,0.000,-1,0,0,0,64.977
5387,0,0,0.000,0.000,-1,0,0,0,62.477
5388,0,0,0.000,0.000,-1,0,0,0,61.998
5389,0,0,0.000,0.000,-1,0,0,0,63.317
5390,0,0,0.000,0.000,-1,0,0,0,62.576
5391,0,0,0.000,0.000,-1,0,0,0,65.145
5392,0,0,0.000,0.000,-1,0,0,0,64.935
5393,0,0,0.000,0.000,-1,0,0,0,68.387
5394,0,0,0.000,0.000,-1,0,0,0,70.336
5395,0,0,0.000,0.000,-1,0,0,0,63.391
5396,0,0,0.000,0.000,-1,0,0,0,65.027
5397,0,0,0.000,0.000,-1,0,0,0,65.464
5398,0,0,0.000,0.000,-1,0,0,0,62.327
5399,0,0,0.000,0.000,-1,0,0,0,71.316
5400,0,0,0.000,0.000,-1,0,0,0,65.461
5401,0,0,0.000,0.000,-1,0,0,0,65.588
5402,0,0,0.000,0.000,-1,0,0,0,77.466
5403,0,0,0.000,0.000,-1,0,0,0,71.823
5404,0,0,0.000,0.000,-1,0,0,0,66.604
5405,0,0,0.000,0.000,-1,0,0,0,66.732
5406,0,0,0.000,0.000,-1,0,0,0,64.413
5407,0,0,0.000,0.000,-1,0,0,0,64.146
5408,0,1,84.493,87.270,-1,0,0,0,61.149
5409,0,0,0.000,0.000,-1,0,0,0,61.107
5410,0,0,0.000,0.000,-1,0,0,0,59.460
5411,0,0,0.000,0.000,-1,0,0,0,59.961
5412,0,0,0.000,0.000,-1,0,0,0,60.003
5413,0,0,0.000,0.000,-1,0,0,0,60.488
5414,0,0,0.000,0.000,-1,0,0,0,65.029
5415,0,0,0.000,0.000,-1,0,0,0,70.362
5416,0,0,0.000,0.000,-1,0,0,0,69.069
5417,0,0,0.000,0.000,-1,0,0,0,68.044
5418,0,0,0.000,0.000,-1,0,0,0,71.160
5419,0,0,0.000,0.000,-1,0,0,0,58.527
5420,0,0,0.000,0.000,-1,0,0,0,59.418
5421,0,0,0.000,0.000,-1,0,0,0,57.900
5422,0,0,0.000,0.000,-1,0,0,0,58.964
5423,0,0,0.000,0.000,-1,0,0,0,60.073
5424,0,0,0.000,0.000,-1,0,0,0,61.118
5425,0,0,0.000,0.000,-1,0,0,0,61.908
5426,0,0,0.000,0.000,-1,0,0,0,61.448
5427,0,0,0.000,0.000,-1,0,0,0,58.884
5428,0,0,0.000,0.000,-1,0,0,0,58.539
5429,0,0,0.000,0.000,-1,0,0,0,60.650
5430,0,0,0.000,0.000,-1,0,0,0,64.374
5431,0,0,0.000,0.000,-1,0,0,0,59.838
5432,0,0,0.000,0.000,-1,0,0,0,60.165
5433,0,0,0.000,0.000,-1,0,0,0,58.204
5434,0,0,0.000,0.000,-1,0,0,0,58.182
5435,0,0,0.000,0.000,-1,0,0,0,57.891
5436,0,0,0.000,0.000,-1,0,0,0,62.677
5437,0,0,0.000,0.000,-1,0,0,0,59.832
5438,0,0,0.000,0.000,-1,0,0,0,57.667
5439,0,0,0.000,0.000,-1,0,0,0,61.082
5440,0,1,83.941,86.754,-1,0,0,0,58.688
5441,0,0,0.000,0.000,-1,0,0,0,60.476
5442,0,0,0.000,0.000,-1,0,0,0,63.107
5443,0,0,0.000,0.000,-1,0,0,0,60.320
5444,0,0,0.000,0.000,-1,0,0,0,60.128
5445,0,0,0.000,0.000,-1,0,0,0,58.815
5446,0,0,0.000,0.000,-1,0,0,0,57.845
5447,0,0,0.000,0.000,-1,0,0,0,56.877
5448,0,0,0.000,0.000,-1,0,0,0,60.837
5449,0,0,0.000,0.000,-1,0,0,0,59.524
5450,0,0,0.000,0.000,-1,0,0,0,63.705
5451,0,0,0.000,0.000,-1,0,0,0,58.089
5452,0,0,0.000,0.000,-1,0,0,0,58.610
5453,0,0,0.000,0.000,-1,0,0,0,58.927
5454,0,0,0.000,0.000,-1,0,0,0,59.366
5455,0,0,0.000,0.000,-1,0,0,0,57.798
5456,0,0,0.000,0.000,-1,0,0,0,57.489
5457,0,0,0.000,0.000,-1,0,0,0,59.595
5458,0,0,0.000,0.000,-1,0,0,0,56.662
5459,0,0,0.000,0.000,-1,0,0,0,58.255
5460,0,0,0.000,0.000,-1,0,0,0,60.581
5461,0,0,0.000,0.000,-1,0,0,0,58.504
5462,0,0,0.000,0.000,-1,0,0,0,58.407
5463,0,0,0.000,0.000,-1,0,0,0,59.262
5464,0,0,0.000,0.000,-1,0,0,0,60.593
5465,0,0,0.000,0.000,-1,0,0,0,56.731
5466,0,0,0.000,0.000,-1,0,0,0,60.602
5467,0,0,0.000,0.000,-1,0,0,0,57.711
5468,0,0,0.000,0.000,-1,0,0,0,57.340
5469,0,0,0.000,0.000,-1,0,0,0,58.921
5470,0,0,0.000,0.000,-1,0,0,0,57.769
5471,0,0,0.000,0.000,-1,0,0,0,59.827
5472,0,1,81.590,84.279,-1,0,0,0,61.593
5473,0,0,0.000,0.000,-1,0,0,0,61.124
5474,0,0,0.000,0.000,-1,0,0,0,58.270
5475,0,0,0.000,0.000,-1,0,0,0,57.074
5476,0,0,0.000,0.000,-1,0,0,0,57.028
5477,0,0,0.000,0.000,-1,0,0,0,59.243
5478,0,0,0.000,0.000,-1,0,0,0,60.042
5479,0,0,0.000,0.000,-1,0,0,0,58.576
5480,0,0,0.000,0.000,-1,0,0,0,56.600
5481,0,0,0.000,0.000,-1,0,0,0,59.229
5482,0,0,0.000,0.000,-1,0,0,0,58.087
5483,0,0,0.000,0.000,-1,0,0,0,57.772
5484,0,0,0.000,0.000,-1,0,0,0,60.105
5485,0,0,0.000,0.000,-1,0,0,0,57.267
5486,0,0,0.000,0.000,-1,0,0,0,56.791
5487,0,0,0.000,0.000,-1,0,0,0,58.817
5488,0,0,0.000,0.000,-1,0,0,0,59.246
5489,0,0,0.000,0.000,-1,0,0,0,57.058
5490,0,0,0.000,0.000,-1,0,0,0,59.443
5491,0,0,0.000,0.000,-1,0,0,0,57.440
5492,0,0,0.000,0.000,-1,0,0,0,56.298
5493,0,0,0.000,0.000,-1,0,0,0,57.408
5494,0,0,0.000,0.000,-1,0,0,0,56.466
5495,0,0,0.000,0.000,-1,0,0,0,58.223
5496,0,0,0.000,0.000,-1,0,0,0,60.486
5497,0,0,0.000,0.000,-1,0,0,0,57.367
5498,0,0,0.000,0.000,-1,0,0,0,56.390
5499,0,0,0.000,0.000,-1,0,0,0,60.559
5500,0,0,0.000,0.000,-1,0,0,0,57.496
5501,0,0,0.000,0.000,-1,0,0,0,57.326
5502,0,0,0.000,0.000,-1,0,0,0,57.904
5503,0,0,0.000,0.000,-1,0,0,0,57.440
5504,0,1,81.614,84.355,-1,0,0,0,58.436
5505,0,0,0.000,0.000,-1,0,0,0,58.271
5506,0,0,0.000,0.000,-1,0,0,0,57.726
5507,0,0,0.000,0.000,-1,0,0,0,62.424
5508,0,0,0.000,0.000,-1,0,0,0,59.550
5509,0,0,0.000,0.000,-1,0,0,0,57.988
5510,0,0,0.000,0.000,-1,0,0,0,59.481
5511,0,0,0.000,0.000,-1,0,0,0,59.590
5512,0,0,0.000,0.000,-1,0,0,0,57.982
5513,0,0,0.000,0.000,-1,0,0,0,59.298
5514,0,0,0.000,0.000,-1,0,0,0,60.132
5515,0,0,0.000,0.000,-1,0,0,0,57.898
5516,0,0,0.000,0.000,-1,0,0,0,59.772
5517,0,0,0.000,0.000,-1,0,0,0,60.064
5518,0,0,0.000,0.000,-1,0,0,0,60.252
5519,0,0,0.000,0.000,-1,0,0,0,58.651
5520,0,0,0.000,0.000,-1,0,0,0,67.114
5521,0,0,0.000,0.000,-1,0,0,0,64.681
5522,0,0,0.000,0.000,-1,0,0,0,61.306
5523,0,0,0.000,0.000,-1,0,0,0,57.870
5524,0,0,0.000,0.000,-1,0,0,0,57.888
5525,0,0,0.000,0.000,-1,0,0,0,57.044
5526,0,0,0.000,0.000,-1,0,0,0,59.991
5527,0,0,0.000,0.000,-1,0,0,0,58.865
5528,0,0,0.000,0.000,-1,0,0,0,58.589
5529,0,0,0.000,0.000,-1,0,0,0,57.589
5530,0,0,0.000,0.000,-1,0,0,0,57.437
5531,0,0,0.000,0.000,-1,0,0,0,57.868
5532,0,0,0.000,0.000,-1,0,0,0,58.431
5533,0,0,0.000,0.000,-1,0,0,0,57.228
5534,0,0,0.000,0.000,-1,0,0,0,57.570
5535,0,0,0.000,0.000,-1,0,0,0,57.962
5536,0,1,82.855,85.542,-1,0,0,0,58.751
5537,0,0,0.000,0.000,-1,0,0,0,58.262
5538,0,0,0.000,0.000,-1,0,0,0,60.105
5539,0,0,0.000,0.000,-1,0,0,0,59.797
5540,0,0,0.000,0.000,-1,0,0,0,57.692
5541,0,0,0.000,0.000,-1,0,0,0,58.798
5542,0,0,0.000,0.000,-1,0,0,0,57.488
5543,0,0,0.000,0.000,-1,0,0,0,56.674
5544,0,0,0.000,0.000,-1,0,0,0,60.723
5545,0,0,0.000,0.000,-1,0,0,0,57.186
5546,0,0,0.000,0.000,-1,0,0,0,57.927
5547,0,0,0.000,0.000,-1,0,0,0,59.099
5548,0,0,0.000,0.000,-1,0,0,0,57.635
5549,0,0,0.000,0.000,-1,0,0,0,59.501
5550,0,0,0.000,0.000,-1,0,0,0,63.635
5551,0,0,0.000,0.000,-1,0,0,0,57.976
5552,0,0,0.000,0.000,-1,0,0,0,56.520
5553,0,0,0.000,0.000,-1,0,0,0,56.979
5554,0,0,0.000,0.000,-1,0,0,0,57.047
5555,0,0,0.000,0.000,-1,0,0,0,56.967
5556,0,0,0.000,0.000,-1,0,0,0,63.249
5557,0,0,0.000,0.000,-1,0,0,0,58.689
5558,0,0,0.000,0.000,-1,0,0,0,58.603
5559,0,0,0.000,0.000,-1,0,0,0,57.623
5560,0,0,0.000,0.000,-1,0,0,0,68.982
5561,0,0,0.000,0.000,-1,0,0,0,63.666
5562,0,0,0.000,0.000,-1,0,0,0,60.535
5563,0,0,0.000,0.000,-1,0,0,0,58.415
5564,0,0,0.000,0.000,-1,0,0,0,59.620
5565,0,0,0.000,0.000,-1,0,0,0,58.461
5566,0,0,0.000,0.000,-1,0,0,0,58.586
5567,0,0,0.000,0.000,-1,0,0,0,59.310
5568,0,1,81.683,84.758,-1,0,0,0,59.881
5569,0,0,0.000,0.000,-1,0,0,0,58.726
5570,0,0,0.000,0.000,-1,0,0,0,59.232
5571,0,0,0.000,0.000,-1,0,0,0,59.325
5572,0,0,0.000,0.000,-1,0,0,0,57.708
5573,0,0,0.000,0.000,-1,0,0,0,57.094
5574,0,0,0.000,0.000,-1,0,0,0,60.061
5575,0,0,0.000,0.000,-1,0,0,0,58.646
5576,0,0,0.000,0.000,-1,0,0,0,59.487
5577,0,0,0.000,0.000,-1,0,0,0,57.236
5578,0,0,0.000,0.000,-1,0,0,0,58.934
5579,0,0,0.000,0.000,-1,0,0,0,58.935
5580,0,0,0.000,0.000,-1,0,0,0,61.966
5581,0,0,0.000,0.000,-1,0,0,0,59.821
5582,0,0,0.000,0.000,-1,0,0,0,59.110
5583,0,0,0.000,0.000,-1,0,0,0,58.472
5584,0,0,0.000,0.000,-1,0,0,0,57.749
5585,0,0,0.000,0.000,-1,0,0,0,57.494
5586,0,0,0.000,0.000,-1,0,0,0,59.152
5587,0,0,0.000,0.000,-1,0,0,0,58.105
5588,0,0,0.000,0.000,-1,0,0,0,56.949
5589,0,0,0.000,0.000,-1,0,0,0,59.241
5590,0,0,0.000,0.000,-1,0,0,0,59.000
5591,0,0,0.000,0.000,-1,0,0,0,58.351
5592,0,0,0.000,0.000,-1,0,0,0,60.243
5593,0,0,0.000,0.000,-1,0,0,0,57.521
5594,0,0,0.000,0.000,-1,0,0,0,59.357
5595,0,0,0.000,0.000,-1,0,0,0,60.088
5596,0,0,0.000,0.000,-1,0,0,0,60.534
5597,0,0,0.000,0.000,-1,0,0,0,58.613
5598,0,0,0.000,0.000,-1,0,0,0,60.883
5599,0,0,0.000,0.000,-1,0,0,0,56.657
5600,0,1,81.506,84.335,-1,0,0,0,59.562
5601,0,0,0.000,0.000,-1,0,0,0,58.026
5602,0,0,0.000,0.000,-1,0,0,0,58.720
5603,0,0,0.000,0.000,-1,0,0,0,57.080
5604,0,0,0.000,0.000,-1,0,0,0,60.370
5605,0,0,0.000,0.000,-1,0,0,0,57.843
5606,0,0,0.000,0.000,-1,0,0,0,56.067
5607,0,0,0.000,0.000,-1,0,0,0,57.653
5608,0,0,0.000,0.000,-1,0,0,0,55.315
5609,0,0,0.000,0.000,-1,0,0,0,57.388
5610,0,0,0.000,0.000,-1,0,0,0,60.003
5611,0,0,0.000,0.000,-1,0,0,0,58.752
5612,0,0,0.000,0.000,-1,0,0,0,57.103
5613,0,0,0.000,0.000,-1,0,0,0,57.449
5614,0,0,0.000,0.000,-1,0,0,0,59.156
5615,0,0,0.000,0.000,-1,0,0,0,57.955
5616,0,0,0.000,0.000,-1,0,0,0,63.438
5617,0,0,0.000,0.000,-1,0,0,0,60.445
5618,0,0,0.000,0.000,-1,0,0,0,62.343
5619,0,0,0.000,0.000,-1,0,0,0,60.271
5620,0,0,0.000,0.000,-1,0,0,0,56.712
5621,0,0,0.000,0.000,-1,0,0,0,59.309
5622,0,0,0.000,0.000,-1,0,0,0,62.477
5623,0,0,0.000,0.000,-1,0,0,0,59.961
5624,0,0,0.000,0.000,-1,0,0,0,58.592
5625,0,0,0.000,0.000,-1,0,0,0,61.611
5626,0,0,0.000,0.000,-1,0,0,0,58.334
5627,0,0,0.000,0.000,-1,0,0,0,59.504
5628,0,0,0.000,0.000,-1,0,0,0,61.963
5629,0,0,0.000,0.000,-1,0,0,0,57.946
5630,0,0,0.000,0.000,-1,0,0,0,56.960
5631,0,0,0.000,0.000,-1,0,0,0,56.917
5632,0,1,81.896,84.765,-1,0,0,0,59.259
5633,0,0,0.000,0.000,-1,0,0,0,57.927
5634,0,0,0.000,0.000,-1,0,0,0,61.375
5635,0,0,0.000,0.000,-1,0,0,0,60.527
5636,0,0,0.000,0.000,-1,0,0,0,65.153
5637,0,0,0.000,0.000,-1,0,0,0,60.758
5638,0,0,0.000,0.000,-1,0,0,0,60.285
5639,0,0,0.000,0.000,-1,0,0,0,60.116
5640,0,0,0.000,0.000,-1,0,0,0,64.960
5641,0,0,0.000,0.000,-1,0,0,0,77.821
5642,0,0,0.000,0.000,-1,0,0,0,61.196
5643,0,0,0.000,0.000,-1,0,0,0,57.994
5644,0,0,0.000,0.000,-1,0,0,0,60.047
5645,0,0,0.000,0.000,-1,0,0,0,59.494
5646,0,0,0.000,0.000,-1,0,0,0,62.891
5647,0,0,0.000,0.000,-1,0,0,0,58.863
5648,0,0,0.000,0.000,-1,0,0,0,59.389
5649,0,0,0.000,0.000,-1,0,0,0,60.110
5650,0,0,0.000,0.000,-1,0,0,0,58.156
5651,0,0,0.000,0.000,-1,0,0,0,58.780
5652,0,0,0.000,0.000,-1,0,0,0,59.112
5653,0,0,0.000,0.000,-1,0,0,0,57.856
5654,0,0,0.000,0.000,-1,0,0,0,59.510
5655,0,0,0.000,0.000,-1,0,0,0,60.761
5656,0,0,0.000,0.000,-1,0,0,0,60.339
5657,0,0,0.000,0.000,-1,0,0,0,59.299
5658,0,0,0.000,0.000,-1,0,0,0,59.515
5659,0,0,0.000,0.000,-1,0,0,0,56.754
5660,0,0,0.000,0.000,-1,0,0,0,60.334
5661,0,0,0.000,0.000,-1,0,0,0,64.220
5662,0,0,0.000,0.000,-1,0,0,0,57.495
5663,0,0,0.000,0.000,-1,0,0,0,63.775
5664,0,1,81.819,84.610,-1,0,0,0,64.995
5665,0,0,0.000,0.000,-1,0,0,0,58.370
5666,0,0,0.000,0.000,-1,0,0,0,59.748
5667,0,0,0.000,0.000,-1,0,0,0,58.920
5668,0,0,0.000,0.000,-1,0,0,0,58.130
5669,0,0,0.000,0.000,-1,0,0,0,58.178
5670,0,0,0.000,0.000,-1,0,0,0,64.684
5671,0,0,0.000,0.000,-1,0,0,0,58.091
5672,0,0,0.000,0.000,-1,0,0,0,61.146
5673,0,0,0.000,0.000,-1,0,0,0,63.600
5674,0,0,0.000,0.000,-1,0,0,0,59.283
5675,0,0,0.000,0.000,-1,0,0,0,59.409
5676,0,0,0.000,0.000,-1,0,0,0,57.867
5677,0,0,0.000,0.000,-1,0,0,0,58.245
5678,0,0,0.000,0.000,-1,0,0,0,61.081
5679,0,0,0.000,0.000,-1,0,0,0,57.394
5680,0,0,0.000,0.000,-1,0,0,0,58.779
5681,0,0,0.000,0.000,-1,0,0,0,62.241
5682,0,0,0.000,0.000,-1,0,0,0,60.366
5683,0,0,0.000,0.000,-1,0,0,0,59.744
5684,0,0,0.000,0.000,-1,0,0,0,59.511
5685,0,0,0.000,0.000,-1,0,0,0,58.999
5686,0,0,0.000,0.000,-1,0,0,0,57.904
5687,0,0,0.000,0.000,-1,0,0,0,59.286
5688,0,0,0.000,0.000,-1,0,0,0,59.938
5689,0,0,0.000,0.000,-1,0,0,0,59.147
5690,0,0,0.000,0.000,-1,0,0,0,61.603
5691,0,0,0.000,0.000,-1,0,0,0,60.619
5692,0,0,0.000,0.000,-1,0,0,0,56.222
5693,0,0,0.000,0.000,-1,0,0,0,57.370
5694,0,0,0.000,0.000,-1,0,0,0,60.478
5695,0,0,0.000,0.000,-1,0,0,0,59.016
5696,0,1,82.743,85.703,-1,0,0,0,59.508
5697,0,0,0.000,0.000,-1,0,0,0,58.251
5698,0,0,0.000,0.000,-1,0,0,0,58.395
5699,0,0,0.000,0.000,-1,0,0,0,59.143
5700,0,0,0.000,0.000,-1,0,0,0,62.970
5701,0,0,0.000,0.000,-1,0,0,0,60.411
5702,0,0,0.000,0.000,-1,0,0,0,60.247
5703,0,0,0.000,0.000,-1,0,0,0,61.052
5704,0,0,0.000,0.000,-1,0,0,0,58.120
5705,0,0,0.000,0.000,-1,0,0,0,58.532
5706,0,0,0.000,0.000,-1,0,0,0,59.103
5707,0,0,0.000,0.000,-1,0,0,0,57.697
5708,0,0,0.000,0.000,-1,0,0,0,58.346
5709,0,0,0.000,0.000,-1,0,0,0,57.855
5710,0,0,0.000,0.000,-1,0,0,0,59.801
5711,0,0,0.000,0.000,-1,0,0,0,58.188
5712,0,0,0.000,0.000,-1,0,0,0,60.111
5713,0,0,0.000,0.000,-1,0,0,0,58.609
5714,0,0,0.000,0.000,-1,0,0,0,59.726
5715,0,0,0.000,0.000,-1,0,0,0,61.117
5716,0,0,0.000,0.000,-1,0,0,0,62.107
5717,0,0,0.000,0.000,-1,0,0,0,61.301
5718,0,0,0.000,0.000,-1,0,0,0,61.186
5719,0,0,0.000,0.000,-1,0,0,0,60.646
5720,0,0,0.000,0.000,-1,0,0,0,59.979
5721,0,0,0.000,0.000,-1,0,0,0,60.018
5722,0,0,0.000,0.000,-1,0,0,0,61.630
5723,0,0,0.000,0.000,-1,0,0,0,57.894
5724,0,0,0.000,0.000,-1,0,0,0,60.553
5725,0,0,0.000,0.000,-1,0,0,0,58.875
5726,0,0,0.000,0.000,-1,0,0,0,61.447
5727,0,0,0.000,0.000,-1,0,0,0,57.311
5728,0,1,82.484,85.333,-1,0,0,0,59.721
5729,0,0,0.000,0.000,-1,0,0,0,62.131
5730,0,0,0.000,0.000,-1,0,0,0,62.092
5731,0,0,0.000,0.000,-1,0,0,0,58.053
5732,0,0,0.000,0.000,-1,0,0,0,57.122
5733,0,0,0.000,0.000,-1,0,0,0,64.142
5734,0,0,0.000,0.000,-1,0,0,0,61.418
5735,0,0,0.000,0.000,-1,0,0,0,55.928
5736,0,0,0.000,0.000,-1,0,0,0,59.743
5737,0,0,0.000,0.000,-1,0,0,0,61.998
5738,0,0,0.000,0.000,-1,0,0,0,57.976
5739,0,0,0.000,0.000,-1,0,0,0,58.590
5740,0,0,0.000,0.000,-1,0,0,0,58.739
5741,0,0,0.000,0.000,-1,0,0,0,58.551
5742,0,0,0.000,0.000,-1,0,0,0,59.731
5743,0,0,0.000,0.000,-1,0,0,0,93.373
5744,0,0,0.000,0.000,-1,0,0,0,60.349
5745,0,0,0.000,0.000,-1,0,0,0,59.441
5746,0,0,0.000,0.000,-1,0,0,0,58.729
5747,0,0,0.000,0.000,-1,0,0,0,59.374
5748,0,0,0.000,0.000,-1,0,0,0,60.483
5749,0,0,0.000,0.000,-1,0,0,0,61.432
5750,0,0,0.000,0.000,-1,0,0,0,57.015
5751,0,0,0.000,0.000,-1,0,0,0,58.568
5752,0,0,0.000,0.000,-1,0,0,0,58.403
5753,0,0,0.000,0.000,-1,0,0,0,57.955
5754,0,0,0.000,0.000,-1,0,0,0,57.908
5755,0,0,0.000,0.000,-1,0,0,0,55.755
5756,0,0,0.000,0.000,-1,0,0,0,56.761
5757,0,0,0.000,0.000,-1,0,0,0,57.010
5758,0,0,0.000,0.000,-1,0,0,0,58.479
5759,0,0,0.000,0.000,-1,0,0,0,58.717
5760,0,1,82.518,85.184,-1,0,0,0,60.987
5761,0,0,0.000,0.000,-1,0,0,0,59.966
5762,0,0,0.000,0.000,-1,0,0,0,58.758
5763,0,0,0.000,0.000,-1,0,0,0,56.519
5764,0,0,0.000,0.000,-1,0,0,0,58.029
5765,0,0,0.000,0.000,-1,0,0,0,58.609
5766,0,0,0.000,0.000,-1,0,0,0,60.009
5767,0,0,0.000,0.000,-1,0,0,0,59.093
5768,0,0,0.000,0.000,-1,0,0,0,56.647
5769,0,0,0.000,0.000,-1,0,0,0,57.252
5770,0,0,0.000,0.000,-1,0,0,0,57.299
5771,0,0,0.000,0.000,-1,0,0,0,59.341
5772,0,0,0.000,0.000,-1,0,0,0,60.510
5773,0,0,0.000,0.000,-1,0,0,0,57.762
5774,0,0,0.000,0.000,-1,0,0,0,59.622
5775,0,0,0.000,0.000,-1,0,0,0,60.188
5776,0,0,0.000,0.000,-1,0,0,0,57.699
5777,0,0,0.000,0.000,-1,0,0,0,56.872
5778,0,0,0.000,0.000,-1,0,0,0,59.718
5779,0,0,0.000,0.000,-1,0,0,0,60.519
5780,0,0,0.000,0.000,-1,0,0,0,59.523
5781,0,0,0.000,0.000,-1,0,0,0,57.239
5782,0,0,0.000,0.000,-1,0,0,0,58.103
5783,0,0,0.000,0.000,-1,0,0,0,56.792
5784,0,0,0.000,0.000,-1,0,0,0,60.830
5785,0,0,0.000,0.000,-1,0,0,0,58.986
5786,0,0,0.000,0.000,-1,0,0,0,56.261
5787,0,0,0.000,0.000,-1,0,0,0,58.806
5788,0,0,0.000,0.000,-1,0,0,0,59.571
5789,0,0,0.000,0.000,-1,0,0,0,58.388
5790,0,0,0.000,0.000,-1,0,0,0,60.628
5791,0,0,0.000,0.000,-1,0,0,0,57.326
5792,0,1,82.735,85.433,-1,0,0,0,56.067
5793,0,0,0.000,0.000,-1,0,0,0,58.727
5794,0,0,0.000,0.000,-1,0,0,0,61.410
5795,0,0,0.000,0.000,-1,0,0,0,62.777
5796,0,0,0.000,0.000,-1,0,0,0,61.047
5797,0,0,0.000,0.000,-1,0,0,0,58.660
5798,0,0,0.000,0.000,-1,0,0,0,58.685
5799,0,0,0.000,0.000,-1,0,0,0,58.917
5800,0,0,0.000,0.000,-1,0,0,0,58.605
5801,0,0,0.000,0.000,-1,0,0,0,58.925
5802,0,0,0.000,0.000,-1,0,0,0,59.708
5803,0,0,0.000,0.000,-1,0,0,0,59.515
5804,0,0,0.000,0.000,-1,0,0,0,58.955
5805,0,0,0.000,0.000,-1,0,0,0,58.077
5806,0,0,0.000,0.000,-1,0,0,0,58.973
5807,0,0,0.000,0.000,-1,0,0,0,58.473
5808,0,0,0.000,0.000,-1,0,0,0,60.560
5809,0,0,0.000,0.000,-1,0,0,0,58.824
5810,0,0,0.000,0.000,-1,0,0,0,59.540
5811,0,0,0.000,0.000,-1,0,0,0,61.020
5812,0,0,0.000,0.000,-1,0,0,0,61.230
5813,0,0,0.000,0.000,-1,0,0,0,58.126
5814,0,0,0.000,0.000,-1,0,0,0,60.412
5815,0,0,0.000,0.000,-1,0,0,0,58.010
5816,0,0,0.000,0.000,-1,0,0,0,60.424
5817,0,0,0.000,0.000,-1,0,0,0,61.780
5818,0,0,0.000,0.000,-1,0,0,0,58.164
5819,0,0,0.000,0.000,-1,0,0,0,60.475
5820,0,0,0.000,0.000,-1,0,0,0,62.138
5821,0,0,0.000,0.000,-1,0,0,0,59.176
5822,0,0,0.000,0.000,-1,0,0,0,59.053
5823,0,0,0.000,0.000,-1,0,0,0,58.075
5824,0,1,82.606,85.469,-1,0,0,0,59.043
5825,0,0,0.000,0.000,-1,0,0,0,61.610
5826,0,0,0.000,0.000,-1,0,0,0,62.016
5827,0,0,0.000,0.000,-1,0,0,0,66.874
5828,0,0,0.000,0.000,-1,0,0,0,61.353
5829,0,0,0.000,0.000,-1,0,0,0,60.129
5830,0,0,0.000,0.000,-1,0,0,0,58.314
5831,0,0,0.000,0.000,-1,0,0,0,60.182
5832,0,0,0.000,0.000,-1,0,0,0,61.358
5833,0,0,0.000,0.000,-1,0,0,0,60.693
5834,0,0,0.000,0.000,-1,0,0,0,63.080
5835,0,0,0.000,0.000,-1,0,0,0,59.541
5836,0,0,0.000,0.000,-1,0,0,0,61.843
5837,0,0,0.000,0.000,-1,0,0,0,60.817
5838,0,0,0.000,0.000,-1,0,0,0,62.875
5839,0,0,0.000,0.000,-1,0,0,0,62.073
5840,0,0,0.000,0.000,-1,0,0,0,62.288
5841,0,0,0.000,0.000,-1,0,0,0,61.778
5842,0,0,0.000,0.000,-1,0,0,0,60.685
5843,0,0,0.000,0.000,-1,0,0,0,61.980
5844,0,0,0.000,0.000,-1,0,0,0,60.093
5845,0,0,0.000,0.000,-1,0,0,0,59.597
5846,0,0,0.000,0.000,-1,0,0,0,60.561
5847,0,0,0.000,0.000,-1,0,0,0,59.127
5848,0,0,0.000,0.000,-1,0,0,0,62.882
5849,0,0,0.000,0.000,-1,0,0,0,62.755
5850,0,0,0.000,0.000,-1,0,0,0,63.540
5851,0,0,0.000,0.000,-1,0,0,0,64.404
5852,0,0,0.000,0.000,-1,0,0,0,59.970
5853,0,0,0.000,0.000,-1,0,0,0,61.950
5854,0,0,0.000,0.000,-1,0,0,0,59.854
5855,0,0,0.000,0.000,-1,0,0,0,58.835
5856,0,1,83.676,86.383,-1,0,0,0,59.781
5857,0,0,0.000,0.000,-1,0,0,0,58.978
5858,0,0,0.000,0.000,-1,0,0,0,59.967
5859,0,0,0.000,0.000,-1,0,0,0,59.896
5860,0,0,0.000,0.000,-1,0,0,0,57.968
5861,0,0,0.000,0.000,-1,0,0,0,60.224
5862,0,0,0.000,0.000,-1,0,0,0,61.907
5863,0,0,0.000,0.000,-1,0,0,0,57.834
5864,0,0,0.000,0.000,-1,0,0,0,59.163
5865,0,0,0.000,0.000,-1,0,0,0,59.639
5866,0,0,0.000,0.000,-1,0,0,0,59.226
5867,0,0,0.000,0.000,-1,0,0,0,57.975
5868,0,0,0.000,0.000,-1,0,0,0,61.884
5869,0,0,0.000,0.000,-1,0,0,0,58.331
5870,0,0,0.000,0.000,-1,0,0,0,56.960
5871,0,0,0.000,0.000,-1,0,0,0,59.383
5872,0,0,0.000,0.000,-1,0,0,0,57.674
5873,0,0,0.000,0.000,-1,0,0,0,59.819
5874,0,0,0.000,0.000,-1,0,0,0,60.985
5875,0,0,0.000,0.000,-1,0,0,0,65.393
5876,0,0,0.000,0.000,-1,0,0,0,60.629
5877,0,0,0.000,0.000,-1,0,0,0,59.619
5878,0,0,0.000,0.000,-1,0,0,0,59.784
5879,0,0,0.000,0.000,-1,0,0,0,60.092
5880,0,0,0.000,0.000,-1,0,0,0,64.525
5881,0,0,0.000,0.000,-1,0,0,0,59.920
5882,0,0,0.000,0.000,-1,0,0,0,62.170
5883,0,0,0.000,0.000,-1,0,0,0,61.347
5884,0,0,0.000,0.000,-1,0,0,0,60.396
5885,0,0,0.000,0.000,-1,0,0,0,59.457
5886,0,0,0.000,0.000,-1,0,0,0,62.054
5887,0,0,0.000,0.000,-1,0,0,0,57.310
5888,0,1,83.208,86.034,-1,0,0,0,59.361
5889,0,0,0.000,0.000,-1,0,0,0,61.389
5890,0,0,0.000,0.000,-1,0,0,0,60.311
5891,0,0,0.000,0.000,-1,0,0,0,59.981
5892,0,0,0.000,0.000,-1,0,0,0,62.297
5893,0,0,0.000,0.000,-1,0,0,0,60.109
5894,0,0,0.000,0.000,-1,0,0,0,81.237
5895,0,0,0.000,0.000,-1,0,0,0,67.987
5896,0,0,0.000,0.000,-1,0,0,0,62.559
5897,0,0,0.000,0.000,-1,0,0,0,60.118
5898,0,0,0.000,0.000,-1,0,0,0,59.825
5899,0,0,0.000,0.000,-1,0,0,0,56.951
5900,0,0,0.000,0.000,-1,0,0,0,57.822
5901,0,0,0.000,0.000,-1,0,0,0,58.245
5902,0,0,0.000,0.000,-1,0,0,0,61.282
5903,0,0,0.000,0.000,-1,0,0,0,57.917
5904,0,0,0.000,0.000,-1,0,0,0,60.631
5905,0,0,0.000,0.000,-1,0,0,0,59.686
5906,0,0,0.000,0.000,-1,0,0,0,58.841
5907,0,0,0.000,0.000,-1,0,0,0,60.222
5908,0,0,0.000,0.000,-1,0,0,0,57.909
5909,0,0,0.000,0.000,-1,0,0,0,56.907
5910,0,0,0.000,0.000,-1,0,0,0,61.983
5911,0,0,0.000,0.000,-1,0,0,0,59.386
5912,0,0,0.000,0.000,-1,0,0,0,61.687
5913,0,0,0.000,0.000,-1,0,0,0,59.775
5914,0,0,0.000,0.000,-1,0,0,0,58.560
5915,0,0,0.000,0.000,-1,0,0,0,60.595
5916,0,0,0.000,0.000,-1,0,0,0,62.385
5917,0,0,0.000,0.000,-1,0,0,0,57.965
5918,0,0,0.000,0.000,-1,0,0,0,62.435
5919,0,0,0.000,0.000,-1,0,0,0,61.171
5920,0,1,87.501,90.312,-1,0,0,0,60.717
5921,0,0,0.000,0.000,-1,0,0,0,57.909
5922,0,0,0.000,0.000,-1,0,0,0,57.724
5923,0,0,0.000,0.000,-1,0,0,0,58.983
5924,0,0,0.000,0.000,-1,0,0,0,59.032
5925,0,0,0.000,0.000,-1,0,0,0,59.292
5926,0,0,0.000,0.000,-1,0,0,0,57.661
5927,0,0,0.000,0.000,-1,0,0,0,57.979
5928,0,0,0.000,0.000,-1,0,0,0,62.057
5929,0,0,0.000,0.000,-1,0,0,0,61.531
5930,0,0,0.000,0.000,-1,0,0,0,59.020
5931,0,0,0.000,0.000,-1,0,0,0,60.210
5932,0,0,0.000,0.000,-1,0,0,0,59.330
5933,0,0,0.000,0.000,-1,0,0,0,58.887
5934,0,0,0.000,0.000,-1,0,0,0,59.815
5935,0,0,0.000,0.000,-1,0,0,0,58.607
5936,0,0,0.000,0.000,-1,0,0,0,57.278
5937,0,0,0.000,0.000,-1,0,0,0,59.326
5938,0,0,0.000,0.000,-1,0,0,0,59.109
5939,0,0,0.000,0.000,-1,0,0,0,59.132
5940,0,0,0.000,0.000,-1,0,0,0,61.247
5941,0,0,0.000,0.000,-1,0,0,0,56.909
5942,0,0,0.000,0.000,-1,0,0,0,58.046
5943,0,0,0.000,0.000,-1,0,0,0,58.133
5944,0,0,0.000,0.000,-1,0,0,0,60.580
5945,0,0,0.000,0.000,-1,0,0,0,59.481
5946,0,0,0.000,0.000,-1,0,0,0,62.202
5947,0,0,0.000,0.000,-1,0,0,0,61.401
5948,0,0,0.000,0.000,-1,0,0,0,58.578
5949,0,0,0.000,0.000,-1,0,0,0,57.580
5950,0,0,0.000,0.000,-1,0,0,0,58.078
5951,0,0,0.000,0.000,-1,0,0,0,58.264
5952,0,1,82.511,85.157,-1,0,0,0,62.723
5953,0,0,0.000,0.000,-1,0,0,0,60.892
5954,0,0,0.000,0.000,-1,0,0,0,58.915
5955,0,0,0.000,0.000,-1,0,0,0,59.354
5956,0,0,0.000,0.000,-1,0,0,0,57.640
5957,0,0,0.000,0.000,-1,0,0,0,57.743
5958,0,0,0.000,0.000,-1,0,0,0,61.601
5959,0,0,0.000,0.000,-1,0,0,0,58.737
5960,0,0,0.000,0.000,-1,0,0,0,58.443
5961,0,0,0.000,0.000,-1,0,0,0,57.618
5962,0,0,0.000,0.000,-1,0,0,0,58.796
5963,0,0,0.000,0.000,-1,0,0,0,57.583
5964,0,0,0.000,0.000,-1,0,0,0,73.279
5965,0,0,0.000,0.000,-1,0,0,0,57.230
5966,0,0,0.000,0.000,-1,0,0,0,57.146
5967,0,0,0.000,0.000,-1,0,0,0,59.872
5968,0,0,0.000,0.000,-1,0,0,0,61.724
5969,0,0,0.000,0.000,-1,0,0,0,58.497
5970,0,0,0.000,0.000,-1,0,0,0,61.158
5971,0,0,0.000,0.000,-1,0,0,0,58.514
5972,0,0,0.000,0.000,-1,0,0,0,61.072
5973,0,0,0.000,0.000,-1,0,0,0,60.998
5974,0,0,0.000,0.000,-1,0,0,0,58.049
5975,0,0,0.000,0.000,-1,0,0,0,58.670
5976,0,0,0.000,0.000,-1,0,0,0,61.055
5977,0,0,0.000,0.000,-1,0,0,0,59.063
5978,0,0,0.000,0.000,-1,0,0,0,59.571
5979,0,0,0.000,0.000,-1,0,0,0,59.051
5980,0,0,0.000,0.000,-1,0,0,0,59.813
5981,0,0,0.000,0.000,-1,0,0,0,57.838
5982,0,0,0.000,0.000,-1,0,0,0,61.362
5983,0,0,0.000,0.000,-1,0,0,0,59.465
5984,0,1,86.281,88.997,-1,0,0,0,57.815
5985,0,0,0.000,0.000,-1,0,0,0,60.742
5986,0,0,0.000,0.000,-1,0,0,0,60.638
5987,0,0,0.000,0.000,-1,0,0,0,58.429
5988,0,0,0.000,0.000,-1,0,0,0,61.123
5989,0,0,0.000,0.000,-1,0,0,0,60.000
5990,0,0,0.000,0.000,-1,0,0,0,59.826
5991,0,0,0.000,0.000,-1,0,0,0,60.927
5992,0,0,0.000,0.000,-1,0,0,0,60.761
5993,0,0,0.000,0.000,-1,0,0,0,65.317
5994,0,0,0.000,0.000,-1,0,0,0,63.331
5995,0,0,0.000,0.000,-1,0,0,0,64.321
5996,0,0,0.000,0.000,-1,0,0,0,63.461
5997,0,0,0.000,0.000,-1,0,0,0,59.183
5998,0,0,0.000,0.000,-1,0,0,0,59.211
5999,0,0,0.000,0.000,-1,0,0,0,58.958
6000,0,0,0.000,0.000,-1,0,0,0,61.470
6001,0,0,0.000,0.000,-1,0,0,0,58.816
6002,0,0,0.000,0.000,-1,0,0,0,61.015
6003,0,0,0.000,0.000,-1,0,0,0,59.654
6004,0,0,0.000,0.000,-1,0,0,0,60.065
6005,0,0,0.000,0.000,-1,0,0,0,59.441
6006,0,0,0.000,0.000,-1,0,0,0,65.070
6007,0,0,0.000,0.000,-1,0,0,0,60.004
6008,0,0,0.000,0.000,-1,0,0,0,61.015
6009,0,0,0.000,0.000,-1,0,0,0,62.350
6010,0,0,0.000,0.000,-1,0,0,0,62.161
6011,0,0,0.000,0.000,-1,0,0,0,61.122
6012,0,0,0.000,0.000,-1,0,0,0,62.937
6013,0,0,0.000,0.000,-1,0,0,0,61.157
6014,0,0,0.000,0.000,-1,0,0,0,60.284
6015,0,0,0.000,0.000,-1,0,0,0,64.457
6016,0,1,85.163,88.265,-1,0,0,0,68.148
6017,0,0,0.000,0.000,-1,0,0,0,60.858
6018,0,0,0.000,0.000,-1,0,0,0,62.417
6019,0,0,0.000,0.000,-1,0,0,0,61.517
6020,0,0,0.000,0.000,-1,0,0,0,64.769
6021,0,0,0.000,0.000,-1,0,0,0,59.847
6022,0,0,0.000,0.000,-1,0,0,0,60.617
6023,0,0,0.000,0.000,-1,0,0,0,62.223
6024,0,0,0.000,0.000,-1,0,0,0,64.832
6025,0,0,0.000,0.000,-1,0,0,0,60.004
6026,0,0,0.000,0.000,-1,0,0,0,60.528
6027,0,0,0.000,0.000,-1,0,0,0,61.151
6028,0,0,0.000,0.000,-1,0,0,0,60.014
6029,0,0,0.000,0.000,-1,0,0,0,58.949
6030,0,0,0.000,0.000,-1,0,0,0,61.617
6031,0,0,0.000,0.000,-1,0,0,0,58.826
6032,0,0,0.000,0.000,-1,0,0,0,59.315
6033,0,0,0.000,0.000,-1,0,0,0,60.992
6034,0,0,0.000,0.000,-1,0,0,0,57.647
6035,0,0,0.000,0.000,-1,0,0,0,58.695
6036,0,0,0.000,0.000,-1,0,0,0,62.348
6037,0,0,0.000,0.000,-1,0,0,0,60.114
6038,0,0,0.000,0.000,-1,0,0,0,60.693
6039,0,0,0.000,0.000,-1,0,0,0,60.023
6040,0,0,0.000,0.000,-1,0,0,0,58.895
6041,0,0,0.000,0.000,-1,0,0,0,57.932
6042,0,0,0.000,0.000,-1,0,0,0,61.543
6043,0,0,0.000,0.000,-1,0,0,0,61.581
6044,0,0,0.000,0.000,-1,0,0,0,61.862
6045,0,0,0.000,0.000,-1,0,0,0,60.649
6046,0,0,0.000,0.000,-1,0,0,0,57.967
6047,0,0,0.000,0.000,-1,0,0,0,59.374
6048,0,1,86.260,89.128,-1,0,0,0,62.314
6049,0,0,0.000,0.000,-1,0,0,0,60.566
6050,0,0,0.000,0.000,-1,0,0,0,57.318
6051,0,0,0.000,0.000,-1,0,0,0,59.765
6052,0,0,0.000,0.000,-1,0,0,0,59.285
6053,0,0,0.000,0.000,-1,0,0,0,58.654
6054,0,0,0.000,0.000,-1,0,0,0,59.862
6055,0,0,0.000,0.000,-1,0,0,0,61.098
6056,0,0,0.000,0.000,-1,0,0,0,57.658
6057,0,0,0.000,0.000,-1,0,0,0,77.882
6058,0,0,0.000,0.000,-1,0,0,0,63.049
6059,0,0,0.000,0.000,-1,0,0,0,58.955
6060,0,0,0.000,0.000,-1,0,0,0,62.763
6061,0,0,0.000,0.000,-1,0,0,0,58.707
6062,0,0,0.000,0.000,-1,0,0,0,61.380
6063,0,0,0.000,0.000,-1,0,0,0,62.070
6064,0,0,0.000,0.000,-1,0,0,0,58.847
6065,0,0,0.000,0.000,-1,0,0,0,59.201
6066,0,0,0.000,0.000,-1,0,0,0,61.859
6067,0,0,0.000,0.000,-1,0,0,0,56.843
6068,0,0,0.000,0.000,-1,0,0,0,60.023
6069,0,0,0.000,0.000,-1,0,0,0,58.582
6070,0,0,0.000,0.000,-1,0,0,0,59.400
6071,0,0,0.000,0.000,-1,0,0,0,58.720
6072,0,0,0.000,0.000,-1,0,0,0,60.315
6073,0,0,0.000,0.000,-1,0,0,0,60.902
6074,0,0,0.000,0.000,-1,0,0,0,57.828
6075,0,0,0.000,0.000,-1,0,0,0,59.602
6076,0,0,0.000,0.000,-1,0,0,0,57.176
6077,0,0,0.000,0.000,-1,0,0,0,57.204
6078,0,0,0.000,0.000,-1,0,0,0,60.707
6079,0,0,0.000,0.000,-1,0,0,0,59.976
6080,0,1,81.615,84.554,-1,0,0,0,59.785
6081,0,0,0.000,0.000,-1,0,0,0,58.259
6082,0,0,0.000,0.000,-1,0,0,0,58.348
6083,0,0,0.000,0.000,-1,0,0,0,60.090
6084,0,0,0.000,0.000,-1,0,0,0,61.184
6085,0,0,0.000,0.000,-1,0,0,0,59.798
6086,0,0,0.000,0.000,-1,0,0,0,58.597
6087,0,0,0.000,0.000,-1,0,0,0,61.212
6088,0,0,0.000,0.000,-1,0,0,0,57.625
6089,0,0,0.000,0.000,-1,0,0,0,61.744
6090,0,0,0.000,0.000,-1,0,0,0,63.265
6091,0,0,0.000,0.000,-1,0,0,0,60.570
6092,0,0,0.000,0.000,-1,0,0,0,59.370
6093,0,0,0.000,0.000,-1,0,0,0,63.767
6094,0,0,0.000,0.000,-1,0,0,0,59.992
6095,0,0,0.000,0.000,-1,0,0,0,59.352
6096,0,0,0.000,0.000,-1,0,0,0,61.393
6097,0,0,0.000,0.000,-1,0,0,0,61.255
6098,0,0,0.000,0.000,-1,0,0,0,59.277
6099,0,0,0.000,0.000,-1,0,0,0,59.552
6100,0,0,0.000,0.000,-1,0,0,0,60.777
6101,0,0,0.000,0.000,-1,0,0,0,63.857
6102,0,0,0.000,0.000,-1,0,0,0,64.661
6103,0,0,0.000,0.000,-1,0,0,0,60.150
6104,0,0,0.000,0.000,-1,0,0,0,59.876
6105,0,0,0.000,0.000,-1,0,0,0,61.772
6106,0,0,0.000,0.000,-1,0,0,0,59.253
6107,0,0,0.000,0.000,-1,0,0,0,61.181
6108,0,0,0.000,0.000,-1,0,0,0,62.812
6109,0,0,0.000,0.000,-1,0,0,0,58.803
6110,0,0,0.000,0.000,-1,0,0,0,58.330
6111,0,0,0.000,0.000,-1,0,0,0,58.697
6112,0,1,81.623,84.475,-1,0,0,0,64.263
6113,0,0,0.000,0.000,-1,0,0,0,59.192
6114,0,0,0.000,0.000,-1,0,0,0,60.044
6115,0,0,0.000,0.000,-1,0,0,0,59.180
6116,0,0,0.000,0.000,-1,0,0,0,57.212
6117,0,0,0.000,0.000,-1,0,0,0,58.176
6118,0,0,0.000,0.000,-1,0,0,0,58.965
6119,0,0,0.000,0.000,-1,0,0,0,58.607
6120,0,0,0.000,0.000,-1,0,0,0,63.717
6121,0,0,0.000,0.000,-1,0,0,0,58.514
6122,0,0,0.000,0.000,-1,0,0,0,58.788
6123,0,0,0.000,0.000,-1,0,0,0,61.782
6124,0,0,0.000,0.000,-1,0,0,0,60.786
6125,0,0,0.000,0.000,-1,0,0,0,60.295
6126,0,0,0.000,0.000,-1,0,0,0,63.215
6127,0,0,0.000,0.000,-1,0,0,0,66.619
6128,0,0,0.000,0.000,-1,0,0,0,59.818
6129,0,0,0.000,0.000,-1,0,0,0,57.067
6130,0,0,0.000,0.000,-1,0,0,0,57.623
6131,0,0,0.000,0.000,-1,0,0,0,57.341
6132,0,0,0.000,0.000,-1,0,0,0,58.532
6133,0,0,0.000,0.000,-1,0,0,0,58.590
6134,0,0,0.000,0.000,-1,0,0,0,57.402
6135,0,0,0.000,0.000,-1,0,0,0,60.027
6136,0,0,0.000,0.000,-1,0,0,0,59.533
6137,0,0,0.000,0.000,-1,0,0,0,57.934
6138,0,0,0.000,0.000,-1,0,0,0,59.282
6139,0,0,0.000,0.000,-1,0,0,0,58.938
6140,0,0,0.000,0.000,-1,0,0,0,58.269
6141,0,0,0.000,0.000,-1,0,0,0,62.370
6142,0,0,0.000,0.000,-1,0,0,0,59.480
6143,0,0,0.000,0.000,-1,0,0,0,59.341
6144,0,1,83.412,86.084,-1,0,0,0,62.695
6145,0,0,0.000,0.000,-1,0,0,0,58.493
6146,0,0,0.000,0.000,-1,0,0,0,57.006
6147,0,0,0.000,0.000,-1,0,0,0,57.298
6148,0,0,0.000,0.000,-1,0,0,0,58.195
6149,0,0,0.000,0.000,-1,0,0,0,57.979
6150,0,0,0.000,0.000,-1,0,0,0,61.841
6151,0,0,0.000,0.000,-1,0,0,0,57.966
6152,0,0,0.000,0.000,-1,0,0,0,59.286
6153,0,0,0.000,0.000,-1,0,0,0,56.711
6154,0,0,0.000,0.000,-1,0,0,0,57.297
6155,0,0,0.000,0.000,-1,0,0,0,59.910
6156,0,0,0.000,0.000,-1,0,0,0,60.976
6157,0,0,0.000,0.000,-1,0,0,0,59.260
6158,0,0,0.000,0.000,-1,0,0,0,58.797
6159,0,0,0.000,0.000,-1,0,0,0,58.892
6160,0,0,0.000,0.000,-1,0,0,0,61.581
6161,0,0,0.000,0.000,-1,0,0,0,56.577
6162,0,0,0.000,0.000,-1,0,0,0,61.889
6163,0,0,0.000,0.000,-1,0,0,0,56.042
6164,0,0,0.000,0.000,-1,0,0,0,56.624
6165,0,0,0.000,0.000,-1,0,0,0,57.996
6166,0,0,0.000,0.000,-1,0,0,0,57.926
6167,0,0,0.000,0.000,-1,0,0,0,56.727
6168,0,0,0.000,0.000,-1,0,0,0,59.441
6169,0,0,0.000,0.000,-1,0,0,0,59.108
6170,0,0,0.000,0.000,-1,0,0,0,57.726
6171,0,0,0.000,0.000,-1,0,0,0,58.322
6172,0,0,0.000,0.000,-1,0,0,0,62.096
6173,0,0,0.000,0.000,-1,0,0,0,57.857
6174,0,0,0.000,0.000,-1,0,0,0,61.752
6175,0,0,0.000,0.000,-1,0,0,0,59.535
6176,0,1,83.441,86.146,-1,0,0,0,56.980
6177,0,0,0.000,0.000,-1,0,0,0,58.529
6178,0,0,0.000,0.000,-1,0,0,0,57.194
6179,0,0,0.000,0.000,-1,0,0,0,59.980
6180,0,0,0.000,0.000,-1,0,0,0,62.160
6181,0,0,0.000,0.000,-1,0,0,0,57.908
6182,0,0,0.000,0.000,-1,0,0,0,59.100
6183,0,0,0.000,0.000,-1,0,0,0,59.924
6184,0,0,0.000,0.000,-1,0,0,0,59.156
6185,0,0,0.000,0.000,-1,0,0,0,60.975
6186,0,0,0.000,0.000,-1,0,0,0,61.999
6187,0,0,0.000,0.000,-1,0,0,0,62.805
6188,0,0,0.000,0.000,-1,0,0,0,56.046
6189,0,0,0.000,0.000,-1,0,0,0,57.347
6190,0,0,0.000,0.000,-1,0,0,0,59.247
6191,0,0,0.000,0.000,-1,0,0,0,57.601
6192,0,0,0.000,0.000,-1,0,0,0,59.676
6193,0,0,0.000,0.000,-1,0,0,0,58.396
6194,0,0,0.000,0.000,-1,0,0,0,57.952
6195,0,0,0.000,0.000,-1,0,0,0,56.449
6196,0,0,0.000,0.000,-1,0,0,0,58.320
6197,0,0,0.000,0.000,-1,0,0,0,58.645
6198,0,0,0.000,0.000,-1,0,0,0,59.372
6199,0,0,0.000,0.000,-1,0,0,0,59.035
6200,0,0,0.000,0.000,-1,0,0,0,57.637
6201,0,0,0.000,0.000,-1,0,0,0,58.120
6202,0,0,0.000,0.000,-1,0,0,0,57.298
6203,0,0,0.000,0.000,-1,0,0,0,57.775
6204,0,0,0.000,0.000,-1,0,0,0,59.016
6205,0,0,0.000,0.000,-1,0,0,0,57.974
6206,0,0,0.000,0.000,-1,0,0,0,56.608
6207,0,0,0.000,0.000,-1,0,0,0,56.580
6208,0,1,82.729,85.589,-1,0,0,0,58.495
6209,0,0,0.000,0.000,-1,0,0,0,58.275
6210,0,0,0.000,0.000,-1,0,0,0,60.587
6211,0,0,0.000,0.000,-1,0,0,0,56.898
6212,0,0,0.000,0.000,-1,0,0,0,56.024
6213,0,0,0.000,0.000,-1,0,0,0,56.934
6214,0,0,0.000,0.000,-1,0,0,0,60.776
6215,0,0,0.000,0.000,-1,0,0,0,60.380
6216,0,0,0.000,0.000,-1,0,0,0,60.894
6217,0,0,0.000,0.000,-1,0,0,0,61.050
6218,0,0,0.000,0.000,-1,0,0,0,59.884
6219,0,0,0.000,0.000,-1,0,0,0,57.928
6220,0,0,0.000,0.000,-1,0,0,0,58.948
6221,0,0,0.000,0.000,-1,0,0,0,56.405
6222,0,0,0.000,0.000,-1,0,0,0,58.083
6223,0,0,0.000,0.000,-1,0,0,0,57.947
6224,0,0,0.000,0.000,-1,0,0,0,56.842
6225,0,0,0.000,0.000,-1,0,0,0,57.301
6226,0,0,0.000,0.000,-1,0,0,0,59.104
6227,0,0,0.000,0.000,-1,0,0,0,57.985
6228,0,0,0.000,0.000,-1,0,0,0,59.204
6229,0,0,0.000,0.000,-1,0,0,0,57.975
6230,0,0,0.000,0.000,-1,0,0,0,58.813
6231,0,0,0.000,0.000,-1,0,0,0,58.930
6232,0,0,0.000,0.000,-1,0,0,0,58.235
6233,0,0,0.000,0.000,-1,0,0,0,57.258
6234,0,0,0.000,0.000,-1,0,0,0,60.594
6235,0,0,0.000,0.000,-1,0,0,0,59.706
6236,0,0,0.000,0.000,-1,0,0,0,56.679
6237,0,0,0.000,0.000,-1,0,0,0,58.894
6238,0,0,0.000,0.000,-1,0,0,0,58.723
6239,0,0,0.000,0.000,-1,0,0,0,59.185
6240,0,1,83.617,86.385,-1,0,0,0,61.299
6241,0,0,0.000,0.000,-1,0,0,0,59.849
6242,0,0,0.000,0.000,-1,0,0,0,57.805
6243,0,0,0.000,0.000,-1,0,0,0,58.526
6244,0,0,0.000,0.000,-1,0,0,0,60.014
6245,0,0,0.000,0.000,-1,0,0,0,61.401
6246,0,0,0.000,0.000,-1,0,0,0,60.626
6247,0,0,0.000,0.000,-1,0,0,0,59.371
6248,0,0,0.000,0.000,-1,0,0,0,59.936
6249,0,0,0.000,0.000,-1,0,0,0,59.975
6250,0,0,0.000,0.000,-1,0,0,0,58.064
6251,0,0,0.000,0.000,-1,0,0,0,57.518
6252,0,0,0.000,0.000,-1,0,0,0,61.942
6253,0,0,0.000,0.000,-1,0,0,0,59.062
6254,0,0,0.000,0.000,-1,0,0,0,55.904
6255,0,0,0.000,0.000,-1,0,0,0,56.527
6256,0,0,0.000,0.000,-1,0,0,0,57.164
6257,0,0,0.000,0.000,-1,0,0,0,61.460
6258,0,0,0.000,0.000,-1,0,0,0,59.738
6259,0,0,0.000,0.000,-1,0,0,0,58.243
6260,0,0,0.000,0.000,-1,0,0,0,57.461
6261,0,0,0.000,0.000,-1,0,0,0,55.994
6262,0,0,0.000,0.000,-1,0,0,0,56.976
6263,0,0,0.000,0.000,-1,0,0,0,56.248
6264,0,0,0.000,0.000,-1,0,0,0,63.027
6265,0,0,0.000,0.000,-1,0,0,0,58.809
6266,0,0,0.000,0.000,-1,0,0,0,58.161
6267,0,0,0.000,0.000,-1,0,0,0,56.889
6268,0,0,0.000,0.000,-1,0,0,0,58.783
6269,0,0,0.000,0.000,-1,0,0,0,57.503
6270,0,0,0.000,0.000,-1,0,0,0,60.812
6271,0,0,0.000,0.000,-1,0,0,0,56.928
6272,0,1,82.317,85.158,-1,0,0,0,57.512
6273,0,0,0.000,0.000,-1,0,0,0,62.365
6274,0,0,0.000,0.000,-1,0,0,0,60.617
6275,0,0,0.000,0.000,-1,0,0,0,61.089
6276,0,0,0.000,0.000,-1,0,0,0,63.990
6277,0,0,0.000,0.000,-1,0,0,0,60.159
6278,0,0,0.000,0.000,-1,0,0,0,58.210
6279,0,0,0.000,0.000,-1,0,0,0,58.277
6280,0,0,0.000,0.000,-1,0,0,0,60.467
6281,0,0,0.000,0.000,-1,0,0,0,58.248
6282,0,0,0.000,0.000,-1,0,0,0,60.965
6283,0,0,0.000,0.000,-1,0,0,0,58.676
6284,0,0,0.000,0.000,-1,0,0,0,58.882
6285,0,0,0.000,0.000,-1,0,0,0,57.573
6286,0,0,0.000,0.000,-1,0,0,0,57.431
6287,0,0,0.000,0.000,-1,0,0,0,59.734
6288,0,0,0.000,0.000,-1,0,0,0,62.280
6289,0,0,0.000,0.000,-1,0,0,0,59.915
6290,0,0,0.000,0.000,-1,0,0,0,58.958
6291,0,0,0.000,0.000,-1,0,0,0,60.143
6292,0,0,0.000,0.000,-1,0,0,0,58.180
6293,0,0,0.000,0.000,-1,0,0,0,58.762
6294,0,0,0.000,0.000,-1,0,0,0,58.739
6295,0,0,0.000,0.000,-1,0,0,0,60.778
6296,0,0,0.000,0.000,-1,0,0,0,58.319
6297,0,0,0.000,0.000,-1,0,0,0,58.831
6298,0,0,0.000,0.000,-1,0,0,0,59.085
6299,0,0,0.000,0.000,-1,0,0,0,60.377
6300,0,0,0.000,0.000,-1,0,0,0,60.125
6301,0,0,0.000,0.000,-1,0,0,0,59.010
6302,0,0,0.000,0.000,-1,0,0,0,59.436
6303,0,0,0.000,0.000,-1,0,0,0,59.624
6304,0,1,86.743,89.644,-1,0,0,0,61.508
6305,0,0,0.000,0.000,-1,0,0,0,57.489
6306,0,0,0.000,0.000,-1,0,0,0,61.330
6307,0,0,0.000,0.000,-1,0,0,0,59.610
6308,0,0,0.000,0.000,-1,0,0,0,57.742
6309,0,0,0.000,0.000,-1,0,0,0,57.073
6310,0,0,0.000,0.000,-1,0,0,0,57.595
6311,0,0,0.000,0.000,-1,0,0,0,56.410
6312,0,0,0.000,0.000,-1,0,0,0,60.851
6313,0,0,0.000,0.000,-1,0,0,0,58.146
6314,0,0,0.000,0.000,-1,0,0,0,57.481
6315,0,0,0.000,0.000,-1,0,0,0,59.471
6316,0,0,0.000,0.000,-1,0,0,0,57.771
6317,0,0,0.000,0.000,-1,0,0,0,57.996
6318,0,0,0.000,0.000,-1,0,0,0,59.515
6319,0,0,0.000,0.000,-1,0,0,0,59.437
6320,0,0,0.000,0.000,-1,0,0,0,60.234
6321,0,0,0.000,0.000,-1,0,0,0,61.286
6322,0,0,0.000,0.000,-1,0,0,0,61.986
6323,0,0,0.000,0.000,-1,0,0,0,60.909
6324,0,0,0.000,0.000,-1,0,0,0,64.632
6325,0,0,0.000,0.000,-1,0,0,0,61.772
6326,0,0,0.000,0.000,-1,0,0,0,59.711
6327,0,0,0.000,0.000,-1,0,0,0,62.043
6328,0,0,0.000,0.000,-1,0,0,0,61.913
6329,0,0,0.000,0.000,-1,0,0,0,61.874
6330,0,0,0.000,0.000,-1,0,0,0,62.168
6331,0,0,0.000,0.000,-1,0,0,0,60.634
6332,0,0,0.000,0.000,-1,0,0,0,61.174
6333,0,0,0.000,0.000,-1,0,0,0,63.357
6334,0,0,0.000,0.000,-1,0,0,0,61.712
6335,0,0,0.000,0.000,-1,0,0,0,63.574
6336,0,1,91.547,94.290,-1,0,0,0,65.423
6337,0,0,0.000,0.000,-1,0,0,0,63.300
6338,0,0,0.000,0.000,-1,0,0,0,63.600
6339,0,0,0.000,0.000,-1,0,0,0,61.020
6340,0,0,0.000,0.000,-1,0,0,0,60.705
6341,0,0,0.000,0.000,-1,0,0,0,59.191
6342,0,0,0.000,0.000,-1,0,0,0,60.188
6343,0,0,0.000,0.000,-1,0,0,0,63.194
6344,0,0,0.000,0.000,-1,0,0,0,60.644
6345,0,0,0.000,0.000,-1,0,0,0,71.057
6346,0,0,0.000,0.000,-1,0,0,0,63.891
6347,0,0,0.000,0.000,-1,0,0,0,62.300
6348,0,0,0.000,0.000,-1,0,0,0,62.241
6349,0,0,0.000,0.000,-1,0,0,0,62.551
6350,0,0,0.000,0.000,-1,0,0,0,61.784
6351,0,0,0.000,0.000,-1,0,0,0,62.392
6352,0,0,0.000,0.000,-1,0,0,0,61.965
6353,0,0,0.000,0.000,-1,0,0,0,59.255
6354,0,0,0.000,0.000,-1,0,0,0,63.345
6355,0,0,0.000,0.000,-1,0,0,0,61.437
6356,0,0,0.000,0.000,-1,0,0,0,60.565
6357,0,0,0.000,0.000,-1,0,0,0,62.935
6358,0,0,0.000,0.000,-1,0,0,0,63.204
6359,0,0,0.000,0.000,-1,0,0,0,64.593
6360,0,0,0.000,0.000,-1,0,0,0,63.867
6361,0,0,0.000,0.000,-1,0,0,0,61.937
6362,0,0,0.000,0.000,-1,0,0,0,61.017
6363,0,0,0.000,0.000,-1,0,0,0,64.712
6364,0,0,0.000,0.000,-1,0,0,0,61.829
6365,0,0,0.000,0.000,-1,0,0,0,58.970
6366,0,0,0.000,0.000,-1,0,0,0,61.318
6367,0,0,0.000,0.000,-1,0,0,0,59.220
6368,0,1,87.743,90.599,-1,0,0,0,60.285
6369,0,0,0.000,0.000,-1,0,0,0,62.582
6370,0,0,0.000,0.000,-1,0,0,0,59.249
6371,0,0,0.000,0.000,-1,0,0,0,61.600
6372,0,0,0.000,0.000,-1,0,0,0,64.241
6373,0,0,0.000,0.000,-1,0,0,0,59.612
6374,0,0,0.000,0.000,-1,0,0,0,59.452
6375,0,0,0.000,0.000,-1,0,0,0,61.418
6376,0,0,0.000,0.000,-1,0,0,0,59.510
6377,0,0,0.000,0.000,-1,0,0,0,58.639
6378,0,0,0.000,0.000,-1,0,0,0,59.412
6379,0,0,0.000,0.000,-1,0,0,0,57.749
6380,0,0,0.000,0.000,-1,0,0,0,62.041
6381,0,0,0.000,0.000,-1,0,0,0,59.805
6382,0,0,0.000,0.000,-1,0,0,0,60.998
6383,0,0,0.000,0.000,-1,0,0,0,58.657
6384,0,0,0.000,0.000,-1,0,0,0,61.093
6385,0,0,0.000,0.000,-1,0,0,0,58.523
6386,0,0,0.000,0.000,-1,0,0,0,58.045
6387,0,0,0.000,0.000,-1,0,0,0,57.327
6388,0,0,0.000,0.000,-1,0,0,0,59.939
6389,0,0,0.000,0.000,-1,0,0,0,57.498
6390,0,0,0.000,0.000,-1,0,0,0,66.885
6391,0,0,0.000,0.000,-1,0,0,0,58.437
6392,0,0,0.000,0.000,-1,0,0,0,58.994
6393,0,0,0.000,0.000,-1,0,0,0,62.838
6394,0,0,0.000,0.000,-1,0,0,0,59.464
6395,0,0,0.000,0.000,-1,0,0,0,62.222
6396,0,0,0.000,0.000,-1,0,0,0,63.310
6397,0,0,0.000,0.000,-1,0,0,0,59.490
6398,0,0,0.000,0.000,-1,0,0,0,62.393
6399,0,0,0.000,0.000,-1,0,0,0,59.770
6400,0,1,88.261,91.027,-1,0,0,0,60.600
6401,0,0,0.000,0.000,-1,0,0,0,60.658
6402,0,0,0.000,0.000,-1,0,0,0,58.648
6403,0,0,0.000,0.000,-1,0,0,0,59.840
6404,0,0,0.000,0.000,-1,0,0,0,59.092
6405,0,0,0.000,0.000,-1,0,0,0,57.751
6406,0,0,0.000,0.000,-1,0,0,0,60.672
6407,0,0,0.000,0.000,-1,0,0,0,57.977
6408,0,0,0.000,0.000,-1,0,0,0,58.910
6409,0,0,0.000,0.000,-1,0,0,0,56.781
6410,0,0,0.000,0.000,-1,0,0,0,60.027
6411,0,0,0.000,0.000,-1,0,0,0,58.944
6412,0,0,0.000,0.000,-1,0,0,0,58.649
6413,0,0,0.000,0.000,-1,0,0,0,59.782
6414,0,0,0.000,0.000,-1,0,0,0,59.854
6415,0,0,0.000,0.000,-1,0,0,0,58.954
6416,0,0,0.000,0.000,-1,0,0,0,61.721
6417,0,0,0.000,0.000,-1,0,0,0,63.047
6418,0,0,0.000,0.000,-1,0,0,0,60.902
6419,0,0,0.000,0.000,-1,0,0,0,60.577
6420,0,0,0.000,0.000,-1,0,0,0,62.520
6421,0,0,0.000,0.000,-1,0,0,0,59.102
6422,0,0,0.000,0.000,-1,0,0,0,61.405
6423,0,0,0.000,0.000,-1,0,0,0,60.716
6424,0,0,0.000,0.000,-1,0,0,0,60.355
6425,0,0,0.000,0.000,-1,0,0,0,61.052
6426,0,0,0.000,0.000,-1,0,0,0,61.073
6427,0,0,0.000,0.000,-1,0,0,0,59.135
6428,0,0,0.000,0.000,-1,0,0,0,61.383
6429,0,0,0.000,0.000,-1,0,0,0,59.591
6430,0,0,0.000,0.000,-1,0,0,0,58.306
6431,0,0,0.000,0.000,-1,0,0,0,61.069
6432,0,1,81.681,84.459,-1,0,0,0,61.230
6433,0,0,0.000,0.000,-1,0,0,0,59.643
6434,0,0,0.000,0.000,-1,0,0,0,58.632
6435,0,0,0.000,0.000,-1,0,0,0,59.395
6436,0,0,0.000,0.000,-1,0,0,0,58.789
6437,0,0,0.000,0.000,-1,0,0,0,60.080
6438,0,0,0.000,0.000,-1,0,0,0,61.700
6439,0,0,0.000,0.000,-1,0,0,0,58.697
6440,0,0,0.000,0.000,-1,0,0,0,60.379
6441,0,0,0.000,0.000,-1,0,0,0,59.873
6442,0,0,0.000,0.000,-1,0,0,0,62.693
6443,0,0,0.000,0.000,-1,0,0,0,60.815
6444,0,0,0.000,0.000,-1,0,0,0,63.301
6445,0,0,0.000,0.000,-1,0,0,0,57.650
6446,0,0,0.000,0.000,-1,0,0,0,59.825
6447,0,0,0.000,0.000,-1,0,0,0,59.825
6448,0,0,0.000,0.000,-1,0,0,0,61.177
6449,0,0,0.000,0.000,-1,0,0,0,61.857
6450,0,0,0.000,0.000,-1,0,0,0,65.706
6451,0,0,0.000,0.000,-1,0,0,0,59.343
6452,0,0,0.000,0.000,-1,0,0,0,59.851
6453,0,0,0.000,0.000,-1,0,0,0,62.003
6454,0,0,0.000,0.000,-1,0,0,0,60.052
6455,0,0,0.000,0.000,-1,0,0,0,61.185
6456,0,0,0.000,0.000,-1,0,0,0,64.316
6457,0,0,0.000,0.000,-1,0,0,0,61.626
6458,0,0,0.000,0.000,-1,0,0,0,59.828
6459,0,0,0.000,0.000,-1,0,0,0,60.645
6460,0,0,0.000,0.000,-1,0,0,0,60.211
6461,0,0,0.000,0.000,-1,0,0,0,59.960
6462,0,0,0.000,0.000,-1,0,0,0,62.000
6463,0,0,0.000,0.000,-1,0,0,0,59.978
6464,0,1,86.137,88.924,-1,0,0,0,59.056
6465,0,0,0.000,0.000,-1,0,0,0,60.141
6466,0,0,0.000,0.000,-1,0,0,0,58.970
6467,0,0,0.000,0.000,-1,0,0,0,59.110
6468,0,0,0.000,0.000,-1,0,0,0,62.666
6469,0,0,0.000,0.000,-1,0,0,0,62.577
6470,0,0,0.000,0.000,-1,0,0,0,63.328
6471,0,0,0.000,0.000,-1,0,0,0,62.530
6472,0,0,0.000,0.000,-1,0,0,0,60.219
6473,0,0,0.000,0.000,-1,0,0,0,61.095
6474,0,0,0.000,0.000,-1,0,0,0,61.496
6475,0,0,0.000,0.000,-1,0,0,0,58.354
6476,0,0,0.000,0.000,-1,0,0,0,58.514
6477,0,0,0.000,0.000,-1,0,0,0,58.737
6478,0,0,0.000,0.000,-1,0,0,0,59.575
6479,0,0,0.000,0.000,-1,0,0,0,59.334
6480,0,0,0.000,0.000,-1,0,0,0,61.324
6481,0,0,0.000,0.000,-1,0,0,0,57.539
6482,0,0,0.000,0.000,-1,0,0,0,61.651
6483,0,0,0.000,0.000,-1,0,0,0,59.214
6484,0,0,0.000,0.000,-1,0,0,0,59.726
6485,0,0,0.000,0.000,-1,0,0,0,60.986
6486,0,0,0.000,0.000,-1,0,0,0,60.922
6487,0,0,0.000,0.000,-1,0,0,0,61.234
6488,0,0,0.000,0.000,-1,0,0,0,59.052
6489,0,0,0.000,0.000,-1,0,0,0,62.053
6490,0,0,0.000,0.000,-1,0,0,0,59.962
6491,0,0,0.000,0.000,-1,0,0,0,58.985
6492,0,0,0.000,0.000,-1,0,0,0,62.177
6493,0,0,0.000,0.000,-1,0,0,0,58.271
6494,0,0,0.000,0.000,-1,0,0,0,57.839
6495,0,0,0.000,0.000,-1,0,0,0,59.045
6496,0,1,82.910,85.607,-1,0,0,0,57.234
6497,0,0,0.000,0.000,-1,0,0,0,58.579
6498,0,0,0.000,0.000,-1,0,0,0,59.951
6499,0,0,0.000,0.000,-1,0,0,0,58.039
6500,0,0,0.000,0.000,-1,0,0,0,59.968
6501,0,0,0.000,0.000,-1,0,0,0,59.575
6502,0,0,0.000,0.000,-1,0,0,0,59.756
6503,0,0,0.000,0.000,-1,0,0,0,58.088
6504,0,0,0.000,0.000,-1,0,0,0,62.302
6505,0,0,0.000,0.000,-1,0,0,0,59.622
6506,0,0,0.000,0.000,-1,0,0,0,57.497
6507,0,0,0.000,0.000,-1,0,0,0,57.669
6508,0,0,0.000,0.000,-1,0,0,0,58.092
6509,0,0,0.000,0.000,-1,0,0,0,60.324
6510,0,0,0.000,0.000,-1,0,0,0,60.619
6511,0,0,0.000,0.000,-1,0,0,0,60.462
6512,0,0,0.000,0.000,-1,0,0,0,64.917
6513,0,0,0.000,0.000,-1,0,0,0,62.129
6514,0,0,0.000,0.000,-1,0,0,0,68.041
6515,0,0,0.000,0.000,-1,0,0,0,59.243
6516,0,0,0.000,0.000,-1,0,0,0,61.351
6517,0,0,0.000,0.000,-1,0,0,0,60.570
6518,0,0,0.000,0.000,-1,0,0,0,59.724
6519,0,0,0.000,0.000,-1,0,0,0,59.121
6520,0,0,0.000,0.000,-1,0,0,0,58.905
6521,0,0,0.000,0.000,-1,0,0,0,57.776
6522,0,0,0.000,0.000,-1,0,0,0,60.388
6523,0,0,0.000,0.000,-1,0,0,0,57.568
6524,0,0,0.000,0.000,-1,0,0,0,61.861
6525,0,0,0.000,0.000,-1,0,0,0,59.000
6526,0,0,0.000,0.000,-1,0,0,0,60.334
6527,0,0,0.000,0.000,-1,0,0,0,58.575
6528,0,1,87.667,90.399,-1,0,0,0,63.621
6529,0,0,0.000,0.000,-1,0,0,0,59.479
6530,0,0,0.000,0.000,-1,0,0,0,64.260
6531,0,0,0.000,0.000,-1,0,0,0,59.880
6532,0,0,0.000,0.000,-1,0,0,0,60.460
6533,0,0,0.000,0.000,-1,0,0,0,58.047
6534,0,0,0.000,0.000,-1,0,0,0,64.610
6535,0,0,0.000,0.000,-1,0,0,0,58.968
6536,0,0,0.000,0.000,-1,0,0,0,58.712
6537,0,0,0.000,0.000,-1,0,0,0,60.470
6538,0,0,0.000,0.000,-1,0,0,0,58.875
6539,0,0,0.000,0.000,-1,0,0,0,59.087
6540,0,0,0.000,0.000,-1,0,0,0,63.024
6541,0,0,0.000,0.000,-1,0,0,0,60.246
6542,0,0,0.000,0.000,-1,0,0,0,60.773
6543,0,0,0.000,0.000,-1,0,0,0,59.475
6544,0,0,0.000,0.000,-1,0,0,0,59.889
6545,0,0,0.000,0.000,-1,0,0,0,59.560
6546,0,0,0.000,0.000,-1,0,0,0,62.170
6547,0,0,0.000,0.000,-1,0,0,0,57.742
6548,0,0,0.000,0.000,-1,0,0,0,56.371
6549,0,0,0.000,0.000,-1,0,0,0,57.095
6550,0,0,0.000,0.000,-1,0,0,0,58.661
6551,0,0,0.000,0.000,-1,0,0,0,59.233
6552,0,0,0.000,0.000,-1,0,0,0,60.924
6553,0,0,0.000,0.000,-1,0,0,0,57.288
6554,0,0,0.000,0.000,-1,0,0,0,55.921
6555,0,0,0.000,0.000,-1,0,0,0,59.972
6556,0,0,0.000,0.000,-1,0,0,0,58.679
6557,0,0,0.000,0.000,-1,0,0,0,59.673
6558,0,0,0.000,0.000,-1,0,0,0,62.320
6559,0,0,0.000,0.000,-1,0,0,0,61.087
6560,0,1,85.202,87.930,-1,0,0,0,59.939
6561,0,0,0.000,0.000,-1,0,0,0,60.935
6562,0,0,0.000,0.000,-1,0,0,0,63.414
6563,0,0,0.000,0.000,-1,0,0,0,64.294
6564,0,0,0.000,0.000,-1,0,0,0,68.408
6565,0,0,0.000,0.000,-1,0,0,0,61.646
6566,0,0,0.000,0.000,-1,0,0,0,56.896
6567,0,0,0.000,0.000,-1,0,0,0,59.429
6568,0,0,0.000,0.000,-1,0,0,0,59.929
6569,0,0,0.000,0.000,-1,0,0,0,58.461
6570,0,0,0.000,0.000,-1,0,0,0,60.233
6571,0,0,0.000,0.000,-1,0,0,0,57.375
6572,0,0,0.000,0.000,-1,0,0,0,58.829
6573,0,0,0.000,0.000,-1,0,0,0,61.273
6574,0,0,0.000,0.000,-1,0,0,0,59.318
6575,0,0,0.000,0.000,-1,0,0,0,59.724
6576,0,0,0.000,0.000,-1,0,0,0,62.847
6577,0,0,0.000,0.000,-1,0,0,0,58.175
6578,0,0,0.000,0.000,-1,0,0,0,57.663
6579,0,0,0.000,0.000,-1,0,0,0,58.311
6580,0,0,0.000,0.000,-1,0,0,0,62.121
6581,0,0,0.000,0.000,-1,0,0,0,58.544
6582,0,0,0.000,0.000,-1,0,0,0,61.017
6583,0,0,0.000,0.000,-1,0,0,0,59.764
6584,0,0,0.000,0.000,-1,0,0,0,59.788
6585,0,0,0.000,0.000,-1,0,0,0,60.684
6586,0,0,0.000,0.000,-1,0,0,0,56.507
6587,0,0,0.000,0.000,-1,0,0,0,59.567
6588,0,0,0.000,0.000,-1,0,0,0,59.845
6589,0,0,0.000,0.000,-1,0,0,0,60.184
6590,0,0,0.000,0.000,-1,0,0,0,59.016
6591,0,0,0.000,0.000,-1,0,0,0,58.905
6592,0,1,83.308,86.062,-1,0,0,0,58.168
6593,0,0,0.000,0.000,-1,0,0,0,60.263
6594,0,0,0.000,0.000,-1,0,0,0,59.847
6595,0,0,0.000,0.000,-1,0,0,0,59.419
6596,0,0,0.000,0.000,-1,0,0,0,58.627
6597,0,0,0.000,0.000,-1,0,0,0,58.292
6598,0,0,0.000,0.000,-1,0,0,0,58.528
6599,0,0,0.000,0.000,-1,0,0,0,58.809
6600,0,0,0.000,0.000,-1,0,0,0,61.454
6601,0,0,0.000,0.000,-1,0,0,0,58.433
6602,0,0,0.000,0.000,-1,0,0,0,57.307
6603,0,0,0.000,0.000,-1,0,0,0,57.498
6604,0,0,0.000,0.000,-1,0,0,0,60.338
6605,0,0,0.000,0.000,-1,0,0,0,60.267
6606,0,0,0.000,0.000,-1,0,0,0,62.418
6607,0,0,0.000,0.000,-1,0,0,0,59.053
6608,0,0,0.000,0.000,-1,0,0,0,58.168
6609,0,0,0.000,0.000,-1,0,0,0,59.081
6610,0,0,0.000,0.000,-1,0,0,0,59.212
6611,0,0,0.000,0.000,-1,0,0,0,61.819
6612,0,0,0.000,0.000,-1,0,0,0,59.601
6613,0,0,0.000,0.000,-1,0,0,0,58.265
6614,0,0,0.000,0.000,-1,0,0,0,56.929
6615,0,0,0.000,0.000,-1,0,0,0,57.381
6616,0,0,0.000,0.000,-1,0,0,0,60.044
6617,0,0,0.000,0.000,-1,0,0,0,58.958
6618,0,0,0.000,0.000,-1,0,0,0,59.370
6619,0,0,0.000,0.000,-1,0,0,0,58.422
6620,0,0,0.000,0.000,-1,0,0,0,58.939
6621,0,0,0.000,0.000,-1,0,0,0,56.562
6622,0,0,0.000,0.000,-1,0,0,0,57.689
6623,0,0,0.000,0.000,-1,0,0,0,58.636
6624,0,1,84.313,87.013,-1,0,0,0,63.454
6625,0,0,0.000,0.000,-1,0,0,0,59.190
6626,0,0,0.000,0.000,-1,0,0,0,61.316
6627,0,0,0.000,0.000,-1,0,0,0,58.507
6628,0,0,0.000,0.000,-1,0,0,0,60.171
6629,0,0,0.000,0.000,-1,0,0,0,58.489
6630,0,0,0.000,0.000,-1,0,0,0,61.508
6631,0,0,0.000,0.000,-1,0,0,0,57.044
6632,0,0,0.000,0.000,-1,0,0,0,55.855
6633,0,0,0.000,0.000,-1,0,0,0,60.855
6634,0,0,0.000,0.000,-1,0,0,0,56.221
6635,0,0,0.000,0.000,-1,0,0,0,60.159
6636,0,0,0.000,0.000,-1,0,0,0,62.283
6637,0,0,0.000,0.000,-1,0,0,0,59.024
6638,0,0,0.000,0.000,-1,0,0,0,58.639
6639,0,0,0.000,0.000,-1,0,0,0,58.175
6640,0,0,0.000,0.000,-1,0,0,0,58.548
6641,0,0,0.000,0.000,-1,0,0,0,57.670
6642,0,0,0.000,0.000,-1,0,0,0,59.431
6643,0,0,0.000,0.000,-1,0,0,0,59.866
6644,0,0,0.000,0.000,-1,0,0,0,58.436
6645,0,0,0.000,0.000,-1,0,0,0,59.114
6646,0,0,0.000,0.000,-1,0,0,0,58.043
6647,0,0,0.000,0.000,-1,0,0,0,56.955
6648,0,0,0.000,0.000,-1,0,0,0,59.318
6649,0,0,0.000,0.000,-1,0,0,0,57.174
6650,0,0,0.000,0.000,-1,0,0,0,57.608
6651,0,0,0.000,0.000,-1,0,0,0,59.028
6652,0,0,0.000,0.000,-1,0,0,0,57.752
6653,0,0,0.000,0.000,-1,0,0,0,56.638
6654,0,0,0.000,0.000,-1,0,0,0,57.004
6655,0,0,0.000,0.000,-1,0,0,0,58.913
6656,0,1,81.704,84.509,-1,0,0,0,59.643
6657,0,0,0.000,0.000,-1,0,0,0,59.389
6658,0,0,0.000,0.000,-1,0,0,0,57.766
6659,0,0,0.000,0.000,-1,0,0,0,58.048
6660,0,0,0.000,0.000,-1,0,0,0,60.775
6661,0,0,0.000,0.000,-1,0,0,0,57.977
6662,0,0,0.000,0.000,-1,0,0,0,58.466
6663,0,0,0.000,0.000,-1,0,0,0,59.866
6664,0,0,0.000,0.000,-1,0,0,0,60.368
6665,0,0,0.000,0.000,-1,0,0,0,59.639
6666,0,0,0.000,0.000,-1,0,0,0,62.864
6667,0,0,0.000,0.000,-1,0,0,0,59.303
6668,0,0,0.000,0.000,-1,0,0,0,64.415
6669,0,0,0.000,0.000,-1,0,0,0,59.640
6670,0,0,0.000,0.000,-1,0,0,0,58.380
6671,0,0,0.000,0.000,-1,0,0,0,61.380
6672,0,0,0.000,0.000,-1,0,0,0,59.598
6673,0,0,0.000,0.000,-1,0,0,0,57.644
6674,0,0,0.000,0.000,-1,0,0,0,57.876
6675,0,0,0.000,0.000,-1,0,0,0,59.766
6676,0,0,0.000,0.000,-1,0,0,0,62.633
6677,0,0,0.000,0.000,-1,0,0,0,57.934
6678,0,0,0.000,0.000,-1,0,0,0,59.556
6679,0,0,0.000,0.000,-1,0,0,0,59.395
6680,0,0,0.000,0.000,-1,0,0,0,56.039
6681,0,0,0.000,0.000,-1,0,0,0,59.510
6682,0,0,0.000,0.000,-1,0,0,0,56.574
6683,0,0,0.000,0.000,-1,0,0,0,57.218
6684,0,0,0.000,0.000,-1,0,0,0,59.447
6685,0,0,0.000,0.000,-1,0,0,0,58.091
6686,0,0,0.000,0.000,-1,0,0,0,55.974
6687,0,0,0.000,0.000,-1,0,0,0,61.015
6688,0,1,81.591,84.290,-1,0,0,0,57.995
6689,0,0,0.000,0.000,-1,0,0,0,57.864
6690,0,0,0.000,0.000,-1,0,0,0,63.434
6691,0,0,0.000,0.000,-1,0,0,0,59.439
6692,0,0,0.000,0.000,-1,0,0,0,57.634
6693,0,0,0.000,0.000,-1,0,0,0,56.881
6694,0,0,0.000,0.000,-1,0,0,0,60.121
6695,0,0,0.000,0.000,-1,0,0,0,59.404
6696,0,0,0.000,0.000,-1,0,0,0,63.267
6697,0,0,0.000,0.000,-1,0,0,0,60.628
6698,0,0,0.000,0.000,-1,0,0,0,59.686
6699,0,0,0.000,0.000,-1,0,0,0,58.087
6700,0,0,0.000,0.000,-1,0,0,0,58.642
6701,0,0,0.000,0.000,-1,0,0,0,56.427
6702,0,0,0.000,0.000,-1,0,0,0,59.721
6703,0,0,0.000,0.000,-1,0,0,0,57.615
6704,0,0,0.000,0.000,-1,0,0,0,56.251
6705,0,0,0.000,0.000,-1,0,0,0,57.485
6706,0,0,0.000,0.000,-1,0,0,0,57.354
6707,0,0,0.000,0.000,-1,0,0,0,58.030
6708,0,0,0.000,0.000,-1,0,0,0,59.740
6709,0,0,0.000,0.000,-1,0,0,0,57.265
6710,0,0,0.000,0.000,-1,0,0,0,57.852
6711,0,0,0.000,0.000,-1,0,0,0,57.898
6712,0,0,0.000,0.000,-1,0,0,0,58.016
6713,0,0,0.000,0.000,-1,0,0,0,58.928
6714,0,0,0.000,0.000,-1,0,0,0,61.312
6715,0,0,0.000,0.000,-1,0,0,0,58.526
6716,0,0,0.000,0.000,-1,0,0,0,57.758
6717,0,0,0.000,0.000,-1,0,0,0,57.921
6718,0,0,0.000,0.000,-1,0,0,0,60.321
6719,0,0,0.000,0.000,-1,0,0,0,61.382
6720,0,1,83.826,86.530,-1,0,0,0,61.412
6721,0,0,0.000,0.000,-1,0,0,0,63.310
6722,0,0,0.000,0.000,-1,0,0,0,59.951
6723,0,0,0.000,0.000,-1,0,0,0,58.978
6724,0,0,0.000,0.000,-1,0,0,0,78.074
6725,0,0,0.000,0.000,-1,0,0,0,62.926
6726,0,0,0.000,0.000,-1,0,0,0,65.009
6727,0,0,0.000,0.000,-1,0,0,0,59.400
6728,0,0,0.000,0.000,-1,0,0,0,58.491
6729,0,0,0.000,0.000,-1,0,0,0,59.273
6730,0,0,0.000,0.000,-1,0,0,0,58.047
6731,0,0,0.000,0.000,-1,0,0,0,57.386
6732,0,0,0.000,0.000,-1,0,0,0,59.447
6733,0,0,0.000,0.000,-1,0,0,0,58.912
6734,0,0,0.000,0.000,-1,0,0,0,58.487
6735,0,0,0.000,0.000,-1,0,0,0,60.815
6736,0,0,0.000,0.000,-1,0,0,0,65.898
6737,0,0,0.000,0.000,-1,0,0,0,61.237
6738,0,0,0.000,0.000,-1,0,0,0,59.992
6739,0,0,0.000,0.000,-1,0,0,0,59.327
6740,0,0,0.000,0.000,-1,0,0,0,60.524
6741,0,0,0.000,0.000,-1,0,0,0,57.732
6742,0,0,0.000,0.000,-1,0,0,0,58.781
6743,0,0,0.000,0.000,-1,0,0,0,58.803
6744,0,0,0.000,0.000,-1,0,0,0,60.636
6745,0,0,0.000,0.000,-1,0,0,0,59.900
6746,0,0,0.000,0.000,-1,0,0,0,57.052
6747,0,0,0.000,0.000,-1,0,0,0,57.782
6748,0,0,0.000,0.000,-1,0,0,0,56.499
6749,0,0,0.000,0.000,-1,0,0,0,59.230
6750,0,0,0.000,0.000,-1,0,0,0,60.192
6751,0,0,0.000,0.000,-1,0,0,0,56.323
6752,0,1,85.002,87.738,-1,0,0,0,58.143
6753,0,0,0.000,0.000,-1,0,0,0,60.953
6754,0,0,0.000,0.000,-1,0,0,0,59.059
6755,0,0,0.000,0.000,-1,0,0,0,60.809
6756,0,0,0.000,0.000,-1,0,0,0,61.608
6757,0,0,0.000,0.000,-1,0,0,0,62.181
6758,0,0,0.000,0.000,-1,0,0,0,56.130
6759,0,0,0.000,0.000,-1,0,0,0,59.819
6760,0,0,0.000,0.000,-1,0,0,0,56.782
6761,0,0,0.000,0.000,-1,0,0,0,57.182
6762,0,0,0.000,0.000,-1,0,0,0,60.096
6763,0,0,0.000,0.000,-1,0,0,0,57.094
6764,0,0,0.000,0.000,-1,0,0,0,59.080
6765,0,0,0.000,0.000,-1,0,0,0,56.789
6766,0,0,0.000,0.000,-1,0,0,0,57.855
6767,0,0,0.000,0.000,-1,0,0,0,60.905
6768,0,0,0.000,0.000,-1,0,0,0,61.792
6769,0,0,0.000,0.000,-1,0,0,0,62.997
6770,0,0,0.000,0.000,-1,0,0,0,59.156
6771,0,0,0.000,0.000,-1,0,0,0,57.525
6772,0,0,0.000,0.000,-1,0,0,0,57.043
6773,0,0,0.000,0.000,-1,0,0,0,58.136
6774,0,0,0.000,0.000,-1,0,0,0,61.448
6775,0,0,0.000,0.000,-1,0,0,0,58.796
6776,0,0,0.000,0.000,-1,0,0,0,57.743
6777,0,0,0.000,0.000,-1,0,0,0,57.186
6778,0,0,0.000,0.000,-1,0,0,0,57.399
6779,0,0,0.000,0.000,-1,0,0,0,59.370
6780,0,0,0.000,0.000,-1,0,0,0,59.010
6781,0,0,0.000,0.000,-1,0,0,0,57.484
6782,0,0,0.000,0.000,-1,0,0,0,57.434
6783,0,0,0.000,0.000,-1,0,0,0,59.207
6784,0,1,88.721,91.549,-1,0,0,0,57.661
6785,0,0,0.000,0.000,-1,0,0,0,61.858
6786,0,0,0.000,0.000,-1,0,0,0,61.884
6787,0,0,0.000,0.000,-1,0,0,0,59.829
6788,0,0,0.000,0.000,-1,0,0,0,58.638
6789,0,0,0.000,0.000,-1,0,0,0,59.140
6790,0,0,0.000,0.000,-1,0,0,0,59.518
6791,0,0,0.000,0.000,-1,0,0,0,57.858
6792,0,0,0.000,0.000,-1,0,0,0,61.646
6793,0,0,0.000,0.000,-1,0,0,0,57.470
6794,0,0,0.000,0.000,-1,0,0,0,58.363
6795,0,0,0.000,0.000,-1,0,0,0,59.096
6796,0,0,0.000,0.000,-1,0,0,0,59.003
6797,0,0,0.000,0.000,-1,0,0,0,57.958
6798,0,0,0.000,0.000,-1,0,0,0,61.830
6799,0,0,0.000,0.000,-1,0,0,0,60.260
6800,0,0,0.000,0.000,-1,0,0,0,58.189
6801,0,0,0.000,0.000,-1,0,0,0,58.711
6802,0,0,0.000,0.000,-1,0,0,0,58.027
6803,0,0,0.000,0.000,-1,0,0,0,57.959
6804,0,0,0.000,0.000,-1,0,0,0,60.491
6805,0,0,0.000,0.000,-1,0,0,0,58.426
6806,0,0,0.000,0.000,-1,0,0,0,59.761
6807,0,0,0.000,0.000,-1,0,0,0,59.987
6808,0,0,0.000,0.000,-1,0,0,0,59.332
6809,0,0,0.000,0.000,-1,0,0,0,67.875
6810,0,0,0.000,0.000,-1,0,0,0,65.725
6811,0,0,0.000,0.000,-1,0,0,0,62.975
6812,0,0,0.000,0.000,-1,0,0,0,60.016
6813,0,0,0.000,0.000,-1,0,0,0,59.322
6814,0,0,0.000,0.000,-1,0,0,0,65.206
6815,0,0,0.000,0.000,-1,0,0,0,59.333
6816,0,1,83.052,85.727,-1,0,0,0,60.539
6817,0,0,0.000,0.000,-1,0,0,0,62.163
6818,0,0,0.000,0.000,-1,0,0,0,59.674
6819,0,0,0.000,0.000,-1,0,0,0,60.674
6820,0,0,0.000,0.000,-1,0,0,0,58.781
6821,0,0,0.000,0.000,-1,0,0,0,61.218
6822,0,0,0.000,0.000,-1,0,0,0,59.917
6823,0,0,0.000,0.000,-1,0,0,0,57.466
6824,0,0,0.000,0.000,-1,0,0,0,59.212
6825,0,0,0.000,0.000,-1,0,0,0,57.764
6826,0,0,0.000,0.000,-1,0,0,0,60.078
6827,0,0,0.000,0.000,-1,0,0,0,58.142
6828,0,0,0.000,0.000,-1,0,0,0,60.844
6829,0,0,0.000,0.000,-1,0,0,0,59.003
6830,0,0,0.000,0.000,-1,0,0,0,59.139
6831,0,0,0.000,0.000,-1,0,0,0,60.506
6832,0,0,0.000,0.000,-1,0,0,0,58.322
6833,0,0,0.000,0.000,-1,0,0,0,59.221
6834,0,0,0.000,0.000,-1,0,0,0,60.701
6835,0,0,0.000,0.000,-1,0,0,0,59.145
6836,0,0,0.000,0.000,-1,0,0,0,60.859
6837,0,0,0.000,0.000,-1,0,0,0,58.452
6838,0,0,0.000,0.000,-1,0,0,0,58.647
6839,0,0,0.000,0.000,-1,0,0,0,57.289
6840,0,0,0.000,0.000,-1,0,0,0,66.068
6841,0,0,0.000,0.000,-1,0,0,0,62.242
6842,0,0,0.000,0.000,-1,0,0,0,58.341
6843,0,0,0.000,0.000,-1,0,0,0,60.366
6844,0,0,0.000,0.000,-1,0,0,0,59.947
6845,0,0,0.000,0.000,-1,0,0,0,61.228
6846,0,0,0.000,0.000,-1,0,0,0,61.924
6847,0,0,0.000,0.000,-1,0,0,0,59.933
6848,0,1,84.335,87.140,-1,0,0,0,58.350
6849,0,0,0.000,0.000,-1,0,0,0,69.081
6850,0,0,0.000,0.000,-1,0,0,0,61.868
6851,0,0,0.000,0.000,-1,0,0,0,62.411
6852,0,0,0.000,0.000,-1,0,0,0,67.168
6853,0,0,0.000,0.000,-1,0,0,0,64.039
6854,0,0,0.000,0.000,-1,0,0,0,62.368
6855,0,0,0.000,0.000,-1,0,0,0,61.648
6856,0,0,0.000,0.000,-1,0,0,0,62.731
6857,0,0,0.000,0.000,-1,0,0,0,62.184
6858,0,0,0.000,0.000,-1,0,0,0,69.726
6859,0,0,0.000,0.000,-1,0,0,0,68.932
6860,0,0,0.000,0.000,-1,0,0,0,61.755
6861,0,0,0.000,0.000,-1,0,0,0,61.639
6862,0,0,0.000,0.000,-1,0,0,0,60.672
6863,0,0,0.000,0.000,-1,0,0,0,59.510
6864,0,0,0.000,0.000,-1,0,0,0,62.448
6865,0,0,0.000,0.000,-1,0,0,0,59.402
6866,0,0,0.000,0.000,-1,0,0,0,64.751
6867,0,0,0.000,0.000,-1,0,0,0,58.907
6868,0,0,0.000,0.000,-1,0,0,0,59.723
6869,0,0,0.000,0.000,-1,0,0,0,58.497
6870,0,0,0.000,0.000,-1,0,0,0,66.502
6871,0,0,0.000,0.000,-1,0,0,0,60.526
6872,0,0,0.000,0.000,-1,0,0,0,60.981
6873,0,0,0.000,0.000,-1,0,0,0,60.875
6874,0,0,0.000,0.000,-1,0,0,0,56.716
6875,0,0,0.000,0.000,-1,0,0,0,58.248
6876,0,0,0.000,0.000,-1,0,0,0,59.269
6877,0,0,0.000,0.000,-1,0,0,0,58.085
6878,0,0,0.000,0.000,-1,0,0,0,57.674
6879,0,0,0.000,0.000,-1,0,0,0,58.649
6880,0,1,81.613,84.449,-1,0,0,0,59.440
6881,0,0,0.000,0.000,-1,0,0,0,59.434
6882,0,0,0.000,0.000,-1,0,0,0,60.486
6883,0,0,0.000,0.000,-1,0,0,0,58.670
6884,0,0,0.000,0.000,-1,0,0,0,58.242
6885,0,0,0.000,0.000,-1,0,0,0,57.849
6886,0,0,0.000,0.000,-1,0,0,0,57.261
6887,0,0,0.000,0.000,-1,0,0,0,57.421
6888,0,0,0.000,0.000,-1,0,0,0,62.081
6889,0,0,0.000,0.000,-1,0,0,0,60.184
6890,0,0,0.000,0.000,-1,0,0,0,59.878
6891,0,0,0.000,0.000,-1,0,0,0,60.381
6892,0,0,0.000,0.000,-1,0,0,0,60.213
6893,0,0,0.000,0.000,-1,0,0,0,58.282
6894,0,0,0.000,0.000,-1,0,0,0,60.824
6895,0,0,0.000,0.000,-1,0,0,0,57.222
6896,0,0,0.000,0.000,-1,0,0,0,57.607
6897,0,0,0.000,0.000,-1,0,0,0,60.731
6898,0,0,0.000,0.000,-1,0,0,0,58.734
6899,0,0,0.000,0.000,-1,0,0,0,58.539
6900,0,0,0.000,0.000,-1,0,0,0,63.651
6901,0,0,0.000,0.000,-1,0,0,0,58.334
6902,0,0,0.000,0.000,-1,0,0,0,59.728
6903,0,0,0.000,0.000,-1,0,0,0,60.920
6904,0,0,0.000,0.000,-1,0,0,0,59.552
6905,0,0,0.000,0.000,-1,0,0,0,58.561
6906,0,0,0.000,0.000,-1,0,0,0,63.114
6907,0,0,0.000,0.000,-1,0,0,0,59.123
6908,0,0,0.000,0.000,-1,0,0,0,58.696
6909,0,0,0.000,0.000,-1,0,0,0,58.285
6910,0,0,0.000,0.000,-1,0,0,0,59.228
6911,0,0,0.000,0.000,-1,0,0,0,58.525
6912,0,1,81.519,84.267,-1,0,0,0,59.391
6913,0,0,0.000,0.000,-1,0,0,0,57.830
6914,0,0,0.000,0.000,-1,0,0,0,57.167
6915,0,0,0.000,0.000,-1,0,0,0,58.038
6916,0,0,0.000,0.000,-1,0,0,0,57.776
6917,0,0,0.000,0.000,-1,0,0,0,58.864
6918,0,0,0.000,0.000,-1,0,0,0,59.236
6919,0,0,0.000,0.000,-1,0,0,0,58.433
6920,0,0,0.000,0.000,-1,0,0,0,59.121
6921,0,0,0.000,0.000,-1,0,0,0,67.839
6922,0,0,0.000,0.000,-1,0,0,0,58.873
6923,0,0,0.000,0.000,-1,0,0,0,59.730
6924,0,0,0.000,0.000,-1,0,0,0,58.006
6925,0,0,0.000,0.000,-1,0,0,0,56.815
6926,0,0,0.000,0.000,-1,0,0,0,59.042
6927,0,0,0.000,0.000,-1,0,0,0,58.842
6928,0,0,0.000,0.000,-1,0,0,0,59.993
6929,0,0,0.000,0.000,-1,0,0,0,57.844
6930,0,0,0.000,0.000,-1,0,0,0,62.933
6931,0,0,0.000,0.000,-1,0,0,0,59.860
6932,0,0,0.000,0.000,-1,0,0,0,59.401
6933,0,0,0.000,0.000,-1,0,0,0,59.927
6934,0,0,0.000,0.000,-1,0,0,0,59.839
6935,0,0,0.000,0.000,-1,0,0,0,59.618
6936,0,0,0.000,0.000,-1,0,0,0,59.598
6937,0,0,0.000,0.000,-1,0,0,0,61.092
6938,0,0,0.000,0.000,-1,0,0,0,58.807
6939,0,0,0.000,0.000,-1,0,0,0,60.014
6940,0,0,0.000,0.000,-1,0,0,0,57.833
6941,0,0,0.000,0.000,-1,0,0,0,57.639
6942,0,0,0.000,0.000,-1,0,0,0,61.714
6943,0,0,0.000,0.000,-1,0,0,0,59.901
6944,0,1,84.050,86.867,-1,0,0,0,57.511
6945,0,0,0.000,0.000,-1,0,0,0,60.270
6946,0,0,0.000,0.000,-1,0,0,0,58.070
6947,0,0,0.000,0.000,-1,0,0,0,58.393
6948,0,0,0.000,0.000,-1,0,0,0,63.486
6949,0,0,0.000,0.000,-1,0,0,0,58.100
6950,0,0,0.000,0.000,-1,0,0,0,56.808
6951,0,0,0.000,0.000,-1,0,0,0,58.781
6952,0,0,0.000,0.000,-1,0,0,0,58.251
6953,0,0,0.000,0.000,-1,0,0,0,58.709
6954,0,0,0.000,0.000,-1,0,0,0,59.384
6955,0,0,0.000,0.000,-1,0,0,0,57.528
6956,0,0,0.000,0.000,-1,0,0,0,59.430
6957,0,0,0.000,0.000,-1,0,0,0,58.655
6958,0,0,0.000,0.000,-1,0,0,0,57.882
6959,0,0,0.000,0.000,-1,0,0,0,58.239
6960,0,0,0.000,0.000,-1,0,0,0,63.218
6961,0,0,0.000,0.000,-1,0,0,0,54.893
6962,0,0,0.000,0.000,-1,0,0,0,58.560
6963,0,0,0.000,0.000,-1,0,0,0,59.904
6964,0,0,0.000,0.000,-1,0,0,0,57.894
6965,0,0,0.000,0.000,-1,0,0,0,58.230
6966,0,0,0.000,0.000,-1,0,0,0,60.643
6967,0,0,0.000,0.000,-1,0,0,0,59.321
6968,0,0,0.000,0.000,-1,0,0,0,58.459
6969,0,0,0.000,0.000,-1,0,0,0,58.684
6970,0,0,0.000,0.000,-1,0,0,0,59.151
6971,0,0,0.000,0.000,-1,0,0,0,60.008
6972,0,0,0.000,0.000,-1,0,0,0,59.034
6973,0,0,0.000,0.000,-1,0,0,0,57.119
6974,0,0,0.000,0.000,-1,0,0,0,60.334
6975,0,0,0.000,0.000,-1,0,0,0,60.521
6976,0,1,83.993,86.728,-1,0,0,0,58.841
6977,0,0,0.000,0.000,-1,0,0,0,57.892
6978,0,0,0.000,0.000,-1,0,0,0,60.146
6979,0,0,0.000,0.000,-1,0,0,0,59.585
6980,0,0,0.000,0.000,-1,0,0,0,59.765
6981,0,0,0.000,0.000,-1,0,0,0,58.826
6982,0,0,0.000,0.000,-1,0,0,0,57.611
6983,0,0,0.000,0.000,-1,0,0,0,59.803
6984,0,0,0.000,0.000,-1,0,0,0,61.435
6985,0,0,0.000,0.000,-1,0,0,0,58.175
6986,0,0,0.000,0.000,-1,0,0,0,57.797
6987,0,0,0.000,0.000,-1,0,0,0,56.891
6988,0,0,0.000,0.000,-1,0,0,0,58.186
6989,0,0,0.000,0.000,-1,0,0,0,59.569
6990,0,0,0.000,0.000,-1,0,0,0,61.350
6991,0,0,0.000,0.000,-1,0,0,0,58.213
6992,0,0,0.000,0.000,-1,0,0,0,57.776
6993,0,0,0.000,0.000,-1,0,0,0,58.569
6994,0,0,0.000,0.000,-1,0,0,0,58.661
6995,0,0,0.000,0.000,-1,0,0,0,58.473
6996,0,0,0.000,0.000,-1,0,0,0,59.555
6997,0,0,0.000,0.000,-1,0,0,0,58.196
6998,0,0,0.000,0.000,-1,0,0,0,58.274
6999,0,0,0.000,0.000,-1,0,0,0,60.037
7000,0,0,0.000,0.000,-1,0,0,0,57.695
7001,0,0,0.000,0.000,-1,0,0,0,58.155
7002,0,0,0.000,0.000,-1,0,0,0,60.314
7003,0,0,0.000,0.000,-1,0,0,0,59.476
7004,0,0,0.000,0.000,-1,0,0,0,60.656
7005,0,0,0.000,0.000,-1,0,0,0,58.012
7006,0,0,0.000,0.000,-1,0,0,0,56.464
7007,0,0,0.000,0.000,-1,0,0,0,56.693
7008,0,1,81.475,84.131,-1,0,0,0,59.573
7009,0,0,0.000,0.000,-1,0,0,0,60.719
7010,0,0,0.000,0.000,-1,0,0,0,57.756
7011,0,0,0.000,0.000,-1,0,0,0,56.349
7012,0,0,0.000,0.000,-1,0,0,0,57.889
7013,0,0,0.000,0.000,-1,0,0,0,59.535
7014,0,0,0.000,0.000,-1,0,0,0,62.573
7015,0,0,0.000,0.000,-1,0,0,0,65.058
7016,0,0,0.000,0.000,-1,0,0,0,64.072
7017,0,0,0.000,0.000,-1,0,0,0,59.298
7018,0,0,0.000,0.000,-1,0,0,0,58.036
7019,0,0,0.000,0.000,-1,0,0,0,58.923
7020,0,0,0.000,0.000,-1,0,0,0,64.441
7021,0,0,0.000,0.000,-1,0,0,0,59.579
7022,0,0,0.000,0.000,-1,0,0,0,59.001
7023,0,0,0.000,0.000,-1,0,0,0,61.847
7024,0,0,0.000,0.000,-1,0,0,0,60.189
7025,0,0,0.000,0.000,-1,0,0,0,59.894
7026,0,0,0.000,0.000,-1,0,0,0,63.868
7027,0,0,0.000,0.000,-1,0,0,0,62.348
7028,0,0,0.000,0.000,-1,0,0,0,57.992
7029,0,0,0.000,0.000,-1,0,0,0,60.643
7030,0,0,0.000,0.000,-1,0,0,0,59.741
7031,0,0,0.000,0.000,-1,0,0,0,62.304
7032,0,0,0.000,0.000,-1,0,0,0,62.529
7033,0,0,0.000,0.000,-1,0,0,0,59.448
7034,0,0,0.000,0.000,-1,0,0,0,60.197
7035,0,0,0.000,0.000,-1,0,0,0,60.131
7036,0,0,0.000,0.000,-1,0,0,0,60.916
7037,0,0,0.000,0.000,-1,0,0,0,59.264
7038,0,0,0.000,0.000,-1,0,0,0,62.427
7039,0,0,0.000,0.000,-1,0,0,0,61.684
7040,0,1,84.188,87.045,-1,0,0,0,59.137
7041,0,0,0.000,0.000,-1,0,0,0,63.898
7042,0,0,0.000,0.000,-1,0,0,0,74.949
7043,0,0,0.000,0.000,-1,0,0,0,59.441
7044,0,0,0.000,0.000,-1,0,0,0,63.069
7045,0,0,0.000,0.000,-1,0,0,0,64.292
7046,0,0,0.000,0.000,-1,0,0,0,59.031
7047,0,0,0.000,0.000,-1,0,0,0,61.458
7048,0,0,0.000,0.000,-1,0,0,0,59.672
7049,0,0,0.000,0.000,-1,0,0,0,60.711
7050,0,0,0.000,0.000,-1,0,0,0,62.898
7051,0,0,0.000,0.000,-1,0,0,0,59.023
7052,0,0,0.000,0.000,-1,0,0,0,57.721
7053,0,0,0.000,0.000,-1,0,0,0,58.199
7054,0,0,0.000,0.000,-1,0,0,0,60.875
7055,0,0,0.000,0.000,-1,0,0,0,58.866
7056,0,0,0.000,0.000,-1,0,0,0,61.406
7057,0,0,0.000,0.000,-1,0,0,0,57.436
7058,0,0,0.000,0.000,-1,0,0,0,61.086
7059,0,0,0.000,0.000,-1,0,0,0,60.090
7060,0,0,0.000,0.000,-1,0,0,0,58.511
7061,0,0,0.000,0.000,-1,0,0,0,58.990
7062,0,0,0.000,0.000,-1,0,0,0,62.482
7063,0,0,0.000,0.000,-1,0,0,0,59.455
7064,0,0,0.000,0.000,-1,0,0,0,59.574
7065,0,0,0.000,0.000,-1,0,0,0,58.898
7066,0,0,0.000,0.000,-1,0,0,0,58.839
7067,0,0,0.000,0.000,-1,0,0,0,56.704
7068,0,0,0.000,0.000,-1,0,0,0,60.293
7069,0,0,0.000,0.000,-1,0,0,0,60.006
7070,0,0,0.000,0.000,-1,0,0,0,59.275
7071,0,0,0.000,0.000,-1,0,0,0,58.937
7072,0,1,81.735,84.553,-1,0,0,0,58.979
7073,0,0,0.000,0.000,-1,0,0,0,59.268
7074,0,0,0.000,0.000,-1,0,0,0,62.268
7075,0,0,0.000,0.000,-1,0,0,0,60.781
7076,0,0,0.000,0.000,-1,0,0,0,60.918
7077,0,0,0.000,0.000,-1,0,0,0,60.106
7078,0,0,0.000,0.000,-1,0,0,0,58.819
7079,0,0,0.000,0.000,-1,0,0,0,58.437
7080,0,0,0.000,0.000,-1,0,0,0,61.996
7081,0,0,0.000,0.000,-1,0,0,0,58.302
7082,0,0,0.000,0.000,-1,0,0,0,58.663
7083,0,0,0.000,0.000,-1,0,0,0,60.322
7084,0,0,0.000,0.000,-1,0,0,0,58.412
7085,0,0,0.000,0.000,-1,0,0,0,59.797
7086,0,0,0.000,0.000,-1,0,0,0,61.856
7087,0,0,0.000,0.000,-1,0,0,0,58.972
7088,0,0,0.000,0.000,-1,0,0,0,57.922
7089,0,0,0.000,0.000,-1,0,0,0,58.647
7090,0,0,0.000,0.000,-1,0,0,0,58.622
7091,0,0,0.000,0.000,-1,0,0,0,59.308
7092,0,0,0.000,0.000,-1,0,0,0,60.139
7093,0,0,0.000,0.000,-1,0,0,0,59.557
7094,0,0,0.000,0.000,-1,0,0,0,59.257
7095,0,0,0.000,0.000,-1,0,0,0,57.875
7096,0,0,0.000,0.000,-1,0,0,0,61.064
7097,0,0,0.000,0.000,-1,0,0,0,59.618
7098,0,0,0.000,0.000,-1,0,0,0,59.212
7099,0,0,0.000,0.000,-1,0,0,0,58.306
7100,0,0,0.000,0.000,-1,0,0,0,59.213
7101,0,0,0.000,0.000,-1,0,0,0,58.704
7102,0,0,0.000,0.000,-1,0,0,0,58.142
7103,0,0,0.000,0.000,-1,0,0,0,58.296
7104,0,1,81.902,84.595,-1,0,0,0,59.319
7105,0,0,0.000,0.000,-1,0,0,0,57.274
7106,0,0,0.000,0.000,-1,0,0,0,56.843
7107,0,0,0.000,0.000,-1,0,0,0,61.062
7108,0,0,0.000,0.000,-1,0,0,0,58.664
7109,0,0,0.000,0.000,-1,0,0,0,58.273
7110,0,0,0.000,0.000,-1,0,0,0,60.658
7111,0,0,0.000,0.000,-1,0,0,0,58.546
7112,0,0,0.000,0.000,-1,0,0,0,59.416
7113,0,0,0.000,0.000,-1,0,0,0,58.442
7114,0,0,0.000,0.000,-1,0,0,0,58.572
7115,0,0,0.000,0.000,-1,0,0,0,59.241
7116,0,0,0.000,0.000,-1,0,0,0,62.486
7117,0,0,0.000,0.000,-1,0,0,0,58.762
7118,0,0,0.000,0.000,-1,0,0,0,59.011
7119,0,0,0.000,0.000,-1,0,0,0,61.092
7120,0,0,0.000,0.000,-1,0,0,0,58.274
7121,0,0,0.000,0.000,-1,0,0,0,56.650
7122,0,0,0.000,0.000,-1,0,0,0,57.910
7123,0,0,0.000,0.000,-1,0,0,0,60.845
7124,0,0,0.000,0.000,-1,0,0,0,59.084
7125,0,0,0.000,0.000,-1,0,0,0,58.853
7126,0,0,0.000,0.000,-1,0,0,0,58.416
7127,0,0,0.000,0.000,-1,0,0,0,57.677
7128,0,0,0.000,0.000,-1,0,0,0,60.220
7129,0,0,0.000,0.000,-1,0,0,0,58.394
7130,0,0,0.000,0.000,-1,0,0,0,56.946
7131,0,0,0.000,0.000,-1,0,0,0,62.288
7132,0,0,0.000,0.000,-1,0,0,0,58.599
7133,0,0,0.000,0.000,-1,0,0,0,60.313
7134,0,0,0.000,0.000,-1,0,0,0,60.041
7135,0,0,0.000,0.000,-1,0,0,0,58.058
7136,0,1,81.840,84.822,-1,0,0,0,57.600
7137,0,0,0.000,0.000,-1,0,0,0,58.209
7138,0,0,0.000,0.000,-1,0,0,0,60.473
7139,0,0,0.000,0.000,-1,0,0,0,58.065
7140,0,0,0.000,0.000,-1,0,0,0,64.822
7141,0,0,0.000,0.000,-1,0,0,0,59.594
7142,0,0,0.000,0.000,-1,0,0,0,59.258
7143,0,0,0.000,0.000,-1,0,0,0,59.359
7144,0,0,0.000,0.000,-1,0,0,0,59.090
7145,0,0,0.000,0.000,-1,0,0,0,60.754
7146,0,0,0.000,0.000,-1,0,0,0,60.995
7147,0,0,0.000,0.000,-1,0,0,0,58.240
7148,0,0,0.000,0.000,-1,0,0,0,59.305
7149,0,0,0.000,0.000,-1,0,0,0,60.488
7150,0,0,0.000,0.000,-1,0,0,0,59.222
7151,0,0,0.000,0.000,-1,0,0,0,58.837
7152,0,0,0.000,0.000,-1,0,0,0,60.998
7153,0,0,0.000,0.000,-1,0,0,0,59.957
7154,0,0,0.000,0.000,-1,0,0,0,60.747
7155,0,0,0.000,0.000,-1,0,0,0,58.720
7156,0,0,0.000,0.000,-1,0,0,0,61.644
7157,0,0,0.000,0.000,-1,0,0,0,59.167
7158,0,0,0.000,0.000,-1,0,0,0,59.426
7159,0,0,0.000,0.000,-1,0,0,0,58.166
7160,0,0,0.000,0.000,-1,0,0,0,59.323
7161,0,0,0.000,0.000,-1,0,0,0,59.066
7162,0,0,0.000,0.000,-1,0,0,0,59.998
7163,0,0,0.000,0.000,-1,0,0,0,57.072
7164,0,0,0.000,0.000,-1,0,0,0,58.812
7165,0,0,0.000,0.000,-1,0,0,0,57.695
7166,0,0,0.000,0.000,-1,0,0,0,59.400
7167,0,0,0.000,0.000,-1,0,0,0,58.418
7168,0,1,81.817,84.621,-1,0,0,0,58.264
7169,0,0,0.000,0.000,-1,0,0,0,61.878
7170,0,0,0.000,0.000,-1,0,0,0,61.717
7171,0,0,0.000,0.000,-1,0,0,0,58.397
7172,0,0,0.000,0.000,-1,0,0,0,58.458
7173,0,0,0.000,0.000,-1,0,0,0,59.855
7174,0,0,0.000,0.000,-1,0,0,0,58.508
7175,0,0,0.000,0.000,-1,0,0,0,58.069
7176,0,0,0.000,0.000,-1,0,0,0,60.841
7177,0,0,0.000,0.000,-1,0,0,0,58.725
7178,0,0,0.000,0.000,-1,0,0,0,59.123
7179,0,0,0.000,0.000,-1,0,0,0,57.713
7180,0,0,0.000,0.000,-1,0,0,0,60.169
7181,0,0,0.000,0.000,-1,0,0,0,58.058
7182,0,0,0.000,0.000,-1,0,0,0,60.703
7183,0,0,0.000,0.000,-1,0,0,0,59.588
7184,0,0,0.000,0.000,-1,0,0,0,64.443
7185,0,0,0.000,0.000,-1,0,0,0,60.945
7186,0,0,0.000,0.000,-1,0,0,0,60.280
7187,0,0,0.000,0.000,-1,0,0,0,58.795
7188,0,0,0.000,0.000,-1,0,0,0,60.917
7189,0,0,0.000,0.000,-1,0,0,0,58.712
7190,0,0,0.000,0.000,-1,0,0,0,60.112
7191,0,0,0.000,0.000,-1,0,0,0,58.578
7192,0,0,0.000,0.000,-1,0,0,0,59.829
7193,0,0,0.000,0.000,-1,0,0,0,58.652
7194,0,0,0.000,0.000,-1,0,0,0,61.617
7195,0,0,0.000,0.000,-1,0,0,0,60.301
7196,0,0,0.000,0.000,-1,0,0,0,59.044
7197,0,0,0.000,0.000,-1,0,0,0,58.428
7198,0,0,0.000,0.000,-1,0,0,0,58.079
7199,0,0,0.000,0.000,-1,0,0,0,57.745
7200,0,1,84.376,87.055,-1,0,0,0,63.034
7201,0,0,0.000,0.000,-1,0,0,0,62.474
7202,0,0,0.000,0.000,-1,0,0,0,60.551
7203,0,0,0.000,0.000,-1,0,0,0,62.150
7204,0,0,0.000,0.000,-1,0,0,0,58.849
7205,0,0,0.000,0.000,-1,0,0,0,58.754
7206,0,0,0.000,0.000,-1,0,0,0,59.972
7207,0,0,0.000,0.000,-1,0,0,0,59.049
7208,0,0,0.000,0.000,-1,0,0,0,58.656
7209,0,0,0.000,0.000,-1,0,0,0,58.871
7210,0,0,0.000,0.000,-1,0,0,0,58.248
7211,0,0,0.000,0.000,-1,0,0,0,57.173
7212,0,0,0.000,0.000,-1,0,0,0,59.532
7213,0,0,0.000,0.000,-1,0,0,0,60.198
7214,0,0,0.000,0.000,-1,0,0,0,58.067
7215,0,0,0.000,0.000,-1,0,0,0,60.238
7216,0,0,0.000,0.000,-1,0,0,0,63.135
7217,0,0,0.000,0.000,-1,0,0,0,58.101
7218,0,0,0.000,0.000,-1,0,0,0,61.207
7219,0,0,0.000,0.000,-1,0,0,0,59.308
7220,0,0,0.000,0.000,-1,0,0,0,57.628
7221,0,0,0.000,0.000,-1,0,0,0,57.912
7222,0,0,0.000,0.000,-1,0,0,0,59.806
7223,0,0,0.000,0.000,-1,0,0,0,58.976
7224,0,0,0.000,0.000,-1,0,0,0,63.108
7225,0,0,0.000,0.000,-1,0,0,0,59.119
7226,0,0,0.000,0.000,-1,0,0,0,60.032
7227,0,0,0.000,0.000,-1,0,0,0,58.374
7228,0,0,0.000,0.000,-1,0,0,0,59.691
7229,0,0,0.000,0.000,-1,0,0,0,60.299
7230,0,0,0.000,0.000,-1,0,0,0,65.348
7231,0,0,0.000,0.000,-1,0,0,0,60.040
7232,0,1,81.498,84.321,-1,0,0,0,64.727
7233,0,0,0.000,0.000,-1,0,0,0,61.391
7234,0,0,0.000,0.000,-1,0,0,0,57.331
7235,0,0,0.000,0.000,-1,0,0,0,60.928
7236,0,0,0.000,0.000,-1,0,0,0,58.891
7237,0,0,0.000,0.000,-1,0,0,0,57.725
7238,0,0,0.000,0.000,-1,0,0,0,56.845
7239,0,0,0.000,0.000,-1,0,0,0,60.267
7240,0,0,0.000,0.000,-1,0,0,0,60.511
7241,0,0,0.000,0.000,-1,0,0,0,60.049
7242,0,0,0.000,0.000,-1,0,0,0,60.638
7243,0,0,0.000,0.000,-1,0,0,0,57.937
7244,0,0,0.000,0.000,-1,0,0,0,59.749
7245,0,0,0.000,0.000,-1,0,0,0,61.393
7246,0,0,0.000,0.000,-1,0,0,0,59.063
7247,0,0,0.000,0.000,-1,0,0,0,59.471
7248,0,0,0.000,0.000,-1,0,0,0,62.247
7249,0,0,0.000,0.000,-1,0,0,0,59.900
7250,0,0,0.000,0.000,-1,0,0,0,56.594
7251,0,0,0.000,0.000,-1,0,0,0,59.309
7252,0,0,0.000,0.000,-1,0,0,0,57.808
7253,0,0,0.000,0.000,-1,0,0,0,60.355
7254,0,0,0.000,0.000,-1,0,0,0,60.854
7255,0,0,0.000,0.000,-1,0,0,0,59.398
7256,0,0,0.000,0.000,-1,0,0,0,58.078
7257,0,0,0.000,0.000,-1,0,0,0,58.854
7258,0,0,0.000,0.000,-1,0,0,0,58.367
7259,0,0,0.000,0.000,-1,0,0,0,59.523
7260,0,0,0.000,0.000,-1,0,0,0,61.536
7261,0,0,0.000,0.000,-1,0,0,0,58.213
7262,0,0,0.000,0.000,-1,0,0,0,58.061
7263,0,0,0.000,0.000,-1,0,0,0,61.141
7264,0,1,81.812,84.503,-1,0,0,0,58.379
7265,0,0,0.000,0.000,-1,0,0,0,59.808
7266,0,0,0.000,0.000,-1,0,0,0,60.389
7267,0,0,0.000,0.000,-1,0,0,0,58.319
7268,0,0,0.000,0.000,-1,0,0,0,57.484
7269,0,0,0.000,0.000,-1,0,0,0,58.895
7270,0,0,0.000,0.000,-1,0,0,0,58.590
7271,0,0,0.000,0.000,-1,0,0,0,60.483
7272,0,0,0.000,0.000,-1,0,0,0,64.180
7273,0,0,0.000,0.000,-1,0,0,0,58.466
7274,0,0,0.000,0.000,-1,0,0,0,60.194
7275,0,0,0.000,0.000,-1,0,0,0,57.286
7276,0,0,0.000,0.000,-1,0,0,0,58.629
7277,0,0,0.000,0.000,-1,0,0,0,57.513
7278,0,0,0.000,0.000,-1,0,0,0,66.464
7279,0,0,0.000,0.000,-1,0,0,0,60.779
7280,0,0,0.000,0.000,-1,0,0,0,57.806
7281,0,0,0.000,0.000,-1,0,0,0,57.284
7282,0,0,0.000,0.000,-1,0,0,0,59.661
7283,0,0,0.000,0.000,-1,0,0,0,57.836
7284,0,0,0.000,0.000,-1,0,0,0,60.207
7285,0,0,0.000,0.000,-1,0,0,0,58.434
7286,0,0,0.000,0.000,-1,0,0,0,74.622
7287,0,0,0.000,0.000,-1,0,0,0,60.959
7288,0,0,0.000,0.000,-1,0,0,0,58.295
7289,0,0,0.000,0.000,-1,0,0,0,61.358
7290,0,0,0.000,0.000,-1,0,0,0,75.000
7291,0,0,0.000,0.000,-1,0,0,0,59.214
7292,0,0,0.000,0.000,-1,0,0,0,59.685
7293,0,0,0.000,0.000,-1,0,0,0,58.955
7294,0,0,0.000,0.000,-1,0,0,0,57.425
7295,0,0,0.000,0.000,-1,0,0,0,61.185
7296,0,1,81.589,84.267,-1,0,0,0,63.590
7297,0,0,0.000,0.000,-1,0,0,0,60.028
7298,0,0,0.000,0.000,-1,0,0,0,60.011
7299,0,0,0.000,0.000,-1,0,0,0,59.005
7300,0,0,0.000,0.000,-1,0,0,0,59.677
7301,0,0,0.000,0.000,-1,0,0,0,61.039
7302,0,0,0.000,0.000,-1,0,0,0,60.174
7303,0,0,0.000,0.000,-1,0,0,0,60.160
7304,0,0,0.000,0.000,-1,0,0,0,61.449
7305,0,0,0.000,0.000,-1,0,0,0,60.773
7306,0,0,0.000,0.000,-1,0,0,0,61.751
7307,0,0,0.000,0.000,-1,0,0,0,59.468
7308,0,0,0.000,0.000,-1,0,0,0,60.680
7309,0,0,0.000,0.000,-1,0,0,0,58.911
7310,0,0,0.000,0.000,-1,0,0,0,58.849
7311,0,0,0.000,0.000,-1,0,0,0,58.629
7312,0,0,0.000,0.000,-1,0,0,0,58.415
7313,0,0,0.000,0.000,-1,0,0,0,58.122
7314,0,0,0.000,0.000,-1,0,0,0,60.945
7315,0,0,0.000,0.000,-1,0,0,0,57.873
7316,0,0,0.000,0.000,-1,0,0,0,57.971
7317,0,0,0.000,0.000,-1,0,0,0,58.886
7318,0,0,0.000,0.000,-1,0,0,0,62.485
7319,0,0,0.000,0.000,-1,0,0,0,58.525
7320,0,0,0.000,0.000,-1,0,0,0,63.665
7321,0,0,0.000,0.000,-1,0,0,0,60.034
7322,0,0,0.000,0.000,-1,0,0,0,60.955
7323,0,0,0.000,0.000,-1,0,0,0,58.719
7324,0,0,0.000,0.000,-1,0,0,0,59.984
7325,0,0,0.000,0.000,-1,0,0,0,59.990
7326,0,0,0.000,0.000,-1,0,0,0,61.928
7327,0,0,0.000,0.000,-1,0,0,0,59.749
7328,0,1,81.774,84.678,-1,0,0,0,58.808
7329,0,0,0.000,0.000,-1,0,0,0,60.291
7330,0,0,0.000,0.000,-1,0,0,0,61.385
7331,0,0,0.000,0.000,-1,0,0,0,61.925
7332,0,0,0.000,0.000,-1,0,0,0,60.945
7333,0,0,0.000,0.000,-1,0,0,0,59.680
7334,0,0,0.000,0.000,-1,0,0,0,58.869
7335,0,0,0.000,0.000,-1,0,0,0,58.000
7336,0,0,0.000,0.000,-1,0,0,0,57.269
7337,0,0,0.000,0.000,-1,0,0,0,57.413
7338,0,0,0.000,0.000,-1,0,0,0,59.735
7339,0,0,0.000,0.000,-1,0,0,0,63.351
7340,0,0,0.000,0.000,-1,0,0,0,58.438
7341,0,0,0.000,0.000,-1,0,0,0,58.666
7342,0,0,0.000,0.000,-1,0,0,0,59.234
7343,0,0,0.000,0.000,-1,0,0,0,59.106
7344,0,0,0.000,0.000,-1,0,0,0,60.333
7345,0,0,0.000,0.000,-1,0,0,0,59.643
7346,0,0,0.000,0.000,-1,0,0,0,60.921
7347,0,0,0.000,0.000,-1,0,0,0,62.007
7348,0,0,0.000,0.000,-1,0,0,0,60.065
7349,0,0,0.000,0.000,-1,0,0,0,59.727
7350,0,0,0.000,0.000,-1,0,0,0,61.353
7351,0,0,0.000,0.000,-1,0,0,0,56.909
7352,0,0,0.000,0.000,-1,0,0,0,59.960
7353,0,0,0.000,0.000,-1,0,0,0,60.024
7354,0,0,0.000,0.000,-1,0,0,0,57.606
7355,0,0,0.000,0.000,-1,0,0,0,57.110
7356,0,0,0.000,0.000,-1,0,0,0,59.867
7357,0,0,0.000,0.000,-1,0,0,0,58.973
7358,0,0,0.000,0.000,-1,0,0,0,58.418
7359,0,0,0.000,0.000,-1,0,0,0,57.042
7360,0,1,81.472,84.295,-1,0,0,0,58.771
7361,0,0,0.000,0.000,-1,0,0,0,57.748
7362,0,0,0.000,0.000,-1,0,0,0,61.467
7363,0,0,0.000,0.000,-1,0,0,0,58.190
7364,0,0,0.000,0.000,-1,0,0,0,56.923
7365,0,0,0.000,0.000,-1,0,0,0,58.075
7366,0,0,0.000,0.000,-1,0,0,0,60.398
7367,0,0,0.000,0.000,-1,0,0,0,59.055
7368,0,0,0.000,0.000,-1,0,0,0,60.141
7369,0,0,0.000,0.000,-1,0,0,0,59.694
7370,0,0,0.000,0.000,-1,0,0,0,60.503
7371,0,0,0.000,0.000,-1,0,0,0,59.875
7372,0,0,0.000,0.000,-1,0,0,0,59.591
7373,0,0,0.000,0.000,-1,0,0,0,58.030
7374,0,0,0.000,0.000,-1,0,0,0,58.436
7375,0,0,0.000,0.000,-1,0,0,0,58.295
7376,0,0,0.000,0.000,-1,0,0,0,60.096
7377,0,0,0.000,0.000,-1,0,0,0,57.373
7378,0,0,0.000,0.000,-1,0,0,0,56.790
7379,0,0,0.000,0.000,-1,0,0,0,59.507
7380,0,0,0.000,0.000,-1,0,0,0,62.061
7381,0,0,0.000,0.000,-1,0,0,0,59.688
7382,0,0,0.000,0.000,-1,0,0,0,60.053
7383,0,0,0.000,0.000,-1,0,0,0,58.624
7384,0,0,0.000,0.000,-1,0,0,0,60.091
7385,0,0,0.000,0.000,-1,0,0,0,58.535
7386,0,0,0.000,0.000,-1,0,0,0,60.143
7387,0,0,0.000,0.000,-1,0,0,0,59.269
7388,0,0,0.000,0.000,-1,0,0,0,60.818
7389,0,0,0.000,0.000,-1,0,0,0,59.910
7390,0,0,0.000,0.000,-1,0,0,0,58.308
7391,0,0,0.000,0.000,-1,0,0,0,59.867
7392,0,1,81.686,84.316,-1,0,0,0,59.532
7393,0,0,0.000,0.000,-1,0,0,0,61.096
7394,0,0,0.000,0.000,-1,0,0,0,59.177
7395,0,0,0.000,0.000,-1,0,0,0,60.446
7396,0,0,0.000,0.000,-1,0,0,0,60.290
7397,0,0,0.000,0.000,-1,0,0,0,58.386
7398,0,0,0.000,0.000,-1,0,0,0,58.609
7399,0,0,0.000,0.000,-1,0,0,0,59.052
7400,0,0,0.000,0.000,-1,0,0,0,60.293
7401,0,0,0.000,0.000,-1,0,0,0,57.684
7402,0,0,0.000,0.000,-1,0,0,0,59.766
7403,0,0,0.000,0.000,-1,0,0,0,62.006
7404,0,0,0.000,0.000,-1,0,0,0,60.875
7405,0,0,0.000,0.000,-1,0,0,0,58.380
7406,0,0,0.000,0.000,-1,0,0,0,58.328
7407,0,0,0.000,0.000,-1,0,0,0,59.021
7408,0,0,0.000,0.000,-1,0,0,0,58.417
7409,0,0,0.000,0.000,-1,0,0,0,60.348
7410,0,0,0.000,0.000,-1,0,0,0,60.817
7411,0,0,0.000,0.000,-1,0,0,0,56.327
7412,0,0,0.000,0.000,-1,0,0,0,58.117
7413,0,0,0.000,0.000,-1,0,0,0,60.232
7414,0,0,0.000,0.000,-1,0,0,0,57.589
7415,0,0,0.000,0.000,-1,0,0,0,58.221
7416,0,0,0.000,0.000,-1,0,0,0,60.663
7417,0,0,0.000,0.000,-1,0,0,0,60.706
7418,0,0,0.000,0.000,-1,0,0,0,59.148
7419,0,0,0.000,0.000,-1,0,0,0,58.541
7420,0,0,0.000,0.000,-1,0,0,0,58.299
7421,0,0,0.000,0.000,-1,0,0,0,58.123
7422,0,0,0.000,0.000,-1,0,0,0,61.119
7423,0,0,0.000,0.000,-1,0,0,0,59.601
7424,0,1,81.772,84.571,-1,0,0,0,58.015
7425,0,0,0.000,0.000,-1,0,0,0,58.885
7426,0,0,0.000,0.000,-1,0,0,0,58.310
7427,0,0,0.000,0.000,-1,0,0,0,59.403
7428,0,0,0.000,0.000,-1,0,0,0,60.356
7429,0,0,0.000,0.000,-1,0,0,0,59.281
7430,0,0,0.000,0.000,-1,0,0,0,57.956
7431,0,0,0.000,0.000,-1,0,0,0,57.564
7432,0,0,0.000,0.000,-1,0,0,0,58.075
7433,0,0,0.000,0.000,-1,0,0,0,59.437
7434,0,0,0.000,0.000,-1,0,0,0,60.820
7435,0,0,0.000,0.000,-1,0,0,0,62.036
7436,0,0,0.000,0.000,-1,0,0,0,58.347
7437,0,0,0.000,0.000,-1,0,0,0,58.457
7438,0,0,0.000,0.000,-1,0,0,0,59.032
7439,0,0,0.000,0.000,-1,0,0,0,61.015
7440,0,0,0.000,0.000,-1,0,0,0,61.828
7441,0,0,0.000,0.000,-1,0,0,0,58.681
7442,0,0,0.000,0.000,-1,0,0,0,59.253
7443,0,0,0.000,0.000,-1,0,0,0,57.746
7444,0,0,0.000,0.000,-1,0,0,0,59.112
7445,0,0,0.000,0.000,-1,0,0,0,59.166
7446,0,0,0.000,0.000,-1,0,0,0,61.897
7447,0,0,0.000,0.000,-1,0,0,0,59.796
7448,0,0,0.000,0.000,-1,0,0,0,60.864
7449,0,0,0.000,0.000,-1,0,0,0,59.138
7450,0,0,0.000,0.000,-1,0,0,0,59.110
7451,0,0,0.000,0.000,-1,0,0,0,61.189
7452,0,0,0.000,0.000,-1,0,0,0,62.014
7453,0,0,0.000,0.000,-1,0,0,0,59.256
7454,0,0,0.000,0.000,-1,0,0,0,58.796
7455,0,0,0.000,0.000,-1,0,0,0,57.673
7456,0,1,81.571,84.445,-1,0,0,0,58.282
7457,0,0,0.000,0.000,-1,0,0,0,58.955
7458,0,0,0.000,0.000,-1,0,0,0,60.261
7459,0,0,0.000,0.000,-1,0,0,0,61.227
7460,0,0,0.000,0.000,-1,0,0,0,58.442
7461,0,0,0.000,0.000,-1,0,0,0,58.906
7462,0,0,0.000,0.000,-1,0,0,0,58.420
7463,0,0,0.000,0.000,-1,0,0,0,58.393
7464,0,0,0.000,0.000,-1,0,0,0,61.797
7465,0,0,0.000,0.000,-1,0,0,0,63.286
7466,0,0,0.000,0.000,-1,0,0,0,61.560
7467,0,0,0.000,0.000,-1,0,0,0,58.645
7468,0,0,0.000,0.000,-1,0,0,0,59.745
7469,0,0,0.000,0.000,-1,0,0,0,60.104
7470,0,0,0.000,0.000,-1,0,0,0,62.495
7471,0,0,0.000,0.000,-1,0,0,0,59.587
7472,0,0,0.000,0.000,-1,0,0,0,59.830
7473,0,0,0.000,0.000,-1,0,0,0,59.296
7474,0,0,0.000,0.000,-1,0,0,0,60.703
7475,0,0,0.000,0.000,-1,0,0,0,58.449
7476,0,0,0.000,0.000,-1,0,0,0,61.294
7477,0,0,0.000,0.000,-1,0,0,0,58.719
7478,0,0,0.000,0.000,-1,0,0,0,60.363
7479,0,0,0.000,0.000,-1,0,0,0,58.362
7480,0,0,0.000,0.000,-1,0,0,0,63.608
7481,0,0,0.000,0.000,-1,0,0,0,59.304
7482,0,0,0.000,0.000,-1,0,0,0,61.513
7483,0,0,0.000,0.000,-1,0,0,0,60.826
7484,0,0,0.000,0.000,-1,0,0,0,58.414
7485,0,0,0.000,0.000,-1,0,0,0,59.166
7486,0,0,0.000,0.000,-1,0,0,0,60.564
7487,0,0,0.000,0.000,-1,0,0,0,59.016
7488,0,1,81.436,84.072,-1,0,0,0,61.272
7489,0,0,0.000,0.000,-1,0,0,0,59.567
7490,0,0,0.000,0.000,-1,0,0,0,59.668
7491,0,0,0.000,0.000,-1,0,0,0,59.971
7492,0,0,0.000,0.000,-1,0,0,0,58.755
7493,0,0,0.000,0.000,-1,0,0,0,58.729
7494,0,0,0.000,0.000,-1,0,0,0,64.223
7495,0,0,0.000,0.000,-1,0,0,0,58.426
7496,0,0,0.000,0.000,-1,0,0,0,59.626
7497,0,0,0.000,0.000,-1,0,0,0,58.156
7498,0,0,0.000,0.000,-1,0,0,0,57.962
7499,0,0,0.000,0.000,-1,0,0,0,59.080
7500,0,0,0.000,0.000,-1,0,0,0,64.259
7501,0,0,0.000,0.000,-1,0,0,0,58.550
7502,0,0,0.000,0.000,-1,0,0,0,61.073
7503,0,0,0.000,0.000,-1,0,0,0,59.217
7504,0,0,0.000,0.000,-1,0,0,0,60.096
7505,0,0,0.000,0.000,-1,0,0,0,62.192
7506,0,0,0.000,0.000,-1,0,0,0,62.389
7507,0,0,0.000,0.000,-1,0,0,0,57.948
7508,0,0,0.000,0.000,-1,0,0,0,58.655
7509,0,0,0.000,0.000,-1,0,0,0,62.153
7510,0,0,0.000,0.000,-1,0,0,0,58.740
7511,0,0,0.000,0.000,-1,0,0,0,59.861
7512,0,0,0.000,0.000,-1,0,0,0,64.873
7513,0,0,0.000,0.000,-1,0,0,0,59.512
7514,0,0,0.000,0.000,-1,0,0,0,57.725
7515,0,0,0.000,0.000,-1,0,0,0,57.041
7516,0,0,0.000,0.000,-1,0,0,0,59.439
7517,0,0,0.000,0.000,-1,0,0,0,57.618
7518,0,0,0.000,0.000,-1,0,0,0,61.131
7519,0,0,0.000,0.000,-1,0,0,0,58.012
7520,0,1,84.487,87.342,-1,0,0,0,59.605
7521,0,0,0.000,0.000,-1,0,0,0,61.779
7522,0,0,0.000,0.000,-1,0,0,0,59.115
7523,0,0,0.000,0.000,-1,0,0,0,57.329
7524,0,0,0.000,0.000,-1,0,0,0,61.191
7525,0,0,0.000,0.000,-1,0,0,0,61.324
7526,0,0,0.000,0.000,-1,0,0,0,59.679
7527,0,0,0.000,0.000,-1,0,0,0,59.575
7528,0,0,0.000,0.000,-1,0,0,0,57.441
7529,0,0,0.000,0.000,-1,0,0,0,56.742
7530,0,0,0.000,0.000,-1,0,0,0,62.207
7531,0,0,0.000,0.000,-1,0,0,0,59.996
7532,0,0,0.000,0.000,-1,0,0,0,57.620
7533,0,0,0.000,0.000,-1,0,0,0,60.961
7534,0,0,0.000,0.000,-1,0,0,0,57.945
7535,0,0,0.000,0.000,-1,0,0,0,60.124
7536,0,0,0.000,0.000,-1,0,0,0,58.804
7537,0,0,0.000,0.000,-1,0,0,0,59.843
7538,0,0,0.000,0.000,-1,0,0,0,58.909
7539,0,0,0.000,0.000,-1,0,0,0,60.401
7540,0,0,0.000,0.000,-1,0,0,0,58.897
7541,0,0,0.000,0.000,-1,0,0,0,59.279
7542,0,0,0.000,0.000,-1,0,0,0,59.873
7543,0,0,0.000,0.000,-1,0,0,0,59.630
7544,0,0,0.000,0.000,-1,0,0,0,57.248
7545,0,0,0.000,0.000,-1,0,0,0,57.325
7546,0,0,0.000,0.000,-1,0,0,0,58.460
7547,0,0,0.000,0.000,-1,0,0,0,58.065
7548,0,0,0.000,0.000,-1,0,0,0,60.176
7549,0,0,0.000,0.000,-1,0,0,0,60.322
7550,0,0,0.000,0.000,-1,0,0,0,56.822
7551,0,0,0.000,0.000,-1,0,0,0,55.795
7552,0,1,81.910,84.759,-1,0,0,0,58.856
7553,0,0,0.000,0.000,-1,0,0,0,57.924
7554,0,0,0.000,0.000,-1,0,0,0,58.905
7555,0,0,0.000,0.000,-1,0,0,0,57.810
7556,0,0,0.000,0.000,-1,0,0,0,58.071
7557,0,0,0.000,0.000,-1,0,0,0,58.423
7558,0,0,0.000,0.000,-1,0,0,0,62.933
7559,0,0,0.000,0.000,-1,0,0,0,58.009
7560,0,0,0.000,0.000,-1,0,0,0,60.992
7561,0,0,0.000,0.000,-1,0,0,0,59.602
7562,0,0,0.000,0.000,-1,0,0,0,57.217
7563,0,0,0.000,0.000,-1,0,0,0,57.603
7564,0,0,0.000,0.000,-1,0,0,0,62.100
7565,0,0,0.000,0.000,-1,0,0,0,57.780
7566,0,0,0.000,0.000,-1,0,0,0,60.063
7567,0,0,0.000,0.000,-1,0,0,0,57.833
7568,0,0,0.000,0.000,-1,0,0,0,58.269
7569,0,0,0.000,0.000,-1,0,0,0,58.295
7570,0,0,0.000,0.000,-1,0,0,0,60.740
7571,0,0,0.000,0.000,-1,0,0,0,60.253
7572,0,0,0.000,0.000,-1,0,0,0,61.106
7573,0,0,0.000,0.000,-1,0,0,0,60.921
7574,0,0,0.000,0.000,-1,0,0,0,57.742
7575,0,0,0.000,0.000,-1,0,0,0,57.794
7576,0,0,0.000,0.000,-1,0,0,0,57.940
7577,0,0,0.000,0.000,-1,0,0,0,57.964
7578,0,0,0.000,0.000,-1,0,0,0,60.825
7579,0,0,0.000,0.000,-1,0,0,0,56.653
7580,0,0,0.000,0.000,-1,0,0,0,57.673
7581,0,0,0.000,0.000,-1,0,0,0,59.777
7582,0,0,0.000,0.000,-1,0,0,0,58.665
7583,0,0,0.000,0.000,-1,0,0,0,59.674
7584,0,1,81.727,84.412,-1,0,0,0,60.680
7585,0,0,0.000,0.000,-1,0,0,0,60.895
7586,0,0,0.000,0.000,-1,0,0,0,57.767
7587,0,0,0.000,0.000,-1,0,0,0,63.507
7588,0,0,0.000,0.000,-1,0,0,0,58.962
7589,0,0,0.000,0.000,-1,0,0,0,58.408
7590,0,0,0.000,0.000,-1,0,0,0,61.001
7591,0,0,0.000,0.000,-1,0,0,0,59.135
7592,0,0,0.000,0.000,-1,0,0,0,59.764
7593,0,0,0.000,0.000,-1,0,0,0,59.483
7594,0,0,0.000,0.000,-1,0,0,0,59.731
7595,0,0,0.000,0.000,-1,0,0,0,59.118
7596,0,0,0.000,0.000,-1,0,0,0,59.273
7597,0,0,0.000,0.000,-1,0,0,0,58.297
7598,0,0,0.000,0.000,-1,0,0,0,57.710
7599,0,0,0.000,0.000,-1,0,0,0,58.709
7600,0,0,0.000,0.000,-1,0,0,0,58.519
7601,0,0,0.000,0.000,-1,0,0,0,58.752
7602,0,0,0.000,0.000,-1,0,0,0,59.298
7603,0,0,0.000,0.000,-1,0,0,0,56.912
7604,0,0,0.000,0.000,-1,0,0,0,58.083
7605,0,0,0.000,0.000,-1,0,0,0,60.715
7606,0,0,0.000,0.000,-1,0,0,0,58.880
7607,0,0,0.000,0.000,-1,0,0,0,58.540
7608,0,0,0.000,0.000,-1,0,0,0,63.501
7609,0,0,0.000,0.000,-1,0,0,0,61.212
7610,0,0,0.000,0.000,-1,0,0,0,57.963
7611,0,0,0.000,0.000,-1,0,0,0,59.059
7612,0,0,0.000,0.000,-1,0,0,0,58.209
7613,0,0,0.000,0.000,-1,0,0,0,56.897
7614,0,0,0.000,0.000,-1,0,0,0,59.631
7615,0,0,0.000,0.000,-1,0,0,0,57.054
7616,0,1,81.631,84.314,-1,0,0,0,57.691
7617,0,0,0.000,0.000,-1,0,0,0,57.759
7618,0,0,0.000,0.000,-1,0,0,0,58.677
7619,0,0,0.000,0.000,-1,0,0,0,58.365
7620,0,0,0.000,0.000,-1,0,0,0,61.026
7621,0,0,0.000,0.000,-1,0,0,0,57.094
7622,0,0,0.000,0.000,-1,0,0,0,58.557
7623,0,0,0.000,0.000,-1,0,0,0,60.184
7624,0,0,0.000,0.000,-1,0,0,0,59.980
7625,0,0,0.000,0.000,-1,0,0,0,59.110
7626,0,0,0.000,0.000,-1,0,0,0,59.682
7627,0,0,0.000,0.000,-1,0,0,0,57.005
7628,0,0,0.000,0.000,-1,0,0,0,58.096
7629,0,0,0.000,0.000,-1,0,0,0,57.001
7630,0,0,0.000,0.000,-1,0,0,0,57.920
7631,0,0,0.000,0.000,-1,0,0,0,60.614
7632,0,0,0.000,0.000,-1,0,0,0,60.190
7633,0,0,0.000,0.000,-1,0,0,0,58.549
7634,0,0,0.000,0.000,-1,0,0,0,58.255
7635,0,0,0.000,0.000,-1,0,0,0,57.669
7636,0,0,0.000,0.000,-1,0,0,0,57.972
7637,0,0,0.000,0.000,-1,0,0,0,59.439
7638,0,0,0.000,0.000,-1,0,0,0,62.177
7639,0,0,0.000,0.000,-1,0,0,0,58.421
7640,0,0,0.000,0.000,-1,0,0,0,58.265
7641,0,0,0.000,0.000,-1,0,0,0,59.341
7642,0,0,0.000,0.000,-1,0,0,0,57.758
7643,0,0,0.000,0.000,-1,0,0,0,58.115
7644,0,0,0.000,0.000,-1,0,0,0,62.561
7645,0,0,0.000,0.000,-1,0,0,0,58.014
7646,0,0,0.000,0.000,-1,0,0,0,57.835
7647,0,0,0.000,0.000,-1,0,0,0,57.761
7648,0,1,81.728,84.543,-1,0,0,0,61.559
7649,0,0,0.000,0.000,-1,0,0,0,58.160
7650,0,0,0.000,0.000,-1,0,0,0,61.096
7651,0,0,0.000,0.000,-1,0,0,0,58.935
7652,0,0,0.000,0.000,-1,0,0,0,58.124
7653,0,0,0.000,0.000,-1,0,0,0,60.462
7654,0,0,0.000,0.000,-1,0,0,0,58.629
7655,0,0,0.000,0.000,-1,0,0,0,58.385
7656,0,0,0.000,0.000,-1,0,0,0,61.110
7657,0,0,0.000,0.000,-1,0,0,0,58.123
7658,0,0,0.000,0.000,-1,0,0,0,58.500
7659,0,0,0.000,0.000,-1,0,0,0,58.600
7660,0,0,0.000,0.000,-1,0,0,0,57.336
7661,0,0,0.000,0.000,-1,0,0,0,57.370
7662,0,0,0.000,0.000,-1,0,0,0,59.287
7663,0,0,0.000,0.000,-1,0,0,0,58.406
7664,0,0,0.000,0.000,-1,0,0,0,58.573
7665,0,0,0.000,0.000,-1,0,0,0,59.848
7666,0,0,0.000,0.000,-1,0,0,0,58.716
7667,0,0,0.000,0.000,-1,0,0,0,61.084
7668,0,0,0.000,0.000,-1,0,0,0,62.478
7669,0,0,0.000,0.000,-1,0,0,0,59.201
7670,0,0,0.000,0.000,-1,0,0,0,60.297
7671,0,0,0.000,0.000,-1,0,0,0,57.897
7672,0,0,0.000,0.000,-1,0,0,0,59.127
7673,0,0,0.000,0.000,-1,0,0,0,59.167
7674,0,0,0.000,0.000,-1,0,0,0,60.062
7675,0,0,0.000,0.000,-1,0,0,0,58.663
7676,0,0,0.000,0.000,-1,0,0,0,58.333
7677,0,0,0.000,0.000,-1,0,0,0,59.324
7678,0,0,0.000,0.000,-1,0,0,0,59.617
7679,0,0,0.000,0.000,-1,0,0,0,58.825
7680,0,1,81.933,84.587,-1,0,0,0,62.022
7681,0,0,0.000,0.000,-1,0,0,0,61.329
7682,0,0,0.000,0.000,-1,0,0,0,59.459
7683,0,0,0.000,0.000,-1,0,0,0,57.708
7684,0,0,0.000,0.000,-1,0,0,0,56.901
7685,0,0,0.000,0.000,-1,0,0,0,58.320
7686,0,0,0.000,0.000,-1,0,0,0,59.824
7687,0,0,0.000,0.000,-1,0,0,0,59.265
7688,0,0,0.000,0.000,-1,0,0,0,60.836
7689,0,0,0.000,0.000,-1,0,0,0,59.258
7690,0,0,0.000,0.000,-1,0,0,0,57.573
7691,0,0,0.000,0.000,-1,0,0,0,57.929
7692,0,0,0.000,0.000,-1,0,0,0,58.568
7693,0,0,0.000,0.000,-1,0,0,0,60.292
7694,0,0,0.000,0.000,-1,0,0,0,58.650
7695,0,0,0.000,0.000,-1,0,0,0,58.342
7696,0,0,0.000,0.000,-1,0,0,0,57.192
7697,0,0,0.000,0.000,-1,0,0,0,58.728
7698,0,0,0.000,0.000,-1,0,0,0,62.135
7699,0,0,0.000,0.000,-1,0,0,0,61.631
7700,0,0,0.000,0.000,-1,0,0,0,60.169
7701,0,0,0.000,0.000,-1,0,0,0,57.848
7702,0,0,0.000,0.000,-1,0,0,0,58.489
7703,0,0,0.000,0.000,-1,0,0,0,58.140
7704,0,0,0.000,0.000,-1,0,0,0,59.506
7705,0,0,0.000,0.000,-1,0,0,0,60.258
7706,0,0,0.000,0.000,-1,0,0,0,58.104
7707,0,0,0.000,0.000,-1,0,0,0,56.719
7708,0,0,0.000,0.000,-1,0,0,0,60.150
7709,0,0,0.000,0.000,-1,0,0,0,60.886
7710,0,0,0.000,0.000,-1,0,0,0,61.990
7711,0,0,0.000,0.000,-1,0,0,0,59.186
7712,0,1,81.617,84.439,-1,0,0,0,58.714
7713,0,0,0.000,0.000,-1,0,0,0,60.852
7714,0,0,0.000,0.000,-1,0,0,0,59.431
7715,0,0,0.000,0.000,-1,0,0,0,58.438
7716,0,0,0.000,0.000,-1,0,0,0,60.074
7717,0,0,0.000,0.000,-1,0,0,0,59.931
7718,0,0,0.000,0.000,-1,0,0,0,58.457
7719,0,0,0.000,0.000,-1,0,0,0,59.106
7720,0,0,0.000,0.000,-1,0,0,0,59.050
7721,0,0,0.000,0.000,-1,0,0,0,58.570
7722,0,0,0.000,0.000,-1,0,0,0,60.098
7723,0,0,0.000,0.000,-1,0,0,0,59.968
7724,0,0,0.000,0.000,-1,0,0,0,58.373
7725,0,0,0.000,0.000,-1,0,0,0,64.402
7726,0,0,0.000,0.000,-1,0,0,0,57.972
7727,0,0,0.000,0.000,-1,0,0,0,57.973
7728,0,0,0.000,0.000,-1,0,0,0,61.504
7729,0,0,0.000,0.000,-1,0,0,0,62.539
7730,0,0,0.000,0.000,-1,0,0,0,59.449
7731,0,0,0.000,0.000,-1,0,0,0,58.559
7732,0,0,0.000,0.000,-1,0,0,0,58.560
7733,0,0,0.000,0.000,-1,0,0,0,60.512
7734,0,0,0.000,0.000,-1,0,0,0,60.731
7735,0,0,0.000,0.000,-1,0,0,0,61.783
7736,0,0,0.000,0.000,-1,0,0,0,59.104
7737,0,0,0.000,0.000,-1,0,0,0,58.794
7738,0,0,0.000,0.000,-1,0,0,0,58.200
7739,0,0,0.000,0.000,-1,0,0,0,58.862
7740,0,0,0.000,0.000,-1,0,0,0,63.913
7741,0,0,0.000,0.000,-1,0,0,0,61.076
7742,0,0,0.000,0.000,-1,0,0,0,59.396
7743,0,0,0.000,0.000,-1,0,0,0,58.427
7744,0,1,82.489,85.349,-1,0,0,0,58.471
7745,0,0,0.000,0.000,-1,0,0,0,61.056
7746,0,0,0.000,0.000,-1,0,0,0,59.473
7747,0,0,0.000,0.000,-1,0,0,0,59.727
7748,0,0,0.000,0.000,-1,0,0,0,60.182
7749,0,0,0.000,0.000,-1,0,0,0,58.778
7750,0,0,0.000,0.000,-1,0,0,0,58.971
7751,0,0,0.000,0.000,-1,0,0,0,58.382
7752,0,0,0.000,0.000,-1,0,0,0,60.979
7753,0,0,0.000,0.000,-1,0,0,0,58.640
7754,0,0,0.000,0.000,-1,0,0,0,58.679
7755,0,0,0.000,0.000,-1,0,0,0,57.502
7756,0,0,0.000,0.000,-1,0,0,0,58.870
7757,0,0,0.000,0.000,-1,0,0,0,60.636
7758,0,0,0.000,0.000,-1,0,0,0,63.311
7759,0,0,0.000,0.000,-1,0,0,0,59.003
7760,0,0,0.000,0.000,-1,0,0,0,61.813
7761,0,0,0.000,0.000,-1,0,0,0,59.335
7762,0,0,0.000,0.000,-1,0,0,0,58.167
7763,0,0,0.000,0.000,-1,0,0,0,57.076
7764,0,0,0.000,0.000,-1,0,0,0,59.043
7765,0,0,0.000,0.000,-1,0,0,0,58.236
7766,0,0,0.000,0.000,-1,0,0,0,58.369
7767,0,0,0.000,0.000,-1,0,0,0,57.547
7768,0,0,0.000,0.000,-1,0,0,0,57.950
7769,0,0,0.000,0.000,-1,0,0,0,58.586
7770,0,0,0.000,0.000,-1,0,0,0,62.127
7771,0,0,0.000,0.000,-1,0,0,0,63.448
7772,0,0,0.000,0.000,-1,0,0,0,58.180
7773,0,0,0.000,0.000,-1,0,0,0,60.346
7774,0,0,0.000,0.000,-1,0,0,0,59.737
7775,0,0,0.000,0.000,-1,0,0,0,59.590
7776,0,1,81.861,84.451,-1,0,0,0,61.935
7777,0,0,0.000,0.000,-1,0,0,0,60.706
7778,0,0,0.000,0.000,-1,0,0,0,58.475
7779,0,0,0.000,0.000,-1,0,0,0,58.272
7780,0,0,0.000,0.000,-1,0,0,0,58.196
7781,0,0,0.000,0.000,-1,0,0,0,57.990
7782,0,0,0.000,0.000,-1,0,0,0,61.891
7783,0,0,0.000,0.000,-1,0,0,0,60.799
7784,0,0,0.000,0.000,-1,0,0,0,58.682
7785,0,0,0.000,0.000,-1,0,0,0,58.525
7786,0,0,0.000,0.000,-1,0,0,0,59.632
7787,0,0,0.000,0.000,-1,0,0,0,59.649
7788,0,0,0.000,0.000,-1,0,0,0,60.637
7789,0,0,0.000,0.000,-1,0,0,0,60.341
7790,0,0,0.000,0.000,-1,0,0,0,58.249
7791,0,0,0.000,0.000,-1,0,0,0,58.956
7792,0,0,0.000,0.000,-1,0,0,0,58.390
7793,0,0,0.000,0.000,-1,0,0,0,56.923
7794,0,0,0.000,0.000,-1,0,0,0,58.911
7795,0,0,0.000,0.000,-1,0,0,0,57.208
7796,0,0,0.000,0.000,-1,0,0,0,59.668
7797,0,0,0.000,0.000,-1,0,0,0,59.967
7798,0,0,0.000,0.000,-1,0,0,0,57.649
7799,0,0,0.000,0.000,-1,0,0,0,58.173
7800,0,0,0.000,0.000,-1,0,0,0,61.115
7801,0,0,0.000,0.000,-1,0,0,0,58.050
7802,0,0,0.000,0.000,-1,0,0,0,59.919
7803,0,0,0.000,0.000,-1,0,0,0,58.272
7804,0,0,0.000,0.000,-1,0,0,0,57.872
7805,0,0,0.000,0.000,-1,0,0,0,58.080
7806,0,0,0.000,0.000,-1,0,0,0,63.508
7807,0,0,0.000,0.000,-1,0,0,0,59.922
7808,0,1,81.539,84.354,-1,0,0,0,59.604
7809,0,0,0.000,0.000,-1,0,0,0,59.076
7810,0,0,0.000,0.000,-1,0,0,0,59.309
7811,0,0,0.000,0.000,-1,0,0,0,58.999
7812,0,0,0.000,0.000,-1,0,0,0,61.430
7813,0,0,0.000,0.000,-1,0,0,0,58.084
7814,0,0,0.000,0.000,-1,0,0,0,59.506
7815,0,0,0.000,0.000,-1,0,0,0,57.459
7816,0,0,0.000,0.000,-1,0,0,0,59.540
7817,0,0,0.000,0.000,-1,0,0,0,59.970
7818,0,0,0.000,0.000,-1,0,0,0,61.120
7819,0,0,0.000,0.000,-1,0,0,0,59.748
7820,0,0,0.000,0.000,-1,0,0,0,58.713
7821,0,0,0.000,0.000,-1,0,0,0,58.364
7822,0,0,0.000,0.000,-1,0,0,0,59.729
7823,0,0,0.000,0.000,-1,0,0,0,58.119
7824,0,0,0.000,0.000,-1,0,0,0,59.208
7825,0,0,0.000,0.000,-1,0,0,0,60.359
7826,0,0,0.000,0.000,-1,0,0,0,67.939
7827,0,0,0.000,0.000,-1,0,0,0,59.609
7828,0,0,0.000,0.000,-1,0,0,0,59.509
7829,0,0,0.000,0.000,-1,0,0,0,58.513
7830,0,0,0.000,0.000,-1,0,0,0,61.979
7831,0,0,0.000,0.000,-1,0,0,0,60.642
7832,0,0,0.000,0.000,-1,0,0,0,58.299
7833,0,0,0.000,0.000,-1,0,0,0,59.073
7834,0,0,0.000,0.000,-1,0,0,0,64.025
7835,0,0,0.000,0.000,-1,0,0,0,60.418
7836,0,0,0.000,0.000,-1,0,0,0,63.333
7837,0,0,0.000,0.000,-1,0,0,0,59.553
7838,0,0,0.000,0.000,-1,0,0,0,60.263
7839,0,0,0.000,0.000,-1,0,0,0,58.441
7840,0,1,81.652,84.477,-1,0,0,0,60.615
7841,0,0,0.000,0.000,-1,0,0,0,60.357
7842,0,0,0.000,0.000,-1,0,0,0,60.384
7843,0,0,0.000,0.000,-1,0,0,0,62.366
7844,0,0,0.000,0.000,-1,0,0,0,60.124
7845,0,0,0.000,0.000,-1,0,0,0,59.285
7846,0,0,0.000,0.000,-1,0,0,0,59.640
7847,0,0,0.000,0.000,-1,0,0,0,59.414
7848,0,0,0.000,0.000,-1,0,0,0,61.365
7849,0,0,0.000,0.000,-1,0,0,0,60.265
7850,0,0,0.000,0.000,-1,0,0,0,59.046
7851,0,0,0.000,0.000,-1,0,0,0,63.174
7852,0,0,0.000,0.000,-1,0,0,0,59.383
7853,0,0,0.000,0.000,-1,0,0,0,58.783
7854,0,0,0.000,0.000,-1,0,0,0,60.390
7855,0,0,0.000,0.000,-1,0,0,0,58.355
7856,0,0,0.000,0.000,-1,0,0,0,60.332
7857,0,0,0.000,0.000,-1,0,0,0,58.470
7858,0,0,0.000,0.000,-1,0,0,0,57.889
7859,0,0,0.000,0.000,-1,0,0,0,61.984
7860,0,0,0.000,0.000,-1,0,0,0,61.813
7861,0,0,0.000,0.000,-1,0,0,0,60.666
7862,0,0,0.000,0.000,-1,0,0,0,58.973
7863,0,0,0.000,0.000,-1,0,0,0,58.506
7864,0,0,0.000,0.000,-1,0,0,0,61.870
7865,0,0,0.000,0.000,-1,0,0,0,59.937
7866,0,0,0.000,0.000,-1,0,0,0,61.560
7867,0,0,0.000,0.000,-1,0,0,0,58.835
7868,0,0,0.000,0.000,-1,0,0,0,58.851
7869,0,0,0.000,0.000,-1,0,0,0,59.512
7870,0,0,0.000,0.000,-1,0,0,0,58.288
7871,0,0,0.000,0.000,-1,0,0,0,58.040
7872,0,1,81.708,84.328,-1,0,0,0,60.868
7873,0,0,0.000,0.000,-1,0,0,0,59.421
7874,0,0,0.000,0.000,-1,0,0,0,59.980
7875,0,0,0.000,0.000,-1,0,0,0,57.500
7876,0,0,0.000,0.000,-1,0,0,0,60.439
7877,0,0,0.000,0.000,-1,0,0,0,58.905
7878,0,0,0.000,0.000,-1,0,0,0,61.859
7879,0,0,0.000,0.000,-1,0,0,0,59.091
7880,0,0,0.000,0.000,-1,0,0,0,58.832
7881,0,0,0.000,0.000,-1,0,0,0,60.651
7882,0,0,0.000,0.000,-1,0,0,0,60.554
7883,0,0,0.000,0.000,-1,0,0,0,60.944
7884,0,0,0.000,0.000,-1,0,0,0,62.837
7885,0,0,0.000,0.000,-1,0,0,0,59.914
7886,0,0,0.000,0.000,-1,0,0,0,59.718
7887,0,0,0.000,0.000,-1,0,0,0,59.599
7888,0,0,0.000,0.000,-1,0,0,0,58.953
7889,0,0,0.000,0.000,-1,0,0,0,59.883
7890,0,0,0.000,0.000,-1,0,0,0,64.957
7891,0,0,0.000,0.000,-1,0,0,0,60.123
7892,0,0,0.000,0.000,-1,0,0,0,58.419
7893,0,0,0.000,0.000,-1,0,0,0,57.845
7894,0,0,0.000,0.000,-1,0,0,0,61.614
7895,0,0,0.000,0.000,-1,0,0,0,60.573
7896,0,0,0.000,0.000,-1,0,0,0,61.452
7897,0,0,0.000,0.000,-1,0,0,0,59.491
7898,0,0,0.000,0.000,-1,0,0,0,57.465
7899,0,0,0.000,0.000,-1,0,0,0,58.695
7900,0,0,0.000,0.000,-1,0,0,0,59.777
7901,0,0,0.000,0.000,-1,0,0,0,59.784
7902,0,0,0.000,0.000,-1,0,0,0,60.260
7903,0,0,0.000,0.000,-1,0,0,0,59.742
7904,0,1,81.731,84.504,-1,0,0,0,60.642
7905,0,0,0.000,0.000,-1,0,0,0,58.711
7906,0,0,0.000,0.000,-1,0,0,0,60.119
7907,0,0,0.000,0.000,-1,0,0,0,60.332
7908,0,0,0.000,0.000,-1,0,0,0,62.270
7909,0,0,0.000,0.000,-1,0,0,0,61.862
7910,0,0,0.000,0.000,-1,0,0,0,59.836
7911,0,0,0.000,0.000,-1,0,0,0,58.548
7912,0,0,0.000,0.000,-1,0,0,0,59.332
7913,0,0,0.000,0.000,-1,0,0,0,59.961
7914,0,0,0.000,0.000,-1,0,0,0,60.587
7915,0,0,0.000,0.000,-1,0,0,0,61.156
7916,0,0,0.000,0.000,-1,0,0,0,60.434
7917,0,0,0.000,0.000,-1,0,0,0,58.761
7918,0,0,0.000,0.000,-1,0,0,0,60.785
7919,0,0,0.000,0.000,-1,0,0,0,59.776
7920,0,0,0.000,0.000,-1,0,0,0,67.681
7921,0,0,0.000,0.000,-1,0,0,0,60.465
7922,0,0,0.000,0.000,-1,0,0,0,59.619
7923,0,0,0.000,0.000,-1,0,0,0,57.863
7924,0,0,0.000,0.000,-1,0,0,0,60.000
7925,0,0,0.000,0.000,-1,0,0,0,60.436
7926,0,0,0.000,0.000,-1,0,0,0,61.568
7927,0,0,0.000,0.000,-1,0,0,0,58.224
7928,0,0,0.000,0.000,-1,0,0,0,58.853
7929,0,0,0.000,0.000,-1,0,0,0,57.260
7930,0,0,0.000,0.000,-1,0,0,0,60.210
7931,0,0,0.000,0.000,-1,0,0,0,59.118
7932,0,0,0.000,0.000,-1,0,0,0,60.391
7933,0,0,0.000,0.000,-1,0,0,0,58.796
7934,0,0,0.000,0.000,-1,0,0,0,59.414
7935,0,0,0.000,0.000,-1,0,0,0,59.026
7936,0,1,81.663,84.497,-1,0,0,0,60.493
7937,0,0,0.000,0.000,-1,0,0,0,58.711
7938,0,0,0.000,0.000,-1,0,0,0,60.478
7939,0,0,0.000,0.000,-1,0,0,0,59.945
7940,0,0,0.000,0.000,-1,0,0,0,61.580
7941,0,0,0.000,0.000,-1,0,0,0,59.911
7942,0,0,0.000,0.000,-1,0,0,0,59.369
7943,0,0,0.000,0.000,-1,0,0,0,60.262
7944,0,0,0.000,0.000,-1,0,0,0,61.643
7945,0,0,0.000,0.000,-1,0,0,0,61.636
7946,0,0,0.000,0.000,-1,0,0,0,58.209
7947,0,0,0.000,0.000,-1,0,0,0,59.221
7948,0,0,0.000,0.000,-1,0,0,0,58.977
7949,0,0,0.000,0.000,-1,0,0,0,58.585
7950,0,0,0.000,0.000,-1,0,0,0,63.116
7951,0,0,0.000,0.000,-1,0,0,0,59.093
7952,0,0,0.000,0.000,-1,0,0,0,59.636
7953,0,0,0.000,0.000,-1,0,0,0,59.418
7954,0,0,0.000,0.000,-1,0,0,0,58.994
7955,0,0,0.000,0.000,-1,0,0,0,60.690
7956,0,0,0.000,0.000,-1,0,0,0,60.743
7957,0,0,0.000,0.000,-1,0,0,0,58.598
7958,0,0,0.000,0.000,-1,0,0,0,60.207
7959,0,0,0.000,0.000,-1,0,0,0,59.083
7960,0,0,0.000,0.000,-1,0,0,0,59.909
7961,0,0,0.000,0.000,-1,0,0,0,59.174
7962,0,0,0.000,0.000,-1,0,0,0,61.497
7963,0,0,0.000,0.000,-1,0,0,0,60.137
7964,0,0,0.000,0.000,-1,0,0,0,59.445
7965,0,0,0.000,0.000,-1,0,0,0,59.019
7966,0,0,0.000,0.000,-1,0,0,0,59.406
7967,0,0,0.000,0.000,-1,0,0,0,58.245
7968,0,1,81.365,84.066,-1,0,0,0,60.736
7969,0,0,0.000,0.000,-1,0,0,0,60.050
7970,0,0,0.000,0.000,-1,0,0,0,64.311
7971,0,0,0.000,0.000,-1,0,0,0,58.983
7972,0,0,0.000,0.000,-1,0,0,0,58.487
7973,0,0,0.000,0.000,-1,0,0,0,58.959
7974,0,0,0.000,0.000,-1,0,0,0,61.478
7975,0,0,0.000,0.000,-1,0,0,0,61.855
7976,0,0,0.000,0.000,-1,0,0,0,60.320
7977,0,0,0.000,0.000,-1,0,0,0,58.719
7978,0,0,0.000,0.000,-1,0,0,0,59.454
7979,0,0,0.000,0.000,-1,0,0,0,58.956
7980,0,0,0.000,0.000,-1,0,0,0,63.582
7981,0,0,0.000,0.000,-1,0,0,0,60.995
7982,0,0,0.000,0.000,-1,0,0,0,60.857
7983,0,0,0.000,0.000,-1,0,0,0,58.508
7984,0,0,0.000,0.000,-1,0,0,0,59.246
7985,0,0,0.000,0.000,-1,0,0,0,59.415
7986,0,0,0.000,0.000,-1,0,0,0,62.581
7987,0,0,0.000,0.000,-1,0,0,0,58.705
7988,0,0,0.000,0.000,-1,0,0,0,60.115
7989,0,0,0.000,0.000,-1,0,0,0,58.661
7990,0,0,0.000,0.000,-1,0,0,0,57.552
7991,0,0,0.000,0.000,-1,0,0,0,57.133
7992,0,0,0.000,0.000,-1,0,0,0,61.810
7993,0,0,0.000,0.000,-1,0,0,0,61.416
7994,0,0,0.000,0.000,-1,0,0,0,60.130
7995,0,0,0.000,0.000,-1,0,0,0,58.454
7996,0,0,0.000,0.000,-1,0,0,0,58.579
7997,0,0,0.000,0.000,-1,0,0,0,58.532
7998,0,0,0.000,0.000,-1,0,0,0,60.227
7999,0,0,0.000,0.000,-1,0,0,0,58.243
8000,0,1,81.562,84.374,-1,0,0,0,62.292
8001,0,0,0.000,0.000,-1,0,0,0,58.230
8002,0,0,0.000,0.000,-1,0,0,0,57.400
8003,0,0,0.000,0.000,-1,0,0,0,58.130
8004,0,0,0.000,0.000,-1,0,0,0,60.071
8005,0,0,0.000,0.000,-1,0,0,0,58.819
8006,0,0,0.000,0.000,-1,0,0,0,59.208
8007,0,0,0.000,0.000,-1,0,0,0,57.878
8008,0,0,0.000,0.000,-1,0,0,0,60.295
8009,0,0,0.000,0.000,-1,0,0,0,58.450
8010,0,0,0.000,0.000,-1,0,0,0,62.767
8011,0,0,0.000,0.000,-1,0,0,0,61.208
8012,0,0,0.000,0.000,-1,0,0,0,57.261
8013,0,0,0.000,0.000,-1,0,0,0,57.845
8014,0,0,0.000,0.000,-1,0,0,0,58.143
8015,0,0,0.000,0.000,-1,0,0,0,59.355
8016,0,0,0.000,0.000,-1,0,0,0,59.965
8017,0,0,0.000,0.000,-1,0,0,0,57.814
8018,0,0,0.000,0.000,-1,0,0,0,57.665
8019,0,0,0.000,0.000,-1,0,0,0,57.859
8020,0,0,0.000,0.000,-1,0,0,0,58.437
8021,0,0,0.000,0.000,-1,0,0,0,58.765
8022,0,0,0.000,0.000,-1,0,0,0,58.754
8023,0,0,0.000,0.000,-1,0,0,0,57.721
8024,0,0,0.000,0.000,-1,0,0,0,58.587
8025,0,0,0.000,0.000,-1,0,0,0,57.975
8026,0,0,0.000,0.000,-1,0,0,0,58.044
8027,0,0,0.000,0.000,-1,0,0,0,58.709
8028,0,0,0.000,0.000,-1,0,0,0,59.890
8029,0,0,0.000,0.000,-1,0,0,0,58.095
8030,0,0,0.000,0.000,-1,0,0,0,57.780
8031,0,0,0.000,0.000,-1,0,0,0,58.714
8032,0,1,82.629,85.460,-1,0,0,0,60.768
8033,0,0,0.000,0.000,-1,0,0,0,59.055
8034,0,0,0.000,0.000,-1,0,0,0,60.526
8035,0,0,0.000,0.000,-1,0,0,0,59.345
8036,0,0,0.000,0.000,-1,0,0,0,57.197
8037,0,0,0.000,0.000,-1,0,0,0,58.029
8038,0,0,0.000,0.000,-1,0,0,0,58.916
8039,0,0,0.000,0.000,-1,0,0,0,58.403
8040,0,0,0.000,0.000,-1,0,0,0,61.105
8041,0,0,0.000,0.000,-1,0,0,0,60.110
8042,0,0,0.000,0.000,-1,0,0,0,59.807
8043,0,0,0.000,0.000,-1,0,0,0,61.831
8044,0,0,0.000,0.000,-1,0,0,0,58.695
8045,0,0,0.000,0.000,-1,0,0,0,63.584
8046,0,0,0.000,0.000,-1,0,0,0,60.828
8047,0,0,0.000,0.000,-1,0,0,0,58.593
8048,0,0,0.000,0.000,-1,0,0,0,60.117
8049,0,0,0.000,0.000,-1,0,0,0,58.045
8050,0,0,0.000,0.000,-1,0,0,0,59.210
8051,0,0,0.000,0.000,-1,0,0,0,59.968
8052,0,0,0.000,0.000,-1,0,0,0,61.138
8053,0,0,0.000,0.000,-1,0,0,0,57.724
8054,0,0,0.000,0.000,-1,0,0,0,58.829
8055,0,0,0.000,0.000,-1,0,0,0,59.649
8056,0,0,0.000,0.000,-1,0,0,0,58.002
8057,0,0,0.000,0.000,-1,0,0,0,56.366
8058,0,0,0.000,0.000,-1,0,0,0,59.600
8059,0,0,0.000,0.000,-1,0,0,0,58.916
8060,0,0,0.000,0.000,-1,0,0,0,59.782
8061,0,0,0.000,0.000,-1,0,0,0,61.288
8062,0,0,0.000,0.000,-1,0,0,0,60.293
8063,0,0,0.000,0.000,-1,0,0,0,58.630
8064,0,1,81.504,84.179,-1,0,0,0,61.142
8065,0,0,0.000,0.000,-1,0,0,0,58.030
8066,0,0,0.000,0.000,-1,0,0,0,57.502
8067,0,0,0.000,0.000,-1,0,0,0,58.284
8068,0,0,0.000,0.000,-1,0,0,0,58.781
8069,0,0,0.000,0.000,-1,0,0,0,58.656
8070,0,0,0.000,0.000,-1,0,0,0,63.900
8071,0,0,0.000,0.000,-1,0,0,0,59.006
8072,0,0,0.000,0.000,-1,0,0,0,60.569
8073,0,0,0.000,0.000,-1,0,0,0,58.190
8074,0,0,0.000,0.000,-1,0,0,0,59.737
8075,0,0,0.000,0.000,-1,0,0,0,59.364
8076,0,0,0.000,0.000,-1,0,0,0,60.887
8077,0,0,0.000,0.000,-1,0,0,0,58.985
8078,0,0,0.000,0.000,-1,0,0,0,59.028
8079,0,0,0.000,0.000,-1,0,0,0,58.051
8080,0,0,0.000,0.000,-1,0,0,0,58.351
8081,0,0,0.000,0.000,-1,0,0,0,59.021
8082,0,0,0.000,0.000,-1,0,0,0,59.417
8083,0,0,0.000,0.000,-1,0,0,0,59.499
8084,0,0,0.000,0.000,-1,0,0,0,58.693
8085,0,0,0.000,0.000,-1,0,0,0,59.126
8086,0,0,0.000,0.000,-1,0,0,0,59.485
8087,0,0,0.000,0.000,-1,0,0,0,59.207
8088,0,0,0.000,0.000,-1,0,0,0,59.942
8089,0,0,0.000,0.000,-1,0,0,0,58.803
8090,0,0,0.000,0.000,-1,0,0,0,60.531
8091,0,0,0.000,0.000,-1,0,0,0,58.419
8092,0,0,0.000,0.000,-1,0,0,0,59.317
8093,0,0,0.000,0.000,-1,0,0,0,59.839
8094,0,0,0.000,0.000,-1,0,0,0,61.270
8095,0,0,0.000,0.000,-1,0,0,0,59.222
8096,0,1,81.439,84.117,-1,0,0,0,60.766
8097,0,0,0.000,0.000,-1,0,0,0,59.635
8098,0,0,0.000,0.000,-1,0,0,0,57.955
8099,0,0,0.000,0.000,-1,0,0,0,59.628
8100,0,0,0.000,0.000,-1,0,0,0,64.016
8101,0,0,0.000,0.000,-1,0,0,0,59.320
8102,0,0,0.000,0.000,-1,0,0,0,59.119
8103,0,0,0.000,0.000,-1,0,0,0,58.986
8104,0,0,0.000,0.000,-1,0,0,0,59.234
8105,0,0,0.000,0.000,-1,0,0,0,59.606
8106,0,0,0.000,0.000,-1,0,0,0,59.411
8107,0,0,0.000,0.000,-1,0,0,0,57.585
8108,0,0,0.000,0.000,-1,0,0,0,58.887
8109,0,0,0.000,0.000,-1,0,0,0,60.037
8110,0,0,0.000,0.000,-1,0,0,0,62.804
8111,0,0,0.000,0.000,-1,0,0,0,58.694
8112,0,0,0.000,0.000,-1,0,0,0,61.817
8113,0,0,0.000,0.000,-1,0,0,0,60.220
8114,0,0,0.000,0.000,-1,0,0,0,58.954
8115,0,0,0.000,0.000,-1,0,0,0,60.226
8116,0,0,0.000,0.000,-1,0,0,0,60.756
8117,0,0,0.000,0.000,-1,0,0,0,59.502
8118,0,0,0.000,0.000,-1,0,0,0,60.178
8119,0,0,0.000,0.000,-1,0,0,0,59.041
8120,0,0,0.000,0.000,-1,0,0,0,60.560
8121,0,0,0.000,0.000,-1,0,0,0,60.879
8122,0,0,0.000,0.000,-1,0,0,0,58.235
8123,0,0,0.000,0.000,-1,0,0,0,57.942
8124,0,0,0.000,0.000,-1,0,0,0,60.538
8125,0,0,0.000,0.000,-1,0,0,0,60.080
8126,0,0,0.000,0.000,-1,0,0,0,58.852
8127,0,0,0.000,0.000,-1,0,0,0,57.831
8128,0,1,81.618,84.450,-1,0,0,0,60.272
8129,0,0,0.000,0.000,-1,0,0,0,59.562
8130,0,0,0.000,0.000,-1,0,0,0,62.772
8131,0,0,0.000,0.000,-1,0,0,0,60.737
8132,0,0,0.000,0.000,-1,0,0,0,60.156
8133,0,0,0.000,0.000,-1,0,0,0,92.081
8134,0,0,0.000,0.000,-1,0,0,0,59.776
8135,0,0,0.000,0.000,-1,0,0,0,59.742
8136,0,0,0.000,0.000,-1,0,0,0,60.962
8137,0,0,0.000,0.000,-1,0,0,0,59.518
8138,0,0,0.000,0.000,-1,0,0,0,59.898
8139,0,0,0.000,0.000,-1,0,0,0,60.500
8140,0,0,0.000,0.000,-1,0,0,0,60.417
8141,0,0,0.000,0.000,-1,0,0,0,59.932
8142,0,0,0.000,0.000,-1,0,0,0,62.892
8143,0,0,0.000,0.000,-1,0,0,0,59.110
8144,0,0,0.000,0.000,-1,0,0,0,58.979
8145,0,0,0.000,0.000,-1,0,0,0,59.677
8146,0,0,0.000,0.000,-1,0,0,0,58.254
8147,0,0,0.000,0.000,-1,0,0,0,59.207
8148,0,0,0.000,0.000,-1,0,0,0,60.554
8149,0,0,0.000,0.000,-1,0,0,0,60.375
8150,0,0,0.000,0.000,-1,0,0,0,58.544
8151,0,0,0.000,0.000,-1,0,0,0,61.157
8152,0,0,0.000,0.000,-1,0,0,0,59.958
8153,0,0,0.000,0.000,-1,0,0,0,58.833
8154,0,0,0.000,0.000,-1,0,0,0,59.317
8155,0,0,0.000,0.000,-1,0,0,0,59.781
8156,0,0,0.000,0.000,-1,0,0,0,58.889
8157,0,0,0.000,0.000,-1,0,0,0,58.717
8158,0,0,0.000,0.000,-1,0,0,0,59.107
8159,0,0,0.000,0.000,-1,0,0,0,57.831
8160,0,1,82.570,85.267,-1,0,0,0,61.489
8161,0,0,0.000,0.000,-1,0,0,0,58.521
8162,0,0,0.000,0.000,-1,0,0,0,58.912
8163,0,0,0.000,0.000,-1,0,0,0,60.838
8164,0,0,0.000,0.000,-1,0,0,0,59.227
8165,0,0,0.000,0.000,-1,0,0,0,59.593
8166,0,0,0.000,0.000,-1,0,0,0,60.858
8167,0,0,0.000,0.000,-1,0,0,0,59.159
8168,0,0,0.000,0.000,-1,0,0,0,57.257
8169,0,0,0.000,0.000,-1,0,0,0,60.377
8170,0,0,0.000,0.000,-1,0,0,0,59.779
8171,0,0,0.000,0.000,-1,0,0,0,59.583
8172,0,0,0.000,0.000,-1,0,0,0,63.878
8173,0,0,0.000,0.000,-1,0,0,0,59.080
8174,0,0,0.000,0.000,-1,0,0,0,63.550
8175,0,0,0.000,0.000,-1,0,0,0,60.084
8176,0,0,0.000,0.000,-1,0,0,0,57.723
8177,0,0,0.000,0.000,-1,0,0,0,58.132
8178,0,0,0.000,0.000,-1,0,0,0,62.190
8179,0,0,0.000,0.000,-1,0,0,0,57.580
8180,0,0,0.000,0.000,-1,0,0,0,56.946
8181,0,0,0.000,0.000,-1,0,0,0,57.732
8182,0,0,0.000,0.000,-1,0,0,0,57.809
8183,0,0,0.000,0.000,-1,0,0,0,60.825
8184,0,0,0.000,0.000,-1,0,0,0,62.076
8185,0,0,0.000,0.000,-1,0,0,0,57.732
8186,0,0,0.000,0.000,-1,0,0,0,60.049
8187,0,0,0.000,0.000,-1,0,0,0,58.377
8188,0,0,0.000,0.000,-1,0,0,0,62.740
8189,0,0,0.000,0.000,-1,0,0,0,58.718
8190,0,0,0.000,0.000,-1,0,0,0,60.800
8191,0,0,0.000,0.000,-1,0,0,0,57.866
8192,0,1,82.043,84.877,-1,0,0,0,59.666
8193,0,0,0.000,0.000,-1,0,0,0,62.164
8194,0,0,0.000,0.000,-1,0,0,0,58.958
8195,0,0,0.000,0.000,-1,0,0,0,59.122
8196,0,0,0.000,0.000,-1,0,0,0,62.771
8197,0,0,0.000,0.000,-1,0,0,0,58.097
8198,0,0,0.000,0.000,-1,0,0,0,58.813
8199,0,0,0.000,0.000,-1,0,0,0,58.309
8200,0,0,0.000,0.000,-1,0,0,0,59.069
8201,0,0,0.000,0.000,-1,0,0,0,60.550
8202,0,0,0.000,0.000,-1,0,0,0,60.421
8203,0,0,0.000,0.000,-1,0,0,0,59.102
8204,0,0,0.000,0.000,-1,0,0,0,58.258
8205,0,0,0.000,0.000,-1,0,0,0,59.234
8206,0,0,0.000,0.000,-1,0,0,0,59.084
8207,0,0,0.000,0.000,-1,0,0,0,58.160
8208,0,0,0.000,0.000,-1,0,0,0,60.734
8209,0,0,0.000,0.000,-1,0,0,0,60.859
8210,0,0,0.000,0.000,-1,0,0,0,59.011
8211,0,0,0.000,0.000,-1,0,0,0,59.917
8212,0,0,0.000,0.000,-1,0,0,0,60.055
8213,0,0,0.000,0.000,-1,0,0,0,61.768
8214,0,0,0.000,0.000,-1,0,0,0,61.121
8215,0,0,0.000,0.000,-1,0,0,0,59.840
8216,0,0,0.000,0.000,-1,0,0,0,57.933
8217,0,0,0.000,0.000,-1,0,0,0,58.494
8218,0,0,0.000,0.000,-1,0,0,0,59.780
8219,0,0,0.000,0.000,-1,0,0,0,59.512
8220,0,0,0.000,0.000,-1,0,0,0,63.109
8221,0,0,0.000,0.000,-1,0,0,0,59.380
8222,0,0,0.000,0.000,-1,0,0,0,59.794
8223,0,0,0.000,0.000,-1,0,0,0,58.877
8224,0,1,82.426,85.281,-1,0,0,0,61.235
8225,0,0,0.000,0.000,-1,0,0,0,60.504
8226,0,0,0.000,0.000,-1,0,0,0,61.468
8227,0,0,0.000,0.000,-1,0,0,0,59.467
8228,0,0,0.000,0.000,-1,0,0,0,60.682
8229,0,0,0.000,0.000,-1,0,0,0,59.847
8230,0,0,0.000,0.000,-1,0,0,0,59.972
8231,0,0,0.000,0.000,-1,0,0,0,60.845
8232,0,0,0.000,0.000,-1,0,0,0,61.221
8233,0,0,0.000,0.000,-1,0,0,0,61.167
8234,0,0,0.000,0.000,-1,0,0,0,60.340
8235,0,0,0.000,0.000,-1,0,0,0,58.954
8236,0,0,0.000,0.000,-1,0,0,0,58.356
8237,0,0,0.000,0.000,-1,0,0,0,58.015
8238,0,0,0.000,0.000,-1,0,0,0,61.448
8239,0,0,0.000,0.000,-1,0,0,0,58.926
8240,0,0,0.000,0.000,-1,0,0,0,59.429
8241,0,0,0.000,0.000,-1,0,0,0,59.802
8242,0,0,0.000,0.000,-1,0,0,0,59.851
8243,0,0,0.000,0.000,-1,0,0,0,58.592
8244,0,0,0.000,0.000,-1,0,0,0,60.210
8245,0,0,0.000,0.000,-1,0,0,0,58.525
8246,0,0,0.000,0.000,-1,0,0,0,60.061
8247,0,0,0.000,0.000,-1,0,0,0,60.470
8248,0,0,0.000,0.000,-1,0,0,0,58.780
8249,0,0,0.000,0.000,-1,0,0,0,58.088
8250,0,0,0.000,0.000,-1,0,0,0,64.831
8251,0,0,0.000,0.000,-1,0,0,0,59.972
8252,0,0,0.000,0.000,-1,0,0,0,59.666
8253,0,0,0.000,0.000,-1,0,0,0,61.278
8254,0,0,0.000,0.000,-1,0,0,0,58.567
8255,0,0,0.000,0.000,-1,0,0,0,58.947
8256,0,1,81.632,84.418,-1,0,0,0,61.957
8257,0,0,0.000,0.000,-1,0,0,0,59.486
8258,0,0,0.000,0.000,-1,0,0,0,58.634
8259,0,0,0.000,0.000,-1,0,0,0,58.882
8260,0,0,0.000,0.000,-1,0,0,0,58.476
8261,0,0,0.000,0.000,-1,0,0,0,57.751
8262,0,0,0.000,0.000,-1,0,0,0,60.577
8263,0,0,0.000,0.000,-1,0,0,0,58.156
8264,0,0,0.000,0.000,-1,0,0,0,58.214
8265,0,0,0.000,0.000,-1,0,0,0,56.978
8266,0,0,0.000,0.000,-1,0,0,0,58.027
8267,0,0,0.000,0.000,-1,0,0,0,59.389
8268,0,0,0.000,0.000,-1,0,0,0,61.293
8269,0,0,0.000,0.000,-1,0,0,0,60.627
8270,0,0,0.000,0.000,-1,0,0,0,57.811
8271,0,0,0.000,0.000,-1,0,0,0,58.349
8272,0,0,0.000,0.000,-1,0,0,0,60.271
8273,0,0,0.000,0.000,-1,0,0,0,57.413
8274,0,0,0.000,0.000,-1,0,0,0,57.682
8275,0,0,0.000,0.000,-1,0,0,0,56.066
8276,0,0,0.000,0.000,-1,0,0,0,59.554
8277,0,0,0.000,0.000,-1,0,0,0,57.933
8278,0,0,0.000,0.000,-1,0,0,0,59.334
8279,0,0,0.000,0.000,-1,0,0,0,59.273
8280,0,0,0.000,0.000,-1,0,0,0,61.333
8281,0,0,0.000,0.000,-1,0,0,0,58.425
8282,0,0,0.000,0.000,-1,0,0,0,58.070
8283,0,0,0.000,0.000,-1,0,0,0,58.282
8284,0,0,0.000,0.000,-1,0,0,0,59.681
8285,0,0,0.000,0.000,-1,0,0,0,57.062
8286,0,0,0.000,0.000,-1,0,0,0,60.042
8287,0,0,0.000,0.000,-1,0,0,0,60.012
8288,0,1,81.587,84.284,-1,0,0,0,57.809
8289,0,0,0.000,0.000,-1,0,0,0,56.895
8290,0,0,0.000,0.000,-1,0,0,0,57.534
8291,0,0,0.000,0.000,-1,0,0,0,57.114
8292,0,0,0.000,0.000,-1,0,0,0,60.196
8293,0,0,0.000,0.000,-1,0,0,0,58.774
8294,0,0,0.000,0.000,-1,0,0,0,59.184
8295,0,0,0.000,0.000,-1,0,0,0,57.699
8296,0,0,0.000,0.000,-1,0,0,0,58.310
8297,0,0,0.000,0.000,-1,0,0,0,59.334
8298,0,0,0.000,0.000,-1,0,0,0,60.539
8299,0,0,0.000,0.000,-1,0,0,0,57.182
8300,0,0,0.000,0.000,-1,0,0,0,59.654
8301,0,0,0.000,0.000,-1,0,0,0,58.724
8302,0,0,0.000,0.000,-1,0,0,0,57.885
8303,0,0,0.000,0.000,-1,0,0,0,57.661
8304,0,0,0.000,0.000,-1,0,0,0,58.853
8305,0,0,0.000,0.000,-1,0,0,0,59.831
8306,0,0,0.000,0.000,-1,0,0,0,57.514
8307,0,0,0.000,0.000,-1,0,0,0,58.540
8308,0,0,0.000,0.000,-1,0,0,0,59.335
8309,0,0,0.000,0.000,-1,0,0,0,58.464
8310,0,0,0.000,0.000,-1,0,0,0,62.100
8311,0,0,0.000,0.000,-1,0,0,0,57.702
8312,0,0,0.000,0.000,-1,0,0,0,57.773
8313,0,0,0.000,0.000,-1,0,0,0,59.386
8314,0,0,0.000,0.000,-1,0,0,0,58.326
8315,0,0,0.000,0.000,-1,0,0,0,58.421
8316,0,0,0.000,0.000,-1,0,0,0,63.843
8317,0,0,0.000,0.000,-1,0,0,0,59.819
8318,0,0,0.000,0.000,-1,0,0,0,58.201
8319,0,0,0.000,0.000,-1,0,0,0,61.406
8320,0,1,81.892,84.744,-1,0,0,0,59.599
8321,0,0,0.000,0.000,-1,0,0,0,59.341
8322,0,0,0.000,0.000,-1,0,0,0,61.001
8323,0,0,0.000,0.000,-1,0,0,0,59.681
8324,0,0,0.000,0.000,-1,0,0,0,59.674
8325,0,0,0.000,0.000,-1,0,0,0,58.886
8326,0,0,0.000,0.000,-1,0,0,0,59.504
8327,0,0,0.000,0.000,-1,0,0,0,58.429
8328,0,0,0.000,0.000,-1,0,0,0,62.138
8329,0,0,0.000,0.000,-1,0,0,0,59.021
8330,0,0,0.000,0.000,-1,0,0,0,59.135
8331,0,0,0.000,0.000,-1,0,0,0,58.999
8332,0,0,0.000,0.000,-1,0,0,0,59.266
8333,0,0,0.000,0.000,-1,0,0,0,59.577
8334,0,0,0.000,0.000,-1,0,0,0,66.246
8335,0,0,0.000,0.000,-1,0,0,0,62.265
8336,0,0,0.000,0.000,-1,0,0,0,60.299
8337,0,0,0.000,0.000,-1,0,0,0,58.770
8338,0,0,0.000,0.000,-1,0,0,0,58.165
8339,0,0,0.000,0.000,-1,0,0,0,58.967
8340,0,0,0.000,0.000,-1,0,0,0,62.562
8341,0,0,0.000,0.000,-1,0,0,0,58.404
8342,0,0,0.000,0.000,-1,0,0,0,60.554
8343,0,0,0.000,0.000,-1,0,0,0,57.754
8344,0,0,0.000,0.000,-1,0,0,0,59.021
8345,0,0,0.000,0.000,-1,0,0,0,58.581
8346,0,0,0.000,0.000,-1,0,0,0,60.561
8347,0,0,0.000,0.000,-1,0,0,0,58.897
8348,0,0,0.000,0.000,-1,0,0,0,57.845
8349,0,0,0.000,0.000,-1,0,0,0,58.146
8350,0,0,0.000,0.000,-1,0,0,0,60.254
8351,0,0,0.000,0.000,-1,0,0,0,58.715
8352,0,1,82.558,85.207,-1,0,0,0,59.183
8353,0,0,0.000,0.000,-1,0,0,0,58.047
8354,0,0,0.000,0.000,-1,0,0,0,60.251
8355,0,0,0.000,0.000,-1,0,0,0,60.317
8356,0,0,0.000,0.000,-1,0,0,0,59.382
8357,0,0,0.000,0.000,-1,0,0,0,61.124
8358,0,0,0.000,0.000,-1,0,0,0,59.007
8359,0,0,0.000,0.000,-1,0,0,0,58.028
8360,0,0,0.000,0.000,-1,0,0,0,60.381
8361,0,0,0.000,0.000,-1,0,0,0,59.776
8362,0,0,0.000,0.000,-1,0,0,0,57.379
8363,0,0,0.000,0.000,-1,0,0,0,58.102
8364,0,0,0.000,0.000,-1,0,0,0,60.246
8365,0,0,0.000,0.000,-1,0,0,0,62.165
8366,0,0,0.000,0.000,-1,0,0,0,59.806
8367,0,0,0.000,0.000,-1,0,0,0,58.069
8368,0,0,0.000,0.000,-1,0,0,0,58.746
8369,0,0,0.000,0.000,-1,0,0,0,59.656
8370,0,0,0.000,0.000,-1,0,0,0,60.426
8371,0,0,0.000,0.000,-1,0,0,0,61.050
8372,0,0,0.000,0.000,-1,0,0,0,59.206
8373,0,0,0.000,0.000,-1,0,0,0,59.854
8374,0,0,0.000,0.000,-1,0,0,0,58.173
8375,0,0,0.000,0.000,-1,0,0,0,58.986
8376,0,0,0.000,0.000,-1,0,0,0,61.660
8377,0,0,0.000,0.000,-1,0,0,0,61.927
8378,0,0,0.000,0.000,-1,0,0,0,60.667
8379,0,0,0.000,0.000,-1,0,0,0,61.243
8380,0,0,0.000,0.000,-1,0,0,0,57.496
8381,0,0,0.000,0.000,-1,0,0,0,59.175
8382,0,0,0.000,0.000,-1,0,0,0,61.071
8383,0,0,0.000,0.000,-1,0,0,0,59.517
8384,0,1,81.704,84.597,-1,0,0,0,61.180
8385,0,0,0.000,0.000,-1,0,0,0,59.156
8386,0,0,0.000,0.000,-1,0,0,0,59.549
8387,0,0,0.000,0.000,-1,0,0,0,58.109
8388,0,0,0.000,0.000,-1,0,0,0,62.303
8389,0,0,0.000,0.000,-1,0,0,0,57.906
8390,0,0,0.000,0.000,-1,0,0,0,58.672
8391,0,0,0.000,0.000,-1,0,0,0,58.455
8392,0,0,0.000,0.000,-1,0,0,0,58.176
8393,0,0,0.000,0.000,-1,0,0,0,57.491
8394,0,0,0.000,0.000,-1,0,0,0,60.326
8395,0,0,0.000,0.000,-1,0,0,0,58.850
8396,0,0,0.000,0.000,-1,0,0,0,60.346
8397,0,0,0.000,0.000,-1,0,0,0,59.259
8398,0,0,0.000,0.000,-1,0,0,0,58.138
8399,0,0,0.000,0.000,-1,0,0,0,59.371
8400,0,0,0.000,0.000,-1,0,0,0,63.329
8401,0,0,0.000,0.000,-1,0,0,0,59.424
8402,0,0,0.000,0.000,-1,0,0,0,58.997
8403,0,0,0.000,0.000,-1,0,0,0,61.996
8404,0,0,0.000,0.000,-1,0,0,0,61.781
8405,0,0,0.000,0.000,-1,0,0,0,58.334
8406,0,0,0.000,0.000,-1,0,0,0,59.439
8407,0,0,0.000,0.000,-1,0,0,0,60.052
8408,0,0,0.000,0.000,-1,0,0,0,59.989
8409,0,0,0.000,0.000,-1,0,0,0,59.151
8410,0,0,0.000,0.000,-1,0,0,0,58.730
8411,0,0,0.000,0.000,-1,0,0,0,59.206
8412,0,0,0.000,0.000,-1,0,0,0,61.464
8413,0,0,0.000,0.000,-1,0,0,0,56.937
8414,0,0,0.000,0.000,-1,0,0,0,59.712
8415,0,0,0.000,0.000,-1,0,0,0,59.399
8416,0,1,82.821,85.678,-1,0,0,0,62.533
8417,0,0,0.000,0.000,-1,0,0,0,59.113
8418,0,0,0.000,0.000,-1,0,0,0,60.425
8419,0,0,0.000,0.000,-1,0,0,0,60.304
8420,0,0,0.000,0.000,-1,0,0,0,56.556
8421,0,0,0.000,0.000,-1,0,0,0,59.229
8422,0,0,0.000,0.000,-1,0,0,0,60.534
8423,0,0,0.000,0.000,-1,0,0,0,58.775
8424,0,0,0.000,0.000,-1,0,0,0,60.104
8425,0,0,0.000,0.000,-1,0,0,0,57.918
8426,0,0,0.000,0.000,-1,0,0,0,57.723
8427,0,0,0.000,0.000,-1,0,0,0,58.067
8428,0,0,0.000,0.000,-1,0,0,0,58.355
8429,0,0,0.000,0.000,-1,0,0,0,58.008
8430,0,0,0.000,0.000,-1,0,0,0,62.558
8431,0,0,0.000,0.000,-1,0,0,0,58.091
8432,0,0,0.000,0.000,-1,0,0,0,59.388
8433,0,0,0.000,0.000,-1,0,0,0,59.392
8434,0,0,0.000,0.000,-1,0,0,0,60.364
8435,0,0,0.000,0.000,-1,0,0,0,57.816
8436,0,0,0.000,0.000,-1,0,0,0,59.003
8437,0,0,0.000,0.000,-1,0,0,0,59.338
8438,0,0,0.000,0.000,-1,0,0,0,61.771
8439,0,0,0.000,0.000,-1,0,0,0,57.872
8440,0,0,0.000,0.000,-1,0,0,0,58.800
8441,0,0,0.000,0.000,-1,0,0,0,58.448
8442,0,0,0.000,0.000,-1,0,0,0,61.017
8443,0,0,0.000,0.000,-1,0,0,0,63.971
8444,0,0,0.000,0.000,-1,0,0,0,59.368
8445,0,0,0.000,0.000,-1,0,0,0,60.352
8446,0,0,0.000,0.000,-1,0,0,0,59.580
8447,0,0,0.000,0.000,-1,0,0,0,57.940
8448,0,1,82.605,85.282,-1,0,0,0,60.506
8449,0,0,0.000,0.000,-1,0,0,0,63.504
8450,0,0,0.000,0.000,-1,0,0,0,61.147
8451,0,0,0.000,0.000,-1,0,0,0,60.208
8452,0,0,0.000,0.000,-1,0,0,0,59.309
8453,0,0,0.000,0.000,-1,0,0,0,59.349
8454,0,0,0.000,0.000,-1,0,0,0,58.615
8455,0,0,0.000,0.000,-1,0,0,0,57.536
8456,0,0,0.000,0.000,-1,0,0,0,59.369
8457,0,0,0.000,0.000,-1,0,0,0,59.478
8458,0,0,0.000,0.000,-1,0,0,0,60.212
8459,0,0,0.000,0.000,-1,0,0,0,59.872
8460,0,0,0.000,0.000,-1,0,0,0,63.058
8461,0,0,0.000,0.000,-1,0,0,0,59.828
8462,0,0,0.000,0.000,-1,0,0,0,59.292
8463,0,0,0.000,0.000,-1,0,0,0,59.009
8464,0,0,0.000,0.000,-1,0,0,0,60.807
8465,0,0,0.000,0.000,-1,0,0,0,60.900
8466,0,0,0.000,0.000,-1,0,0,0,60.185
8467,0,0,0.000,0.000,-1,0,0,0,65.079
8468,0,0,0.000,0.000,-1,0,0,0,60.368
8469,0,0,0.000,0.000,-1,0,0,0,64.738
8470,0,0,0.000,0.000,-1,0,0,0,60.768
8471,0,0,0.000,0.000,-1,0,0,0,58.183
8472,0,0,0.000,0.000,-1,0,0,0,61.544
8473,0,0,0.000,0.000,-1,0,0,0,59.779
8474,0,0,0.000,0.000,-1,0,0,0,60.057
8475,0,0,0.000,0.000,-1,0,0,0,58.932
8476,0,0,0.000,0.000,-1,0,0,0,60.524
8477,0,0,0.000,0.000,-1,0,0,0,59.332
8478,0,0,0.000,0.000,-1,0,0,0,61.928
8479,0,0,0.000,0.000,-1,0,0,0,58.880
8480,0,1,82.558,85.398,-1,0,0,0,59.002
8481,0,0,0.000,0.000,-1,0,0,0,58.921
8482,0,0,0.000,0.000,-1,0,0,0,59.689
8483,0,0,0.000,0.000,-1,0,0,0,58.472
8484,0,0,0.000,0.000,-1,0,0,0,59.673
8485,0,0,0.000,0.000,-1,0,0,0,58.851
8486,0,0,0.000,0.000,-1,0,0,0,58.780
8487,0,0,0.000,0.000,-1,0,0,0,61.911
8488,0,0,0.000,0.000,-1,0,0,0,58.984
8489,0,0,0.000,0.000,-1,0,0,0,57.275
8490,0,0,0.000,0.000,-1,0,0,0,61.814
8491,0,0,0.000,0.000,-1,0,0,0,58.809
8492,0,0,0.000,0.000,-1,0,0,0,59.493
8493,0,0,0.000,0.000,-1,0,0,0,57.313
8494,0,0,0.000,0.000,-1,0,0,0,59.420
8495,0,0,0.000,0.000,-1,0,0,0,58.618
8496,0,0,0.000,0.000,-1,0,0,0,62.329
8497,0,0,0.000,0.000,-1,0,0,0,58.261
8498,0,0,0.000,0.000,-1,0,0,0,58.147
8499,0,0,0.000,0.000,-1,0,0,0,58.709
8500,0,0,0.000,0.000,-1,0,0,0,59.961
8501,0,0,0.000,0.000,-1,0,0,0,58.586
8502,0,0,0.000,0.000,-1,0,0,0,59.571
8503,0,0,0.000,0.000,-1,0,0,0,59.680
8504,0,0,0.000,0.000,-1,0,0,0,58.564
8505,0,0,0.000,0.000,-1,0,0,0,60.865
8506,0,0,0.000,0.000,-1,0,0,0,61.139
8507,0,0,0.000,0.000,-1,0,0,0,60.931
8508,0,0,0.000,0.000,-1,0,0,0,62.925
8509,0,0,0.000,0.000,-1,0,0,0,60.177
8510,0,0,0.000,0.000,-1,0,0,0,58.798
8511,0,0,0.000,0.000,-1,0,0,0,58.983
8512,0,1,82.145,84.993,-1,0,0,0,59.466
8513,0,0,0.000,0.000,-1,0,0,0,59.218
8514,0,0,0.000,0.000,-1,0,0,0,60.053
8515,0,0,0.000,0.000,-1,0,0,0,66.698
8516,0,0,0.000,0.000,-1,0,0,0,58.384
8517,0,0,0.000,0.000,-1,0,0,0,61.317
8518,0,0,0.000,0.000,-1,0,0,0,60.529
8519,0,0,0.000,0.000,-1,0,0,0,59.671
8520,0,0,0.000,0.000,-1,0,0,0,64.214
8521,0,0,0.000,0.000,-1,0,0,0,60.699
8522,0,0,0.000,0.000,-1,0,0,0,60.042
8523,0,0,0.000,0.000,-1,0,0,0,58.000
8524,0,0,0.000,0.000,-1,0,0,0,58.452
8525,0,0,0.000,0.000,-1,0,0,0,57.428
8526,0,0,0.000,0.000,-1,0,0,0,60.644
8527,0,0,0.000,0.000,-1,0,0,0,58.662
8528,0,0,0.000,0.000,-1,0,0,0,58.511
8529,0,0,0.000,0.000,-1,0,0,0,57.820
8530,0,0,0.000,0.000,-1,0,0,0,57.046
8531,0,0,0.000,0.000,-1,0,0,0,57.698
8532,0,0,0.000,0.000,-1,0,0,0,60.294
8533,0,0,0.000,0.000,-1,0,0,0,58.030
8534,0,0,0.000,0.000,-1,0,0,0,58.754
8535,0,0,0.000,0.000,-1,0,0,0,58.558
8536,0,0,0.000,0.000,-1,0,0,0,62.539
8537,0,0,0.000,0.000,-1,0,0,0,60.826
8538,0,0,0.000,0.000,-1,0,0,0,63.343
8539,0,0,0.000,0.000,-1,0,0,0,57.926
8540,0,0,0.000,0.000,-1,0,0,0,61.123
8541,0,0,0.000,0.000,-1,0,0,0,59.062
8542,0,0,0.000,0.000,-1,0,0,0,58.332
8543,0,0,0.000,0.000,-1,0,0,0,61.463
8544,0,1,82.336,85.042,-1,0,0,0,60.699
8545,0,0,0.000,0.000,-1,0,0,0,59.857
8546,0,0,0.000,0.000,-1,0,0,0,59.097
8547,0,0,0.000,0.000,-1,0,0,0,58.342
8548,0,0,0.000,0.000,-1,0,0,0,60.895
8549,0,0,0.000,0.000,-1,0,0,0,59.595
8550,0,0,0.000,0.000,-1,0,0,0,64.229
8551,0,0,0.000,0.000,-1,0,0,0,59.594
8552,0,0,0.000,0.000,-1,0,0,0,58.118
8553,0,0,0.000,0.000,-1,0,0,0,58.436
8554,0,0,0.000,0.000,-1,0,0,0,58.353
8555,0,0,0.000,0.000,-1,0,0,0,59.081
8556,0,0,0.000,0.000,-1,0,0,0,60.061
8557,0,0,0.000,0.000,-1,0,0,0,61.576
8558,0,0,0.000,0.000,-1,0,0,0,59.102
8559,0,0,0.000,0.000,-1,0,0,0,58.854
8560,0,0,0.000,0.000,-1,0,0,0,59.611
8561,0,0,0.000,0.000,-1,0,0,0,60.182
8562,0,0,0.000,0.000,-1,0,0,0,63.190
8563,0,0,0.000,0.000,-1,0,0,0,60.340
8564,0,0,0.000,0.000,-1,0,0,0,58.764
8565,0,0,0.000,0.000,-1,0,0,0,58.576
8566,0,0,0.000,0.000,-1,0,0,0,59.451
8567,0,0,0.000,0.000,-1,0,0,0,59.180
8568,0,0,0.000,0.000,-1,0,0,0,61.642
8569,0,0,0.000,0.000,-1,0,0,0,58.508
8570,0,0,0.000,0.000,-1,0,0,0,60.604
8571,0,0,0.000,0.000,-1,0,0,0,59.793
8572,0,0,0.000,0.000,-1,0,0,0,58.704
8573,0,0,0.000,0.000,-1,0,0,0,59.149
8574,0,0,0.000,0.000,-1,0,0,0,61.984
8575,0,0,0.000,0.000,-1,0,0,0,58.455
8576,0,1,82.408,85.334,-1,0,0,0,59.285
8577,0,0,0.000,0.000,-1,0,0,0,60.003
8578,0,0,0.000,0.000,-1,0,0,0,58.661
8579,0,0,0.000,0.000,-1,0,0,0,57.859
8580,0,0,0.000,0.000,-1,0,0,0,61.702
8581,0,0,0.000,0.000,-1,0,0,0,60.061
8582,0,0,0.000,0.000,-1,0,0,0,59.132
8583,0,0,0.000,0.000,-1,0,0,0,59.761
8584,0,0,0.000,0.000,-1,0,0,0,61.742
8585,0,0,0.000,0.000,-1,0,0,0,58.907
8586,0,0,0.000,0.000,-1,0,0,0,59.814
8587,0,0,0.000,0.000,-1,0,0,0,57.270
8588,0,0,0.000,0.000,-1,0,0,0,59.951
8589,0,0,0.000,0.000,-1,0,0,0,58.055
8590,0,0,0.000,0.000,-1,0,0,0,61.351
8591,0,0,0.000,0.000,-1,0,0,0,59.187
8592,0,0,0.000,0.000,-1,0,0,0,60.635
8593,0,0,0.000,0.000,-1,0,0,0,61.570
8594,0,0,0.000,0.000,-1,0,0,0,58.674
8595,0,0,0.000,0.000,-1,0,0,0,57.259
8596,0,0,0.000,0.000,-1,0,0,0,58.572
8597,0,0,0.000,0.000,-1,0,0,0,59.898
8598,0,0,0.000,0.000,-1,0,0,0,60.311
8599,0,0,0.000,0.000,-1,0,0,0,58.070
8600,0,0,0.000,0.000,-1,0,0,0,57.960
8601,0,0,0.000,0.000,-1,0,0,0,57.395
8602,0,0,0.000,0.000,-1,0,0,0,59.306
8603,0,0,0.000,0.000,-1,0,0,0,61.070
8604,0,0,0.000,0.000,-1,0,0,0,60.756
8605,0,0,0.000,0.000,-1,0,0,0,57.699
8606,0,0,0.000,0.000,-1,0,0,0,59.364
8607,0,0,0.000,0.000,-1,0,0,0,59.256
8608,0,1,81.807,84.607,-1,0,0,0,58.300
8609,0,0,0.000,0.000,-1,0,0,0,58.122
8610,0,0,0.000,0.000,-1,0,0,0,62.425
8611,0,0,0.000,0.000,-1,0,0,0,61.640
8612,0,0,0.000,0.000,-1,0,0,0,60.219
8613,0,0,0.000,0.000,-1,0,0,0,59.635
8614,0,0,0.000,0.000,-1,0,0,0,57.675
8615,0,0,0.000,0.000,-1,0,0,0,57.908
8616,0,0,0.000,0.000,-1,0,0,0,61.153
8617,0,0,0.000,0.000,-1,0,0,0,59.847
8618,0,0,0.000,0.000,-1,0,0,0,61.101
8619,0,0,0.000,0.000,-1,0,0,0,58.290
8620,0,0,0.000,0.000,-1,0,0,0,58.171
8621,0,0,0.000,0.000,-1,0,0,0,58.229
8622,0,0,0.000,0.000,-1,0,0,0,62.752
8623,0,0,0.000,0.000,-1,0,0,0,59.294
8624,0,0,0.000,0.000,-1,0,0,0,57.911
8625,0,0,0.000,0.000,-1,0,0,0,58.145
8626,0,0,0.000,0.000,-1,0,0,0,59.073
8627,0,0,0.000,0.000,-1,0,0,0,58.102
8628,0,0,0.000,0.000,-1,0,0,0,62.356
8629,0,0,0.000,0.000,-1,0,0,0,63.989
8630,0,0,0.000,0.000,-1,0,0,0,59.737
8631,0,0,0.000,0.000,-1,0,0,0,58.835
8632,0,0,0.000,0.000,-1,0,0,0,58.033
8633,0,0,0.000,0.000,-1,0,0,0,60.197
8634,0,0,0.000,0.000,-1,0,0,0,59.124
8635,0,0,0.000,0.000,-1,0,0,0,58.807
8636,0,0,0.000,0.000,-1,0,0,0,60.519
8637,0,0,0.000,0.000,-1,0,0,0,57.090
8638,0,0,0.000,0.000,-1,0,0,0,58.279
8639,0,0,0.000,0.000,-1,0,0,0,57.441
8640,0,1,81.718,84.413,-1,0,0,0,60.696
8641,0,0,0.000,0.000,-1,0,0,0,58.079
8642,0,0,0.000,0.000,-1,0,0,0,58.553
8643,0,0,0.000,0.000,-1,0,0,0,60.316
8644,0,0,0.000,0.000,-1,0,0,0,59.402
8645,0,0,0.000,0.000,-1,0,0,0,57.406
8646,0,0,0.000,0.000,-1,0,0,0,62.075
8647,0,0,0.000,0.000,-1,0,0,0,58.678
8648,0,0,0.000,0.000,-1,0,0,0,59.675
8649,0,0,0.000,0.000,-1,0,0,0,57.714
8650,0,0,0.000,0.000,-1,0,0,0,58.269
8651,0,0,0.000,0.000,-1,0,0,0,59.128
8652,0,0,0.000,0.000,-1,0,0,0,59.950
8653,0,0,0.000,0.000,-1,0,0,0,58.185
8654,0,0,0.000,0.000,-1,0,0,0,57.671
8655,0,0,0.000,0.000,-1,0,0,0,57.648
8656,0,0,0.000,0.000,-1,0,0,0,59.192
8657,0,0,0.000,0.000,-1,0,0,0,58.148
8658,0,0,0.000,0.000,-1,0,0,0,59.964
8659,0,0,0.000,0.000,-1,0,0,0,58.824
8660,0,0,0.000,0.000,-1,0,0,0,59.112
8661,0,0,0.000,0.000,-1,0,0,0,57.871
8662,0,0,0.000,0.000,-1,0,0,0,58.095
8663,0,0,0.000,0.000,-1,0,0,0,58.129
8664,0,0,0.000,0.000,-1,0,0,0,62.600
8665,0,0,0.000,0.000,-1,0,0,0,57.206
8666,0,0,0.000,0.000,-1,0,0,0,59.334
8667,0,0,0.000,0.000,-1,0,0,0,57.927
8668,0,0,0.000,0.000,-1,0,0,0,57.595
8669,0,0,0.000,0.000,-1,0,0,0,56.645
8670,0,0,0.000,0.000,-1,0,0,0,59.760
8671,0,0,0.000,0.000,-1,0,0,0,58.420
8672,0,1,81.714,84.410,-1,0,0,0,58.641
8673,0,0,0.000,0.000,-1,0,0,0,58.383
8674,0,0,0.000,0.000,-1,0,0,0,60.708
8675,0,0,0.000,0.000,-1,0,0,0,58.722
8676,0,0,0.000,0.000,-1,0,0,0,60.580
8677,0,0,0.000,0.000,-1,0,0,0,58.582
8678,0,0,0.000,0.000,-1,0,0,0,58.843
8679,0,0,0.000,0.000,-1,0,0,0,57.585
8680,0,0,0.000,0.000,-1,0,0,0,60.414
8681,0,0,0.000,0.000,-1,0,0,0,59.802
8682,0,0,0.000,0.000,-1,0,0,0,58.891
8683,0,0,0.000,0.000,-1,0,0,0,59.436
8684,0,0,0.000,0.000,-1,0,0,0,57.682
8685,0,0,0.000,0.000,-1,0,0,0,58.690
8686,0,0,0.000,0.000,-1,0,0,0,59.667
8687,0,0,0.000,0.000,-1,0,0,0,59.771
8688,0,0,0.000,0.000,-1,0,0,0,59.745
8689,0,0,0.000,0.000,-1,0,0,0,57.376
8690,0,0,0.000,0.000,-1,0,0,0,58.617
8691,0,0,0.000,0.000,-1,0,0,0,59.238
8692,0,0,0.000,0.000,-1,0,0,0,59.266
8693,0,0,0.000,0.000,-1,0,0,0,58.787
8694,0,0,0.000,0.000,-1,0,0,0,59.115
8695,0,0,0.000,0.000,-1,0,0,0,57.644
8696,0,0,0.000,0.000,-1,0,0,0,57.900
8697,0,0,0.000,0.000,-1,0,0,0,57.706
8698,0,0,0.000,0.000,-1,0,0,0,57.456
8699,0,0,0.000,0.000,-1,0,0,0,57.841
8700,0,0,0.000,0.000,-1,0,0,0,63.175
8701,0,0,0.000,0.000,-1,0,0,0,57.449
8702,0,0,0.000,0.000,-1,0,0,0,58.274
8703,0,0,0.000,0.000,-1,0,0,0,57.546
8704,0,1,81.622,84.443,-1,0,0,0,57.686
8705,0,0,0.000,0.000,-1,0,0,0,58.675
8706,0,0,0.000,0.000,-1,0,0,0,60.423
8707,0,0,0.000,0.000,-1,0,0,0,58.347
8708,0,0,0.000,0.000,-1,0,0,0,57.663
8709,0,0,0.000,0.000,-1,0,0,0,56.832
8710,0,0,0.000,0.000,-1,0,0,0,57.405
8711,0,0,0.000,0.000,-1,0,0,0,56.679
8712,0,0,0.000,0.000,-1,0,0,0,59.828
8713,0,0,0.000,0.000,-1,0,0,0,56.682
8714,0,0,0.000,0.000,-1,0,0,0,56.440
8715,0,0,0.000,0.000,-1,0,0,0,57.644
8716,0,0,0.000,0.000,-1,0,0,0,58.924
8717,0,0,0.000,0.000,-1,0,0,0,58.424
8718,0,0,0.000,0.000,-1,0,0,0,60.542
8719,0,0,0.000,0.000,-1,0,0,0,59.026
8720,0,0,0.000,0.000,-1,0,0,0,57.231
8721,0,0,0.000,0.000,-1,0,0,0,58.311
8722,0,0,0.000,0.000,-1,0,0,0,57.937
8723,0,0,0.000,0.000,-1,0,0,0,58.866
8724,0,0,0.000,0.000,-1,0,0,0,62.698
8725,0,0,0.000,0.000,-1,0,0,0,59.631
8726,0,0,0.000,0.000,-1,0,0,0,58.894
8727,0,0,0.000,0.000,-1,0,0,0,56.908
8728,0,0,0.000,0.000,-1,0,0,0,57.809
8729,0,0,0.000,0.000,-1,0,0,0,57.256
8730,0,0,0.000,0.000,-1,0,0,0,59.350
8731,0,0,0.000,0.000,-1,0,0,0,54.623
8732,0,0,0.000,0.000,-1,0,0,0,56.027
8733,0,0,0.000,0.000,-1,0,0,0,56.594
8734,0,0,0.000,0.000,-1,0,0,0,55.284
8735,0,0,0.000,0.000,-1,0,0,0,56.772
8736,0,1,81.560,84.204,-1,0,0,0,57.711
8737,0,0,0.000,0.000,-1,0,0,0,59.815
8738,0,0,0.000,0.000,-1,0,0,0,62.611
8739,0,0,0.000,0.000,-1,0,0,0,58.122
8740,0,0,0.000,0.000,-1,0,0,0,58.931
8741,0,0,0.000,0.000,-1,0,0,0,57.268
8742,0,0,0.000,0.000,-1,0,0,0,61.021
8743,0,0,0.000,0.000,-1,0,0,0,58.442
8744,0,0,0.000,0.000,-1,0,0,0,55.983
8745,0,0,0.000,0.000,-1,0,0,0,57.712
8746,0,0,0.000,0.000,-1,0,0,0,58.390
8747,0,0,0.000,0.000,-1,0,0,0,58.905
8748,0,0,0.000,0.000,-1,0,0,0,61.557
8749,0,0,0.000,0.000,-1,0,0,0,59.152
8750,0,0,0.000,0.000,-1,0,0,0,59.187
8751,0,0,0.000,0.000,-1,0,0,0,57.776
8752,0,0,0.000,0.000,-1,0,0,0,57.231
8753,0,0,0.000,0.000,-1,0,0,0,57.197
8754,0,0,0.000,0.000,-1,0,0,0,58.795
8755,0,0,0.000,0.000,-1,0,0,0,58.623
8756,0,0,0.000,0.000,-1,0,0,0,58.406
8757,0,0,0.000,0.000,-1,0,0,0,58.274
8758,0,0,0.000,0.000,-1,0,0,0,57.292
8759,0,0,0.000,0.000,-1,0,0,0,57.337
8760,0,0,0.000,0.000,-1,0,0,0,63.862
8761,0,0,0.000,0.000,-1,0,0,0,57.985
8762,0,0,0.000,0.000,-1,0,0,0,60.773
8763,0,0,0.000,0.000,-1,0,0,0,58.239
8764,0,0,0.000,0.000,-1,0,0,0,58.232
8765,0,0,0.000,0.000,-1,0,0,0,59.075
8766,0,0,0.000,0.000,-1,0,0,0,60.364
8767,0,0,0.000,0.000,-1,0,0,0,65.000
8768,0,1,82.427,85.275,-1,0,0,0,59.654
8769,0,0,0.000,0.000,-1,0,0,0,59.392
8770,0,0,0.000,0.000,-1,0,0,0,60.263
8771,0,0,0.000,0.000,-1,0,0,0,57.930
8772,0,0,0.000,0.000,-1,0,0,0,61.600
8773,0,0,0.000,0.000,-1,0,0,0,58.882
8774,0,0,0.000,0.000,-1,0,0,0,57.223
8775,0,0,0.000,0.000,-1,0,0,0,57.118
8776,0,0,0.000,0.000,-1,0,0,0,57.163
8777,0,0,0.000,0.000,-1,0,0,0,60.052
8778,0,0,0.000,0.000,-1,0,0,0,60.303
8779,0,0,0.000,0.000,-1,0,0,0,59.954
8780,0,0,0.000,0.000,-1,0,0,0,57.709
8781,0,0,0.000,0.000,-1,0,0,0,59.957
8782,0,0,0.000,0.000,-1,0,0,0,58.575
8783,0,0,0.000,0.000,-1,0,0,0,58.946
8784,0,0,0.000,0.000,-1,0,0,0,64.196
8785,0,0,0.000,0.000,-1,0,0,0,61.737
8786,0,0,0.000,0.000,-1,0,0,0,58.448
8787,0,0,0.000,0.000,-1,0,0,0,58.060
8788,0,0,0.000,0.000,-1,0,0,0,57.105
8789,0,0,0.000,0.000,-1,0,0,0,61.918
8790,0,0,0.000,0.000,-1,0,0,0,60.541
8791,0,0,0.000,0.000,-1,0,0,0,57.453
8792,0,0,0.000,0.000,-1,0,0,0,58.764
8793,0,0,0.000,0.000,-1,0,0,0,56.510
8794,0,0,0.000,0.000,-1,0,0,0,59.127
8795,0,0,0.000,0.000,-1,0,0,0,60.509
8796,0,0,0.000,0.000,-1,0,0,0,59.842
8797,0,0,0.000,0.000,-1,0,0,0,61.105
8798,0,0,0.000,0.000,-1,0,0,0,57.826
8799,0,0,0.000,0.000,-1,0,0,0,58.616
8800,0,1,82.364,85.192,-1,0,0,0,59.421
8801,0,0,0.000,0.000,-1,0,0,0,60.471
8802,0,0,0.000,0.000,-1,0,0,0,62.826
8803,0,0,0.000,0.000,-1,0,0,0,59.445
8804,0,0,0.000,0.000,-1,0,0,0,58.369
8805,0,0,0.000,0.000,-1,0,0,0,60.282
8806,0,0,0.000,0.000,-1,0,0,0,58.727
8807,0,0,0.000,0.000,-1,0,0,0,59.912
8808,0,0,0.000,0.000,-1,0,0,0,60.375
8809,0,0,0.000,0.000,-1,0,0,0,59.626
8810,0,0,0.000,0.000,-1,0,0,0,59.425
8811,0,0,0.000,0.000,-1,0,0,0,59.588
8812,0,0,0.000,0.000,-1,0,0,0,58.098
8813,0,0,0.000,0.000,-1,0,0,0,59.331
8814,0,0,0.000,0.000,-1,0,0,0,58.945
8815,0,0,0.000,0.000,-1,0,0,0,57.232
8816,0,0,0.000,0.000,-1,0,0,0,57.228
8817,0,0,0.000,0.000,-1,0,0,0,57.745
8818,0,0,0.000,0.000,-1,0,0,0,58.757
8819,0,0,0.000,0.000,-1,0,0,0,58.144
8820,0,0,0.000,0.000,-1,0,0,0,64.232
8821,0,0,0.000,0.000,-1,0,0,0,57.667
8822,0,0,0.000,0.000,-1,0,0,0,58.399
8823,0,0,0.000,0.000,-1,0,0,0,59.307
8824,0,0,0.000,0.000,-1,0,0,0,59.624
8825,0,0,0.000,0.000,-1,0,0,0,58.827
8826,0,0,0.000,0.000,-1,0,0,0,60.033
8827,0,0,0.000,0.000,-1,0,0,0,58.503
8828,0,0,0.000,0.000,-1,0,0,0,56.421
8829,0,0,0.000,0.000,-1,0,0,0,56.099
8830,0,0,0.000,0.000,-1,0,0,0,58.993
8831,0,0,0.000,0.000,-1,0,0,0,57.867
8832,0,1,82.497,85.122,-1,0,0,0,60.717
8833,0,0,0.000,0.000,-1,0,0,0,60.671
8834,0,0,0.000,0.000,-1,0,0,0,57.637
8835,0,0,0.000,0.000,-1,0,0,0,60.450
8836,0,0,0.000,0.000,-1,0,0,0,59.782
8837,0,0,0.000,0.000,-1,0,0,0,59.195
8838,0,0,0.000,0.000,-1,0,0,0,61.731
8839,0,0,0.000,0.000,-1,0,0,0,59.212
8840,0,0,0.000,0.000,-1,0,0,0,61.355
8841,0,0,0.000,0.000,-1,0,0,0,58.168
8842,0,0,0.000,0.000,-1,0,0,0,59.262
8843,0,0,0.000,0.000,-1,0,0,0,58.534
8844,0,0,0.000,0.000,-1,0,0,0,59.660
8845,0,0,0.000,0.000,-1,0,0,0,58.553
8846,0,0,0.000,0.000,-1,0,0,0,58.429
8847,0,0,0.000,0.000,-1,0,0,0,58.739
8848,0,0,0.000,0.000,-1,0,0,0,59.144
8849,0,0,0.000,0.000,-1,0,0,0,59.487
8850,0,0,0.000,0.000,-1,0,0,0,63.047
8851,0,0,0.000,0.000,-1,0,0,0,57.637
8852,0,0,0.000,0.000,-1,0,0,0,59.763
8853,0,0,0.000,0.000,-1,0,0,0,59.318
8854,0,0,0.000,0.000,-1,0,0,0,58.688
8855,0,0,0.000,0.000,-1,0,0,0,60.016
8856,0,0,0.000,0.000,-1,0,0,0,63.273
8857,0,0,0.000,0.000,-1,0,0,0,59.510
8858,0,0,0.000,0.000,-1,0,0,0,64.365
8859,0,0,0.000,0.000,-1,0,0,0,59.918
8860,0,0,0.000,0.000,-1,0,0,0,59.789
8861,0,0,0.000,0.000,-1,0,0,0,58.185
8862,0,0,0.000,0.000,-1,0,0,0,63.435
8863,0,0,0.000,0.000,-1,0,0,0,58.213
8864,0,1,84.276,87.107,-1,0,0,0,59.212
8865,0,0,0.000,0.000,-1,0,0,0,61.893
8866,0,0,0.000,0.000,-1,0,0,0,61.058
8867,0,0,0.000,0.000,-1,0,0,0,60.960
8868,0,0,0.000,0.000,-1,0,0,0,61.526
8869,0,0,0.000,0.000,-1,0,0,0,58.827
8870,0,0,0.000,0.000,-1,0,0,0,59.641
8871,0,0,0.000,0.000,-1,0,0,0,59.823
8872,0,0,0.000,0.000,-1,0,0,0,58.014
8873,0,0,0.000,0.000,-1,0,0,0,59.416
8874,0,0,0.000,0.000,-1,0,0,0,60.720
8875,0,0,0.000,0.000,-1,0,0,0,60.952
8876,0,0,0.000,0.000,-1,0,0,0,59.363
8877,0,0,0.000,0.000,-1,0,0,0,58.949
8878,0,0,0.000,0.000,-1,0,0,0,57.613
8879,0,0,0.000,0.000,-1,0,0,0,59.292
8880,0,0,0.000,0.000,-1,0,0,0,59.700
8881,0,0,0.000,0.000,-1,0,0,0,58.382
8882,0,0,0.000,0.000,-1,0,0,0,61.542
8883,0,0,0.000,0.000,-1,0,0,0,60.141
8884,0,0,0.000,0.000,-1,0,0,0,60.264
8885,0,0,0.000,0.000,-1,0,0,0,58.751
8886,0,0,0.000,0.000,-1,0,0,0,59.316
8887,0,0,0.000,0.000,-1,0,0,0,58.241
8888,0,0,0.000,0.000,-1,0,0,0,59.925
8889,0,0,0.000,0.000,-1,0,0,0,58.621
8890,0,0,0.000,0.000,-1,0,0,0,59.096
8891,0,0,0.000,0.000,-1,0,0,0,56.814
8892,0,0,0.000,0.000,-1,0,0,0,58.661
8893,0,0,0.000,0.000,-1,0,0,0,62.333
8894,0,0,0.000,0.000,-1,0,0,0,59.325
8895,0,0,0.000,0.000,-1,0,0,0,59.269
8896,0,1,85.271,88.231,-1,0,0,0,60.292
8897,0,0,0.000,0.000,-1,0,0,0,60.981
8898,0,0,0.000,0.000,-1,0,0,0,60.934
8899,0,0,0.000,0.000,-1,0,0,0,58.410
8900,0,0,0.000,0.000,-1,0,0,0,60.010
8901,0,0,0.000,0.000,-1,0,0,0,61.406
8902,0,0,0.000,0.000,-1,0,0,0,58.077
8903,0,0,0.000,0.000,-1,0,0,0,57.311
8904,0,0,0.000,0.000,-1,0,0,0,62.456
8905,0,0,0.000,0.000,-1,0,0,0,60.869
8906,0,0,0.000,0.000,-1,0,0,0,59.700
8907,0,0,0.000,0.000,-1,0,0,0,58.290
8908,0,0,0.000,0.000,-1,0,0,0,61.001
8909,0,0,0.000,0.000,-1,0,0,0,63.372
8910,0,0,0.000,0.000,-1,0,0,0,64.681
8911,0,0,0.000,0.000,-1,0,0,0,62.810
8912,0,0,0.000,0.000,-1,0,0,0,59.658
8913,0,0,0.000,0.000,-1,0,0,0,57.462
8914,0,0,0.000,0.000,-1,0,0,0,59.196
8915,0,0,0.000,0.000,-1,0,0,0,58.921
8916,0,0,0.000,0.000,-1,0,0,0,60.988
8917,0,0,0.000,0.000,-1,0,0,0,59.236
8918,0,0,0.000,0.000,-1,0,0,0,59.757
8919,0,0,0.000,0.000,-1,0,0,0,58.490
8920,0,0,0.000,0.000,-1,0,0,0,56.829
8921,0,0,0.000,0.000,-1,0,0,0,58.984
8922,0,0,0.000,0.000,-1,0,0,0,62.055
8923,0,0,0.000,0.000,-1,0,0,0,63.501
8924,0,0,0.000,0.000,-1,0,0,0,59.503
8925,0,0,0.000,0.000,-1,0,0,0,58.617
8926,0,0,0.000,0.000,-1,0,0,0,61.141
8927,0,0,0.000,0.000,-1,0,0,0,62.683
8928,0,1,81.633,84.376,-1,0,0,0,59.673
8929,0,0,0.000,0.000,-1,0,0,0,61.417
8930,0,0,0.000,0.000,-1,0,0,0,58.708
8931,0,0,0.000,0.000,-1,0,0,0,67.047
8932,0,0,0.000,0.000,-1,0,0,0,59.248
8933,0,0,0.000,0.000,-1,0,0,0,59.545
8934,0,0,0.000,0.000,-1,0,0,0,61.919
8935,0,0,0.000,0.000,-1,0,0,0,58.743
8936,0,0,0.000,0.000,-1,0,0,0,59.655
8937,0,0,0.000,0.000,-1,0,0,0,59.093
8938,0,0,0.000,0.000,-1,0,0,0,61.446
8939,0,0,0.000,0.000,-1,0,0,0,59.640
8940,0,0,0.000,0.000,-1,0,0,0,64.317
8941,0,0,0.000,0.000,-1,0,0,0,59.445
8942,0,0,0.000,0.000,-1,0,0,0,60.084
8943,0,0,0.000,0.000,-1,0,0,0,57.988
8944,0,0,0.000,0.000,-1,0,0,0,58.770
8945,0,0,0.000,0.000,-1,0,0,0,58.076
8946,0,0,0.000,0.000,-1,0,0,0,60.123
8947,0,0,0.000,0.000,-1,0,0,0,60.945
8948,0,0,0.000,0.000,-1,0,0,0,60.068
8949,0,0,0.000,0.000,-1,0,0,0,62.144
8950,0,0,0.000,0.000,-1,0,0,0,59.242
8951,0,0,0.000,0.000,-1,0,0,0,58.954
8952,0,0,0.000,0.000,-1,0,0,0,62.366
8953,0,0,0.000,0.000,-1,0,0,0,58.096
8954,0,0,0.000,0.000,-1,0,0,0,58.369
8955,0,0,0.000,0.000,-1,0,0,0,60.832
8956,0,0,0.000,0.000,-1,0,0,0,59.828
8957,0,0,0.000,0.000,-1,0,0,0,58.897
8958,0,0,0.000,0.000,-1,0,0,0,62.060
8959,0,0,0.000,0.000,-1,0,0,0,58.264
8960,0,1,81.799,84.621,-1,0,0,0,58.639
8961,0,0,0.000,0.000,-1,0,0,0,59.179
8962,0,0,0.000,0.000,-1,0,0,0,61.569
8963,0,0,0.000,0.000,-1,0,0,0,60.106
8964,0,0,0.000,0.000,-1,0,0,0,60.369
8965,0,0,0.000,0.000,-1,0,0,0,58.285
8966,0,0,0.000,0.000,-1,0,0,0,61.685
8967,0,0,0.000,0.000,-1,0,0,0,58.890
8968,0,0,0.000,0.000,-1,0,0,0,57.816
8969,0,0,0.000,0.000,-1,0,0,0,59.706
8970,0,0,0.000,0.000,-1,0,0,0,61.423
8971,0,0,0.000,0.000,-1,0,0,0,61.018
8972,0,0,0.000,0.000,-1,0,0,0,59.723
8973,0,0,0.000,0.000,-1,0,0,0,59.964
8974,0,0,0.000,0.000,-1,0,0,0,59.020
8975,0,0,0.000,0.000,-1,0,0,0,59.597
8976,0,0,0.000,0.000,-1,0,0,0,60.610
8977,0,0,0.000,0.000,-1,0,0,0,57.840
8978,0,0,0.000,0.000,-1,0,0,0,57.896
8979,0,0,0.000,0.000,-1,0,0,0,57.217
8980,0,0,0.000,0.000,-1,0,0,0,58.908
8981,0,0,0.000,0.000,-1,0,0,0,57.875
8982,0,0,0.000,0.000,-1,0,0,0,61.797
8983,0,0,0.000,0.000,-1,0,0,0,58.518
8984,0,0,0.000,0.000,-1,0,0,0,60.017
8985,0,0,0.000,0.000,-1,0,0,0,58.930
8986,0,0,0.000,0.000,-1,0,0,0,59.690
8987,0,0,0.000,0.000,-1,0,0,0,60.351
8988,0,0,0.000,0.000,-1,0,0,0,60.883
8989,0,0,0.000,0.000,-1,0,0,0,58.597
8990,0,0,0.000,0.000,-1,0,0,0,59.188
8991,0,0,0.000,0.000,-1,0,0,0,57.926
8992,0,1,81.869,84.690,-1,0,0,0,58.054
8993,0,0,0.000,0.000,-1,0,0,0,59.908
8994,0,0,0.000,0.000,-1,0,0,0,61.047
8995,0,0,0.000,0.000,-1,0,0,0,59.609
8996,0,0,0.000,0.000,-1,0,0,0,59.467
8997,0,0,0.000,0.000,-1,0,0,0,59.785
8998,0,0,0.000,0.000,-1,0,0,0,57.282
8999,0,0,0.000,0.000,-1,0,0,0,57.915
9000,0,0,0.000,0.000,-1,0,0,0,63.430
9001,0,0,0.000,0.000,-1,0,0,0,60.405
9002,0,0,0.000,0.000,-1,0,0,0,63.379
9003,0,0,0.000,0.000,-1,0,0,0,61.047
9004,0,0,0.000,0.000,-1,0,0,0,59.418
9005,0,0,0.000,0.000,-1,0,0,0,60.426
9006,0,0,0.000,0.000,-1,0,0,0,60.934
9007,0,0,0.000,0.000,-1,0,0,0,58.206
9008,0,0,0.000,0.000,-1,0,0,0,57.612
9009,0,0,0.000,0.000,-1,0,0,0,57.644
9010,0,0,0.000,0.000,-1,0,0,0,57.485
9011,0,0,0.000,0.000,-1,0,0,0,59.192
9012,0,0,0.000,0.000,-1,0,0,0,64.319
9013,0,0,0.000,0.000,-1,0,0,0,58.661
9014,0,0,0.000,0.000,-1,0,0,0,58.410
9015,0,0,0.000,0.000,-1,0,0,0,59.197
9016,0,0,0.000,0.000,-1,0,0,0,59.776
9017,0,0,0.000,0.000,-1,0,0,0,58.724
9018,0,0,0.000,0.000,-1,0,0,0,63.460
9019,0,0,0.000,0.000,-1,0,0,0,60.387
9020,0,0,0.000,0.000,-1,0,0,0,59.881
9021,0,0,0.000,0.000,-1,0,0,0,59.112
9022,0,0,0.000,0.000,-1,0,0,0,58.364
9023,0,0,0.000,0.000,-1,0,0,0,58.778
9024,0,1,84.174,86.847,-1,0,0,0,61.357
9025,0,0,0.000,0.000,-1,0,0,0,60.023
9026,0,0,0.000,0.000,-1,0,0,0,59.113
9027,0,0,0.000,0.000,-1,0,0,0,59.190
9028,0,0,0.000,0.000,-1,0,0,0,59.186
9029,0,0,0.000,0.000,-1,0,0,0,59.441
9030,0,0,0.000,0.000,-1,0,0,0,63.769
9031,0,0,0.000,0.000,-1,0,0,0,58.791
9032,0,0,0.000,0.000,-1,0,0,0,66.334
9033,0,0,0.000,0.000,-1,0,0,0,61.725
9034,0,0,0.000,0.000,-1,0,0,0,61.988
9035,0,0,0.000,0.000,-1,0,0,0,62.452
9036,0,0,0.000,0.000,-1,0,0,0,62.395
9037,0,0,0.000,0.000,-1,0,0,0,58.927
9038,0,0,0.000,0.000,-1,0,0,0,59.807
9039,0,0,0.000,0.000,-1,0,0,0,59.844
9040,0,0,0.000,0.000,-1,0,0,0,59.497
9041,0,0,0.000,0.000,-1,0,0,0,57.858
9042,0,0,0.000,0.000,-1,0,0,0,60.844
9043,0,0,0.000,0.000,-1,0,0,0,59.185
9044,0,0,0.000,0.000,-1,0,0,0,59.260
9045,0,0,0.000,0.000,-1,0,0,0,61.604
9046,0,0,0.000,0.000,-1,0,0,0,58.842
9047,0,0,0.000,0.000,-1,0,0,0,58.406
9048,0,0,0.000,0.000,-1,0,0,0,58.604
9049,0,0,0.000,0.000,-1,0,0,0,60.702
9050,0,0,0.000,0.000,-1,0,0,0,59.350
9051,0,0,0.000,0.000,-1,0,0,0,59.407
9052,0,0,0.000,0.000,-1,0,0,0,59.159
9053,0,0,0.000,0.000,-1,0,0,0,57.104
9054,0,0,0.000,0.000,-1,0,0,0,58.573
9055,0,0,0.000,0.000,-1,0,0,0,56.831
9056,0,1,81.743,84.475,-1,0,0,0,56.794
9057,0,0,0.000,0.000,-1,0,0,0,58.979
9058,0,0,0.000,0.000,-1,0,0,0,60.053
9059,0,0,0.000,0.000,-1,0,0,0,57.929
9060,0,0,0.000,0.000,-1,0,0,0,61.287
9061,0,0,0.000,0.000,-1,0,0,0,59.547
9062,0,0,0.000,0.000,-1,0,0,0,56.926
9063,0,0,0.000,0.000,-1,0,0,0,59.523
9064,0,0,0.000,0.000,-1,0,0,0,60.185
9065,0,0,0.000,0.000,-1,0,0,0,60.581
9066,0,0,0.000,0.000,-1,0,0,0,62.729
9067,0,0,0.000,0.000,-1,0,0,0,58.708
9068,0,0,0.000,0.000,-1,0,0,0,58.648
9069,0,0,0.000,0.000,-1,0,0,0,58.933
9070,0,0,0.000,0.000,-1,0,0,0,60.327
9071,0,0,0.000,0.000,-1,0,0,0,59.124
9072,0,0,0.000,0.000,-1,0,0,0,60.752
9073,0,0,0.000,0.000,-1,0,0,0,61.360
9074,0,0,0.000,0.000,-1,0,0,0,59.846
9075,0,0,0.000,0.000,-1,0,0,0,61.651
9076,0,0,0.000,0.000,-1,0,0,0,59.522
9077,0,0,0.000,0.000,-1,0,0,0,60.873
9078,0,0,0.000,0.000,-1,0,0,0,61.228
9079,0,0,0.000,0.000,-1,0,0,0,60.009
9080,0,0,0.000,0.000,-1,0,0,0,60.409
9081,0,0,0.000,0.000,-1,0,0,0,59.196
9082,0,0,0.000,0.000,-1,0,0,0,58.297
9083,0,0,0.000,0.000,-1,0,0,0,57.756
9084,0,0,0.000,0.000,-1,0,0,0,60.760
9085,0,0,0.000,0.000,-1,0,0,0,60.354
9086,0,0,0.000,0.000,-1,0,0,0,59.437
9087,0,0,0.000,0.000,-1,0,0,0,59.812
9088,0,1,84.570,87.388,-1,0,0,0,59.831
9089,0,0,0.000,0.000,-1,0,0,0,61.141
9090,0,0,0.000,0.000,-1,0,0,0,67.926
9091,0,0,0.000,0.000,-1,0,0,0,65.868
9092,0,0,0.000,0.000,-1,0,0,0,63.682
9093,0,0,0.000,0.000,-1,0,0,0,63.548
9094,0,0,0.000,0.000,-1,0,0,0,74.171
9095,0,0,0.000,0.000,-1,0,0,0,64.994
9096,0,0,0.000,0.000,-1,0,0,0,65.060
9097,0,0,0.000,0.000,-1,0,0,0,64.433
9098,0,0,0.000,0.000,-1,0,0,0,69.495
9099,0,0,0.000,0.000,-1,0,0,0,63.225
9100,0,0,0.000,0.000,-1,0,0,0,59.780
9101,0,0,0.000,0.000,-1,0,0,0,61.440
9102,0,0,0.000,0.000,-1,0,0,0,64.868
9103,0,0,0.000,0.000,-1,0,0,0,66.481
9104,0,0,0.000,0.000,-1,0,0,0,65.164
9105,0,0,0.000,0.000,-1,0,0,0,60.940
9106,0,0,0.000,0.000,-1,0,0,0,62.744
9107,0,0,0.000,0.000,-1,0,0,0,62.709
9108,0,0,0.000,0.000,-1,0,0,0,62.055
9109,0,0,0.000,0.000,-1,0,0,0,66.635
9110,0,0,0.000,0.000,-1,0,0,0,62.550
9111,0,0,0.000,0.000,-1,0,0,0,59.845
9112,0,0,0.000,0.000,-1,0,0,0,63.078
9113,0,0,0.000,0.000,-1,0,0,0,57.990
9114,0,0,0.000,0.000,-1,0,0,0,59.875
9115,0,0,0.000,0.000,-1,0,0,0,58.887
9116,0,0,0.000,0.000,-1,0,0,0,59.313
9117,0,0,0.000,0.000,-1,0,0,0,58.732
9118,0,0,0.000,0.000,-1,0,0,0,57.322
9119,0,0,0.000,0.000,-1,0,0,0,57.944
9120,0,1,82.189,84.938,-1,0,0,0,64.707
9121,0,0,0.000,0.000,-1,0,0,0,61.773
9122,0,0,0.000,0.000,-1,0,0,0,60.172
9123,0,0,0.000,0.000,-1,0,0,0,61.760
9124,0,0,0.000,0.000,-1,0,0,0,59.673
9125,0,0,0.000,0.000,-1,0,0,0,60.338
9126,0,0,0.000,0.000,-1,0,0,0,63.942
9127,0,0,0.000,0.000,-1,0,0,0,62.237
9128,0,0,0.000,0.000,-1,0,0,0,62.685
9129,0,0,0.000,0.000,-1,0,0,0,59.137
9130,0,0,0.000,0.000,-1,0,0,0,57.895
9131,0,0,0.000,0.000,-1,0,0,0,59.271
9132,0,0,0.000,0.000,-1,0,0,0,60.081
9133,0,0,0.000,0.000,-1,0,0,0,60.549
9134,0,0,0.000,0.000,-1,0,0,0,60.478
9135,0,0,0.000,0.000,-1,0,0,0,59.038
9136,0,0,0.000,0.000,-1,0,0,0,58.749
9137,0,0,0.000,0.000,-1,0,0,0,59.753
9138,0,0,0.000,0.000,-1,0,0,0,60.208
9139,0,0,0.000,0.000,-1,0,0,0,58.887
9140,0,0,0.000,0.000,-1,0,0,0,58.143
9141,0,0,0.000,0.000,-1,0,0,0,56.603
9142,0,0,0.000,0.000,-1,0,0,0,57.980
9143,0,0,0.000,0.000,-1,0,0,0,58.352
9144,0,0,0.000,0.000,-1,0,0,0,61.472
9145,0,0,0.000,0.000,-1,0,0,0,61.195
9146,0,0,0.000,0.000,-1,0,0,0,58.128
9147,0,0,0.000,0.000,-1,0,0,0,59.436
9148,0,0,0.000,0.000,-1,0,0,0,58.087
9149,0,0,0.000,0.000,-1,0,0,0,58.919
9150,0,0,0.000,0.000,-1,0,0,0,62.996
9151,0,0,0.000,0.000,-1,0,0,0,57.991
9152,0,1,83.924,86.670,-1,0,0,0,59.678
9153,0,0,0.000,0.000,-1,0,0,0,59.830
9154,0,0,0.000,0.000,-1,0,0,0,58.765
9155,0,0,0.000,0.000,-1,0,0,0,61.738
9156,0,0,0.000,0.000,-1,0,0,0,61.142
9157,0,0,0.000,0.000,-1,0,0,0,58.401
9158,0,0,0.000,0.000,-1,0,0,0,61.576
9159,0,0,0.000,0.000,-1,0,0,0,59.004
9160,0,0,0.000,0.000,-1,0,0,0,59.262
9161,0,0,0.000,0.000,-1,0,0,0,58.553
9162,0,0,0.000,0.000,-1,0,0,0,59.917
9163,0,0,0.000,0.000,-1,0,0,0,59.569
9164,0,0,0.000,0.000,-1,0,0,0,56.615
9165,0,0,0.000,0.000,-1,0,0,0,58.318
9166,0,0,0.000,0.000,-1,0,0,0,60.328
9167,0,0,0.000,0.000,-1,0,0,0,58.045
9168,0,0,0.000,0.000,-1,0,0,0,60.212
9169,0,0,0.000,0.000,-1,0,0,0,59.065
9170,0,0,0.000,0.000,-1,0,0,0,59.282
9171,0,0,0.000,0.000,-1,0,0,0,61.414
9172,0,0,0.000,0.000,-1,0,0,0,58.253
9173,0,0,0.000,0.000,-1,0,0,0,58.095
9174,0,0,0.000,0.000,-1,0,0,0,61.419
9175,0,0,0.000,0.000,-1,0,0,0,63.224
9176,0,0,0.000,0.000,-1,0,0,0,58.236
9177,0,0,0.000,0.000,-1,0,0,0,60.061
9178,0,0,0.000,0.000,-1,0,0,0,57.365
9179,0,0,0.000,0.000,-1,0,0,0,59.856
9180,0,0,0.000,0.000,-1,0,0,0,61.723
9181,0,0,0.000,0.000,-1,0,0,0,59.865
9182,0,0,0.000,0.000,-1,0,0,0,57.204
9183,0,0,0.000,0.000,-1,0,0,0,58.435
9184,0,1,81.655,84.487,-1,0,0,0,59.322
9185,0,0,0.000,0.000,-1,0,0,0,61.070
9186,0,0,0.000,0.000,-1,0,0,0,64.601
9187,0,0,0.000,0.000,-1,0,0,0,61.570
9188,0,0,0.000,0.000,-1,0,0,0,59.307
9189,0,0,0.000,0.000,-1,0,0,0,57.847
9190,0,0,0.000,0.000,-1,0,0,0,61.202
9191,0,0,0.000,0.000,-1,0,0,0,59.255
9192,0,0,0.000,0.000,-1,0,0,0,59.215
9193,0,0,0.000,0.000,-1,0,0,0,62.154
9194,0,0,0.000,0.000,-1,0,0,0,60.129
9195,0,0,0.000,0.000,-1,0,0,0,60.563
9196,0,0,0.000,0.000,-1,0,0,0,58.352
9197,0,0,0.000,0.000,-1,0,0,0,58.399
9198,0,0,0.000,0.000,-1,0,0,0,60.562
9199,0,0,0.000,0.000,-1,0,0,0,57.256
9200,0,0,0.000,0.000,-1,0,0,0,58.651
9201,0,0,0.000,0.000,-1,0,0,0,58.292
9202,0,0,0.000,0.000,-1,0,0,0,59.684
9203,0,0,0.000,0.000,-1,0,0,0,58.911
9204,0,0,0.000,0.000,-1,0,0,0,60.610
9205,0,0,0.000,0.000,-1,0,0,0,60.791
9206,0,0,0.000,0.000,-1,0,0,0,58.343
9207,0,0,0.000,0.000,-1,0,0,0,59.300
9208,0,0,0.000,0.000,-1,0,0,0,58.329
9209,0,0,0.000,0.000,-1,0,0,0,60.440
9210,0,0,0.000,0.000,-1,0,0,0,63.266
9211,0,0,0.000,0.000,-1,0,0,0,60.373
9212,0,0,0.000,0.000,-1,0,0,0,59.977
9213,0,0,0.000,0.000,-1,0,0,0,58.609
9214,0,0,0.000,0.000,-1,0,0,0,59.104
9215,0,0,0.000,0.000,-1,0,0,0,57.890
9216,0,1,81.722,84.464,-1,0,0,0,60.939
9217,0,0,0.000,0.000,-1,0,0,0,59.927
9218,0,0,0.000,0.000,-1,0,0,0,58.635
9219,0,0,0.000,0.000,-1,0,0,0,60.608
9220,0,0,0.000,0.000,-1,0,0,0,57.681
9221,0,0,0.000,0.000,-1,0,0,0,57.177
9222,0,0,0.000,0.000,-1,0,0,0,60.036
9223,0,0,0.000,0.000,-1,0,0,0,61.301
9224,0,0,0.000,0.000,-1,0,0,0,59.428
9225,0,0,0.000,0.000,-1,0,0,0,61.353
9226,0,0,0.000,0.000,-1,0,0,0,59.814
9227,0,0,0.000,0.000,-1,0,0,0,60.528
9228,0,0,0.000,0.000,-1,0,0,0,62.580
9229,0,0,0.000,0.000,-1,0,0,0,58.532
9230,0,0,0.000,0.000,-1,0,0,0,58.551
9231,0,0,0.000,0.000,-1,0,0,0,62.545
9232,0,0,0.000,0.000,-1,0,0,0,60.156
9233,0,0,0.000,0.000,-1,0,0,0,61.437
9234,0,0,0.000,0.000,-1,0,0,0,61.387
9235,0,0,0.000,0.000,-1,0,0,0,58.642
9236,0,0,0.000,0.000,-1,0,0,0,58.766
9237,0,0,0.000,0.000,-1,0,0,0,60.952
9238,0,0,0.000,0.000,-1,0,0,0,60.128
9239,0,0,0.000,0.000,-1,0,0,0,59.930
9240,0,0,0.000,0.000,-1,0,0,0,65.201
9241,0,0,0.000,0.000,-1,0,0,0,58.727
9242,0,0,0.000,0.000,-1,0,0,0,58.896
9243,0,0,0.000,0.000,-1,0,0,0,58.537
9244,0,0,0.000,0.000,-1,0,0,0,58.374
9245,0,0,0.000,0.000,-1,0,0,0,58.486
9246,0,0,0.000,0.000,-1,0,0,0,61.189
9247,0,0,0.000,0.000,-1,0,0,0,57.309
9248,0,1,84.105,86.981,-1,0,0,0,57.590
9249,0,0,0.000,0.000,-1,0,0,0,60.360
9250,0,0,0.000,0.000,-1,0,0,0,58.937
9251,0,0,0.000,0.000,-1,0,0,0,56.576
9252,0,0,0.000,0.000,-1,0,0,0,59.951
9253,0,0,0.000,0.000,-1,0,0,0,61.833
9254,0,0,0.000,0.000,-1,0,0,0,60.155
9255,0,0,0.000,0.000,-1,0,0,0,57.798
9256,0,0,0.000,0.000,-1,0,0,0,59.214
9257,0,0,0.000,0.000,-1,0,0,0,58.861
9258,0,0,0.000,0.000,-1,0,0,0,61.093
9259,0,0,0.000,0.000,-1,0,0,0,58.995
9260,0,0,0.000,0.000,-1,0,0,0,59.629
9261,0,0,0.000,0.000,-1,0,0,0,63.354
9262,0,0,0.000,0.000,-1,0,0,0,58.091
9263,0,0,0.000,0.000,-1,0,0,0,57.927
9264,0,0,0.000,0.000,-1,0,0,0,64.555
9265,0,0,0.000,0.000,-1,0,0,0,59.117
9266,0,0,0.000,0.000,-1,0,0,0,60.535
9267,0,0,0.000,0.000,-1,0,0,0,60.335
9268,0,0,0.000,0.000,-1,0,0,0,60.115
9269,0,0,0.000,0.000,-1,0,0,0,59.087
9270,0,0,0.000,0.000,-1,0,0,0,68.050
9271,0,0,0.000,0.000,-1,0,0,0,66.859
9272,0,0,0.000,0.000,-1,0,0,0,59.773
9273,0,0,0.000,0.000,-1,0,0,0,59.061
9274,0,0,0.000,0.000,-1,0,0,0,60.752
9275,0,0,0.000,0.000,-1,0,0,0,58.934
9276,0,0,0.000,0.000,-1,0,0,0,62.160
9277,0,0,0.000,0.000,-1,0,0,0,64.101
9278,0,0,0.000,0.000,-1,0,0,0,62.766
9279,0,0,0.000,0.000,-1,0,0,0,62.601
9280,0,1,81.696,84.654,-1,0,0,0,61.777
9281,0,0,0.000,0.000,-1,0,0,0,57.997
9282,0,0,0.000,0.000,-1,0,0,0,61.529
9283,0,0,0.000,0.000,-1,0,0,0,58.483
9284,0,0,0.000,0.000,-1,0,0,0,57.648
9285,0,0,0.000,0.000,-1,0,0,0,58.081
9286,0,0,0.000,0.000,-1,0,0,0,58.486
9287,0,0,0.000,0.000,-1,0,0,0,62.543
9288,0,0,0.000,0.000,-1,0,0,0,60.460
9289,0,0,0.000,0.000,-1,0,0,0,59.357
9290,0,0,0.000,0.000,-1,0,0,0,60.362
9291,0,0,0.000,0.000,-1,0,0,0,58.907
9292,0,0,0.000,0.000,-1,0,0,0,59.179
9293,0,0,0.000,0.000,-1,0,0,0,58.392
9294,0,0,0.000,0.000,-1,0,0,0,61.306
9295,0,0,0.000,0.000,-1,0,0,0,59.613
9296,0,0,0.000,0.000,-1,0,0,0,58.998
9297,0,0,0.000,0.000,-1,0,0,0,58.264
9298,0,0,0.000,0.000,-1,0,0,0,59.799
9299,0,0,0.000,0.000,-1,0,0,0,60.080
9300,0,0,0.000,0.000,-1,0,0,0,62.217
9301,0,0,0.000,0.000,-1,0,0,0,59.498
9302,0,0,0.000,0.000,-1,0,0,0,58.658
9303,0,0,0.000,0.000,-1,0,0,0,57.109
9304,0,0,0.000,0.000,-1,0,0,0,59.927
9305,0,0,0.000,0.000,-1,0,0,0,58.816
9306,0,0,0.000,0.000,-1,0,0,0,63.109
9307,0,0,0.000,0.000,-1,0,0,0,63.529
9308,0,0,0.000,0.000,-1,0,0,0,61.657
9309,0,0,0.000,0.000,-1,0,0,0,60.520
9310,0,0,0.000,0.000,-1,0,0,0,60.774
9311,0,0,0.000,0.000,-1,0,0,0,59.309
9312,0,1,86.287,88.951,-1,0,0,0,66.137
9313,0,0,0.000,0.000,-1,0,0,0,60.952
9314,0,0,0.000,0.000,-1,0,0,0,59.385
9315,0,0,0.000,0.000,-1,0,0,0,58.672
9316,0,0,0.000,0.000,-1,0,0,0,59.178
9317,0,0,0.000,0.000,-1,0,0,0,58.514
9318,0,0,0.000,0.000,-1,0,0,0,63.406
9319,0,0,0.000,0.000,-1,0,0,0,57.724
9320,0,0,0.000,0.000,-1,0,0,0,58.526
9321,0,0,0.000,0.000,-1,0,0,0,59.168
9322,0,0,0.000,0.000,-1,0,0,0,58.680
9323,0,0,0.000,0.000,-1,0,0,0,57.745
9324,0,0,0.000,0.000,-1,0,0,0,58.980
9325,0,0,0.000,0.000,-1,0,0,0,57.629
9326,0,0,0.000,0.000,-1,0,0,0,57.943
9327,0,0,0.000,0.000,-1,0,0,0,58.959
9328,0,0,0.000,0.000,-1,0,0,0,59.836
9329,0,0,0.000,0.000,-1,0,0,0,57.733
9330,0,0,0.000,0.000,-1,0,0,0,62.652
9331,0,0,0.000,0.000,-1,0,0,0,60.101
9332,0,0,0.000,0.000,-1,0,0,0,58.683
9333,0,0,0.000,0.000,-1,0,0,0,60.650
9334,0,0,0.000,0.000,-1,0,0,0,58.637
9335,0,0,0.000,0.000,-1,0,0,0,58.291
9336,0,0,0.000,0.000,-1,0,0,0,59.335
9337,0,0,0.000,0.000,-1,0,0,0,59.104
9338,0,0,0.000,0.000,-1,0,0,0,59.333
9339,0,0,0.000,0.000,-1,0,0,0,57.219
9340,0,0,0.000,0.000,-1,0,0,0,57.194
9341,0,0,0.000,0.000,-1,0,0,0,60.971
9342,0,0,0.000,0.000,-1,0,0,0,60.150
9343,0,0,0.000,0.000,-1,0,0,0,58.781
9344,0,1,84.327,87.292,-1,0,0,0,57.354
9345,0,0,0.000,0.000,-1,0,0,0,62.692
9346,0,0,0.000,0.000,-1,0,0,0,58.690
9347,0,0,0.000,0.000,-1,0,0,0,56.951
9348,0,0,0.000,0.000,-1,0,0,0,60.449
9349,0,0,0.000,0.000,-1,0,0,0,57.465
9350,0,0,0.000,0.000,-1,0,0,0,56.916
9351,0,0,0.000,0.000,-1,0,0,0,57.130
9352,0,0,0.000,0.000,-1,0,0,0,60.492
9353,0,0,0.000,0.000,-1,0,0,0,56.482
9354,0,0,0.000,0.000,-1,0,0,0,60.420
9355,0,0,0.000,0.000,-1,0,0,0,60.760
9356,0,0,0.000,0.000,-1,0,0,0,59.945
9357,0,0,0.000,0.000,-1,0,0,0,58.268
9358,0,0,0.000,0.000,-1,0,0,0,59.259
9359,0,0,0.000,0.000,-1,0,0,0,56.475
9360,0,0,0.000,0.000,-1,0,0,0,61.707
9361,0,0,0.000,0.000,-1,0,0,0,62.727
9362,0,0,0.000,0.000,-1,0,0,0,59.287
9363,0,0,0.000,0.000,-1,0,0,0,57.273
9364,0,0,0.000,0.000,-1,0,0,0,56.743
9365,0,0,0.000,0.000,-1,0,0,0,58.464
9366,0,0,0.000,0.000,-1,0,0,0,63.800
9367,0,0,0.000,0.000,-1,0,0,0,60.470
9368,0,0,0.000,0.000,-1,0,0,0,58.212
9369,0,0,0.000,0.000,-1,0,0,0,59.000
9370,0,0,0.000,0.000,-1,0,0,0,58.491
9371,0,0,0.000,0.000,-1,0,0,0,58.071
9372,0,0,0.000,0.000,-1,0,0,0,61.605
9373,0,0,0.000,0.000,-1,0,0,0,58.958
9374,0,0,0.000,0.000,-1,0,0,0,58.294
9375,0,0,0.000,0.000,-1,0,0,0,59.330
9376,0,1,81.693,84.549,-1,0,0,0,58.856
9377,0,0,0.000,0.000,-1,0,0,0,58.407
9378,0,0,0.000,0.000,-1,0,0,0,61.182
9379,0,0,0.000,0.000,-1,0,0,0,59.224
9380,0,0,0.000,0.000,-1,0,0,0,58.122
9381,0,0,0.000,0.000,-1,0,0,0,57.472
9382,0,0,0.000,0.000,-1,0,0,0,57.930
9383,0,0,0.000,0.000,-1,0,0,0,59.733
9384,0,0,0.000,0.000,-1,0,0,0,65.264
9385,0,0,0.000,0.000,-1,0,0,0,58.483
9386,0,0,0.000,0.000,-1,0,0,0,58.971
9387,0,0,0.000,0.000,-1,0,0,0,59.589
9388,0,0,0.000,0.000,-1,0,0,0,58.218
9389,0,0,0.000,0.000,-1,0,0,0,57.749
9390,0,0,0.000,0.000,-1,0,0,0,60.455
9391,0,0,0.000,0.000,-1,0,0,0,59.245
9392,0,0,0.000,0.000,-1,0,0,0,58.725
9393,0,0,0.000,0.000,-1,0,0,0,58.275
9394,0,0,0.000,0.000,-1,0,0,0,59.090
9395,0,0,0.000,0.000,-1,0,0,0,58.521
9396,0,0,0.000,0.000,-1,0,0,0,59.463
9397,0,0,0.000,0.000,-1,0,0,0,58.873
9398,0,0,0.000,0.000,-1,0,0,0,58.235
9399,0,0,0.000,0.000,-1,0,0,0,58.657
9400,0,0,0.000,0.000,-1,0,0,0,59.693
9401,0,0,0.000,0.000,-1,0,0,0,59.765
9402,0,0,0.000,0.000,-1,0,0,0,60.875
9403,0,0,0.000,0.000,-1,0,0,0,59.996
9404,0,0,0.000,0.000,-1,0,0,0,58.559
9405,0,0,0.000,0.000,-1,0,0,0,58.584
9406,0,0,0.000,0.000,-1,0,0,0,65.133
9407,0,0,0.000,0.000,-1,0,0,0,61.143
9408,0,1,81.833,84.435,-1,0,0,0,62.922
9409,0,0,0.000,0.000,-1,0,0,0,61.742
9410,0,0,0.000,0.000,-1,0,0,0,60.290
9411,0,0,0.000,0.000,-1,0,0,0,59.591
9412,0,0,0.000,0.000,-1,0,0,0,59.259
9413,0,0,0.000,0.000,-1,0,0,0,59.951
9414,0,0,0.000,0.000,-1,0,0,0,60.761
9415,0,0,0.000,0.000,-1,0,0,0,58.695
9416,0,0,0.000,0.000,-1,0,0,0,58.672
9417,0,0,0.000,0.000,-1,0,0,0,59.359
9418,0,0,0.000,0.000,-1,0,0,0,57.531
9419,0,0,0.000,0.000,-1,0,0,0,57.484
9420,0,0,0.000,0.000,-1,0,0,0,64.186
9421,0,0,0.000,0.000,-1,0,0,0,59.823
9422,0,0,0.000,0.000,-1,0,0,0,59.533
9423,0,0,0.000,0.000,-1,0,0,0,60.364
9424,0,0,0.000,0.000,-1,0,0,0,58.523
9425,0,0,0.000,0.000,-1,0,0,0,56.977
9426,0,0,0.000,0.000,-1,0,0,0,59.898
9427,0,0,0.000,0.000,-1,0,0,0,59.462
9428,0,0,0.000,0.000,-1,0,0,0,58.222
9429,0,0,0.000,0.000,-1,0,0,0,59.573
9430,0,0,0.000,0.000,-1,0,0,0,58.874
9431,0,0,0.000,0.000,-1,0,0,0,59.122
9432,0,0,0.000,0.000,-1,0,0,0,60.510
9433,0,0,0.000,0.000,-1,0,0,0,59.964
9434,0,0,0.000,0.000,-1,0,0,0,58.424
9435,0,0,0.000,0.000,-1,0,0,0,61.181
9436,0,0,0.000,0.000,-1,0,0,0,58.164
9437,0,0,0.000,0.000,-1,0,0,0,57.088
9438,0,0,0.000,0.000,-1,0,0,0,59.460
9439,0,0,0.000,0.000,-1,0,0,0,58.549
9440,0,1,81.712,84.526,-1,0,0,0,58.633
9441,0,0,0.000,0.000,-1,0,0,0,58.880
9442,0,0,0.000,0.000,-1,0,0,0,59.023
9443,0,0,0.000,0.000,-1,0,0,0,59.852
9444,0,0,0.000,0.000,-1,0,0,0,60.360
9445,0,0,0.000,0.000,-1,0,0,0,57.547
9446,0,0,0.000,0.000,-1,0,0,0,57.140
9447,0,0,0.000,0.000,-1,0,0,0,56.389
9448,0,0,0.000,0.000,-1,0,0,0,59.075
9449,0,0,0.000,0.000,-1,0,0,0,59.791
9450,0,0,0.000,0.000,-1,0,0,0,62.706
9451,0,0,0.000,0.000,-1,0,0,0,59.223
9452,0,0,0.000,0.000,-1,0,0,0,57.067
9453,0,0,0.000,0.000,-1,0,0,0,58.349
9454,0,0,0.000,0.000,-1,0,0,0,57.217
9455,0,0,0.000,0.000,-1,0,0,0,57.930
9456,0,0,0.000,0.000,-1,0,0,0,59.008
9457,0,0,0.000,0.000,-1,0,0,0,60.234
9458,0,0,0.000,0.000,-1,0,0,0,59.408
9459,0,0,0.000,0.000,-1,0,0,0,58.146
9460,0,0,0.000,0.000,-1,0,0,0,55.900
9461,0,0,0.000,0.000,-1,0,0,0,58.141
9462,0,0,0.000,0.000,-1,0,0,0,64.237
9463,0,0,0.000,0.000,-1,0,0,0,58.628
9464,0,0,0.000,0.000,-1,0,0,0,60.116
9465,0,0,0.000,0.000,-1,0,0,0,62.962
9466,0,0,0.000,0.000,-1,0,0,0,67.115
9467,0,0,0.000,0.000,-1,0,0,0,58.268
9468,0,0,0.000,0.000,-1,0,0,0,63.790
9469,0,0,0.000,0.000,-1,0,0,0,60.735
9470,0,0,0.000,0.000,-1,0,0,0,58.918
9471,0,0,0.000,0.000,-1,0,0,0,57.852
9472,0,1,81.780,84.623,-1,0,0,0,58.038
9473,0,0,0.000,0.000,-1,0,0,0,60.142
9474,0,0,0.000,0.000,-1,0,0,0,61.914
9475,0,0,0.000,0.000,-1,0,0,0,60.482
9476,0,0,0.000,0.000,-1,0,0,0,57.173
9477,0,0,0.000,0.000,-1,0,0,0,57.513
9478,0,0,0.000,0.000,-1,0,0,0,60.793
9479,0,0,0.000,0.000,-1,0,0,0,58.381
9480,0,0,0.000,0.000,-1,0,0,0,64.293
9481,0,0,0.000,0.000,-1,0,0,0,61.728
9482,0,0,0.000,0.000,-1,0,0,0,58.901
9483,0,0,0.000,0.000,-1,0,0,0,57.791
9484,0,0,0.000,0.000,-1,0,0,0,57.065
9485,0,0,0.000,0.000,-1,0,0,0,57.697
9486,0,0,0.000,0.000,-1,0,0,0,62.847
9487,0,0,0.000,0.000,-1,0,0,0,61.709
9488,0,0,0.000,0.000,-1,0,0,0,57.486
9489,0,0,0.000,0.000,-1,0,0,0,59.677
9490,0,0,0.000,0.000,-1,0,0,0,57.817
9491,0,0,0.000,0.000,-1,0,0,0,58.764
9492,0,0,0.000,0.000,-1,0,0,0,62.654
9493,0,0,0.000,0.000,-1,0,0,0,57.499
9494,0,0,0.000,0.000,-1,0,0,0,57.559
9495,0,0,0.000,0.000,-1,0,0,0,59.665
9496,0,0,0.000,0.000,-1,0,0,0,60.082
9497,0,0,0.000,0.000,-1,0,0,0,58.184
9498,0,0,0.000,0.000,-1,0,0,0,60.870
9499,0,0,0.000,0.000,-1,0,0,0,57.661
9500,0,0,0.000,0.000,-1,0,0,0,58.608
9501,0,0,0.000,0.000,-1,0,0,0,62.190
9502,0,0,0.000,0.000,-1,0,0,0,60.523
9503,0,0,0.000,0.000,-1,0,0,0,59.058
9504,0,1,83.067,85.745,-1,0,0,0,59.976
9505,0,0,0.000,0.000,-1,0,0,0,58.014
9506,0,0,0.000,0.000,-1,0,0,0,57.604
9507,0,0,0.000,0.000,-1,0,0,0,57.866
9508,0,0,0.000,0.000,-1,0,0,0,58.364
9509,0,0,0.000,0.000,-1,0,0,0,59.047
9510,0,0,0.000,0.000,-1,0,0,0,60.592
9511,0,0,0.000,0.000,-1,0,0,0,60.240
9512,0,0,0.000,0.000,-1,0,0,0,60.792
9513,0,0,0.000,0.000,-1,0,0,0,60.130
9514,0,0,0.000,0.000,-1,0,0,0,59.501
9515,0,0,0.000,0.000,-1,0,0,0,57.448
9516,0,0,0.000,0.000,-1,0,0,0,61.552
9517,0,0,0.000,0.000,-1,0,0,0,58.069
9518,0,0,0.000,0.000,-1,0,0,0,59.439
9519,0,0,0.000,0.000,-1,0,0,0,58.997
9520,0,0,0.000,0.000,-1,0,0,0,57.668
9521,0,0,0.000,0.000,-1,0,0,0,57.291
9522,0,0,0.000,0.000,-1,0,0,0,60.350
9523,0,0,0.000,0.000,-1,0,0,0,58.439
9524,0,0,0.000,0.000,-1,0,0,0,57.445
9525,0,0,0.000,0.000,-1,0,0,0,57.439
9526,0,0,0.000,0.000,-1,0,0,0,57.922
9527,0,0,0.000,0.000,-1,0,0,0,60.472
9528,0,0,0.000,0.000,-1,0,0,0,60.304
9529,0,0,0.000,0.000,-1,0,0,0,57.449
9530,0,0,0.000,0.000,-1,0,0,0,57.298
9531,0,0,0.000,0.000,-1,0,0,0,58.424
9532,0,0,0.000,0.000,-1,0,0,0,56.884
9533,0,0,0.000,0.000,-1,0,0,0,57.983
9534,0,0,0.000,0.000,-1,0,0,0,59.045
9535,0,0,0.000,0.000,-1,0,0,0,58.312
9536,0,1,81.645,84.518,-1,0,0,0,59.760
9537,0,0,0.000,0.000,-1,0,0,0,58.291
9538,0,0,0.000,0.000,-1,0,0,0,57.690
9539,0,0,0.000,0.000,-1,0,0,0,58.400
9540,0,0,0.000,0.000,-1,0,0,0,60.893
9541,0,0,0.000,0.000,-1,0,0,0,57.489
9542,0,0,0.000,0.000,-1,0,0,0,57.535
9543,0,0,0.000,0.000,-1,0,0,0,58.662
9544,0,0,0.000,0.000,-1,0,0,0,56.290
9545,0,0,0.000,0.000,-1,0,0,0,57.335
9546,0,0,0.000,0.000,-1,0,0,0,61.396
9547,0,0,0.000,0.000,-1,0,0,0,58.490
9548,0,0,0.000,0.000,-1,0,0,0,58.342
9549,0,0,0.000,0.000,-1,0,0,0,60.389
9550,0,0,0.000,0.000,-1,0,0,0,62.413
9551,0,0,0.000,0.000,-1,0,0,0,59.019
9552,0,0,0.000,0.000,-1,0,0,0,58.087
9553,0,0,0.000,0.000,-1,0,0,0,56.662
9554,0,0,0.000,0.000,-1,0,0,0,60.329
9555,0,0,0.000,0.000,-1,0,0,0,60.078
9556,0,0,0.000,0.000,-1,0,0,0,59.857
9557,0,0,0.000,0.000,-1,0,0,0,56.673
9558,0,0,0.000,0.000,-1,0,0,0,58.452
9559,0,0,0.000,0.000,-1,0,0,0,59.916
9560,0,0,0.000,0.000,-1,0,0,0,59.384
9561,0,0,0.000,0.000,-1,0,0,0,59.039
9562,0,0,0.000,0.000,-1,0,0,0,57.710
9563,0,0,0.000,0.000,-1,0,0,0,57.497
9564,0,0,0.000,0.000,-1,0,0,0,60.238
9565,0,0,0.000,0.000,-1,0,0,0,56.537
9566,0,0,0.000,0.000,-1,0,0,0,60.104
9567,0,0,0.000,0.000,-1,0,0,0,60.886
9568,0,1,81.852,84.727,-1,0,0,0,58.848
9569,0,0,0.000,0.000,-1,0,0,0,58.133
9570,0,0,0.000,0.000,-1,0,0,0,60.695
9571,0,0,0.000,0.000,-1,0,0,0,56.632
9572,0,0,0.000,0.000,-1,0,0,0,58.419
9573,0,0,0.000,0.000,-1,0,0,0,59.452
9574,0,0,0.000,0.000,-1,0,0,0,59.763
9575,0,0,0.000,0.000,-1,0,0,0,59.549
9576,0,0,0.000,0.000,-1,0,0,0,61.169
9577,0,0,0.000,0.000,-1,0,0,0,58.799
9578,0,0,0.000,0.000,-1,0,0,0,57.809
9579,0,0,0.000,0.000,-1,0,0,0,59.419
9580,0,0,0.000,0.000,-1,0,0,0,59.575
9581,0,0,0.000,0.000,-1,0,0,0,60.167
9582,0,0,0.000,0.000,-1,0,0,0,58.719
9583,0,0,0.000,0.000,-1,0,0,0,61.923
9584,0,0,0.000,0.000,-1,0,0,0,56.802
9585,0,0,0.000,0.000,-1,0,0,0,56.860
9586,0,0,0.000,0.000,-1,0,0,0,57.179
9587,0,0,0.000,0.000,-1,0,0,0,57.602
9588,0,0,0.000,0.000,-1,0,0,0,59.959
9589,0,0,0.000,0.000,-1,0,0,0,57.486
9590,0,0,0.000,0.000,-1,0,0,0,60.151
9591,0,0,0.000,0.000,-1,0,0,0,56.454
9592,0,0,0.000,0.000,-1,0,0,0,57.044
9593,0,0,0.000,0.000,-1,0,0,0,57.806
9594,0,0,0.000,0.000,-1,0,0,0,59.532
9595,0,0,0.000,0.000,-1,0,0,0,57.260
9596,0,0,0.000,0.000,-1,0,0,0,58.559
9597,0,0,0.000,0.000,-1,0,0,0,57.163
9598,0,0,0.000,0.000,-1,0,0,0,59.663
9599,0,0,0.000,0.000,-1,0,0,0,58.071
9600,0,1,81.759,84.447,-1,0,0,0,61.274
9601,0,0,0.000,0.000,-1,0,0,0,58.528
9602,0,0,0.000,0.000,-1,0,0,0,58.956
9603,0,0,0.000,0.000,-1,0,0,0,56.380
9604,0,0,0.000,0.000,-1,0,0,0,56.673
9605,0,0,0.000,0.000,-1,0,0,0,57.522
9606,0,0,0.000,0.000,-1,0,0,0,58.847
9607,0,0,0.000,0.000,-1,0,0,0,57.720
9608,0,0,0.000,0.000,-1,0,0,0,60.154
9609,0,0,0.000,0.000,-1,0,0,0,58.282
9610,0,0,0.000,0.000,-1,0,0,0,58.569
9611,0,0,0.000,0.000,-1,0,0,0,57.372
9612,0,0,0.000,0.000,-1,0,0,0,59.445
9613,0,0,0.000,0.000,-1,0,0,0,58.098
9614,0,0,0.000,0.000,-1,0,0,0,57.037
9615,0,0,0.000,0.000,-1,0,0,0,59.052
9616,0,0,0.000,0.000,-1,0,0,0,57.626
9617,0,0,0.000,0.000,-1,0,0,0,57.857
9618,0,0,0.000,0.000,-1,0,0,0,60.311
9619,0,0,0.000,0.000,-1,0,0,0,58.717
9620,0,0,0.000,0.000,-1,0,0,0,58.844
9621,0,0,0.000,0.000,-1,0,0,0,56.721
9622,0,0,0.000,0.000,-1,0,0,0,58.918
9623,0,0,0.000,0.000,-1,0,0,0,58.952
9624,0,0,0.000,0.000,-1,0,0,0,59.529
9625,0,0,0.000,0.000,-1,0,0,0,59.362
9626,0,0,0.000,0.000,-1,0,0,0,56.165
9627,0,0,0.000,0.000,-1,0,0,0,57.454
9628,0,0,0.000,0.000,-1,0,0,0,57.365
9629,0,0,0.000,0.000,-1,0,0,0,58.146
9630,0,0,0.000,0.000,-1,0,0,0,61.546
9631,0,0,0.000,0.000,-1,0,0,0,58.435
9632,0,1,81.889,84.761,-1,0,0,0,57.420
9633,0,0,0.000,0.000,-1,0,0,0,57.476
9634,0,0,0.000,0.000,-1,0,0,0,58.448
9635,0,0,0.000,0.000,-1,0,0,0,57.632
9636,0,0,0.000,0.000,-1,0,0,0,58.726
9637,0,0,0.000,0.000,-1,0,0,0,57.637
9638,0,0,0.000,0.000,-1,0,0,0,59.730
9639,0,0,0.000,0.000,-1,0,0,0,60.197
9640,0,0,0.000,0.000,-1,0,0,0,55.900
9641,0,0,0.000,0.000,-1,0,0,0,57.641
9642,0,0,0.000,0.000,-1,0,0,0,59.529
9643,0,0,0.000,0.000,-1,0,0,0,56.710
9644,0,0,0.000,0.000,-1,0,0,0,58.568
9645,0,0,0.000,0.000,-1,0,0,0,58.684
9646,0,0,0.000,0.000,-1,0,0,0,59.581
9647,0,0,0.000,0.000,-1,0,0,0,58.671
9648,0,0,0.000,0.000,-1,0,0,0,58.789
9649,0,0,0.000,0.000,-1,0,0,0,56.879
9650,0,0,0.000,0.000,-1,0,0,0,59.461
9651,0,0,0.000,0.000,-1,0,0,0,57.413
9652,0,0,0.000,0.000,-1,0,0,0,56.610
9653,0,0,0.000,0.000,-1,0,0,0,56.971
9654,0,0,0.000,0.000,-1,0,0,0,63.686
9655,0,0,0.000,0.000,-1,0,0,0,60.393
9656,0,0,0.000,0.000,-1,0,0,0,63.054
9657,0,0,0.000,0.000,-1,0,0,0,59.124
9658,0,0,0.000,0.000,-1,0,0,0,57.527
9659,0,0,0.000,0.000,-1,0,0,0,56.991
9660,0,0,0.000,0.000,-1,0,0,0,60.989
9661,0,0,0.000,0.000,-1,0,0,0,57.687
9662,0,0,0.000,0.000,-1,0,0,0,57.769
9663,0,0,0.000,0.000,-1,0,0,0,57.633
9664,0,1,83.122,86.058,-1,0,0,0,57.621
9665,0,0,0.000,0.000,-1,0,0,0,58.411
9666,0,0,0.000,0.000,-1,0,0,0,59.598
9667,0,0,0.000,0.000,-1,0,0,0,60.025
9668,0,0,0.000,0.000,-1,0,0,0,60.719
9669,0,0,0.000,0.000,-1,0,0,0,59.031
9670,0,0,0.000,0.000,-1,0,0,0,59.061
9671,0,0,0.000,0.000,-1,0,0,0,57.264
9672,0,0,0.000,0.000,-1,0,0,0,58.827
9673,0,0,0.000,0.000,-1,0,0,0,60.355
9674,0,0,0.000,0.000,-1,0,0,0,55.465
9675,0,0,0.000,0.000,-1,0,0,0,58.909
9676,0,0,0.000,0.000,-1,0,0,0,57.604
9677,0,0,0.000,0.000,-1,0,0,0,58.123
9678,0,0,0.000,0.000,-1,0,0,0,60.330
9679,0,0,0.000,0.000,-1,0,0,0,57.526
9680,0,0,0.000,0.000,-1,0,0,0,58.283
9681,0,0,0.000,0.000,-1,0,0,0,57.086
9682,0,0,0.000,0.000,-1,0,0,0,58.100
9683,0,0,0.000,0.000,-1,0,0,0,56.434
9684,0,0,0.000,0.000,-1,0,0,0,60.066
9685,0,0,0.000,0.000,-1,0,0,0,58.777
9686,0,0,0.000,0.000,-1,0,0,0,57.064
9687,0,0,0.000,0.000,-1,0,0,0,57.888
9688,0,0,0.000,0.000,-1,0,0,0,56.881
9689,0,0,0.000,0.000,-1,0,0,0,57.862
9690,0,0,0.000,0.000,-1,0,0,0,61.297
9691,0,0,0.000,0.000,-1,0,0,0,58.599
9692,0,0,0.000,0.000,-1,0,0,0,58.328
9693,0,0,0.000,0.000,-1,0,0,0,57.936
9694,0,0,0.000,0.000,-1,0,0,0,57.484
9695,0,0,0.000,0.000,-1,0,0,0,58.026
9696,0,1,81.764,84.445,-1,0,0,0,61.075
9697,0,0,0.000,0.000,-1,0,0,0,60.235
9698,0,0,0.000,0.000,-1,0,0,0,59.026
9699,0,0,0.000,0.000,-1,0,0,0,59.147
9700,0,0,0.000,0.000,-1,0,0,0,58.176
9701,0,0,0.000,0.000,-1,0,0,0,57.985
9702,0,0,0.000,0.000,-1,0,0,0,59.606
9703,0,0,0.000,0.000,-1,0,0,0,57.580
9704,0,0,0.000,0.000,-1,0,0,0,58.405
9705,0,0,0.000,0.000,-1,0,0,0,57.678
9706,0,0,0.000,0.000,-1,0,0,0,56.950
9707,0,0,0.000,0.000,-1,0,0,0,56.105
9708,0,0,0.000,0.000,-1,0,0,0,58.169
9709,0,0,0.000,0.000,-1,0,0,0,57.217
9710,0,0,0.000,0.000,-1,0,0,0,56.462
9711,0,0,0.000,0.000,-1,0,0,0,57.982
9712,0,0,0.000,0.000,-1,0,0,0,58.701
9713,0,0,0.000,0.000,-1,0,0,0,58.210
9714,0,0,0.000,0.000,-1,0,0,0,61.868
9715,0,0,0.000,0.000,-1,0,0,0,58.709
9716,0,0,0.000,0.000,-1,0,0,0,58.274
9717,0,0,0.000,0.000,-1,0,0,0,62.513
9718,0,0,0.000,0.000,-1,0,0,0,57.901
9719,0,0,0.000,0.000,-1,0,0,0,59.213
9720,0,0,0.000,0.000,-1,0,0,0,60.392
9721,0,0,0.000,0.000,-1,0,0,0,58.134
9722,0,0,0.000,0.000,-1,0,0,0,56.821
9723,0,0,0.000,0.000,-1,0,0,0,54.940
9724,0,0,0.000,0.000,-1,0,0,0,56.388
9725,0,0,0.000,0.000,-1,0,0,0,57.292
9726,0,0,0.000,0.000,-1,0,0,0,59.319
9727,0,0,0.000,0.000,-1,0,0,0,59.818
9728,0,1,82.747,85.583,-1,0,0,0,57.560
9729,0,0,0.000,0.000,-1,0,0,0,58.315
9730,0,0,0.000,0.000,-1,0,0,0,58.170
9731,0,0,0.000,0.000,-1,0,0,0,58.618
9732,0,0,0.000,0.000,-1,0,0,0,61.953
9733,0,0,0.000,0.000,-1,0,0,0,55.749
9734,0,0,0.000,0.000,-1,0,0,0,56.574
9735,0,0,0.000,0.000,-1,0,0,0,57.886
9736,0,0,0.000,0.000,-1,0,0,0,57.680
9737,0,0,0.000,0.000,-1,0,0,0,57.998
9738,0,0,0.000,0.000,-1,0,0,0,60.342
9739,0,0,0.000,0.000,-1,0,0,0,58.306
9740,0,0,0.000,0.000,-1,0,0,0,56.519
9741,0,0,0.000,0.000,-1,0,0,0,58.071
9742,0,0,0.000,0.000,-1,0,0,0,58.295
9743,0,0,0.000,0.000,-1,0,0,0,58.094
9744,0,0,0.000,0.000,-1,0,0,0,58.269
9745,0,0,0.000,0.000,-1,0,0,0,56.907
9746,0,0,0.000,0.000,-1,0,0,0,57.139
9747,0,0,0.000,0.000,-1,0,0,0,58.819
9748,0,0,0.000,0.000,-1,0,0,0,59.765
9749,0,0,0.000,0.000,-1,0,0,0,58.097
9750,0,0,0.000,0.000,-1,0,0,0,62.437
9751,0,0,0.000,0.000,-1,0,0,0,57.186
9752,0,0,0.000,0.000,-1,0,0,0,59.529
9753,0,0,0.000,0.000,-1,0,0,0,59.368
9754,0,0,0.000,0.000,-1,0,0,0,58.154
9755,0,0,0.000,0.000,-1,0,0,0,56.747
9756,0,0,0.000,0.000,-1,0,0,0,58.701
9757,0,0,0.000,0.000,-1,0,0,0,58.467
9758,0,0,0.000,0.000,-1,0,0,0,56.828
9759,0,0,0.000,0.000,-1,0,0,0,58.830
9760,0,1,81.947,84.769,-1,0,0,0,57.843
9761,0,0,0.000,0.000,-1,0,0,0,58.496
9762,0,0,0.000,0.000,-1,0,0,0,63.799
9763,0,0,0.000,0.000,-1,0,0,0,59.138
9764,0,0,0.000,0.000,-1,0,0,0,59.455
9765,0,0,0.000,0.000,-1,0,0,0,58.707
9766,0,0,0.000,0.000,-1,0,0,0,58.555
9767,0,0,0.000,0.000,-1,0,0,0,58.684
9768,0,0,0.000,0.000,-1,0,0,0,59.357
9769,0,0,0.000,0.000,-1,0,0,0,58.720
9770,0,0,0.000,0.000,-1,0,0,0,59.042
9771,0,0,0.000,0.000,-1,0,0,0,57.796
9772,0,0,0.000,0.000,-1,0,0,0,60.445
9773,0,0,0.000,0.000,-1,0,0,0,57.251
9774,0,0,0.000,0.000,-1,0,0,0,59.128
9775,0,0,0.000,0.000,-1,0,0,0,57.373
9776,0,0,0.000,0.000,-1,0,0,0,58.891
9777,0,0,0.000,0.000,-1,0,0,0,58.133
9778,0,0,0.000,0.000,-1,0,0,0,59.708
9779,0,0,0.000,0.000,-1,0,0,0,59.962
9780,0,0,0.000,0.000,-1,0,0,0,60.393
9781,0,0,0.000,0.000,-1,0,0,0,59.045
9782,0,0,0.000,0.000,-1,0,0,0,56.428
9783,0,0,0.000,0.000,-1,0,0,0,57.636
9784,0,0,0.000,0.000,-1,0,0,0,57.210
9785,0,0,0.000,0.000,-1,0,0,0,56.623
9786,0,0,0.000,0.000,-1,0,0,0,60.279
9787,0,0,0.000,0.000,-1,0,0,0,59.604
9788,0,0,0.000,0.000,-1,0,0,0,62.175
9789,0,0,0.000,0.000,-1,0,0,0,60.140
9790,0,0,0.000,0.000,-1,0,0,0,58.742
9791,0,0,0.000,0.000,-1,0,0,0,57.482
9792,0,1,81.851,84.467,-1,0,0,0,62.025
9793,0,0,0.000,0.000,-1,0,0,0,60.325
9794,0,0,0.000,0.000,-1,0,0,0,57.999
9795,0,0,0.000,0.000,-1,0,0,0,58.809
9796,0,0,0.000,0.000,-1,0,0,0,56.651
9797,0,0,0.000,0.000,-1,0,0,0,56.814
9798,0,0,0.000,0.000,-1,0,0,0,61.683
9799,0,0,0.000,0.000,-1,0,0,0,59.286
9800,0,0,0.000,0.000,-1,0,0,0,61.849
9801,0,0,0.000,0.000,-1,0,0,0,57.203
9802,0,0,0.000,0.000,-1,0,0,0,59.065
9803,0,0,0.000,0.000,-1,0,0,0,58.357
9804,0,0,0.000,0.000,-1,0,0,0,61.031
9805,0,0,0.000,0.000,-1,0,0,0,58.923
9806,0,0,0.000,0.000,-1,0,0,0,58.631
9807,0,0,0.000,0.000,-1,0,0,0,58.793
9808,0,0,0.000,0.000,-1,0,0,0,57.602
9809,0,0,0.000,0.000,-1,0,0,0,58.040
9810,0,0,0.000,0.000,-1,0,0,0,67.145
9811,0,0,0.000,0.000,-1,0,0,0,58.058
9812,0,0,0.000,0.000,-1,0,0,0,56.920
9813,0,0,0.000,0.000,-1,0,0,0,55.462
9814,0,0,0.000,0.000,-1,0,0,0,57.232
9815,0,0,0.000,0.000,-1,0,0,0,56.998
9816,0,0,0.000,0.000,-1,0,0,0,59.974
9817,0,0,0.000,0.000,-1,0,0,0,55.430
9818,0,0,0.000,0.000,-1,0,0,0,56.963
9819,0,0,0.000,0.000,-1,0,0,0,56.526
9820,0,0,0.000,0.000,-1,0,0,0,55.584
9821,0,0,0.000,0.000,-1,0,0,0,61.289
9822,0,0,0.000,0.000,-1,0,0,0,58.197
9823,0,0,0.000,0.000,-1,0,0,0,58.466
9824,0,1,82.019,84.687,-1,0,0,0,55.438
9825,0,0,0.000,0.000,-1,0,0,0,56.982
9826,0,0,0.000,0.000,-1,0,0,0,61.366
9827,0,0,0.000,0.000,-1,0,0,0,58.011
9828,0,0,0.000,0.000,-1,0,0,0,59.696
9829,0,0,0.000,0.000,-1,0,0,0,58.681
9830,0,0,0.000,0.000,-1,0,0,0,58.340
9831,0,0,0.000,0.000,-1,0,0,0,59.031
9832,0,0,0.000,0.000,-1,0,0,0,58.325
9833,0,0,0.000,0.000,-1,0,0,0,57.569
9834,0,0,0.000,0.000,-1,0,0,0,58.643
9835,0,0,0.000,0.000,-1,0,0,0,56.625
9836,0,0,0.000,0.000,-1,0,0,0,55.897
9837,0,0,0.000,0.000,-1,0,0,0,56.246
9838,0,0,0.000,0.000,-1,0,0,0,57.721
9839,0,0,0.000,0.000,-1,0,0,0,59.389
9840,0,0,0.000,0.000,-1,0,0,0,60.166
9841,0,0,0.000,0.000,-1,0,0,0,57.714
9842,0,0,0.000,0.000,-1,0,0,0,57.200
9843,0,0,0.000,0.000,-1,0,0,0,58.916
9844,0,0,0.000,0.000,-1,0,0,0,57.962
9845,0,0,0.000,0.000,-1,0,0,0,57.963
9846,0,0,0.000,0.000,-1,0,0,0,59.970
9847,0,0,0.000,0.000,-1,0,0,0,57.218
9848,0,0,0.000,0.000,-1,0,0,0,56.345
9849,0,0,0.000,0.000,-1,0,0,0,56.918
9850,0,0,0.000,0.000,-1,0,0,0,59.087
9851,0,0,0.000,0.000,-1,0,0,0,56.024
9852,0,0,0.000,0.000,-1,0,0,0,60.732
9853,0,0,0.000,0.000,-1,0,0,0,57.630
9854,0,0,0.000,0.000,-1,0,0,0,56.850
9855,0,0,0.000,0.000,-1,0,0,0,57.092
9856,0,1,81.682,84.364,-1,0,0,0,57.592
9857,0,0,0.000,0.000,-1,0,0,0,56.973
9858,0,0,0.000,0.000,-1,0,0,0,61.352
9859,0,0,0.000,0.000,-1,0,0,0,57.986
9860,0,0,0.000,0.000,-1,0,0,0,58.021
9861,0,0,0.000,0.000,-1,0,0,0,58.268
9862,0,0,0.000,0.000,-1,0,0,0,56.788
9863,0,0,0.000,0.000,-1,0,0,0,57.244
9864,0,0,0.000,0.000,-1,0,0,0,59.625
9865,0,0,0.000,0.000,-1,0,0,0,57.689
9866,0,0,0.000,0.000,-1,0,0,0,58.973
9867,0,0,0.000,0.000,-1,0,0,0,58.702
9868,0,0,0.000,0.000,-1,0,0,0,57.205
9869,0,0,0.000,0.000,-1,0,0,0,56.712
9870,0,0,0.000,0.000,-1,0,0,0,62.447
9871,0,0,0.000,0.000,-1,0,0,0,56.880
9872,0,0,0.000,0.000,-1,0,0,0,56.239
9873,0,0,0.000,0.000,-1,0,0,0,57.680
9874,0,0,0.000,0.000,-1,0,0,0,57.230
9875,0,0,0.000,0.000,-1,0,0,0,60.123
9876,0,0,0.000,0.000,-1,0,0,0,59.811
9877,0,0,0.000,0.000,-1,0,0,0,57.150
9878,0,0,0.000,0.000,-1,0,0,0,61.124
9879,0,0,0.000,0.000,-1,0,0,0,57.965
9880,0,0,0.000,0.000,-1,0,0,0,57.672
9881,0,0,0.000,0.000,-1,0,0,0,58.771
9882,0,0,0.000,0.000,-1,0,0,0,60.197
9883,0,0,0.000,0.000,-1,0,0,0,56.722
9884,0,0,0.000,0.000,-1,0,0,0,59.213
9885,0,0,0.000,0.000,-1,0,0,0,57.214
9886,0,0,0.000,0.000,-1,0,0,0,57.272
9887,0,0,0.000,0.000,-1,0,0,0,58.065
9888,0,1,81.760,84.399,-1,0,0,0,60.477
9889,0,0,0.000,0.000,-1,0,0,0,57.972
9890,0,0,0.000,0.000,-1,0,0,0,67.686
9891,0,0,0.000,0.000,-1,0,0,0,58.924
9892,0,0,0.000,0.000,-1,0,0,0,57.853
9893,0,0,0.000,0.000,-1,0,0,0,60.958
9894,0,0,0.000,0.000,-1,0,0,0,60.431
9895,0,0,0.000,0.000,-1,0,0,0,60.217
9896,0,0,0.000,0.000,-1,0,0,0,58.368
9897,0,0,0.000,0.000,-1,0,0,0,60.197
9898,0,0,0.000,0.000,-1,0,0,0,58.428
9899,0,0,0.000,0.000,-1,0,0,0,57.084
9900,0,0,0.000,0.000,-1,0,0,0,60.699
9901,0,0,0.000,0.000,-1,0,0,0,57.502
9902,0,0,0.000,0.000,-1,0,0,0,58.451
9903,0,0,0.000,0.000,-1,0,0,0,58.755
9904,0,0,0.000,0.000,-1,0,0,0,58.548
9905,0,0,0.000,0.000,-1,0,0,0,60.002
9906,0,0,0.000,0.000,-1,0,0,0,59.841
9907,0,0,0.000,0.000,-1,0,0,0,60.211
9908,0,0,0.000,0.000,-1,0,0,0,56.049
9909,0,0,0.000,0.000,-1,0,0,0,57.975
9910,0,0,0.000,0.000,-1,0,0,0,57.108
9911,0,0,0.000,0.000,-1,0,0,0,59.764
9912,0,0,0.000,0.000,-1,0,0,0,60.015
9913,0,0,0.000,0.000,-1,0,0,0,60.460
9914,0,0,0.000,0.000,-1,0,0,0,59.091
9915,0,0,0.000,0.000,-1,0,0,0,57.414
9916,0,0,0.000,0.000,-1,0,0,0,60.694
9917,0,0,0.000,0.000,-1,0,0,0,60.076
9918,0,0,0.000,0.000,-1,0,0,0,61.730
9919,0,0,0.000,0.000,-1,0,0,0,59.403
9920,0,1,81.903,84.692,-1,0,0,0,59.921
9921,0,0,0.000,0.000,-1,0,0,0,60.165
9922,0,0,0.000,0.000,-1,0,0,0,58.506
9923,0,0,0.000,0.000,-1,0,0,0,58.082
9924,0,0,0.000,0.000,-1,0,0,0,59.922
9925,0,0,0.000,0.000,-1,0,0,0,58.576
9926,0,0,0.000,0.000,-1,0,0,0,57.314
9927,0,0,0.000,0.000,-1,0,0,0,56.450
9928,0,0,0.000,0.000,-1,0,0,0,60.070
9929,0,0,0.000,0.000,-1,0,0,0,57.836
9930,0,0,0.000,0.000,-1,0,0,0,61.947
9931,0,0,0.000,0.000,-1,0,0,0,57.089
9932,0,0,0.000,0.000,-1,0,0,0,58.935
9933,0,0,0.000,0.000,-1,0,0,0,59.168
9934,0,0,0.000,0.000,-1,0,0,0,56.584
9935,0,0,0.000,0.000,-1,0,0,0,58.199
9936,0,0,0.000,0.000,-1,0,0,0,59.364
9937,0,0,0.000,0.000,-1,0,0,0,59.254
9938,0,0,0.000,0.000,-1,0,0,0,55.927
9939,0,0,0.000,0.000,-1,0,0,0,58.113
9940,0,0,0.000,0.000,-1,0,0,0,58.362
9941,0,0,0.000,0.000,-1,0,0,0,57.505
9942,0,0,0.000,0.000,-1,0,0,0,59.232
9943,0,0,0.000,0.000,-1,0,0,0,56.692
9944,0,0,0.000,0.000,-1,0,0,0,56.476
9945,0,0,0.000,0.000,-1,0,0,0,56.795
9946,0,0,0.000,0.000,-1,0,0,0,56.702
9947,0,0,0.000,0.000,-1,0,0,0,56.096
9948,0,0,0.000,0.000,-1,0,0,0,60.930
9949,0,0,0.000,0.000,-1,0,0,0,57.767
9950,0,0,0.000,0.000,-1,0,0,0,57.284
9951,0,0,0.000,0.000,-1,0,0,0,58.880
9952,0,1,81.807,84.506,-1,0,0,0,56.757
9953,0,0,0.000,0.000,-1,0,0,0,57.658
9954,0,0,0.000,0.000,-1,0,0,0,58.999
9955,0,0,0.000,0.000,-1,0,0,0,59.148
9956,0,0,0.000,0.000,-1,0,0,0,56.559
9957,0,0,0.000,0.000,-1,0,0,0,57.501
9958,0,0,0.000,0.000,-1,0,0,0,56.448
9959,0,0,0.000,0.000,-1,0,0,0,57.917
9960,0,0,0.000,0.000,-1,0,0,0,62.967
9961,0,0,0.000,0.000,-1,0,0,0,59.980
9962,0,0,0.000,0.000,-1,0,0,0,57.801
9963,0,0,0.000,0.000,-1,0,0,0,58.486
9964,0,0,0.000,0.000,-1,0,0,0,58.883
9965,0,0,0.000,0.000,-1,0,0,0,58.151
9966,0,0,0.000,0.000,-1,0,0,0,62.732
9967,0,0,0.000,0.000,-1,0,0,0,58.211
9968,0,0,0.000,0.000,-1,0,0,0,59.586
9969,0,0,0.000,0.000,-1,0,0,0,58.744
9970,0,0,0.000,0.000,-1,0,0,0,58.222
9971,0,0,0.000,0.000,-1,0,0,0,59.975
9972,0,0,0.000,0.000,-1,0,0,0,62.339
9973,0,0,0.000,0.000,-1,0,0,0,57.947
9974,0,0,0.000,0.000,-1,0,0,0,58.582
9975,0,0,0.000,0.000,-1,0,0,0,59.395
9976,0,0,0.000,0.000,-1,0,0,0,56.163
9977,0,0,0.000,0.000,-1,0,0,0,57.877
9978,0,0,0.000,0.000,-1,0,0,0,60.266
9979,0,0,0.000,0.000,-1,0,0,0,59.248
9980,0,0,0.000,0.000,-1,0,0,0,57.797
9981,0,0,0.000,0.000,-1,0,0,0,58.675
9982,0,0,0.000,0.000,-1,0,0,0,58.359
9983,0,0,0.000,0.000,-1,0,0,0,57.340
9984,0,1,82.822,85.552,-1,0,0,0,59.813
9985,0,0,0.000,0.000,-1,0,0,0,59.711
9986,0,0,0.000,0.000,-1,0,0,0,59.333
9987,0,0,0.000,0.000,-1,0,0,0,58.973
9988,0,0,0.000,0.000,-1,0,0,0,59.283
9989,0,0,0.000,0.000,-1,0,0,0,59.211
9990,0,0,0.000,0.000,-1,0,0,0,63.578
9991,0,0,0.000,0.000,-1,0,0,0,57.600
9992,0,0,0.000,0.000,-1,0,0,0,58.944
9993,0,0,0.000,0.000,-1,0,0,0,58.252
9994,0,0,0.000,0.000,-1,0,0,0,58.342
9995,0,0,0.000,0.000,-1,0,0,0,58.083
9996,0,0,0.000,0.000,-1,0,0,0,60.683
9997,0,0,0.000,0.000,-1,0,0,0,58.228
9998,0,0,0.000,0.000,-1,0,0,0,57.802
9999,0,0,0.000,0.000,-1,0,0,0,57.723
10000,0,0,0.000,0.000,-1,0,0,0,57.269
10001,0,0,0.000,0.000,-1,0,0,0,59.797
10002,0,0,0.000,0.000,-1,0,0,0,58.421
10003,0,0,0.000,0.000,-1,0,0,0,59.172
10004,0,0,0.000,0.000,-1,0,0,0,56.723
10005,0,0,0.000,0.000,-1,0,0,0,55.718
10006,0,0,0.000,0.000,-1,0,0,0,56.135
10007,0,0,0.000,0.000,-1,0,0,0,57.748
10008,0,0,0.000,0.000,-1,0,0,0,61.486
10009,0,0,0.000,0.000,-1,0,0,0,59.836
10010,0,0,0.000,0.000,-1,0,0,0,59.600
10011,0,0,0.000,0.000,-1,0,0,0,59.521
10012,0,0,0.000,0.000,-1,0,0,0,86.154
10013,0,0,0.000,0.000,-1,0,0,0,61.797
10014,0,0,0.000,0.000,-1,0,0,0,59.824
10015,0,0,0.000,0.000,-1,0,0,0,58.383
10016,0,1,84.897,87.848,-1,0,0,0,59.459
10017,0,0,0.000,0.000,-1,0,0,0,72.667
10018,0,0,0.000,0.000,-1,0,0,0,64.080
10019,0,0,0.000,0.000,-1,0,0,0,58.418
10020,0,0,0.000,0.000,-1,0,0,0,61.333
10021,0,0,0.000,0.000,-1,0,0,0,61.512
10022,0,0,0.000,0.000,-1,0,0,0,58.752
10023,0,0,0.000,0.000,-1,0,0,0,59.584
10024,0,0,0.000,0.000,-1,0,0,0,63.399
10025,0,0,0.000,0.000,-1,0,0,0,62.693
10026,0,0,0.000,0.000,-1,0,0,0,67.967
10027,0,0,0.000,0.000,-1,0,0,0,66.363
10028,0,0,0.000,0.000,-1,0,0,0,64.243
10029,0,0,0.000,0.000,-1,0,0,0,62.736
10030,0,0,0.000,0.000,-1,0,0,0,62.605
10031,0,0,0.000,0.000,-1,0,0,0,60.799
10032,0,0,0.000,0.000,-1,0,0,0,59.846
10033,0,0,0.000,0.000,-1,0,0,0,59.193
10034,0,0,0.000,0.000,-1,0,0,0,60.191
10035,0,0,0.000,0.000,-1,0,0,0,61.359
10036,0,0,0.000,0.000,-1,0,0,0,59.971
10037,0,0,0.000,0.000,-1,0,0,0,59.765
10038,0,0,0.000,0.000,-1,0,0,0,62.644
10039,0,0,0.000,0.000,-1,0,0,0,61.129
10040,0,0,0.000,0.000,-1,0,0,0,67.187
10041,0,0,0.000,0.000,-1,0,0,0,59.069
10042,0,0,0.000,0.000,-1,0,0,0,59.558
10043,0,0,0.000,0.000,-1,0,0,0,57.445
10044,0,0,0.000,0.000,-1,0,0,0,64.190
10045,0,0,0.000,0.000,-1,0,0,0,60.915
10046,0,0,0.000,0.000,-1,0,0,0,59.739
10047,0,0,0.000,0.000,-1,0,0,0,59.979
10048,0,1,81.721,84.440,-1,0,0,0,59.374
10049,0,0,0.000,0.000,-1,0,0,0,60.221
10050,0,0,0.000,0.000,-1,0,0,0,62.342
10051,0,0,0.000,0.000,-1,0,0,0,57.577
10052,0,0,0.000,0.000,-1,0,0,0,59.216
10053,0,0,0.000,0.000,-1,0,0,0,58.147
10054,0,0,0.000,0.000,-1,0,0,0,58.471
10055,0,0,0.000,0.000,-1,0,0,0,59.432
10056,0,0,0.000,0.000,-1,0,0,0,62.315
10057,0,0,0.000,0.000,-1,0,0,0,58.556
10058,0,0,0.000,0.000,-1,0,0,0,58.558
10059,0,0,0.000,0.000,-1,0,0,0,57.673
10060,0,0,0.000,0.000,-1,0,0,0,60.342
10061,0,0,0.000,0.000,-1,0,0,0,61.007
10062,0,0,0.000,0.000,-1,0,0,0,62.287
10063,0,0,0.000,0.000,-1,0,0,0,59.435
10064,0,0,0.000,0.000,-1,0,0,0,59.614
10065,0,0,0.000,0.000,-1,0,0,0,59.642
10066,0,0,0.000,0.000,-1,0,0,0,58.628
10067,0,0,0.000,0.000,-1,0,0,0,59.757
10068,0,0,0.000,0.000,-1,0,0,0,62.402
10069,0,0,0.000,0.000,-1,0,0,0,59.573
10070,0,0,0.000,0.000,-1,0,0,0,60.213
10071,0,0,0.000,0.000,-1,0,0,0,60.504
10072,0,0,0.000,0.000,-1,0,0,0,59.176
10073,0,0,0.000,0.000,-1,0,0,0,57.862
10074,0,0,0.000,0.000,-1,0,0,0,59.057
10075,0,0,0.000,0.000,-1,0,0,0,58.678
10076,0,0,0.000,0.000,-1,0,0,0,57.727
10077,0,0,0.000,0.000,-1,0,0,0,59.488
10078,0,0,0.000,0.000,-1,0,0,0,56.815
10079,0,0,0.000,0.000,-1,0,0,0,57.635
10080,0,1,81.752,84.841,-1,0,0,0,60.855
10081,0,0,0.000,0.000,-1,0,0,0,58.497
10082,0,0,0.000,0.000,-1,0,0,0,58.460
10083,0,0,0.000,0.000,-1,0,0,0,59.075
10084,0,0,0.000,0.000,-1,0,0,0,57.703
10085,0,0,0.000,0.000,-1,0,0,0,57.449
10086,0,0,0.000,0.000,-1,0,0,0,59.871
10087,0,0,0.000,0.000,-1,0,0,0,57.254
10088,0,0,0.000,0.000,-1,0,0,0,59.271
10089,0,0,0.000,0.000,-1,0,0,0,60.203
10090,0,0,0.000,0.000,-1,0,0,0,60.907
10091,0,0,0.000,0.000,-1,0,0,0,57.372
10092,0,0,0.000,0.000,-1,0,0,0,60.791
10093,0,0,0.000,0.000,-1,0,0,0,64.378
10094,0,0,0.000,0.000,-1,0,0,0,60.229
10095,0,0,0.000,0.000,-1,0,0,0,57.853
10096,0,0,0.000,0.000,-1,0,0,0,58.090
10097,0,0,0.000,0.000,-1,0,0,0,57.302
10098,0,0,0.000,0.000,-1,0,0,0,58.587
10099,0,0,0.000,0.000,-1,0,0,0,60.240
10100,0,0,0.000,0.000,-1,0,0,0,57.496
10101,0,0,0.000,0.000,-1,0,0,0,58.972
10102,0,0,0.000,0.000,-1,0,0,0,59.926
10103,0,0,0.000,0.000,-1,0,0,0,58.494
10104,0,0,0.000,0.000,-1,0,0,0,59.797
10105,0,0,0.000,0.000,-1,0,0,0,59.578
10106,0,0,0.000,0.000,-1,0,0,0,58.880
10107,0,0,0.000,0.000,-1,0,0,0,57.932
10108,0,0,0.000,0.000,-1,0,0,0,63.069
10109,0,0,0.000,0.000,-1,0,0,0,58.805
10110,0,0,0.000,0.000,-1,0,0,0,61.237
10111,0,0,0.000,0.000,-1,0,0,0,58.915
10112,0,1,81.840,84.696,-1,0,0,0,59.580
10113,0,0,0.000,0.000,-1,0,0,0,60.709
10114,0,0,0.000,0.000,-1,0,0,0,63.326
10115,0,0,0.000,0.000,-1,0,0,0,68.686
10116,0,0,0.000,0.000,-1,0,0,0,65.615
10117,0,0,0.000,0.000,-1,0,0,0,59.633
10118,0,0,0.000,0.000,-1,0,0,0,59.461
10119,0,0,0.000,0.000,-1,0,0,0,61.229
10120,0,0,0.000,0.000,-1,0,0,0,60.597
10121,0,0,0.000,0.000,-1,0,0,0,60.939
10122,0,0,0.000,0.000,-1,0,0,0,61.869
10123,0,0,0.000,0.000,-1,0,0,0,63.241
10124,0,0,0.000,0.000,-1,0,0,0,61.112
10125,0,0,0.000,0.000,-1,0,0,0,60.859
10126,0,0,0.000,0.000,-1,0,0,0,59.994
10127,0,0,0.000,0.000,-1,0,0,0,62.062
10128,0,0,0.000,0.000,-1,0,0,0,64.081
10129,0,0,0.000,0.000,-1,0,0,0,61.473
10130,0,0,0.000,0.000,-1,0,0,0,61.595
10131,0,0,0.000,0.000,-1,0,0,0,61.754
10132,0,0,0.000,0.000,-1,0,0,0,62.224
10133,0,0,0.000,0.000,-1,0,0,0,61.416
10134,0,0,0.000,0.000,-1,0,0,0,62.337
10135,0,0,0.000,0.000,-1,0,0,0,60.993
10136,0,0,0.000,0.000,-1,0,0,0,62.876
10137,0,0,0.000,0.000,-1,0,0,0,60.532
10138,0,0,0.000,0.000,-1,0,0,0,61.476
10139,0,0,0.000,0.000,-1,0,0,0,64.287
10140,0,0,0.000,0.000,-1,0,0,0,63.654
10141,0,0,0.000,0.000,-1,0,0,0,58.824
10142,0,0,0.000,0.000,-1,0,0,0,58.437
10143,0,0,0.000,0.000,-1,0,0,0,59.367
10144,0,1,85.087,87.911,-1,0,0,0,58.079
10145,0,0,0.000,0.000,-1,0,0,0,61.445
10146,0,0,0.000,0.000,-1,0,0,0,64.793
10147,0,0,0.000,0.000,-1,0,0,0,63.157
10148,0,0,0.000,0.000,-1,0,0,0,58.827
10149,0,0,0.000,0.000,-1,0,0,0,59.666
10150,0,0,0.000,0.000,-1,0,0,0,59.147
10151,0,0,0.000,0.000,-1,0,0,0,58.903
10152,0,0,0.000,0.000,-1,0,0,0,63.126
10153,0,0,0.000,0.000,-1,0,0,0,59.785
10154,0,0,0.000,0.000,-1,0,0,0,60.846
10155,0,0,0.000,0.000,-1,0,0,0,58.776
10156,0,0,0.000,0.000,-1,0,0,0,58.820
10157,0,0,0.000,0.000,-1,0,0,0,56.768
10158,0,0,0.000,0.000,-1,0,0,0,60.676
10159,0,0,0.000,0.000,-1,0,0,0,59.713
10160,0,0,0.000,0.000,-1,0,0,0,61.554
10161,0,0,0.000,0.000,-1,0,0,0,58.119
10162,0,0,0.000,0.000,-1,0,0,0,58.507
10163,0,0,0.000,0.000,-1,0,0,0,59.707
10164,0,0,0.000,0.000,-1,0,0,0,60.330
10165,0,0,0.000,0.000,-1,0,0,0,59.214
10166,0,0,0.000,0.000,-1,0,0,0,57.599
10167,0,0,0.000,0.000,-1,0,0,0,57.807
10168,0,0,0.000,0.000,-1,0,0,0,58.754
10169,0,0,0.000,0.000,-1,0,0,0,62.350
10170,0,0,0.000,0.000,-1,0,0,0,62.769
10171,0,0,0.000,0.000,-1,0,0,0,57.797
10172,0,0,0.000,0.000,-1,0,0,0,57.461
10173,0,0,0.000,0.000,-1,0,0,0,57.659
10174,0,0,0.000,0.000,-1,0,0,0,58.423
10175,0,0,0.000,0.000,-1,0,0,0,59.859
10176,0,1,81.939,84.622,-1,0,0,0,62.277
10177,0,0,0.000,0.000,-1,0,0,0,60.079
10178,0,0,0.000,0.000,-1,0,0,0,61.374
10179,0,0,0.000,0.000,-1,0,0,0,59.098
10180,0,0,0.000,0.000,-1,0,0,0,60.171
10181,0,0,0.000,0.000,-1,0,0,0,58.466
10182,0,0,0.000,0.000,-1,0,0,0,60.967
10183,0,0,0.000,0.000,-1,0,0,0,58.053
10184,0,0,0.000,0.000,-1,0,0,0,59.161
10185,0,0,0.000,0.000,-1,0,0,0,57.436
10186,0,0,0.000,0.000,-1,0,0,0,57.248
10187,0,0,0.000,0.000,-1,0,0,0,57.777
10188,0,0,0.000,0.000,-1,0,0,0,61.155
10189,0,0,0.000,0.000,-1,0,0,0,59.382
10190,0,0,0.000,0.000,-1,0,0,0,59.084
10191,0,0,0.000,0.000,-1,0,0,0,59.873
10192,0,0,0.000,0.000,-1,0,0,0,58.679
10193,0,0,0.000,0.000,-1,0,0,0,58.688
10194,0,0,0.000,0.000,-1,0,0,0,60.268
10195,0,0,0.000,0.000,-1,0,0,0,58.482
10196,0,0,0.000,0.000,-1,0,0,0,58.939
10197,0,0,0.000,0.000,-1,0,0,0,59.279
10198,0,0,0.000,0.000,-1,0,0,0,57.243
10199,0,0,0.000,0.000,-1,0,0,0,58.462
10200,0,0,0.000,0.000,-1,0,0,0,64.626
10201,0,0,0.000,0.000,-1,0,0,0,59.433
10202,0,0,0.000,0.000,-1,0,0,0,58.897
10203,0,0,0.000,0.000,-1,0,0,0,58.222
10204,0,0,0.000,0.000,-1,0,0,0,58.135
10205,0,0,0.000,0.000,-1,0,0,0,58.843
10206,0,0,0.000,0.000,-1,0,0,0,60.365
10207,0,0,0.000,0.000,-1,0,0,0,57.285
10208,0,1,81.670,84.357,-1,0,0,0,57.744
10209,0,0,0.000,0.000,-1,0,0,0,57.801
10210,0,0,0.000,0.000,-1,0,0,0,59.249
10211,0,0,0.000,0.000,-1,0,0,0,57.729
10212,0,0,0.000,0.000,-1,0,0,0,58.239
10213,0,0,0.000,0.000,-1,0,0,0,55.866
10214,0,0,0.000,0.000,-1,0,0,0,59.910
10215,0,0,0.000,0.000,-1,0,0,0,58.962
10216,0,0,0.000,0.000,-1,0,0,0,57.431
10217,0,0,0.000,0.000,-1,0,0,0,58.323
10218,0,0,0.000,0.000,-1,0,0,0,59.842
10219,0,0,0.000,0.000,-1,0,0,0,58.661
10220,0,0,0.000,0.000,-1,0,0,0,59.613
10221,0,0,0.000,0.000,-1,0,0,0,60.111
10222,0,0,0.000,0.000,-1,0,0,0,58.980
10223,0,0,0.000,0.000,-1,0,0,0,58.300
10224,0,0,0.000,0.000,-1,0,0,0,58.717
10225,0,0,0.000,0.000,-1,0,0,0,56.910
10226,0,0,0.000,0.000,-1,0,0,0,57.360
10227,0,0,0.000,0.000,-1,0,0,0,59.011
10228,0,0,0.000,0.000,-1,0,0,0,59.858
10229,0,0,0.000,0.000,-1,0,0,0,57.774
10230,0,0,0.000,0.000,-1,0,0,0,63.234
10231,0,0,0.000,0.000,-1,0,0,0,59.883
10232,0,0,0.000,0.000,-1,0,0,0,60.230
10233,0,0,0.000,0.000,-1,0,0,0,61.813
10234,0,0,0.000,0.000,-1,0,0,0,60.551
10235,0,0,0.000,0.000,-1,0,0,0,59.657
10236,0,0,0.000,0.000,-1,0,0,0,62.029
10237,0,0,0.000,0.000,-1,0,0,0,61.044
10238,0,0,0.000,0.000,-1,0,0,0,60.305
10239,0,0,0.000,0.000,-1,0,0,0,57.814
10240,0,1,81.822,84.692,-1,0,0,0,59.115
10241,0,0,0.000,0.000,-1,0,0,0,58.089
10242,0,0,0.000,0.000,-1,0,0,0,60.562
10243,0,0,0.000,0.000,-1,0,0,0,57.770
10244,0,0,0.000,0.000,-1,0,0,0,57.273
10245,0,0,0.000,0.000,-1,0,0,0,58.684
10246,0,0,0.000,0.000,-1,0,0,0,58.970
10247,0,0,0.000,0.000,-1,0,0,0,60.582
10248,0,0,0.000,0.000,-1,0,0,0,60.105
10249,0,0,0.000,0.000,-1,0,0,0,58.635
10250,0,0,0.000,0.000,-1,0,0,0,58.695
10251,0,0,0.000,0.000,-1,0,0,0,58.679
10252,0,0,0.000,0.000,-1,0,0,0,58.255
10253,0,0,0.000,0.000,-1,0,0,0,59.711
10254,0,0,0.000,0.000,-1,0,0,0,62.535
10255,0,0,0.000,0.000,-1,0,0,0,59.045
10256,0,0,0.000,0.000,-1,0,0,0,58.848
10257,0,0,0.000,0.000,-1,0,0,0,59.994
10258,0,0,0.000,0.000,-1,0,0,0,57.387
10259,0,0,0.000,0.000,-1,0,0,0,57.433
10260,0,0,0.000,0.000,-1,0,0,0,62.101
10261,0,0,0.000,0.000,-1,0,0,0,59.513
10262,0,0,0.000,0.000,-1,0,0,0,58.401
10263,0,0,0.000,0.000,-1,0,0,0,58.942
10264,0,0,0.000,0.000,-1,0,0,0,57.557
10265,0,0,0.000,0.000,-1,0,0,0,58.240
10266,0,0,0.000,0.000,-1,0,0,0,62.663
10267,0,0,0.000,0.000,-1,0,0,0,58.732
10268,0,0,0.000,0.000,-1,0,0,0,59.244
10269,0,0,0.000,0.000,-1,0,0,0,57.895
10270,0,0,0.000,0.000,-1,0,0,0,57.744
10271,0,0,0.000,0.000,-1,0,0,0,57.464
10272,0,1,81.653,84.350,-1,0,0,0,60.451
10273,0,0,0.000,0.000,-1,0,0,0,60.218
10274,0,0,0.000,0.000,-1,0,0,0,57.731
10275,0,0,0.000,0.000,-1,0,0,0,59.724
10276,0,0,0.000,0.000,-1,0,0,0,57.824
10277,0,0,0.000,0.000,-1,0,0,0,59.617
10278,0,0,0.000,0.000,-1,0,0,0,60.130
10279,0,0,0.000,0.000,-1,0,0,0,57.431
10280,0,0,0.000,0.000,-1,0,0,0,58.648
10281,0,0,0.000,0.000,-1,0,0,0,59.517
10282,0,0,0.000,0.000,-1,0,0,0,59.261
10283,0,0,0.000,0.000,-1,0,0,0,61.171
10284,0,0,0.000,0.000,-1,0,0,0,63.128
10285,0,0,0.000,0.000,-1,0,0,0,61.712
10286,0,0,0.000,0.000,-1,0,0,0,59.926
10287,0,0,0.000,0.000,-1,0,0,0,57.830
10288,0,0,0.000,0.000,-1,0,0,0,59.362
10289,0,0,0.000,0.000,-1,0,0,0,60.793
10290,0,0,0.000,0.000,-1,0,0,0,62.494
10291,0,0,0.000,0.000,-1,0,0,0,59.518
10292,0,0,0.000,0.000,-1,0,0,0,59.504
10293,0,0,0.000,0.000,-1,0,0,0,60.453
10294,0,0,0.000,0.000,-1,0,0,0,59.437
10295,0,0,0.000,0.000,-1,0,0,0,57.893
10296,0,0,0.000,0.000,-1,0,0,0,61.483
10297,0,0,0.000,0.000,-1,0,0,0,59.296
10298,0,0,0.000,0.000,-1,0,0,0,57.557
10299,0,0,0.000,0.000,-1,0,0,0,59.077
10300,0,0,0.000,0.000,-1,0,0,0,62.904
10301,0,0,0.000,0.000,-1,0,0,0,60.385
10302,0,0,0.000,0.000,-1,0,0,0,65.344
10303,0,0,0.000,0.000,-1,0,0,0,59.841
10304,0,1,81.656,84.481,-1,0,0,0,59.715
10305,0,0,0.000,0.000,-1,0,0,0,60.265
10306,0,0,0.000,0.000,-1,0,0,0,60.859
10307,0,0,0.000,0.000,-1,0,0,0,60.852
10308,0,0,0.000,0.000,-1,0,0,0,63.115
10309,0,0,0.000,0.000,-1,0,0,0,58.627
10310,0,0,0.000,0.000,-1,0,0,0,61.140
10311,0,0,0.000,0.000,-1,0,0,0,58.156
10312,0,0,0.000,0.000,-1,0,0,0,59.310
10313,0,0,0.000,0.000,-1,0,0,0,58.690
10314,0,0,0.000,0.000,-1,0,0,0,61.365
10315,0,0,0.000,0.000,-1,0,0,0,58.396
10316,0,0,0.000,0.000,-1,0,0,0,57.704
10317,0,0,0.000,0.000,-1,0,0,0,59.224
10318,0,0,0.000,0.000,-1,0,0,0,60.696
10319,0,0,0.000,0.000,-1,0,0,0,61.333
10320,0,0,0.000,0.000,-1,0,0,0,63.398
10321,0,0,0.000,0.000,-1,0,0,0,59.726
10322,0,0,0.000,0.000,-1,0,0,0,61.059
10323,0,0,0.000,0.000,-1,0,0,0,59.374
10324,0,0,0.000,0.000,-1,0,0,0,59.478
10325,0,0,0.000,0.000,-1,0,0,0,59.256
10326,0,0,0.000,0.000,-1,0,0,0,61.677
10327,0,0,0.000,0.000,-1,0,0,0,60.030
10328,0,0,0.000,0.000,-1,0,0,0,60.580
10329,0,0,0.000,0.000,-1,0,0,0,58.088
10330,0,0,0.000,0.000,-1,0,0,0,59.163
10331,0,0,0.000,0.000,-1,0,0,0,58.336
10332,0,0,0.000,0.000,-1,0,0,0,61.183
10333,0,0,0.000,0.000,-1,0,0,0,59.847
10334,0,0,0.000,0.000,-1,0,0,0,58.378
10335,0,0,0.000,0.000,-1,0,0,0,60.618
10336,0,1,82.662,85.520,-1,0,0,0,60.727
10337,0,0,0.000,0.000,-1,0,0,0,59.823
10338,0,0,0.000,0.000,-1,0,0,0,60.769
10339,0,0,0.000,0.000,-1,0,0,0,59.280
10340,0,0,0.000,0.000,-1,0,0,0,58.491
10341,0,0,0.000,0.000,-1,0,0,0,59.810
10342,0,0,0.000,0.000,-1,0,0,0,57.962
10343,0,0,0.000,0.000,-1,0,0,0,57.990
10344,0,0,0.000,0.000,-1,0,0,0,62.854
10345,0,0,0.000,0.000,-1,0,0,0,59.695
10346,0,0,0.000,0.000,-1,0,0,0,60.852
10347,0,0,0.000,0.000,-1,0,0,0,62.142
10348,0,0,0.000,0.000,-1,0,0,0,65.531
10349,0,0,0.000,0.000,-1,0,0,0,67.410
10350,0,0,0.000,0.000,-1,0,0,0,69.054
10351,0,0,0.000,0.000,-1,0,0,0,67.523
10352,0,0,0.000,0.000,-1,0,0,0,61.978
10353,0,0,0.000,0.000,-1,0,0,0,59.950
10354,0,0,0.000,0.000,-1,0,0,0,60.213
10355,0,0,0.000,0.000,-1,0,0,0,59.314
10356,0,0,0.000,0.000,-1,0,0,0,61.541
10357,0,0,0.000,0.000,-1,0,0,0,58.349
10358,0,0,0.000,0.000,-1,0,0,0,59.043
10359,0,0,0.000,0.000,-1,0,0,0,57.878
10360,0,0,0.000,0.000,-1,0,0,0,59.555
10361,0,0,0.000,0.000,-1,0,0,0,60.448
10362,0,0,0.000,0.000,-1,0,0,0,60.717
10363,0,0,0.000,0.000,-1,0,0,0,59.912
10364,0,0,0.000,0.000,-1,0,0,0,58.700
10365,0,0,0.000,0.000,-1,0,0,0,57.338
10366,0,0,0.000,0.000,-1,0,0,0,57.801
10367,0,0,0.000,0.000,-1,0,0,0,58.308
10368,0,1,82.447,85.123,-1,0,0,0,62.253
10369,0,0,0.000,0.000,-1,0,0,0,59.505
10370,0,0,0.000,0.000,-1,0,0,0,58.254
10371,0,0,0.000,0.000,-1,0,0,0,59.956
10372,0,0,0.000,0.000,-1,0,0,0,57.655
10373,0,0,0.000,0.000,-1,0,0,0,57.749
10374,0,0,0.000,0.000,-1,0,0,0,60.967
10375,0,0,0.000,0.000,-1,0,0,0,57.259
10376,0,0,0.000,0.000,-1,0,0,0,56.943
10377,0,0,0.000,0.000,-1,0,0,0,58.891
10378,0,0,0.000,0.000,-1,0,0,0,61.257
10379,0,0,0.000,0.000,-1,0,0,0,57.797
10380,0,0,0.000,0.000,-1,0,0,0,61.119
10381,0,0,0.000,0.000,-1,0,0,0,57.903
10382,0,0,0.000,0.000,-1,0,0,0,58.846
10383,0,0,0.000,0.000,-1,0,0,0,58.414
10384,0,0,0.000,0.000,-1,0,0,0,57.941
10385,0,0,0.000,0.000,-1,0,0,0,59.001
10386,0,0,0.000,0.000,-1,0,0,0,64.501
10387,0,0,0.000,0.000,-1,0,0,0,59.788
10388,0,0,0.000,0.000,-1,0,0,0,57.818
10389,0,0,0.000,0.000,-1,0,0,0,59.777
10390,0,0,0.000,0.000,-1,0,0,0,61.326
10391,0,0,0.000,0.000,-1,0,0,0,60.417
10392,0,0,0.000,0.000,-1,0,0,0,60.554
10393,0,0,0.000,0.000,-1,0,0,0,57.431
10394,0,0,0.000,0.000,-1,0,0,0,59.036
10395,0,0,0.000,0.000,-1,0,0,0,59.532
10396,0,0,0.000,0.000,-1,0,0,0,58.643
10397,0,0,0.000,0.000,-1,0,0,0,61.724
10398,0,0,0.000,0.000,-1,0,0,0,61.492
10399,0,0,0.000,0.000,-1,0,0,0,57.202
10400,0,1,81.574,84.315,-1,0,0,0,58.908
10401,0,0,0.000,0.000,-1,0,0,0,62.304
10402,0,0,0.000,0.000,-1,0,0,0,59.622
10403,0,0,0.000,0.000,-1,0,0,0,59.780
10404,0,0,0.000,0.000,-1,0,0,0,60.645
10405,0,0,0.000,0.000,-1,0,0,0,61.182
10406,0,0,0.000,0.000,-1,0,0,0,61.911
10407,0,0,0.000,0.000,-1,0,0,0,58.771
10408,0,0,0.000,0.000,-1,0,0,0,59.860
10409,0,0,0.000,0.000,-1,0,0,0,59.940
10410,0,0,0.000,0.000,-1,0,0,0,63.058
10411,0,0,0.000,0.000,-1,0,0,0,58.327
10412,0,0,0.000,0.000,-1,0,0,0,59.086
10413,0,0,0.000,0.000,-1,0,0,0,58.346
10414,0,0,0.000,0.000,-1,0,0,0,59.338
10415,0,0,0.000,0.000,-1,0,0,0,63.254
10416,0,0,0.000,0.000,-1,0,0,0,62.249
10417,0,0,0.000,0.000,-1,0,0,0,59.004
10418,0,0,0.000,0.000,-1,0,0,0,62.255
10419,0,0,0.000,0.000,-1,0,0,0,59.228
10420,0,0,0.000,0.000,-1,0,0,0,58.981
10421,0,0,0.000,0.000,-1,0,0,0,58.961
10422,0,0,0.000,0.000,-1,0,0,0,60.354
10423,0,0,0.000,0.000,-1,0,0,0,59.349
10424,0,0,0.000,0.000,-1,0,0,0,59.529
10425,0,0,0.000,0.000,-1,0,0,0,61.678
10426,0,0,0.000,0.000,-1,0,0,0,59.147
10427,0,0,0.000,0.000,-1,0,0,0,59.839
10428,0,0,0.000,0.000,-1,0,0,0,60.571
10429,0,0,0.000,0.000,-1,0,0,0,59.096
10430,0,0,0.000,0.000,-1,0,0,0,58.356
10431,0,0,0.000,0.000,-1,0,0,0,57.269
10432,0,1,82.464,85.250,-1,0,0,0,58.221
10433,0,0,0.000,0.000,-1,0,0,0,58.707
10434,0,0,0.000,0.000,-1,0,0,0,60.131
10435,0,0,0.000,0.000,-1,0,0,0,58.938
10436,0,0,0.000,0.000,-1,0,0,0,58.120
10437,0,0,0.000,0.000,-1,0,0,0,61.258
10438,0,0,0.000,0.000,-1,0,0,0,57.135
10439,0,0,0.000,0.000,-1,0,0,0,59.565
10440,0,0,0.000,0.000,-1,0,0,0,62.771
10441,0,0,0.000,0.000,-1,0,0,0,59.315
10442,0,0,0.000,0.000,-1,0,0,0,58.447
10443,0,0,0.000,0.000,-1,0,0,0,58.525
10444,0,0,0.000,0.000,-1,0,0,0,57.697
10445,0,0,0.000,0.000,-1,0,0,0,59.018
10446,0,0,0.000,0.000,-1,0,0,0,60.784
10447,0,0,0.000,0.000,-1,0,0,0,58.241
10448,0,0,0.000,0.000,-1,0,0,0,57.109
10449,0,0,0.000,0.000,-1,0,0,0,58.282
10450,0,0,0.000,0.000,-1,0,0,0,58.191
10451,0,0,0.000,0.000,-1,0,0,0,59.075
10452,0,0,0.000,0.000,-1,0,0,0,60.099
10453,0,0,0.000,0.000,-1,0,0,0,56.855
10454,0,0,0.000,0.000,-1,0,0,0,57.769
10455,0,0,0.000,0.000,-1,0,0,0,57.980
10456,0,0,0.000,0.000,-1,0,0,0,58.562
10457,0,0,0.000,0.000,-1,0,0,0,58.743
10458,0,0,0.000,0.000,-1,0,0,0,60.000
10459,0,0,0.000,0.000,-1,0,0,0,59.397
10460,0,0,0.000,0.000,-1,0,0,0,56.975
10461,0,0,0.000,0.000,-1,0,0,0,58.134
10462,0,0,0.000,0.000,-1,0,0,0,58.167
10463,0,0,0.000,0.000,-1,0,0,0,57.061
10464,0,1,81.552,84.244,-1,0,0,0,60.488
10465,0,0,0.000,0.000,-1,0,0,0,60.115
10466,0,0,0.000,0.000,-1,0,0,0,57.697
10467,0,0,0.000,0.000,-1,0,0,0,57.469
10468,0,0,0.000,0.000,-1,0,0,0,57.865
10469,0,0,0.000,0.000,-1,0,0,0,58.859
10470,0,0,0.000,0.000,-1,0,0,0,61.509
10471,0,0,0.000,0.000,-1,0,0,0,60.625
10472,0,0,0.000,0.000,-1,0,0,0,57.750
10473,0,0,0.000,0.000,-1,0,0,0,59.655
10474,0,0,0.000,0.000,-1,0,0,0,58.039
10475,0,0,0.000,0.000,-1,0,0,0,58.303
10476,0,0,0.000,0.000,-1,0,0,0,58.832
10477,0,0,0.000,0.000,-1,0,0,0,60.012
10478,0,0,0.000,0.000,-1,0,0,0,57.782
10479,0,0,0.000,0.000,-1,0,0,0,58.626
10480,0,0,0.000,0.000,-1,0,0,0,62.687
10481,0,0,0.000,0.000,-1,0,0,0,57.558
10482,0,0,0.000,0.000,-1,0,0,0,59.821
10483,0,0,0.000,0.000,-1,0,0,0,58.726
10484,0,0,0.000,0.000,-1,0,0,0,58.858
10485,0,0,0.000,0.000,-1,0,0,0,58.306
10486,0,0,0.000,0.000,-1,0,0,0,59.212
10487,0,0,0.000,0.000,-1,0,0,0,58.148
10488,0,0,0.000,0.000,-1,0,0,0,62.099
10489,0,0,0.000,0.000,-1,0,0,0,58.988
10490,0,0,0.000,0.000,-1,0,0,0,58.011
10491,0,0,0.000,0.000,-1,0,0,0,59.130
10492,0,0,0.000,0.000,-1,0,0,0,58.390
10493,0,0,0.000,0.000,-1,0,0,0,57.436
10494,0,0,0.000,0.000,-1,0,0,0,61.335
10495,0,0,0.000,0.000,-1,0,0,0,64.765
10496,0,1,82.532,85.252,-1,0,0,0,62.567
10497,0,0,0.000,0.000,-1,0,0,0,57.514
10498,0,0,0.000,0.000,-1,0,0,0,59.029
10499,0,0,0.000,0.000,-1,0,0,0,55.931
10500,0,0,0.000,0.000,-1,0,0,0,61.265
10501,0,0,0.000,0.000,-1,0,0,0,59.202
10502,0,0,0.000,0.000,-1,0,0,0,56.361
10503,0,0,0.000,0.000,-1,0,0,0,57.882
10504,0,0,0.000,0.000,-1,0,0,0,59.466
10505,0,0,0.000,0.000,-1,0,0,0,63.709
10506,0,0,0.000,0.000,-1,0,0,0,58.429
10507,0,0,0.000,0.000,-1,0,0,0,57.969
10508,0,0,0.000,0.000,-1,0,0,0,58.380
10509,0,0,0.000,0.000,-1,0,0,0,58.963
10510,0,0,0.000,0.000,-1,0,0,0,58.513
10511,0,0,0.000,0.000,-1,0,0,0,56.507
10512,0,0,0.000,0.000,-1,0,0,0,59.884
10513,0,0,0.000,0.000,-1,0,0,0,59.256
10514,0,0,0.000,0.000,-1,0,0,0,57.069
10515,0,0,0.000,0.000,-1,0,0,0,58.387
10516,0,0,0.000,0.000,-1,0,0,0,55.899
10517,0,0,0.000,0.000,-1,0,0,0,57.597
10518,0,0,0.000,0.000,-1,0,0,0,60.253
10519,0,0,0.000,0.000,-1,0,0,0,58.435
10520,0,0,0.000,0.000,-1,0,0,0,55.652
10521,0,0,0.000,0.000,-1,0,0,0,56.849
10522,0,0,0.000,0.000,-1,0,0,0,59.353
10523,0,0,0.000,0.000,-1,0,0,0,59.635
10524,0,0,0.000,0.000,-1,0,0,0,61.131
10525,0,0,0.000,0.000,-1,0,0,0,55.549
10526,0,0,0.000,0.000,-1,0,0,0,59.810
10527,0,0,0.000,0.000,-1,0,0,0,59.126
10528,0,1,81.561,84.425,-1,0,0,0,61.691
10529,0,0,0.000,0.000,-1,0,0,0,58.424
10530,0,0,0.000,0.000,-1,0,0,0,60.008
10531,0,0,0.000,0.000,-1,0,0,0,58.652
10532,0,0,0.000,0.000,-1,0,0,0,57.838
10533,0,0,0.000,0.000,-1,0,0,0,57.317
10534,0,0,0.000,0.000,-1,0,0,0,59.103
10535,0,0,0.000,0.000,-1,0,0,0,59.446
10536,0,0,0.000,0.000,-1,0,0,0,61.414
10537,0,0,0.000,0.000,-1,0,0,0,60.605
10538,0,0,0.000,0.000,-1,0,0,0,62.857
10539,0,0,0.000,0.000,-1,0,0,0,58.579
10540,0,0,0.000,0.000,-1,0,0,0,57.517
10541,0,0,0.000,0.000,-1,0,0,0,59.640
10542,0,0,0.000,0.000,-1,0,0,0,61.627
10543,0,0,0.000,0.000,-1,0,0,0,59.001
10544,0,0,0.000,0.000,-1,0,0,0,57.255
10545,0,0,0.000,0.000,-1,0,0,0,56.845
10546,0,0,0.000,0.000,-1,0,0,0,61.131
10547,0,0,0.000,0.000,-1,0,0,0,57.562
10548,0,0,0.000,0.000,-1,0,0,0,59.014
10549,0,0,0.000,0.000,-1,0,0,0,58.805
10550,0,0,0.000,0.000,-1,0,0,0,58.251
10551,0,0,0.000,0.000,-1,0,0,0,57.379
10552,0,0,0.000,0.000,-1,0,0,0,58.775
10553,0,0,0.000,0.000,-1,0,0,0,57.490
10554,0,0,0.000,0.000,-1,0,0,0,62.238
10555,0,0,0.000,0.000,-1,0,0,0,58.195
10556,0,0,0.000,0.000,-1,0,0,0,56.020
10557,0,0,0.000,0.000,-1,0,0,0,60.530
10558,0,0,0.000,0.000,-1,0,0,0,59.851
10559,0,0,0.000,0.000,-1,0,0,0,58.239
10560,0,1,81.630,84.392,-1,0,0,0,61.336
10561,0,0,0.000,0.000,-1,0,0,0,59.234
10562,0,0,0.000,0.000,-1,0,0,0,57.993
10563,0,0,0.000,0.000,-1,0,0,0,58.355
10564,0,0,0.000,0.000,-1,0,0,0,59.619
10565,0,0,0.000,0.000,-1,0,0,0,59.128
10566,0,0,0.000,0.000,-1,0,0,0,59.978
10567,0,0,0.000,0.000,-1,0,0,0,58.456
10568,0,0,0.000,0.000,-1,0,0,0,58.862
10569,0,0,0.000,0.000,-1,0,0,0,57.376
10570,0,0,0.000,0.000,-1,0,0,0,57.957
10571,0,0,0.000,0.000,-1,0,0,0,57.416
10572,0,0,0.000,0.000,-1,0,0,0,58.510
10573,0,0,0.000,0.000,-1,0,0,0,57.687
10574,0,0,0.000,0.000,-1,0,0,0,55.913
10575,0,0,0.000,0.000,-1,0,0,0,57.009
10576,0,0,0.000,0.000,-1,0,0,0,57.068
10577,0,0,0.000,0.000,-1,0,0,0,57.227
10578,0,0,0.000,0.000,-1,0,0,0,59.538
10579,0,0,0.000,0.000,-1,0,0,0,60.811
10580,0,0,0.000,0.000,-1,0,0,0,59.811
10581,0,0,0.000,0.000,-1,0,0,0,57.235
10582,0,0,0.000,0.000,-1,0,0,0,56.932
10583,0,0,0.000,0.000,-1,0,0,0,58.993
10584,0,0,0.000,0.000,-1,0,0,0,61.087
10585,0,0,0.000,0.000,-1,0,0,0,57.767
10586,0,0,0.000,0.000,-1,0,0,0,58.548
10587,0,0,0.000,0.000,-1,0,0,0,56.128
10588,0,0,0.000,0.000,-1,0,0,0,58.069
10589,0,0,0.000,0.000,-1,0,0,0,58.460
10590,0,0,0.000,0.000,-1,0,0,0,62.521
10591,0,0,0.000,0.000,-1,0,0,0,57.619
10592,0,1,82.896,85.787,-1,0,0,0,58.958
10593,0,0,0.000,0.000,-1,0,0,0,59.628
10594,0,0,0.000,0.000,-1,0,0,0,57.800
10595,0,0,0.000,0.000,-1,0,0,0,58.221
10596,0,0,0.000,0.000,-1,0,0,0,60.308
10597,0,0,0.000,0.000,-1,0,0,0,58.399
10598,0,0,0.000,0.000,-1,0,0,0,64.726
10599,0,0,0.000,0.000,-1,0,0,0,58.272
10600,0,0,0.000,0.000,-1,0,0,0,57.032
10601,0,0,0.000,0.000,-1,0,0,0,58.673
10602,0,0,0.000,0.000,-1,0,0,0,64.062
10603,0,0,0.000,0.000,-1,0,0,0,59.336
10604,0,0,0.000,0.000,-1,0,0,0,57.777
10605,0,0,0.000,0.000,-1,0,0,0,59.171
10606,0,0,0.000,0.000,-1,0,0,0,58.130
10607,0,0,0.000,0.000,-1,0,0,0,57.449
10608,0,0,0.000,0.000,-1,0,0,0,62.317
10609,0,0,0.000,0.000,-1,0,0,0,58.917
10610,0,0,0.000,0.000,-1,0,0,0,57.938
10611,0,0,0.000,0.000,-1,0,0,0,59.454
10612,0,0,0.000,0.000,-1,0,0,0,57.397
10613,0,0,0.000,0.000,-1,0,0,0,56.771
10614,0,0,0.000,0.000,-1,0,0,0,57.621
10615,0,0,0.000,0.000,-1,0,0,0,57.920
10616,0,0,0.000,0.000,-1,0,0,0,56.992
10617,0,0,0.000,0.000,-1,0,0,0,57.783
10618,0,0,0.000,0.000,-1,0,0,0,57.534
10619,0,0,0.000,0.000,-1,0,0,0,59.202
10620,0,0,0.000,0.000,-1,0,0,0,60.209
10621,0,0,0.000,0.000,-1,0,0,0,57.206
10622,0,0,0.000,0.000,-1,0,0,0,59.588
10623,0,0,0.000,0.000,-1,0,0,0,58.123
10624,0,1,81.638,84.339,-1,0,0,0,57.856
10625,0,0,0.000,0.000,-1,0,0,0,59.121
10626,0,0,0.000,0.000,-1,0,0,0,62.198
10627,0,0,0.000,0.000,-1,0,0,0,58.071
10628,0,0,0.000,0.000,-1,0,0,0,58.912
10629,0,0,0.000,0.000,-1,0,0,0,57.461
10630,0,0,0.000,0.000,-1,0,0,0,59.867
10631,0,0,0.000,0.000,-1,0,0,0,58.132
10632,0,0,0.000,0.000,-1,0,0,0,58.416
10633,0,0,0.000,0.000,-1,0,0,0,60.065
10634,0,0,0.000,0.000,-1,0,0,0,56.650
10635,0,0,0.000,0.000,-1,0,0,0,57.602
10636,0,0,0.000,0.000,-1,0,0,0,56.195
10637,0,0,0.000,0.000,-1,0,0,0,57.932
10638,0,0,0.000,0.000,-1,0,0,0,59.807
10639,0,0,0.000,0.000,-1,0,0,0,57.069
10640,0,0,0.000,0.000,-1,0,0,0,57.168
10641,0,0,0.000,0.000,-1,0,0,0,57.837
10642,0,0,0.000,0.000,-1,0,0,0,58.436
10643,0,0,0.000,0.000,-1,0,0,0,57.573
10644,0,0,0.000,0.000,-1,0,0,0,60.077
10645,0,0,0.000,0.000,-1,0,0,0,56.700
10646,0,0,0.000,0.000,-1,0,0,0,57.456
10647,0,0,0.000,0.000,-1,0,0,0,58.869
10648,0,0,0.000,0.000,-1,0,0,0,57.295
10649,0,0,0.000,0.000,-1,0,0,0,57.267
10650,0,0,0.000,0.000,-1,0,0,0,62.410
10651,0,0,0.000,0.000,-1,0,0,0,60.151
10652,0,0,0.000,0.000,-1,0,0,0,58.252
10653,0,0,0.000,0.000,-1,0,0,0,58.213
10654,0,0,0.000,0.000,-1,0,0,0,60.190
10655,0,0,0.000,0.000,-1,0,0,0,57.946
10656,0,1,81.737,84.686,-1,0,0,0,59.203
10657,0,0,0.000,0.000,-1,0,0,0,57.042
10658,0,0,0.000,0.000,-1,0,0,0,58.492
10659,0,0,0.000,0.000,-1,0,0,0,59.890
10660,0,0,0.000,0.000,-1,0,0,0,57.995
10661,0,0,0.000,0.000,-1,0,0,0,57.952
10662,0,0,0.000,0.000,-1,0,0,0,58.684
10663,0,0,0.000,0.000,-1,0,0,0,57.657
10664,0,0,0.000,0.000,-1,0,0,0,59.203
10665,0,0,0.000,0.000,-1,0,0,0,57.491
10666,0,0,0.000,0.000,-1,0,0,0,58.258
10667,0,0,0.000,0.000,-1,0,0,0,57.270
10668,0,0,0.000,0.000,-1,0,0,0,60.113
10669,0,0,0.000,0.000,-1,0,0,0,57.911
10670,0,0,0.000,0.000,-1,0,0,0,58.103
10671,0,0,0.000,0.000,-1,0,0,0,58.484
10672,0,0,0.000,0.000,-1,0,0,0,57.535
10673,0,0,0.000,0.000,-1,0,0,0,58.029
10674,0,0,0.000,0.000,-1,0,0,0,60.048
10675,0,0,0.000,0.000,-1,0,0,0,58.581
10676,0,0,0.000,0.000,-1,0,0,0,58.590
10677,0,0,0.000,0.000,-1,0,0,0,57.268
10678,0,0,0.000,0.000,-1,0,0,0,58.038
10679,0,0,0.000,0.000,-1,0,0,0,58.906
10680,0,0,0.000,0.000,-1,0,0,0,63.816
10681,0,0,0.000,0.000,-1,0,0,0,60.092
10682,0,0,0.000,0.000,-1,0,0,0,57.245
10683,0,0,0.000,0.000,-1,0,0,0,60.774
10684,0,0,0.000,0.000,-1,0,0,0,57.590
10685,0,0,0.000,0.000,-1,0,0,0,56.839
10686,0,0,0.000,0.000,-1,0,0,0,57.040
10687,0,0,0.000,0.000,-1,0,0,0,55.887
10688,0,1,81.821,84.648,-1,0,0,0,57.506
10689,0,0,0.000,0.000,-1,0,0,0,59.693
10690,0,0,0.000,0.000,-1,0,0,0,57.813
10691,0,0,0.000,0.000,-1,0,0,0,57.398
10692,0,0,0.000,0.000,-1,0,0,0,59.362
10693,0,0,0.000,0.000,-1,0,0,0,56.571
10694,0,0,0.000,0.000,-1,0,0,0,56.890
10695,0,0,0.000,0.000,-1,0,0,0,59.618
10696,0,0,0.000,0.000,-1,0,0,0,56.510
10697,0,0,0.000,0.000,-1,0,0,0,57.213
10698,0,0,0.000,0.000,-1,0,0,0,60.317
10699,0,0,0.000,0.000,-1,0,0,0,58.117
10700,0,0,0.000,0.000,-1,0,0,0,59.196
10701,0,0,0.000,0.000,-1,0,0,0,58.845
10702,0,0,0.000,0.000,-1,0,0,0,56.899
10703,0,0,0.000,0.000,-1,0,0,0,57.333
10704,0,0,0.000,0.000,-1,0,0,0,60.321
10705,0,0,0.000,0.000,-1,0,0,0,59.676
10706,0,0,0.000,0.000,-1,0,0,0,58.931
10707,0,0,0.000,0.000,-1,0,0,0,57.518
10708,0,0,0.000,0.000,-1,0,0,0,57.500
10709,0,0,0.000,0.000,-1,0,0,0,57.877
10710,0,0,0.000,0.000,-1,0,0,0,61.640
10711,0,0,0.000,0.000,-1,0,0,0,56.415
10712,0,0,0.000,0.000,-1,0,0,0,59.163
10713,0,0,0.000,0.000,-1,0,0,0,57.413
10714,0,0,0.000,0.000,-1,0,0,0,59.648
10715,0,0,0.000,0.000,-1,0,0,0,58.241
10716,0,0,0.000,0.000,-1,0,0,0,64.219
10717,0,0,0.000,0.000,-1,0,0,0,57.768
10718,0,0,0.000,0.000,-1,0,0,0,59.360
10719,0,0,0.000,0.000,-1,0,0,0,58.252
10720,0,1,81.653,84.498,-1,0,0,0,57.610
10721,0,0,0.000,0.000,-1,0,0,0,59.437
10722,0,0,0.000,0.000,-1,0,0,0,58.776
10723,0,0,0.000,0.000,-1,0,0,0,58.880
10724,0,0,0.000,0.000,-1,0,0,0,58.788
10725,0,0,0.000,0.000,-1,0,0,0,58.448
10726,0,0,0.000,0.000,-1,0,0,0,58.184
10727,0,0,0.000,0.000,-1,0,0,0,59.456
10728,0,0,0.000,0.000,-1,0,0,0,62.136
10729,0,0,0.000,0.000,-1,0,0,0,57.975
10730,0,0,0.000,0.000,-1,0,0,0,58.427
10731,0,0,0.000,0.000,-1,0,0,0,61.620
10732,0,0,0.000,0.000,-1,0,0,0,61.020
10733,0,0,0.000,0.000,-1,0,0,0,60.767
10734,0,0,0.000,0.000,-1,0,0,0,60.806
10735,0,0,0.000,0.000,-1,0,0,0,59.222
10736,0,0,0.000,0.000,-1,0,0,0,58.375
10737,0,0,0.000,0.000,-1,0,0,0,59.384
10738,0,0,0.000,0.000,-1,0,0,0,60.089
10739,0,0,0.000,0.000,-1,0,0,0,58.089
10740,0,0,0.000,0.000,-1,0,0,0,62.164
10741,0,0,0.000,0.000,-1,0,0,0,60.202
10742,0,0,0.000,0.000,-1,0,0,0,59.819
10743,0,0,0.000,0.000,-1,0,0,0,60.765
10744,0,0,0.000,0.000,-1,0,0,0,58.429
10745,0,0,0.000,0.000,-1,0,0,0,60.139
10746,0,0,0.000,0.000,-1,0,0,0,62.042
10747,0,0,0.000,0.000,-1,0,0,0,63.762
10748,0,0,0.000,0.000,-1,0,0,0,58.871
10749,0,0,0.000,0.000,-1,0,0,0,58.883
10750,0,0,0.000,0.000,-1,0,0,0,60.177
10751,0,0,0.000,0.000,-1,0,0,0,58.477
10752,0,1,81.785,84.464,-1,0,0,0,62.368
10753,0,0,0.000,0.000,-1,0,0,0,59.561
10754,0,0,0.000,0.000,-1,0,0,0,58.990
10755,0,0,0.000,0.000,-1,0,0,0,59.636
10756,0,0,0.000,0.000,-1,0,0,0,57.382
10757,0,0,0.000,0.000,-1,0,0,0,56.931
10758,0,0,0.000,0.000,-1,0,0,0,59.309
10759,0,0,0.000,0.000,-1,0,0,0,59.707
10760,0,0,0.000,0.000,-1,0,0,0,58.402
10761,0,0,0.000,0.000,-1,0,0,0,56.484
10762,0,0,0.000,0.000,-1,0,0,0,57.913
10763,0,0,0.000,0.000,-1,0,0,0,57.348
10764,0,0,0.000,0.000,-1,0,0,0,60.154
10765,0,0,0.000,0.000,-1,0,0,0,58.675
10766,0,0,0.000,0.000,-1,0,0,0,57.522
10767,0,0,0.000,0.000,-1,0,0,0,58.889
10768,0,0,0.000,0.000,-1,0,0,0,59.780
10769,0,0,0.000,0.000,-1,0,0,0,57.923
10770,0,0,0.000,0.000,-1,0,0,0,63.944
10771,0,0,0.000,0.000,-1,0,0,0,59.021
10772,0,0,0.000,0.000,-1,0,0,0,59.597
10773,0,0,0.000,0.000,-1,0,0,0,60.968
10774,0,0,0.000,0.000,-1,0,0,0,58.536
10775,0,0,0.000,0.000,-1,0,0,0,59.053
10776,0,0,0.000,0.000,-1,0,0,0,62.351
10777,0,0,0.000,0.000,-1,0,0,0,60.164
10778,0,0,0.000,0.000,-1,0,0,0,62.313
10779,0,0,0.000,0.000,-1,0,0,0,57.758
10780,0,0,0.000,0.000,-1,0,0,0,58.187
10781,0,0,0.000,0.000,-1,0,0,0,58.455
10782,0,0,0.000,0.000,-1,0,0,0,62.042
10783,0,0,0.000,0.000,-1,0,0,0,58.587
10784,0,1,82.775,85.494,-1,0,0,0,58.860
10785,0,0,0.000,0.000,-1,0,0,0,58.424
10786,0,0,0.000,0.000,-1,0,0,0,58.229
10787,0,0,0.000,0.000,-1,0,0,0,59.206
10788,0,0,0.000,0.000,-1,0,0,0,60.075
10789,0,0,0.000,0.000,-1,0,0,0,56.990
10790,0,0,0.000,0.000,-1,0,0,0,58.320
10791,0,0,0.000,0.000,-1,0,0,0,57.890
10792,0,0,0.000,0.000,-1,0,0,0,60.034
10793,0,0,0.000,0.000,-1,0,0,0,61.380
10794,0,0,0.000,0.000,-1,0,0,0,61.947
10795,0,0,0.000,0.000,-1,0,0,0,57.476
10796,0,0,0.000,0.000,-1,0,0,0,58.889
10797,0,0,0.000,0.000,-1,0,0,0,59.524
10798,0,0,0.000,0.000,-1,0,0,0,60.329
10799,0,0,0.000,0.000,-1,0,0,0,61.094
10800,0,0,0.000,0.000,-1,0,0,0,66.115
10801,0,0,0.000,0.000,-1,0,0,0,59.297
10802,0,0,0.000,0.000,-1,0,0,0,58.165
10803,0,0,0.000,0.000,-1,0,0,0,59.270
10804,0,0,0.000,0.000,-1,0,0,0,60.558
10805,0,0,0.000,0.000,-1,0,0,0,58.019
10806,0,0,0.000,0.000,-1,0,0,0,61.918
10807,0,0,0.000,0.000,-1,0,0,0,59.281
10808,0,0,0.000,0.000,-1,0,0,0,58.982
10809,0,0,0.000,0.000,-1,0,0,0,61.144
10810,0,0,0.000,0.000,-1,0,0,0,59.753
10811,0,0,0.000,0.000,-1,0,0,0,59.827
10812,0,0,0.000,0.000,-1,0,0,0,61.601
10813,0,0,0.000,0.000,-1,0,0,0,58.637
10814,0,0,0.000,0.000,-1,0,0,0,58.427
10815,0,0,0.000,0.000,-1,0,0,0,56.536
10816,0,1,82.630,85.399,-1,0,0,0,58.829
10817,0,0,0.000,0.000,-1,0,0,0,60.069
10818,0,0,0.000,0.000,-1,0,0,0,61.954
10819,0,0,0.000,0.000,-1,0,0,0,59.766
10820,0,0,0.000,0.000,-1,0,0,0,59.070
10821,0,0,0.000,0.000,-1,0,0,0,60.895
10822,0,0,0.000,0.000,-1,0,0,0,58.485
10823,0,0,0.000,0.000,-1,0,0,0,61.377
10824,0,0,0.000,0.000,-1,0,0,0,64.685
10825,0,0,0.000,0.000,-1,0,0,0,60.801
10826,0,0,0.000,0.000,-1,0,0,0,59.330
10827,0,0,0.000,0.000,-1,0,0,0,59.508
10828,0,0,0.000,0.000,-1,0,0,0,59.063
10829,0,0,0.000,0.000,-1,0,0,0,59.513
10830,0,0,0.000,0.000,-1,0,0,0,62.257
10831,0,0,0.000,0.000,-1,0,0,0,56.832
10832,0,0,0.000,0.000,-1,0,0,0,60.616
10833,0,0,0.000,0.000,-1,0,0,0,57.592
10834,0,0,0.000,0.000,-1,0,0,0,58.958
10835,0,0,0.000,0.000,-1,0,0,0,59.394
10836,0,0,0.000,0.000,-1,0,0,0,60.645
10837,0,0,0.000,0.000,-1,0,0,0,57.901
10838,0,0,0.000,0.000,-1,0,0,0,61.017
10839,0,0,0.000,0.000,-1,0,0,0,61.163
10840,0,0,0.000,0.000,-1,0,0,0,60.227
10841,0,0,0.000,0.000,-1,0,0,0,59.551
10842,0,0,0.000,0.000,-1,0,0,0,62.064
10843,0,0,0.000,0.000,-1,0,0,0,58.026
10844,0,0,0.000,0.000,-1,0,0,0,58.724
10845,0,0,0.000,0.000,-1,0,0,0,58.180
10846,0,0,0.000,0.000,-1,0,0,0,58.411
10847,0,0,0.000,0.000,-1,0,0,0,58.075
10848,0,1,81.315,84.042,-1,0,0,0,59.043
10849,0,0,0.000,0.000,-1,0,0,0,57.967
10850,0,0,0.000,0.000,-1,0,0,0,57.398
10851,0,0,0.000,0.000,-1,0,0,0,59.105
10852,0,0,0.000,0.000,-1,0,0,0,58.984
10853,0,0,0.000,0.000,-1,0,0,0,58.857
10854,0,0,0.000,0.000,-1,0,0,0,61.449
10855,0,0,0.000,0.000,-1,0,0,0,62.027
10856,0,0,0.000,0.000,-1,0,0,0,58.924
10857,0,0,0.000,0.000,-1,0,0,0,63.015
10858,0,0,0.000,0.000,-1,0,0,0,60.419
10859,0,0,0.000,0.000,-1,0,0,0,59.410
10860,0,0,0.000,0.000,-1,0,0,0,63.813
10861,0,0,0.000,0.000,-1,0,0,0,59.558
10862,0,0,0.000,0.000,-1,0,0,0,58.750
10863,0,0,0.000,0.000,-1,0,0,0,57.324
10864,0,0,0.000,0.000,-1,0,0,0,56.941
10865,0,0,0.000,0.000,-1,0,0,0,56.430
10866,0,0,0.000,0.000,-1,0,0,0,61.359
10867,0,0,0.000,0.000,-1,0,0,0,57.573
10868,0,0,0.000,0.000,-1,0,0,0,58.878
10869,0,0,0.000,0.000,-1,0,0,0,59.857
10870,0,0,0.000,0.000,-1,0,0,0,60.628
10871,0,0,0.000,0.000,-1,0,0,0,59.573
10872,0,0,0.000,0.000,-1,0,0,0,63.552
10873,0,0,0.000,0.000,-1,0,0,0,58.718
10874,0,0,0.000,0.000,-1,0,0,0,58.302
10875,0,0,0.000,0.000,-1,0,0,0,57.892
10876,0,0,0.000,0.000,-1,0,0,0,59.394
10877,0,0,0.000,0.000,-1,0,0,0,57.920
10878,0,0,0.000,0.000,-1,0,0,0,60.114
10879,0,0,0.000,0.000,-1,0,0,0,60.113
10880,0,1,81.814,84.619,-1,0,0,0,58.869
10881,0,0,0.000,0.000,-1,0,0,0,58.227
10882,0,0,0.000,0.000,-1,0,0,0,58.975
10883,0,0,0.000,0.000,-1,0,0,0,58.683
10884,0,0,0.000,0.000,-1,0,0,0,61.185
10885,0,0,0.000,0.000,-1,0,0,0,58.002
10886,0,0,0.000,0.000,-1,0,0,0,60.381
10887,0,0,0.000,0.000,-1,0,0,0,60.639
10888,0,0,0.000,0.000,-1,0,0,0,60.017
10889,0,0,0.000,0.000,-1,0,0,0,60.304
10890,0,0,0.000,0.000,-1,0,0,0,63.663
10891,0,0,0.000,0.000,-1,0,0,0,58.641
10892,0,0,0.000,0.000,-1,0,0,0,58.016
10893,0,0,0.000,0.000,-1,0,0,0,58.047
10894,0,0,0.000,0.000,-1,0,0,0,57.465
10895,0,0,0.000,0.000,-1,0,0,0,58.670
10896,0,0,0.000,0.000,-1,0,0,0,61.706
10897,0,0,0.000,0.000,-1,0,0,0,58.861
10898,0,0,0.000,0.000,-1,0,0,0,59.818
10899,0,0,0.000,0.000,-1,0,0,0,58.872
10900,0,0,0.000,0.000,-1,0,0,0,61.644
10901,0,0,0.000,0.000,-1,0,0,0,61.002
10902,0,0,0.000,0.000,-1,0,0,0,60.962
10903,0,0,0.000,0.000,-1,0,0,0,58.859
10904,0,0,0.000,0.000,-1,0,0,0,58.063
10905,0,0,0.000,0.000,-1,0,0,0,58.826
10906,0,0,0.000,0.000,-1,0,0,0,60.558
10907,0,0,0.000,0.000,-1,0,0,0,57.087
10908,0,0,0.000,0.000,-1,0,0,0,61.947
10909,0,0,0.000,0.000,-1,0,0,0,60.272
10910,0,0,0.000,0.000,-1,0,0,0,58.480
10911,0,0,0.000,0.000,-1,0,0,0,57.968
10912,0,1,81.919,84.619,-1,0,0,0,57.606
10913,0,0,0.000,0.000,-1,0,0,0,61.763
10914,0,0,0.000,0.000,-1,0,0,0,61.295
10915,0,0,0.000,0.000,-1,0,0,0,61.030
10916,0,0,0.000,0.000,-1,0,0,0,57.819
10917,0,0,0.000,0.000,-1,0,0,0,59.553
10918,0,0,0.000,0.000,-1,0,0,0,58.704
10919,0,0,0.000,0.000,-1,0,0,0,58.875
10920,0,0,0.000,0.000,-1,0,0,0,63.349
10921,0,0,0.000,0.000,-1,0,0,0,58.278
10922,0,0,0.000,0.000,-1,0,0,0,58.487
10923,0,0,0.000,0.000,-1,0,0,0,59.356
10924,0,0,0.000,0.000,-1,0,0,0,60.289
10925,0,0,0.000,0.000,-1,0,0,0,60.340
10926,0,0,0.000,0.000,-1,0,0,0,60.176
10927,0,0,0.000,0.000,-1,0,0,0,58.695
10928,0,0,0.000,0.000,-1,0,0,0,57.381
10929,0,0,0.000,0.000,-1,0,0,0,58.275
10930,0,0,0.000,0.000,-1,0,0,0,58.814
10931,0,0,0.000,0.000,-1,0,0,0,58.614
10932,0,0,0.000,0.000,-1,0,0,0,60.413
10933,0,0,0.000,0.000,-1,0,0,0,58.863
10934,0,0,0.000,0.000,-1,0,0,0,58.150
10935,0,0,0.000,0.000,-1,0,0,0,58.290
10936,0,0,0.000,0.000,-1,0,0,0,61.233
10937,0,0,0.000,0.000,-1,0,0,0,59.618
10938,0,0,0.000,0.000,-1,0,0,0,59.664
10939,0,0,0.000,0.000,-1,0,0,0,59.308
10940,0,0,0.000,0.000,-1,0,0,0,57.879
10941,0,0,0.000,0.000,-1,0,0,0,59.438
10942,0,0,0.000,0.000,-1,0,0,0,59.422
10943,0,0,0.000,0.000,-1,0,0,0,60.177
10944,0,1,81.631,84.292,-1,0,0,0,60.611
10945,0,0,0.000,0.000,-1,0,0,0,60.460
10946,0,0,0.000,0.000,-1,0,0,0,59.713
10947,0,0,0.000,0.000,-1,0,0,0,57.815
10948,0,0,0.000,0.000,-1,0,0,0,60.660
10949,0,0,0.000,0.000,-1,0,0,0,56.812
10950,0,0,0.000,0.000,-1,0,0,0,61.593
10951,0,0,0.000,0.000,-1,0,0,0,58.726
10952,0,0,0.000,0.000,-1,0,0,0,60.280
10953,0,0,0.000,0.000,-1,0,0,0,60.652
10954,0,0,0.000,0.000,-1,0,0,0,59.129
10955,0,0,0.000,0.000,-1,0,0,0,58.850
10956,0,0,0.000,0.000,-1,0,0,0,59.711
10957,0,0,0.000,0.000,-1,0,0,0,57.179
10958,0,0,0.000,0.000,-1,0,0,0,57.560
10959,0,0,0.000,0.000,-1,0,0,0,60.170
10960,0,0,0.000,0.000,-1,0,0,0,59.146
10961,0,0,0.000,0.000,-1,0,0,0,57.114
10962,0,0,0.000,0.000,-1,0,0,0,62.312
10963,0,0,0.000,0.000,-1,0,0,0,59.209
10964,0,0,0.000,0.000,-1,0,0,0,59.251
10965,0,0,0.000,0.000,-1,0,0,0,58.213
10966,0,0,0.000,0.000,-1,0,0,0,58.131
10967,0,0,0.000,0.000,-1,0,0,0,59.488
10968,0,0,0.000,0.000,-1,0,0,0,60.384
10969,0,0,0.000,0.000,-1,0,0,0,58.851
10970,0,0,0.000,0.000,-1,0,0,0,59.800
10971,0,0,0.000,0.000,-1,0,0,0,60.829
10972,0,0,0.000,0.000,-1,0,0,0,60.631
10973,0,0,0.000,0.000,-1,0,0,0,58.378
10974,0,0,0.000,0.000,-1,0,0,0,60.451
10975,0,0,0.000,0.000,-1,0,0,0,60.244
10976,0,1,81.828,84.665,-1,0,0,0,58.366
10977,0,0,0.000,0.000,-1,0,0,0,59.120
10978,0,0,0.000,0.000,-1,0,0,0,61.188
10979,0,0,0.000,0.000,-1,0,0,0,60.079
10980,0,0,0.000,0.000,-1,0,0,0,65.014
10981,0,0,0.000,0.000,-1,0,0,0,58.523
10982,0,0,0.000,0.000,-1,0,0,0,58.481
10983,0,0,0.000,0.000,-1,0,0,0,58.541
10984,0,0,0.000,0.000,-1,0,0,0,57.691
10985,0,0,0.000,0.000,-1,0,0,0,59.004
10986,0,0,0.000,0.000,-1,0,0,0,61.903
10987,0,0,0.000,0.000,-1,0,0,0,57.630
10988,0,0,0.000,0.000,-1,0,0,0,58.019
10989,0,0,0.000,0.000,-1,0,0,0,57.392
10990,0,0,0.000,0.000,-1,0,0,0,59.106
10991,0,0,0.000,0.000,-1,0,0,0,58.891
10992,0,0,0.000,0.000,-1,0,0,0,60.687
10993,0,0,0.000,0.000,-1,0,0,0,57.868
10994,0,0,0.000,0.000,-1,0,0,0,57.010
10995,0,0,0.000,0.000,-1,0,0,0,59.754
10996,0,0,0.000,0.000,-1,0,0,0,61.329
10997,0,0,0.000,0.000,-1,0,0,0,59.277
10998,0,0,0.000,0.000,-1,0,0,0,62.065
10999,0,0,0.000,0.000,-1,0,0,0,58.923
11000,0,0,0.000,0.000,-1,0,0,0,58.705
11001,0,0,0.000,0.000,-1,0,0,0,59.153
11002,0,0,0.000,0.000,-1,0,0,0,59.270
11003,0,0,0.000,0.000,-1,0,0,0,58.634
11004,0,0,0.000,0.000,-1,0,0,0,61.796
11005,0,0,0.000,0.000,-1,0,0,0,58.086
11006,0,0,0.000,0.000,-1,0,0,0,60.467
11007,0,0,0.000,0.000,-1,0,0,0,60.102
11008,0,1,81.814,84.629,-1,0,0,0,59.540
11009,0,0,0.000,0.000,-1,0,0,0,59.970
11010,0,0,0.000,0.000,-1,0,0,0,64.740
11011,0,0,0.000,0.000,-1,0,0,0,62.004
11012,0,0,0.000,0.000,-1,0,0,0,58.837
11013,0,0,0.000,0.000,-1,0,0,0,59.005
11014,0,0,0.000,0.000,-1,0,0,0,59.122
11015,0,0,0.000,0.000,-1,0,0,0,61.470
11016,0,0,0.000,0.000,-1,0,0,0,60.571
11017,0,0,0.000,0.000,-1,0,0,0,59.998
11018,0,0,0.000,0.000,-1,0,0,0,59.650
11019,0,0,0.000,0.000,-1,0,0,0,57.941
11020,0,0,0.000,0.000,-1,0,0,0,60.301
11021,0,0,0.000,0.000,-1,0,0,0,58.940
11022,0,0,0.000,0.000,-1,0,0,0,62.062
11023,0,0,0.000,0.000,-1,0,0,0,58.374
11024,0,0,0.000,0.000,-1,0,0,0,58.274
11025,0,0,0.000,0.000,-1,0,0,0,60.833
11026,0,0,0.000,0.000,-1,0,0,0,60.947
11027,0,0,0.000,0.000,-1,0,0,0,61.398
11028,0,0,0.000,0.000,-1,0,0,0,60.182
11029,0,0,0.000,0.000,-1,0,0,0,62.085
11030,0,0,0.000,0.000,-1,0,0,0,61.921
11031,0,0,0.000,0.000,-1,0,0,0,59.540
11032,0,0,0.000,0.000,-1,0,0,0,59.824
11033,0,0,0.000,0.000,-1,0,0,0,60.213
11034,0,0,0.000,0.000,-1,0,0,0,61.475
11035,0,0,0.000,0.000,-1,0,0,0,60.051
11036,0,0,0.000,0.000,-1,0,0,0,58.676
11037,0,0,0.000,0.000,-1,0,0,0,60.631
11038,0,0,0.000,0.000,-1,0,0,0,59.200
11039,0,0,0.000,0.000,-1,0,0,0,59.932
11040,0,1,81.974,84.742,-1,0,0,0,61.503
11041,0,0,0.000,0.000,-1,0,0,0,61.283
11042,0,0,0.000,0.000,-1,0,0,0,60.615
11043,0,0,0.000,0.000,-1,0,0,0,60.526
11044,0,0,0.000,0.000,-1,0,0,0,60.203
11045,0,0,0.000,0.000,-1,0,0,0,58.714
11046,0,0,0.000,0.000,-1,0,0,0,61.465
11047,0,0,0.000,0.000,-1,0,0,0,57.797
11048,0,0,0.000,0.000,-1,0,0,0,59.502
11049,0,0,0.000,0.000,-1,0,0,0,59.427
11050,0,0,0.000,0.000,-1,0,0,0,58.343
11051,0,0,0.000,0.000,-1,0,0,0,58.304
11052,0,0,0.000,0.000,-1,0,0,0,62.804
11053,0,0,0.000,0.000,-1,0,0,0,57.646
11054,0,0,0.000,0.000,-1,0,0,0,58.418
11055,0,0,0.000,0.000,-1,0,0,0,58.798
11056,0,0,0.000,0.000,-1,0,0,0,57.367
11057,0,0,0.000,0.000,-1,0,0,0,60.172
11058,0,0,0.000,0.000,-1,0,0,0,61.111
11059,0,0,0.000,0.000,-1,0,0,0,60.347
11060,0,0,0.000,0.000,-1,0,0,0,57.789
11061,0,0,0.000,0.000,-1,0,0,0,59.924
11062,0,0,0.000,0.000,-1,0,0,0,60.908
11063,0,0,0.000,0.000,-1,0,0,0,58.490
11064,0,0,0.000,0.000,-1,0,0,0,60.102
11065,0,0,0.000,0.000,-1,0,0,0,58.873
11066,0,0,0.000,0.000,-1,0,0,0,58.858
11067,0,0,0.000,0.000,-1,0,0,0,60.767
11068,0,0,0.000,0.000,-1,0,0,0,59.619
11069,0,0,0.000,0.000,-1,0,0,0,60.586
11070,0,0,0.000,0.000,-1,0,0,0,62.249
11071,0,0,0.000,0.000,-1,0,0,0,61.305
11072,0,1,82.821,85.649,-1,0,0,0,57.512
11073,0,0,0.000,0.000,-1,0,0,0,60.890
11074,0,0,0.000,0.000,-1,0,0,0,59.644
11075,0,0,0.000,0.000,-1,0,0,0,59.485
11076,0,0,0.000,0.000,-1,0,0,0,61.151
11077,0,0,0.000,0.000,-1,0,0,0,56.814
11078,0,0,0.000,0.000,-1,0,0,0,56.790
11079,0,0,0.000,0.000,-1,0,0,0,58.357
11080,0,0,0.000,0.000,-1,0,0,0,57.151
11081,0,0,0.000,0.000,-1,0,0,0,57.060
11082,0,0,0.000,0.000,-1,0,0,0,62.796
11083,0,0,0.000,0.000,-1,0,0,0,57.868
11084,0,0,0.000,0.000,-1,0,0,0,60.467
11085,0,0,0.000,0.000,-1,0,0,0,60.441
11086,0,0,0.000,0.000,-1,0,0,0,58.727
11087,0,0,0.000,0.000,-1,0,0,0,60.844
11088,0,0,0.000,0.000,-1,0,0,0,62.926
11089,0,0,0.000,0.000,-1,0,0,0,59.226
11090,0,0,0.000,0.000,-1,0,0,0,58.270
11091,0,0,0.000,0.000,-1,0,0,0,58.014
11092,0,0,0.000,0.000,-1,0,0,0,58.289
11093,0,0,0.000,0.000,-1,0,0,0,60.109
11094,0,0,0.000,0.000,-1,0,0,0,60.335
11095,0,0,0.000,0.000,-1,0,0,0,58.600
11096,0,0,0.000,0.000,-1,0,0,0,58.858
11097,0,0,0.000,0.000,-1,0,0,0,59.009
11098,0,0,0.000,0.000,-1,0,0,0,59.372
11099,0,0,0.000,0.000,-1,0,0,0,57.673
11100,0,0,0.000,0.000,-1,0,0,0,60.309
11101,0,0,0.000,0.000,-1,0,0,0,58.928
11102,0,0,0.000,0.000,-1,0,0,0,59.075
11103,0,0,0.000,0.000,-1,0,0,0,60.322
11104,0,1,81.669,84.384,-1,0,0,0,59.536
11105,0,0,0.000,0.000,-1,0,0,0,58.665
11106,0,0,0.000,0.000,-1,0,0,0,59.787
11107,0,0,0.000,0.000,-1,0,0,0,57.326
11108,0,0,0.000,0.000,-1,0,0,0,59.447
11109,0,0,0.000,0.000,-1,0,0,0,59.772
11110,0,0,0.000,0.000,-1,0,0,0,57.628
11111,0,0,0.000,0.000,-1,0,0,0,59.789
11112,0,0,0.000,0.000,-1,0,0,0,59.274
11113,0,0,0.000,0.000,-1,0,0,0,58.365
11114,0,0,0.000,0.000,-1,0,0,0,59.710
11115,0,0,0.000,0.000,-1,0,0,0,59.834
11116,0,0,0.000,0.000,-1,0,0,0,59.069
11117,0,0,0.000,0.000,-1,0,0,0,62.734
11118,0,0,0.000,0.000,-1,0,0,0,62.010
11119,0,0,0.000,0.000,-1,0,0,0,59.870
11120,0,0,0.000,0.000,-1,0,0,0,59.086
11121,0,0,0.000,0.000,-1,0,0,0,58.981
11122,0,0,0.000,0.000,-1,0,0,0,59.355
11123,0,0,0.000,0.000,-1,0,0,0,58.651
11124,0,0,0.000,0.000,-1,0,0,0,60.386
11125,0,0,0.000,0.000,-1,0,0,0,59.442
11126,0,0,0.000,0.000,-1,0,0,0,58.637
11127,0,0,0.000,0.000,-1,0,0,0,57.618
11128,0,0,0.000,0.000,-1,0,0,0,58.897
11129,0,0,0.000,0.000,-1,0,0,0,63.461
11130,0,0,0.000,0.000,-1,0,0,0,65.125
11131,0,0,0.000,0.000,-1,0,0,0,61.663
11132,0,0,0.000,0.000,-1,0,0,0,58.484
11133,0,0,0.000,0.000,-1,0,0,0,58.881
11134,0,0,0.000,0.000,-1,0,0,0,61.276
11135,0,0,0.000,0.000,-1,0,0,0,59.836
11136,0,1,81.678,84.374,-1,0,0,0,59.680
11137,0,0,0.000,0.000,-1,0,0,0,59.182
11138,0,0,0.000,0.000,-1,0,0,0,59.293
11139,0,0,0.000,0.000,-1,0,0,0,60.305
11140,0,0,0.000,0.000,-1,0,0,0,58.946
11141,0,0,0.000,0.000,-1,0,0,0,59.344
11142,0,0,0.000,0.000,-1,0,0,0,60.860
11143,0,0,0.000,0.000,-1,0,0,0,58.260
11144,0,0,0.000,0.000,-1,0,0,0,60.927
11145,0,0,0.000,0.000,-1,0,0,0,58.580
11146,0,0,0.000,0.000,-1,0,0,0,59.364
11147,0,0,0.000,0.000,-1,0,0,0,59.520
11148,0,0,0.000,0.000,-1,0,0,0,60.761
11149,0,0,0.000,0.000,-1,0,0,0,58.581
11150,0,0,0.000,0.000,-1,0,0,0,57.916
11151,0,0,0.000,0.000,-1,0,0,0,58.661
11152,0,0,0.000,0.000,-1,0,0,0,58.759
11153,0,0,0.000,0.000,-1,0,0,0,58.297
11154,0,0,0.000,0.000,-1,0,0,0,60.491
11155,0,0,0.000,0.000,-1,0,0,0,58.299
11156,0,0,0.000,0.000,-1,0,0,0,60.411
11157,0,0,0.000,0.000,-1,0,0,0,58.073
11158,0,0,0.000,0.000,-1,0,0,0,60.232
11159,0,0,0.000,0.000,-1,0,0,0,58.282
11160,0,0,0.000,0.000,-1,0,0,0,62.186
11161,0,0,0.000,0.000,-1,0,0,0,57.815
11162,0,0,0.000,0.000,-1,0,0,0,59.133
11163,0,0,0.000,0.000,-1,0,0,0,59.124
11164,0,0,0.000,0.000,-1,0,0,0,59.562
11165,0,0,0.000,0.000,-1,0,0,0,58.937
11166,0,0,0.000,0.000,-1,0,0,0,60.599
11167,0,0,0.000,0.000,-1,0,0,0,59.016
11168,0,1,81.627,84.388,-1,0,0,0,74.664
11169,0,0,0.000,0.000,-1,0,0,0,58.923
11170,0,0,0.000,0.000,-1,0,0,0,61.137
11171,0,0,0.000,0.000,-1,0,0,0,60.949
11172,0,0,0.000,0.000,-1,0,0,0,60.830
11173,0,0,0.000,0.000,-1,0,0,0,59.146
11174,0,0,0.000,0.000,-1,0,0,0,60.363
11175,0,0,0.000,0.000,-1,0,0,0,59.447
11176,0,0,0.000,0.000,-1,0,0,0,60.044
11177,0,0,0.000,0.000,-1,0,0,0,59.024
11178,0,0,0.000,0.000,-1,0,0,0,62.516
11179,0,0,0.000,0.000,-1,0,0,0,58.862
11180,0,0,0.000,0.000,-1,0,0,0,57.847
11181,0,0,0.000,0.000,-1,0,0,0,57.761
11182,0,0,0.000,0.000,-1,0,0,0,58.002
11183,0,0,0.000,0.000,-1,0,0,0,57.959
11184,0,0,0.000,0.000,-1,0,0,0,60.153
11185,0,0,0.000,0.000,-1,0,0,0,59.496
11186,0,0,0.000,0.000,-1,0,0,0,59.890
11187,0,0,0.000,0.000,-1,0,0,0,58.609
11188,0,0,0.000,0.000,-1,0,0,0,58.654
11189,0,0,0.000,0.000,-1,0,0,0,58.185
11190,0,0,0.000,0.000,-1,0,0,0,66.369
11191,0,0,0.000,0.000,-1,0,0,0,59.258
11192,0,0,0.000,0.000,-1,0,0,0,62.047
11193,0,0,0.000,0.000,-1,0,0,0,60.557
11194,0,0,0.000,0.000,-1,0,0,0,61.107
11195,0,0,0.000,0.000,-1,0,0,0,56.624
11196,0,0,0.000,0.000,-1,0,0,0,59.953
11197,0,0,0.000,0.000,-1,0,0,0,59.873
11198,0,0,0.000,0.000,-1,0,0,0,59.048
11199,0,0,0.000,0.000,-1,0,0,0,58.795
11200,0,1,81.705,84.560,-1,0,0,0,61.029
11201,0,0,0.000,0.000,-1,0,0,0,57.987
11202,0,0,0.000,0.000,-1,0,0,0,61.117
11203,0,0,0.000,0.000,-1,0,0,0,59.491
11204,0,0,0.000,0.000,-1,0,0,0,58.746
11205,0,0,0.000,0.000,-1,0,0,0,58.833
11206,0,0,0.000,0.000,-1,0,0,0,58.888
11207,0,0,0.000,0.000,-1,0,0,0,59.763
11208,0,0,0.000,0.000,-1,0,0,0,59.302
11209,0,0,0.000,0.000,-1,0,0,0,59.271
11210,0,0,0.000,0.000,-1,0,0,0,61.218
11211,0,0,0.000,0.000,-1,0,0,0,57.096
11212,0,0,0.000,0.000,-1,0,0,0,58.606
11213,0,0,0.000,0.000,-1,0,0,0,60.669
11214,0,0,0.000,0.000,-1,0,0,0,61.170
11215,0,0,0.000,0.000,-1,0,0,0,58.346
11216,0,0,0.000,0.000,-1,0,0,0,58.280
11217,0,0,0.000,0.000,-1,0,0,0,64.046
11218,0,0,0.000,0.000,-1,0,0,0,58.903
11219,0,0,0.000,0.000,-1,0,0,0,58.194
11220,0,0,0.000,0.000,-1,0,0,0,65.784
11221,0,0,0.000,0.000,-1,0,0,0,61.764
11222,0,0,0.000,0.000,-1,0,0,0,58.616
11223,0,0,0.000,0.000,-1,0,0,0,57.631
11224,0,0,0.000,0.000,-1,0,0,0,61.195
11225,0,0,0.000,0.000,-1,0,0,0,59.430
11226,0,0,0.000,0.000,-1,0,0,0,59.872
11227,0,0,0.000,0.000,-1,0,0,0,57.919
11228,0,0,0.000,0.000,-1,0,0,0,60.047
11229,0,0,0.000,0.000,-1,0,0,0,58.628
11230,0,0,0.000,0.000,-1,0,0,0,58.715
11231,0,0,0.000,0.000,-1,0,0,0,57.612
11232,0,1,81.705,84.482,-1,0,0,0,60.324
11233,0,0,0.000,0.000,-1,0,0,0,58.047
11234,0,0,0.000,0.000,-1,0,0,0,58.932
11235,0,0,0.000,0.000,-1,0,0,0,58.144
11236,0,0,0.000,0.000,-1,0,0,0,58.958
11237,0,0,0.000,0.000,-1,0,0,0,57.736
11238,0,0,0.000,0.000,-1,0,0,0,63.578
11239,0,0,0.000,0.000,-1,0,0,0,58.675
11240,0,0,0.000,0.000,-1,0,0,0,60.274
11241,0,0,0.000,0.000,-1,0,0,0,61.793
11242,0,0,0.000,0.000,-1,0,0,0,62.112
11243,0,0,0.000,0.000,-1,0,0,0,60.473
11244,0,0,0.000,0.000,-1,0,0,0,63.074
11245,0,0,0.000,0.000,-1,0,0,0,61.326
11246,0,0,0.000,0.000,-1,0,0,0,60.195
11247,0,0,0.000,0.000,-1,0,0,0,61.622
11248,0,0,0.000,0.000,-1,0,0,0,62.590
11249,0,0,0.000,0.000,-1,0,0,0,63.613
11250,0,0,0.000,0.000,-1,0,0,0,70.037
11251,0,0,0.000,0.000,-1,0,0,0,61.359
11252,0,0,0.000,0.000,-1,0,0,0,60.924
11253,0,0,0.000,0.000,-1,0,0,0,63.589
11254,0,0,0.000,0.000,-1,0,0,0,62.863
11255,0,0,0.000,0.000,-1,0,0,0,60.349
11256,0,0,0.000,0.000,-1,0,0,0,61.569
11257,0,0,0.000,0.000,-1,0,0,0,60.821
11258,0,0,0.000,0.000,-1,0,0,0,61.049
11259,0,0,0.000,0.000,-1,0,0,0,60.554
11260,0,0,0.000,0.000,-1,0,0,0,59.737
11261,0,0,0.000,0.000,-1,0,0,0,60.008
11262,0,0,0.000,0.000,-1,0,0,0,62.058
11263,0,0,0.000,0.000,-1,0,0,0,60.909
11264,0,1,81.603,84.316,-1,0,0,0,59.655
11265,0,0,0.000,0.000,-1,0,0,0,60.322
11266,0,0,0.000,0.000,-1,0,0,0,59.705
11267,0,0,0.000,0.000,-1,0,0,0,59.770
11268,0,0,0.000,0.000,-1,0,0,0,61.984
11269,0,0,0.000,0.000,-1,0,0,0,60.832
11270,0,0,0.000,0.000,-1,0,0,0,58.563
11271,0,0,0.000,0.000,-1,0,0,0,58.115
11272,0,0,0.000,0.000,-1,0,0,0,63.129
11273,0,0,0.000,0.000,-1,0,0,0,60.527
11274,0,0,0.000,0.000,-1,0,0,0,59.931
11275,0,0,0.000,0.000,-1,0,0,0,60.458
11276,0,0,0.000,0.000,-1,0,0,0,60.215
11277,0,0,0.000,0.000,-1,0,0,0,60.150
11278,0,0,0.000,0.000,-1,0,0,0,59.470
11279,0,0,0.000,0.000,-1,0,0,0,59.611
11280,0,0,0.000,0.000,-1,0,0,0,61.332
11281,0,0,0.000,0.000,-1,0,0,0,58.767
11282,0,0,0.000,0.000,-1,0,0,0,60.677
11283,0,0,0.000,0.000,-1,0,0,0,60.799
11284,0,0,0.000,0.000,-1,0,0,0,59.929
11285,0,0,0.000,0.000,-1,0,0,0,60.495
11286,0,0,0.000,0.000,-1,0,0,0,61.295
11287,0,0,0.000,0.000,-1,0,0,0,59.291
11288,0,0,0.000,0.000,-1,0,0,0,60.141
11289,0,0,0.000,0.000,-1,0,0,0,58.479
11290,0,0,0.000,0.000,-1,0,0,0,59.208
11291,0,0,0.000,0.000,-1,0,0,0,62.159
11292,0,0,0.000,0.000,-1,0,0,0,63.049
11293,0,0,0.000,0.000,-1,0,0,0,59.858
11294,0,0,0.000,0.000,-1,0,0,0,57.890
11295,0,0,0.000,0.000,-1,0,0,0,59.578
11296,0,1,81.605,84.417,-1,0,0,0,60.022
11297,0,0,0.000,0.000,-1,0,0,0,59.230
11298,0,0,0.000,0.000,-1,0,0,0,61.921
11299,0,0,0.000,0.000,-1,0,0,0,58.856
11300,0,0,0.000,0.000,-1,0,0,0,61.055
11301,0,0,0.000,0.000,-1,0,0,0,59.123
11302,0,0,0.000,0.000,-1,0,0,0,59.039
11303,0,0,0.000,0.000,-1,0,0,0,57.887
11304,0,0,0.000,0.000,-1,0,0,0,61.279
11305,0,0,0.000,0.000,-1,0,0,0,58.816
11306,0,0,0.000,0.000,-1,0,0,0,57.334
11307,0,0,0.000,0.000,-1,0,0,0,62.521
11308,0,0,0.000,0.000,-1,0,0,0,61.844
11309,0,0,0.000,0.000,-1,0,0,0,60.634
11310,0,0,0.000,0.000,-1,0,0,0,62.645
11311,0,0,0.000,0.000,-1,0,0,0,58.919
11312,0,0,0.000,0.000,-1,0,0,0,59.756
11313,0,0,0.000,0.000,-1,0,0,0,62.520
11314,0,0,0.000,0.000,-1,0,0,0,60.832
11315,0,0,0.000,0.000,-1,0,0,0,60.571
11316,0,0,0.000,0.000,-1,0,0,0,59.852
11317,0,0,0.000,0.000,-1,0,0,0,64.288
11318,0,0,0.000,0.000,-1,0,0,0,58.644
11319,0,0,0.000,0.000,-1,0,0,0,60.959
11320,0,0,0.000,0.000,-1,0,0,0,58.424
11321,0,0,0.000,0.000,-1,0,0,0,59.627
11322,0,0,0.000,0.000,-1,0,0,0,63.018
11323,0,0,0.000,0.000,-1,0,0,0,61.684
11324,0,0,0.000,0.000,-1,0,0,0,58.909
11325,0,0,0.000,0.000,-1,0,0,0,57.841
11326,0,0,0.000,0.000,-1,0,0,0,57.900
11327,0,0,0.000,0.000,-1,0,0,0,59.334
11328,0,1,83.660,86.373,-1,0,0,0,62.574
11329,0,0,0.000,0.000,-1,0,0,0,61.411
11330,0,0,0.000,0.000,-1,0,0,0,57.052
11331,0,0,0.000,0.000,-1,0,0,0,58.296
11332,0,0,0.000,0.000,-1,0,0,0,59.652
11333,0,0,0.000,0.000,-1,0,0,0,62.129
11334,0,0,0.000,0.000,-1,0,0,0,61.777
11335,0,0,0.000,0.000,-1,0,0,0,60.280
11336,0,0,0.000,0.000,-1,0,0,0,60.441
11337,0,0,0.000,0.000,-1,0,0,0,60.779
11338,0,0,0.000,0.000,-1,0,0,0,58.944
11339,0,0,0.000,0.000,-1,0,0,0,58.073
11340,0,0,0.000,0.000,-1,0,0,0,65.208
11341,0,0,0.000,0.000,-1,0,0,0,59.488
11342,0,0,0.000,0.000,-1,0,0,0,58.584
11343,0,0,0.000,0.000,-1,0,0,0,58.145
11344,0,0,0.000,0.000,-1,0,0,0,57.762
11345,0,0,0.000,0.000,-1,0,0,0,60.123
11346,0,0,0.000,0.000,-1,0,0,0,60.644
11347,0,0,0.000,0.000,-1,0,0,0,59.039
11348,0,0,0.000,0.000,-1,0,0,0,59.833
11349,0,0,0.000,0.000,-1,0,0,0,58.310
11350,0,0,0.000,0.000,-1,0,0,0,59.601
11351,0,0,0.000,0.000,-1,0,0,0,60.334
11352,0,0,0.000,0.000,-1,0,0,0,60.575
11353,0,0,0.000,0.000,-1,0,0,0,59.240
11354,0,0,0.000,0.000,-1,0,0,0,58.426
11355,0,0,0.000,0.000,-1,0,0,0,58.726
11356,0,0,0.000,0.000,-1,0,0,0,61.923
11357,0,0,0.000,0.000,-1,0,0,0,59.337
11358,0,0,0.000,0.000,-1,0,0,0,61.722
11359,0,0,0.000,0.000,-1,0,0,0,59.018
11360,0,1,82.667,85.522,-1,0,0,0,61.456
11361,0,0,0.000,0.000,-1,0,0,0,61.361
11362,0,0,0.000,0.000,-1,0,0,0,58.988
11363,0,0,0.000,0.000,-1,0,0,0,58.926
11364,0,0,0.000,0.000,-1,0,0,0,60.548
11365,0,0,0.000,0.000,-1,0,0,0,61.455
11366,0,0,0.000,0.000,-1,0,0,0,60.075
11367,0,0,0.000,0.000,-1,0,0,0,60.706
11368,0,0,0.000,0.000,-1,0,0,0,59.105
11369,0,0,0.000,0.000,-1,0,0,0,60.116
11370,0,0,0.000,0.000,-1,0,0,0,62.706
11371,0,0,0.000,0.000,-1,0,0,0,59.719
11372,0,0,0.000,0.000,-1,0,0,0,58.758
11373,0,0,0.000,0.000,-1,0,0,0,57.241
11374,0,0,0.000,0.000,-1,0,0,0,57.690
11375,0,0,0.000,0.000,-1,0,0,0,57.094
11376,0,0,0.000,0.000,-1,0,0,0,60.258
11377,0,0,0.000,0.000,-1,0,0,0,60.010
11378,0,0,0.000,0.000,-1,0,0,0,59.926
11379,0,0,0.000,0.000,-1,0,0,0,58.932
11380,0,0,0.000,0.000,-1,0,0,0,58.143
11381,0,0,0.000,0.000,-1,0,0,0,58.509
11382,0,0,0.000,0.000,-1,0,0,0,59.389
11383,0,0,0.000,0.000,-1,0,0,0,57.931
11384,0,0,0.000,0.000,-1,0,0,0,59.787
11385,0,0,0.000,0.000,-1,0,0,0,58.706
11386,0,0,0.000,0.000,-1,0,0,0,59.690
11387,0,0,0.000,0.000,-1,0,0,0,58.309
11388,0,0,0.000,0.000,-1,0,0,0,62.647
11389,0,0,0.000,0.000,-1,0,0,0,58.812
11390,0,0,0.000,0.000,-1,0,0,0,59.580
11391,0,0,0.000,0.000,-1,0,0,0,58.308
11392,0,1,83.392,86.268,-1,0,0,0,58.361
11393,0,0,0.000,0.000,-1,0,0,0,59.573
11394,0,0,0.000,0.000,-1,0,0,0,60.752
11395,0,0,0.000,0.000,-1,0,0,0,57.772
11396,0,0,0.000,0.000,-1,0,0,0,57.911
11397,0,0,0.000,0.000,-1,0,0,0,58.028
11398,0,0,0.000,0.000,-1,0,0,0,58.017
11399,0,0,0.000,0.000,-1,0,0,0,60.510
11400,0,0,0.000,0.000,-1,0,0,0,60.637
11401,0,0,0.000,0.000,-1,0,0,0,58.354
11402,0,0,0.000,0.000,-1,0,0,0,58.971
11403,0,0,0.000,0.000,-1,0,0,0,58.832
11404,0,0,0.000,0.000,-1,0,0,0,59.369
11405,0,0,0.000,0.000,-1,0,0,0,59.810
11406,0,0,0.000,0.000,-1,0,0,0,61.796
11407,0,0,0.000,0.000,-1,0,0,0,59.744
11408,0,0,0.000,0.000,-1,0,0,0,57.783
11409,0,0,0.000,0.000,-1,0,0,0,56.810
11410,0,0,0.000,0.000,-1,0,0,0,58.337
11411,0,0,0.000,0.000,-1,0,0,0,59.259
11412,0,0,0.000,0.000,-1,0,0,0,62.580
11413,0,0,0.000,0.000,-1,0,0,0,59.054
11414,0,0,0.000,0.000,-1,0,0,0,57.219
11415,0,0,0.000,0.000,-1,0,0,0,59.031
11416,0,0,0.000,0.000,-1,0,0,0,58.561
11417,0,0,0.000,0.000,-1,0,0,0,58.439
11418,0,0,0.000,0.000,-1,0,0,0,63.723
11419,0,0,0.000,0.000,-1,0,0,0,62.697
11420,0,0,0.000,0.000,-1,0,0,0,59.705
11421,0,0,0.000,0.000,-1,0,0,0,58.951
11422,0,0,0.000,0.000,-1,0,0,0,58.976
11423,0,0,0.000,0.000,-1,0,0,0,59.027
11424,0,1,81.744,84.477,-1,0,0,0,60.847
11425,0,0,0.000,0.000,-1,0,0,0,63.002
11426,0,0,0.000,0.000,-1,0,0,0,61.458
11427,0,0,0.000,0.000,-1,0,0,0,62.404
11428,0,0,0.000,0.000,-1,0,0,0,59.601
11429,0,0,0.000,0.000,-1,0,0,0,58.924
11430,0,0,0.000,0.000,-1,0,0,0,61.740
11431,0,0,0.000,0.000,-1,0,0,0,58.141
11432,0,0,0.000,0.000,-1,0,0,0,59.457
11433,0,0,0.000,0.000,-1,0,0,0,59.431
11434,0,0,0.000,0.000,-1,0,0,0,58.692
11435,0,0,0.000,0.000,-1,0,0,0,60.566
11436,0,0,0.000,0.000,-1,0,0,0,63.750
11437,0,0,0.000,0.000,-1,0,0,0,61.292
11438,0,0,0.000,0.000,-1,0,0,0,58.929
11439,0,0,0.000,0.000,-1,0,0,0,59.393
11440,0,0,0.000,0.000,-1,0,0,0,60.246
11441,0,0,0.000,0.000,-1,0,0,0,60.188
11442,0,0,0.000,0.000,-1,0,0,0,64.036
11443,0,0,0.000,0.000,-1,0,0,0,60.051
11444,0,0,0.000,0.000,-1,0,0,0,57.691
11445,0,0,0.000,0.000,-1,0,0,0,57.626
11446,0,0,0.000,0.000,-1,0,0,0,59.211
11447,0,0,0.000,0.000,-1,0,0,0,59.769
11448,0,0,0.000,0.000,-1,0,0,0,63.757
11449,0,0,0.000,0.000,-1,0,0,0,60.578
11450,0,0,0.000,0.000,-1,0,0,0,60.082
11451,0,0,0.000,0.000,-1,0,0,0,58.727
11452,0,0,0.000,0.000,-1,0,0,0,59.155
11453,0,0,0.000,0.000,-1,0,0,0,59.685
11454,0,0,0.000,0.000,-1,0,0,0,63.165
11455,0,0,0.000,0.000,-1,0,0,0,60.033
11456,0,1,82.749,85.763,-1,0,0,0,59.017
11457,0,0,0.000,0.000,-1,0,0,0,60.094
11458,0,0,0.000,0.000,-1,0,0,0,59.605
11459,0,0,0.000,0.000,-1,0,0,0,59.817
11460,0,0,0.000,0.000,-1,0,0,0,62.868
11461,0,0,0.000,0.000,-1,0,0,0,58.702
11462,0,0,0.000,0.000,-1,0,0,0,57.757
11463,0,0,0.000,0.000,-1,0,0,0,58.279
11464,0,0,0.000,0.000,-1,0,0,0,58.184
11465,0,0,0.000,0.000,-1,0,0,0,57.713
11466,0,0,0.000,0.000,-1,0,0,0,60.565
11467,0,0,0.000,0.000,-1,0,0,0,58.445
11468,0,0,0.000,0.000,-1,0,0,0,60.024
11469,0,0,0.000,0.000,-1,0,0,0,60.044
11470,0,0,0.000,0.000,-1,0,0,0,58.350
11471,0,0,0.000,0.000,-1,0,0,0,60.440
11472,0,0,0.000,0.000,-1,0,0,0,61.808
11473,0,0,0.000,0.000,-1,0,0,0,60.398
11474,0,0,0.000,0.000,-1,0,0,0,61.538
11475,0,0,0.000,0.000,-1,0,0,0,57.875
11476,0,0,0.000,0.000,-1,0,0,0,59.856
11477,0,0,0.000,0.000,-1,0,0,0,59.908
11478,0,0,0.000,0.000,-1,0,0,0,62.071
11479,0,0,0.000,0.000,-1,0,0,0,59.412
11480,0,0,0.000,0.000,-1,0,0,0,61.442
11481,0,0,0.000,0.000,-1,0,0,0,59.911
11482,0,0,0.000,0.000,-1,0,0,0,59.715
11483,0,0,0.000,0.000,-1,0,0,0,59.620
11484,0,0,0.000,0.000,-1,0,0,0,60.589
11485,0,0,0.000,0.000,-1,0,0,0,61.866
11486,0,0,0.000,0.000,-1,0,0,0,61.583
11487,0,0,0.000,0.000,-1,0,0,0,59.812
11488,0,1,81.814,84.633,-1,0,0,0,62.327
11489,0,0,0.000,0.000,-1,0,0,0,60.052
11490,0,0,0.000,0.000,-1,0,0,0,63.226
11491,0,0,0.000,0.000,-1,0,0,0,61.307
11492,0,0,0.000,0.000,-1,0,0,0,59.403
11493,0,0,0.000,0.000,-1,0,0,0,60.167
11494,0,0,0.000,0.000,-1,0,0,0,60.682
11495,0,0,0.000,0.000,-1,0,0,0,60.588
11496,0,0,0.000,0.000,-1,0,0,0,62.340
11497,0,0,0.000,0.000,-1,0,0,0,59.419
11498,0,0,0.000,0.000,-1,0,0,0,60.170
11499,0,0,0.000,0.000,-1,0,0,0,61.101
11500,0,0,0.000,0.000,-1,0,0,0,61.341
11501,0,0,0.000,0.000,-1,0,0,0,59.814
11502,0,0,0.000,0.000,-1,0,0,0,60.883
11503,0,0,0.000,0.000,-1,0,0,0,59.421
11504,0,0,0.000,0.000,-1,0,0,0,59.572
11505,0,0,0.000,0.000,-1,0,0,0,59.686
11506,0,0,0.000,0.000,-1,0,0,0,61.113
11507,0,0,0.000,0.000,-1,0,0,0,58.817
11508,0,0,0.000,0.000,-1,0,0,0,62.174
11509,0,0,0.000,0.000,-1,0,0,0,59.083
11510,0,0,0.000,0.000,-1,0,0,0,59.236
11511,0,0,0.000,0.000,-1,0,0,0,59.441
11512,0,0,0.000,0.000,-1,0,0,0,60.012
11513,0,0,0.000,0.000,-1,0,0,0,59.806
11514,0,0,0.000,0.000,-1,0,0,0,65.302
11515,0,0,0.000,0.000,-1,0,0,0,59.949
11516,0,0,0.000,0.000,-1,0,0,0,58.474
11517,0,0,0.000,0.000,-1,0,0,0,61.361
11518,0,0,0.000,0.000,-1,0,0,0,59.906
11519,0,0,0.000,0.000,-1,0,0,0,59.494
11520,0,1,82.918,85.756,-1,0,0,0,61.536
11521,0,0,0.000,0.000,-1,0,0,0,59.422
11522,0,0,0.000,0.000,-1,0,0,0,57.152
11523,0,0,0.000,0.000,-1,0,0,0,58.978
11524,0,0,0.000,0.000,-1,0,0,0,58.886
11525,0,0,0.000,0.000,-1,0,0,0,59.594
11526,0,0,0.000,0.000,-1,0,0,0,59.812
11527,0,0,0.000,0.000,-1,0,0,0,59.310
11528,0,0,0.000,0.000,-1,0,0,0,57.473
11529,0,0,0.000,0.000,-1,0,0,0,59.540
11530,0,0,0.000,0.000,-1,0,0,0,60.696
11531,0,0,0.000,0.000,-1,0,0,0,59.083
11532,0,0,0.000,0.000,-1,0,0,0,64.907
11533,0,0,0.000,0.000,-1,0,0,0,60.738
11534,0,0,0.000,0.000,-1,0,0,0,58.738
11535,0,0,0.000,0.000,-1,0,0,0,58.884
11536,0,0,0.000,0.000,-1,0,0,0,59.221
11537,0,0,0.000,0.000,-1,0,0,0,62.827
11538,0,0,0.000,0.000,-1,0,0,0,62.428
11539,0,0,0.000,0.000,-1,0,0,0,59.263
11540,0,0,0.000,0.000,-1,0,0,0,57.821
11541,0,0,0.000,0.000,-1,0,0,0,59.547
11542,0,0,0.000,0.000,-1,0,0,0,60.178
11543,0,0,0.000,0.000,-1,0,0,0,59.677
11544,0,0,0.000,0.000,-1,0,0,0,60.410
11545,0,0,0.000,0.000,-1,0,0,0,60.569
11546,0,0,0.000,0.000,-1,0,0,0,60.136
11547,0,0,0.000,0.000,-1,0,0,0,59.658
11548,0,0,0.000,0.000,-1,0,0,0,58.447
11549,0,0,0.000,0.000,-1,0,0,0,62.312
11550,0,0,0.000,0.000,-1,0,0,0,63.946
11551,0,0,0.000,0.000,-1,0,0,0,60.448
11552,0,1,81.568,84.491,-1,0,0,0,61.538
11553,0,0,0.000,0.000,-1,0,0,0,59.530
11554,0,0,0.000,0.000,-1,0,0,0,58.660
11555,0,0,0.000,0.000,-1,0,0,0,57.793
11556,0,0,0.000,0.000,-1,0,0,0,63.315
11557,0,0,0.000,0.000,-1,0,0,0,57.726
11558,0,0,0.000,0.000,-1,0,0,0,58.743
11559,0,0,0.000,0.000,-1,0,0,0,60.754
11560,0,0,0.000,0.000,-1,0,0,0,58.643
11561,0,0,0.000,0.000,-1,0,0,0,59.353
11562,0,0,0.000,0.000,-1,0,0,0,61.158
11563,0,0,0.000,0.000,-1,0,0,0,61.069
11564,0,0,0.000,0.000,-1,0,0,0,62.684
11565,0,0,0.000,0.000,-1,0,0,0,58.734
11566,0,0,0.000,0.000,-1,0,0,0,61.132
11567,0,0,0.000,0.000,-1,0,0,0,58.126
11568,0,0,0.000,0.000,-1,0,0,0,61.890
11569,0,0,0.000,0.000,-1,0,0,0,58.288
11570,0,0,0.000,0.000,-1,0,0,0,59.593
11571,0,0,0.000,0.000,-1,0,0,0,57.100
11572,0,0,0.000,0.000,-1,0,0,0,58.392
11573,0,0,0.000,0.000,-1,0,0,0,58.544
11574,0,0,0.000,0.000,-1,0,0,0,63.000
11575,0,0,0.000,0.000,-1,0,0,0,59.382
11576,0,0,0.000,0.000,-1,0,0,0,58.895
11577,0,0,0.000,0.000,-1,0,0,0,58.805
11578,0,0,0.000,0.000,-1,0,0,0,61.115
11579,0,0,0.000,0.000,-1,0,0,0,59.118
11580,0,0,0.000,0.000,-1,0,0,0,61.212
11581,0,0,0.000,0.000,-1,0,0,0,60.359
11582,0,0,0.000,0.000,-1,0,0,0,59.068
11583,0,0,0.000,0.000,-1,0,0,0,59.292
11584,0,1,82.983,85.673,-1,0,0,0,58.211
11585,0,0,0.000,0.000,-1,0,0,0,58.514
11586,0,0,0.000,0.000,-1,0,0,0,61.103
11587,0,0,0.000,0.000,-1,0,0,0,58.867
11588,0,0,0.000,0.000,-1,0,0,0,57.587
11589,0,0,0.000,0.000,-1,0,0,0,58.027
11590,0,0,0.000,0.000,-1,0,0,0,60.896
11591,0,0,0.000,0.000,-1,0,0,0,57.656
11592,0,0,0.000,0.000,-1,0,0,0,61.644
11593,0,0,0.000,0.000,-1,0,0,0,61.036
11594,0,0,0.000,0.000,-1,0,0,0,59.775
11595,0,0,0.000,0.000,-1,0,0,0,59.475
11596,0,0,0.000,0.000,-1,0,0,0,59.573
11597,0,0,0.000,0.000,-1,0,0,0,59.448
11598,0,0,0.000,0.000,-1,0,0,0,60.056
11599,0,0,0.000,0.000,-1,0,0,0,62.317
11600,0,0,0.000,0.000,-1,0,0,0,60.933
11601,0,0,0.000,0.000,-1,0,0,0,58.308
11602,0,0,0.000,0.000,-1,0,0,0,58.471
11603,0,0,0.000,0.000,-1,0,0,0,59.501
11604,0,0,0.000,0.000,-1,0,0,0,61.782
11605,0,0,0.000,0.000,-1,0,0,0,61.442
11606,0,0,0.000,0.000,-1,0,0,0,59.058
11607,0,0,0.000,0.000,-1,0,0,0,58.190
11608,0,0,0.000,0.000,-1,0,0,0,58.275
11609,0,0,0.000,0.000,-1,0,0,0,59.817
11610,0,0,0.000,0.000,-1,0,0,0,65.279
11611,0,0,0.000,0.000,-1,0,0,0,63.199
11612,0,0,0.000,0.000,-1,0,0,0,58.288
11613,0,0,0.000,0.000,-1,0,0,0,58.740
11614,0,0,0.000,0.000,-1,0,0,0,57.466
11615,0,0,0.000,0.000,-1,0,0,0,58.785
11616,0,1,81.597,84.251,-1,0,0,0,63.767
11617,0,0,0.000,0.000,-1,0,0,0,59.825
11618,0,0,0.000,0.000,-1,0,0,0,58.921
11619,0,0,0.000,0.000,-1,0,0,0,60.302
11620,0,0,0.000,0.000,-1,0,0,0,59.303
11621,0,0,0.000,0.000,-1,0,0,0,59.515
11622,0,0,0.000,0.000,-1,0,0,0,61.861
11623,0,0,0.000,0.000,-1,0,0,0,59.059
11624,0,0,0.000,0.000,-1,0,0,0,57.050
11625,0,0,0.000,0.000,-1,0,0,0,59.709
11626,0,0,0.000,0.000,-1,0,0,0,57.436
11627,0,0,0.000,0.000,-1,0,0,0,61.673
11628,0,0,0.000,0.000,-1,0,0,0,64.039
11629,0,0,0.000,0.000,-1,0,0,0,60.230
11630,0,0,0.000,0.000,-1,0,0,0,58.758
11631,0,0,0.000,0.000,-1,0,0,0,59.215
11632,0,0,0.000,0.000,-1,0,0,0,60.034
11633,0,0,0.000,0.000,-1,0,0,0,59.765
11634,0,0,0.000,0.000,-1,0,0,0,61.086
11635,0,0,0.000,0.000,-1,0,0,0,60.108
11636,0,0,0.000,0.000,-1,0,0,0,59.693
11637,0,0,0.000,0.000,-1,0,0,0,58.948
11638,0,0,0.000,0.000,-1,0,0,0,60.124
11639,0,0,0.000,0.000,-1,0,0,0,58.471
11640,0,0,0.000,0.000,-1,0,0,0,66.867
11641,0,0,0.000,0.000,-1,0,0,0,57.791
11642,0,0,0.000,0.000,-1,0,0,0,59.372
11643,0,0,0.000,0.000,-1,0,0,0,58.162
11644,0,0,0.000,0.000,-1,0,0,0,60.714
11645,0,0,0.000,0.000,-1,0,0,0,57.982
11646,0,0,0.000,0.000,-1,0,0,0,59.243
11647,0,0,0.000,0.000,-1,0,0,0,58.358
11648,0,1,82.747,85.583,-1,0,0,0,58.559
11649,0,0,0.000,0.000,-1,0,0,0,59.222
11650,0,0,0.000,0.000,-1,0,0,0,58.549
11651,0,0,0.000,0.000,-1,0,0,0,59.459
11652,0,0,0.000,0.000,-1,0,0,0,60.131
11653,0,0,0.000,0.000,-1,0,0,0,59.695
11654,0,0,0.000,0.000,-1,0,0,0,60.617
11655,0,0,0.000,0.000,-1,0,0,0,58.927
11656,0,0,0.000,0.000,-1,0,0,0,61.326
11657,0,0,0.000,0.000,-1,0,0,0,60.281
11658,0,0,0.000,0.000,-1,0,0,0,65.081
11659,0,0,0.000,0.000,-1,0,0,0,60.885
11660,0,0,0.000,0.000,-1,0,0,0,60.215
11661,0,0,0.000,0.000,-1,0,0,0,60.454
11662,0,0,0.000,0.000,-1,0,0,0,58.887
11663,0,0,0.000,0.000,-1,0,0,0,57.938
11664,0,0,0.000,0.000,-1,0,0,0,61.901
11665,0,0,0.000,0.000,-1,0,0,0,59.073
11666,0,0,0.000,0.000,-1,0,0,0,56.853
11667,0,0,0.000,0.000,-1,0,0,0,59.263
11668,0,0,0.000,0.000,-1,0,0,0,57.411
11669,0,0,0.000,0.000,-1,0,0,0,57.856
11670,0,0,0.000,0.000,-1,0,0,0,64.168
11671,0,0,0.000,0.000,-1,0,0,0,59.007
11672,0,0,0.000,0.000,-1,0,0,0,58.474
11673,0,0,0.000,0.000,-1,0,0,0,60.112
11674,0,0,0.000,0.000,-1,0,0,0,59.780
11675,0,0,0.000,0.000,-1,0,0,0,58.593
11676,0,0,0.000,0.000,-1,0,0,0,62.259
11677,0,0,0.000,0.000,-1,0,0,0,59.491
11678,0,0,0.000,0.000,-1,0,0,0,58.708
11679,0,0,0.000,0.000,-1,0,0,0,59.591
11680,0,1,82.632,85.465,-1,0,0,0,59.461
11681,0,0,0.000,0.000,-1,0,0,0,59.049
11682,0,0,0.000,0.000,-1,0,0,0,62.671
11683,0,0,0.000,0.000,-1,0,0,0,61.271
11684,0,0,0.000,0.000,-1,0,0,0,60.070
11685,0,0,0.000,0.000,-1,0,0,0,60.129
11686,0,0,0.000,0.000,-1,0,0,0,57.797
11687,0,0,0.000,0.000,-1,0,0,0,60.437
11688,0,0,0.000,0.000,-1,0,0,0,61.618
11689,0,0,0.000,0.000,-1,0,0,0,59.765
11690,0,0,0.000,0.000,-1,0,0,0,61.769
11691,0,0,0.000,0.000,-1,0,0,0,60.008
11692,0,0,0.000,0.000,-1,0,0,0,60.627
11693,0,0,0.000,0.000,-1,0,0,0,60.261
11694,0,0,0.000,0.000,-1,0,0,0,61.334
11695,0,0,0.000,0.000,-1,0,0,0,58.109
11696,0,0,0.000,0.000,-1,0,0,0,56.619
11697,0,0,0.000,0.000,-1,0,0,0,59.053
11698,0,0,0.000,0.000,-1,0,0,0,62.980
11699,0,0,0.000,0.000,-1,0,0,0,58.505
11700,0,0,0.000,0.000,-1,0,0,0,63.638
11701,0,0,0.000,0.000,-1,0,0,0,57.830
11702,0,0,0.000,0.000,-1,0,0,0,58.648
11703,0,0,0.000,0.000,-1,0,0,0,57.289
11704,0,0,0.000,0.000,-1,0,0,0,59.955
11705,0,0,0.000,0.000,-1,0,0,0,62.324
11706,0,0,0.000,0.000,-1,0,0,0,62.499
11707,0,0,0.000,0.000,-1,0,0,0,58.887
11708,0,0,0.000,0.000,-1,0,0,0,59.554
11709,0,0,0.000,0.000,-1,0,0,0,63.180
11710,0,0,0.000,0.000,-1,0,0,0,64.853
11711,0,0,0.000,0.000,-1,0,0,0,60.214
11712,0,1,82.586,85.273,-1,0,0,0,59.095
11713,0,0,0.000,0.000,-1,0,0,0,59.045
11714,0,0,0.000,0.000,-1,0,0,0,59.844
11715,0,0,0.000,0.000,-1,0,0,0,60.423
11716,0,0,0.000,0.000,-1,0,0,0,60.062
11717,0,0,0.000,0.000,-1,0,0,0,59.518
11718,0,0,0.000,0.000,-1,0,0,0,60.852
11719,0,0,0.000,0.000,-1,0,0,0,59.281
11720,0,0,0.000,0.000,-1,0,0,0,63.251
11721,0,0,0.000,0.000,-1,0,0,0,60.049
11722,0,0,0.000,0.000,-1,0,0,0,58.611
11723,0,0,0.000,0.000,-1,0,0,0,58.951
11724,0,0,0.000,0.000,-1,0,0,0,62.019
11725,0,0,0.000,0.000,-1,0,0,0,59.352
11726,0,0,0.000,0.000,-1,0,0,0,59.991
11727,0,0,0.000,0.000,-1,0,0,0,59.570
11728,0,0,0.000,0.000,-1,0,0,0,59.477
11729,0,0,0.000,0.000,-1,0,0,0,58.137
11730,0,0,0.000,0.000,-1,0,0,0,61.643
11731,0,0,0.000,0.000,-1,0,0,0,56.716
11732,0,0,0.000,0.000,-1,0,0,0,58.761
11733,0,0,0.000,0.000,-1,0,0,0,60.311
11734,0,0,0.000,0.000,-1,0,0,0,58.266
11735,0,0,0.000,0.000,-1,0,0,0,61.264
11736,0,0,0.000,0.000,-1,0,0,0,61.176
11737,0,0,0.000,0.000,-1,0,0,0,60.621
11738,0,0,0.000,0.000,-1,0,0,0,59.600
11739,0,0,0.000,0.000,-1,0,0,0,60.359
11740,0,0,0.000,0.000,-1,0,0,0,59.120
11741,0,0,0.000,0.000,-1,0,0,0,58.604
11742,0,0,0.000,0.000,-1,0,0,0,61.711
11743,0,0,0.000,0.000,-1,0,0,0,59.690
11744,0,1,82.885,85.707,-1,0,0,0,60.265
11745,0,0,0.000,0.000,-1,0,0,0,59.479
11746,0,0,0.000,0.000,-1,0,0,0,59.451
11747,0,0,0.000,0.000,-1,0,0,0,58.130
11748,0,0,0.000,0.000,-1,0,0,0,60.715
11749,0,0,0.000,0.000,-1,0,0,0,57.795
11750,0,0,0.000,0.000,-1,0,0,0,59.260
11751,0,0,0.000,0.000,-1,0,0,0,60.080
11752,0,0,0.000,0.000,-1,0,0,0,58.336
11753,0,0,0.000,0.000,-1,0,0,0,57.662
11754,0,0,0.000,0.000,-1,0,0,0,61.885
11755,0,0,0.000,0.000,-1,0,0,0,61.425
11756,0,0,0.000,0.000,-1,0,0,0,58.425
11757,0,0,0.000,0.000,-1,0,0,0,60.620
11758,0,0,0.000,0.000,-1,0,0,0,59.259
11759,0,0,0.000,0.000,-1,0,0,0,60.129
11760,0,0,0.000,0.000,-1,0,0,0,61.860
11761,0,0,0.000,0.000,-1,0,0,0,59.365
11762,0,0,0.000,0.000,-1,0,0,0,60.842
11763,0,0,0.000,0.000,-1,0,0,0,60.885
11764,0,0,0.000,0.000,-1,0,0,0,58.839
11765,0,0,0.000,0.000,-1,0,0,0,59.860
11766,0,0,0.000,0.000,-1,0,0,0,62.083
11767,0,0,0.000,0.000,-1,0,0,0,61.377
11768,0,0,0.000,0.000,-1,0,0,0,58.499
11769,0,0,0.000,0.000,-1,0,0,0,61.051
11770,0,0,0.000,0.000,-1,0,0,0,57.601
11771,0,0,0.000,0.000,-1,0,0,0,60.347
11772,0,0,0.000,0.000,-1,0,0,0,61.267
11773,0,0,0.000,0.000,-1,0,0,0,59.514
11774,0,0,0.000,0.000,-1,0,0,0,63.507
11775,0,0,0.000,0.000,-1,0,0,0,69.132
11776,0,1,81.669,84.418,-1,0,0,0,58.704
11777,0,0,0.000,0.000,-1,0,0,0,58.995
11778,0,0,0.000,0.000,-1,0,0,0,62.675
11779,0,0,0.000,0.000,-1,0,0,0,60.076
11780,0,0,0.000,0.000,-1,0,0,0,59.226
11781,0,0,0.000,0.000,-1,0,0,0,62.167
11782,0,0,0.000,0.000,-1,0,0,0,59.125
11783,0,0,0.000,0.000,-1,0,0,0,61.083
11784,0,0,0.000,0.000,-1,0,0,0,60.622
11785,0,0,0.000,0.000,-1,0,0,0,58.777
11786,0,0,0.000,0.000,-1,0,0,0,59.848
11787,0,0,0.000,0.000,-1,0,0,0,59.924
11788,0,0,0.000,0.000,-1,0,0,0,58.762
11789,0,0,0.000,0.000,-1,0,0,0,58.743
11790,0,0,0.000,0.000,-1,0,0,0,64.711
11791,0,0,0.000,0.000,-1,0,0,0,60.045
11792,0,0,0.000,0.000,-1,0,0,0,61.687
11793,0,0,0.000,0.000,-1,0,0,0,62.119
11794,0,0,0.000,0.000,-1,0,0,0,61.217
11795,0,0,0.000,0.000,-1,0,0,0,60.701
11796,0,0,0.000,0.000,-1,0,0,0,60.700
11797,0,0,0.000,0.000,-1,0,0,0,60.010
11798,0,0,0.000,0.000,-1,0,0,0,60.958
11799,0,0,0.000,0.000,-1,0,0,0,61.425
11800,0,0,0.000,0.000,-1,0,0,0,60.006
11801,0,0,0.000,0.000,-1,0,0,0,59.529
11802,0,0,0.000,0.000,-1,0,0,0,59.829
11803,0,0,0.000,0.000,-1,0,0,0,58.893
11804,0,0,0.000,0.000,-1,0,0,0,58.520
11805,0,0,0.000,0.000,-1,0,0,0,59.189
11806,0,0,0.000,0.000,-1,0,0,0,59.738
11807,0,0,0.000,0.000,-1,0,0,0,59.238
11808,0,1,81.774,84.404,-1,0,0,0,61.611
11809,0,0,0.000,0.000,-1,0,0,0,58.754
11810,0,0,0.000,0.000,-1,0,0,0,59.137
11811,0,0,0.000,0.000,-1,0,0,0,59.733
11812,0,0,0.000,0.000,-1,0,0,0,58.867
11813,0,0,0.000,0.000,-1,0,0,0,61.279
11814,0,0,0.000,0.000,-1,0,0,0,60.448
11815,0,0,0.000,0.000,-1,0,0,0,59.906
11816,0,0,0.000,0.000,-1,0,0,0,59.626
11817,0,0,0.000,0.000,-1,0,0,0,59.525
11818,0,0,0.000,0.000,-1,0,0,0,59.003
11819,0,0,0.000,0.000,-1,0,0,0,59.012
11820,0,0,0.000,0.000,-1,0,0,0,62.383
11821,0,0,0.000,0.000,-1,0,0,0,60.582
11822,0,0,0.000,0.000,-1,0,0,0,57.850
11823,0,0,0.000,0.000,-1,0,0,0,58.188
11824,0,0,0.000,0.000,-1,0,0,0,60.688
11825,0,0,0.000,0.000,-1,0,0,0,58.819
11826,0,0,0.000,0.000,-1,0,0,0,60.315
11827,0,0,0.000,0.000,-1,0,0,0,58.533
11828,0,0,0.000,0.000,-1,0,0,0,58.246
11829,0,0,0.000,0.000,-1,0,0,0,59.477
11830,0,0,0.000,0.000,-1,0,0,0,57.673
11831,0,0,0.000,0.000,-1,0,0,0,59.086
11832,0,0,0.000,0.000,-1,0,0,0,59.174
11833,0,0,0.000,0.000,-1,0,0,0,56.966
11834,0,0,0.000,0.000,-1,0,0,0,57.763
11835,0,0,0.000,0.000,-1,0,0,0,57.518
11836,0,0,0.000,0.000,-1,0,0,0,59.060
11837,0,0,0.000,0.000,-1,0,0,0,58.923
11838,0,0,0.000,0.000,-1,0,0,0,61.628
11839,0,0,0.000,0.000,-1,0,0,0,59.241
11840,0,1,82.790,85.573,-1,0,0,0,58.419
11841,0,0,0.000,0.000,-1,0,0,0,58.126
11842,0,0,0.000,0.000,-1,0,0,0,58.852
11843,0,0,0.000,0.000,-1,0,0,0,59.501
11844,0,0,0.000,0.000,-1,0,0,0,62.685
11845,0,0,0.000,0.000,-1,0,0,0,59.189
11846,0,0,0.000,0.000,-1,0,0,0,59.049
11847,0,0,0.000,0.000,-1,0,0,0,60.403
11848,0,0,0.000,0.000,-1,0,0,0,59.131
11849,0,0,0.000,0.000,-1,0,0,0,58.087
11850,0,0,0.000,0.000,-1,0,0,0,63.334
11851,0,0,0.000,0.000,-1,0,0,0,59.562
11852,0,0,0.000,0.000,-1,0,0,0,59.645
11853,0,0,0.000,0.000,-1,0,0,0,59.073
11854,0,0,0.000,0.000,-1,0,0,0,59.480
11855,0,0,0.000,0.000,-1,0,0,0,58.378
11856,0,0,0.000,0.000,-1,0,0,0,61.101
11857,0,0,0.000,0.000,-1,0,0,0,58.322
11858,0,0,0.000,0.000,-1,0,0,0,60.178
11859,0,0,0.000,0.000,-1,0,0,0,59.327
11860,0,0,0.000,0.000,-1,0,0,0,57.625
11861,0,0,0.000,0.000,-1,0,0,0,57.911
11862,0,0,0.000,0.000,-1,0,0,0,59.394
11863,0,0,0.000,0.000,-1,0,0,0,58.505
11864,0,0,0.000,0.000,-1,0,0,0,58.356
11865,0,0,0.000,0.000,-1,0,0,0,57.938
11866,0,0,0.000,0.000,-1,0,0,0,61.207
11867,0,0,0.000,0.000,-1,0,0,0,59.326
11868,0,0,0.000,0.000,-1,0,0,0,60.263
11869,0,0,0.000,0.000,-1,0,0,0,60.464
11870,0,0,0.000,0.000,-1,0,0,0,59.128
11871,0,0,0.000,0.000,-1,0,0,0,57.928
11872,0,1,81.678,84.517,-1,0,0,0,58.340
11873,0,0,0.000,0.000,-1,0,0,0,60.861
11874,0,0,0.000,0.000,-1,0,0,0,61.507
11875,0,0,0.000,0.000,-1,0,0,0,59.605
11876,0,0,0.000,0.000,-1,0,0,0,57.684
11877,0,0,0.000,0.000,-1,0,0,0,58.441
11878,0,0,0.000,0.000,-1,0,0,0,59.412
11879,0,0,0.000,0.000,-1,0,0,0,59.087
11880,0,0,0.000,0.000,-1,0,0,0,64.437
11881,0,0,0.000,0.000,-1,0,0,0,60.677
11882,0,0,0.000,0.000,-1,0,0,0,61.239
11883,0,0,0.000,0.000,-1,0,0,0,59.865
11884,0,0,0.000,0.000,-1,0,0,0,58.601
11885,0,0,0.000,0.000,-1,0,0,0,58.550
11886,0,0,0.000,0.000,-1,0,0,0,63.117
11887,0,0,0.000,0.000,-1,0,0,0,58.581
11888,0,0,0.000,0.000,-1,0,0,0,57.839
11889,0,0,0.000,0.000,-1,0,0,0,58.055
11890,0,0,0.000,0.000,-1,0,0,0,58.211
11891,0,0,0.000,0.000,-1,0,0,0,60.182
11892,0,0,0.000,0.000,-1,0,0,0,63.963
11893,0,0,0.000,0.000,-1,0,0,0,58.126
11894,0,0,0.000,0.000,-1,0,0,0,60.778
11895,0,0,0.000,0.000,-1,0,0,0,57.844
11896,0,0,0.000,0.000,-1,0,0,0,60.222
11897,0,0,0.000,0.000,-1,0,0,0,58.974
11898,0,0,0.000,0.000,-1,0,0,0,61.548
11899,0,0,0.000,0.000,-1,0,0,0,60.297
11900,0,0,0.000,0.000,-1,0,0,0,59.623
11901,0,0,0.000,0.000,-1,0,0,0,59.818
11902,0,0,0.000,0.000,-1,0,0,0,58.653
11903,0,0,0.000,0.000,-1,0,0,0,56.889
11904,0,1,81.767,84.449,-1,0,0,0,59.282
11905,0,0,0.000,0.000,-1,0,0,0,59.050
11906,0,0,0.000,0.000,-1,0,0,0,57.472
11907,0,0,0.000,0.000,-1,0,0,0,60.589
11908,0,0,0.000,0.000,-1,0,0,0,59.607
11909,0,0,0.000,0.000,-1,0,0,0,60.034
11910,0,0,0.000,0.000,-1,0,0,0,66.628
11911,0,0,0.000,0.000,-1,0,0,0,57.924
11912,0,0,0.000,0.000,-1,0,0,0,58.831
11913,0,0,0.000,0.000,-1,0,0,0,59.378
11914,0,0,0.000,0.000,-1,0,0,0,59.545
11915,0,0,0.000,0.000,-1,0,0,0,58.510
11916,0,0,0.000,0.000,-1,0,0,0,64.062
11917,0,0,0.000,0.000,-1,0,0,0,58.128
11918,0,0,0.000,0.000,-1,0,0,0,57.308
11919,0,0,0.000,0.000,-1,0,0,0,56.475
11920,0,0,0.000,0.000,-1,0,0,0,60.150
11921,0,0,0.000,0.000,-1,0,0,0,58.749
11922,0,0,0.000,0.000,-1,0,0,0,63.236
11923,0,0,0.000,0.000,-1,0,0,0,60.615
11924,0,0,0.000,0.000,-1,0,0,0,57.915
11925,0,0,0.000,0.000,-1,0,0,0,59.907
11926,0,0,0.000,0.000,-1,0,0,0,59.712
11927,0,0,0.000,0.000,-1,0,0,0,57.748
11928,0,0,0.000,0.000,-1,0,0,0,60.698
11929,0,0,0.000,0.000,-1,0,0,0,58.353
11930,0,0,0.000,0.000,-1,0,0,0,62.211
11931,0,0,0.000,0.000,-1,0,0,0,60.377
11932,0,0,0.000,0.000,-1,0,0,0,59.642
11933,0,0,0.000,0.000,-1,0,0,0,58.616
11934,0,0,0.000,0.000,-1,0,0,0,62.039
11935,0,0,0.000,0.000,-1,0,0,0,59.256
11936,0,1,81.901,84.725,-1,0,0,0,58.991
11937,0,0,0.000,0.000,-1,0,0,0,59.452
11938,0,0,0.000,0.000,-1,0,0,0,60.057
11939,0,0,0.000,0.000,-1,0,0,0,63.212
11940,0,0,0.000,0.000,-1,0,0,0,61.817
11941,0,0,0.000,0.000,-1,0,0,0,58.629
11942,0,0,0.000,0.000,-1,0,0,0,57.811
11943,0,0,0.000,0.000,-1,0,0,0,60.933
11944,0,0,0.000,0.000,-1,0,0,0,59.918
11945,0,0,0.000,0.000,-1,0,0,0,58.207
11946,0,0,0.000,0.000,-1,0,0,0,61.561
11947,0,0,0.000,0.000,-1,0,0,0,57.720
11948,0,0,0.000,0.000,-1,0,0,0,58.984
11949,0,0,0.000,0.000,-1,0,0,0,57.925
11950,0,0,0.000,0.000,-1,0,0,0,57.618
11951,0,0,0.000,0.000,-1,0,0,0,59.616
11952,0,0,0.000,0.000,-1,0,0,0,61.837
11953,0,0,0.000,0.000,-1,0,0,0,62.286
11954,0,0,0.000,0.000,-1,0,0,0,59.621
11955,0,0,0.000,0.000,-1,0,0,0,58.291
11956,0,0,0.000,0.000,-1,0,0,0,58.255
11957,0,0,0.000,0.000,-1,0,0,0,58.790
11958,0,0,0.000,0.000,-1,0,0,0,59.779
11959,0,0,0.000,0.000,-1,0,0,0,58.724
11960,0,0,0.000,0.000,-1,0,0,0,63.509
11961,0,0,0.000,0.000,-1,0,0,0,60.460
11962,0,0,0.000,0.000,-1,0,0,0,61.201
11963,0,0,0.000,0.000,-1,0,0,0,59.430
11964,0,0,0.000,0.000,-1,0,0,0,60.093
11965,0,0,0.000,0.000,-1,0,0,0,58.735
11966,0,0,0.000,0.000,-1,0,0,0,61.247
11967,0,0,0.000,0.000,-1,0,0,0,61.175
11968,0,1,82.544,85.367,-1,0,0,0,60.758
11969,0,0,0.000,0.000,-1,0,0,0,60.270
11970,0,0,0.000,0.000,-1,0,0,0,64.226
11971,0,0,0.000,0.000,-1,0,0,0,59.843
11972,0,0,0.000,0.000,-1,0,0,0,59.474
11973,0,0,0.000,0.000,-1,0,0,0,59.296
11974,0,0,0.000,0.000,-1,0,0,0,59.791
11975,0,0,0.000,0.000,-1,0,0,0,59.717
11976,0,0,0.000,0.000,-1,0,0,0,60.751
11977,0,0,0.000,0.000,-1,0,0,0,59.166
11978,0,0,0.000,0.000,-1,0,0,0,59.662
11979,0,0,0.000,0.000,-1,0,0,0,60.317
11980,0,0,0.000,0.000,-1,0,0,0,59.988
11981,0,0,0.000,0.000,-1,0,0,0,59.288
11982,0,0,0.000,0.000,-1,0,0,0,60.539
11983,0,0,0.000,0.000,-1,0,0,0,60.115
11984,0,0,0.000,0.000,-1,0,0,0,60.124
11985,0,0,0.000,0.000,-1,0,0,0,58.893
11986,0,0,0.000,0.000,-1,0,0,0,58.045
11987,0,0,0.000,0.000,-1,0,0,0,58.035
11988,0,0,0.000,0.000,-1,0,0,0,61.688
11989,0,0,0.000,0.000,-1,0,0,0,59.404
11990,0,0,0.000,0.000,-1,0,0,0,58.342
11991,0,0,0.000,0.000,-1,0,0,0,59.986
11992,0,0,0.000,0.000,-1,0,0,0,59.871
11993,0,0,0.000,0.000,-1,0,0,0,58.494
11994,0,0,0.000,0.000,-1,0,0,0,60.556
11995,0,0,0.000,0.000,-1,0,0,0,60.784
11996,0,0,0.000,0.000,-1,0,0,0,59.837
11997,0,0,0.000,0.000,-1,0,0,0,58.921
11998,0,0,0.000,0.000,-1,0,0,0,59.884
11999,0,0,0.000,0.000,-1,0,0,0,58.389
12000,0,1,81.528,84.248,-1,0,0,0,62.149
12001,0,0,0.000,0.000,-1,0,0,0,60.287
12002,0,0,0.000,0.000,-1,0,0,0,58.916
12003,0,0,0.000,0.000,-1,0,0,0,59.197
12004,0,0,0.000,0.000,-1,0,0,0,60.123
12005,0,0,0.000,0.000,-1,0,0,0,57.399
12006,0,0,0.000,0.000,-1,0,0,0,63.099
12007,0,0,0.000,0.000,-1,0,0,0,58.699
12008,0,0,0.000,0.000,-1,0,0,0,59.046
12009,0,0,0.000,0.000,-1,0,0,0,58.956
12010,0,0,0.000,0.000,-1,0,0,0,60.324
12011,0,0,0.000,0.000,-1,0,0,0,60.238
12012,0,0,0.000,0.000,-1,0,0,0,60.665
12013,0,0,0.000,0.000,-1,0,0,0,59.224
12014,0,0,0.000,0.000,-1,0,0,0,60.826
12015,0,0,0.000,0.000,-1,0,0,0,60.460
12016,0,0,0.000,0.000,-1,0,0,0,60.233
12017,0,0,0.000,0.000,-1,0,0,0,60.519
12018,0,0,0.000,0.000,-1,0,0,0,60.256
12019,0,0,0.000,0.000,-1,0,0,0,58.545
12020,0,0,0.000,0.000,-1,0,0,0,60.714
12021,0,0,0.000,0.000,-1,0,0,0,58.906
12022,0,0,0.000,0.000,-1,0,0,0,57.766
12023,0,0,0.000,0.000,-1,0,0,0,58.174
12024,0,0,0.000,0.000,-1,0,0,0,60.193
12025,0,0,0.000,0.000,-1,0,0,0,59.107
12026,0,0,0.000,0.000,-1,0,0,0,56.722
12027,0,0,0.000,0.000,-1,0,0,0,58.575
12028,0,0,0.000,0.000,-1,0,0,0,57.299
12029,0,0,0.000,0.000,-1,0,0,0,58.445
12030,0,0,0.000,0.000,-1,0,0,0,64.551
12031,0,0,0.000,0.000,-1,0,0,0,58.575
12032,0,1,82.816,85.722,-1,0,0,0,59.218
12033,0,0,0.000,0.000,-1,0,0,0,61.409
12034,0,0,0.000,0.000,-1,0,0,0,57.850
12035,0,0,0.000,0.000,-1,0,0,0,58.795
12036,0,0,0.000,0.000,-1,0,0,0,60.360
12037,0,0,0.000,0.000,-1,0,0,0,60.515
12038,0,0,0.000,0.000,-1,0,0,0,58.530
12039,0,0,0.000,0.000,-1,0,0,0,59.160
12040,0,0,0.000,0.000,-1,0,0,0,58.504
12041,0,0,0.000,0.000,-1,0,0,0,58.793
12042,0,0,0.000,0.000,-1,0,0,0,61.148
12043,0,0,0.000,0.000,-1,0,0,0,59.600
12044,0,0,0.000,0.000,-1,0,0,0,58.761
12045,0,0,0.000,0.000,-1,0,0,0,59.033
12046,0,0,0.000,0.000,-1,0,0,0,59.455
12047,0,0,0.000,0.000,-1,0,0,0,58.013
12048,0,0,0.000,0.000,-1,0,0,0,60.456
12049,0,0,0.000,0.000,-1,0,0,0,60.024
12050,0,0,0.000,0.000,-1,0,0,0,60.559
12051,0,0,0.000,0.000,-1,0,0,0,59.763
12052,0,0,0.000,0.000,-1,0,0,0,62.600
12053,0,0,0.000,0.000,-1,0,0,0,60.154
12054,0,0,0.000,0.000,-1,0,0,0,64.638
12055,0,0,0.000,0.000,-1,0,0,0,56.736
12056,0,0,0.000,0.000,-1,0,0,0,60.062
12057,0,0,0.000,0.000,-1,0,0,0,59.230
12058,0,0,0.000,0.000,-1,0,0,0,61.823
12059,0,0,0.000,0.000,-1,0,0,0,59.074
12060,0,0,0.000,0.000,-1,0,0,0,62.884
12061,0,0,0.000,0.000,-1,0,0,0,59.195
12062,0,0,0.000,0.000,-1,0,0,0,61.665
12063,0,0,0.000,0.000,-1,0,0,0,58.950
12064,0,1,81.661,84.405,-1,0,0,0,58.226
12065,0,0,0.000,0.000,-1,0,0,0,61.350
12066,0,0,0.000,0.000,-1,0,0,0,59.553
12067,0,0,0.000,0.000,-1,0,0,0,59.169
12068,0,0,0.000,0.000,-1,0,0,0,59.029
12069,0,0,0.000,0.000,-1,0,0,0,59.708
12070,0,0,0.000,0.000,-1,0,0,0,59.575
12071,0,0,0.000,0.000,-1,0,0,0,59.961
12072,0,0,0.000,0.000,-1,0,0,0,59.906
12073,0,0,0.000,0.000,-1,0,0,0,60.524
12074,0,0,0.000,0.000,-1,0,0,0,58.523
12075,0,0,0.000,0.000,-1,0,0,0,59.333
12076,0,0,0.000,0.000,-1,0,0,0,57.999
12077,0,0,0.000,0.000,-1,0,0,0,58.325
12078,0,0,0.000,0.000,-1,0,0,0,61.476
12079,0,0,0.000,0.000,-1,0,0,0,58.660
12080,0,0,0.000,0.000,-1,0,0,0,58.525
12081,0,0,0.000,0.000,-1,0,0,0,58.768
12082,0,0,0.000,0.000,-1,0,0,0,58.098
12083,0,0,0.000,0.000,-1,0,0,0,57.247
12084,0,0,0.000,0.000,-1,0,0,0,61.470
12085,0,0,0.000,0.000,-1,0,0,0,58.522
12086,0,0,0.000,0.000,-1,0,0,0,58.362
12087,0,0,0.000,0.000,-1,0,0,0,58.797
12088,0,0,0.000,0.000,-1,0,0,0,59.225
12089,0,0,0.000,0.000,-1,0,0,0,58.057
12090,0,0,0.000,0.000,-1,0,0,0,64.344
12091,0,0,0.000,0.000,-1,0,0,0,59.895
12092,0,0,0.000,0.000,-1,0,0,0,60.455
12093,0,0,0.000,0.000,-1,0,0,0,57.623
12094,0,0,0.000,0.000,-1,0,0,0,59.398
12095,0,0,0.000,0.000,-1,0,0,0,57.643
12096,0,1,81.616,84.318,-1,0,0,0,60.709
12097,0,0,0.000,0.000,-1,0,0,0,60.579
12098,0,0,0.000,0.000,-1,0,0,0,57.253
12099,0,0,0.000,0.000,-1,0,0,0,58.379
12100,0,0,0.000,0.000,-1,0,0,0,59.210
12101,0,0,0.000,0.000,-1,0,0,0,57.536
12102,0,0,0.000,0.000,-1,0,0,0,63.070
12103,0,0,0.000,0.000,-1,0,0,0,59.409
12104,0,0,0.000,0.000,-1,0,0,0,58.235
12105,0,0,0.000,0.000,-1,0,0,0,59.317
12106,0,0,0.000,0.000,-1,0,0,0,61.896
12107,0,0,0.000,0.000,-1,0,0,0,58.934
12108,0,0,0.000,0.000,-1,0,0,0,64.379
12109,0,0,0.000,0.000,-1,0,0,0,57.508
12110,0,0,0.000,0.000,-1,0,0,0,57.993
12111,0,0,0.000,0.000,-1,0,0,0,57.595
12112,0,0,0.000,0.000,-1,0,0,0,58.555
12113,0,0,0.000,0.000,-1,0,0,0,63.418
12114,0,0,0.000,0.000,-1,0,0,0,62.481
12115,0,0,0.000,0.000,-1,0,0,0,58.119
12116,0,0,0.000,0.000,-1,0,0,0,59.130
12117,0,0,0.000,0.000,-1,0,0,0,58.239
12118,0,0,0.000,0.000,-1,0,0,0,59.274
12119,0,0,0.000,0.000,-1,0,0,0,57.873
12120,0,0,0.000,0.000,-1,0,0,0,64.777
12121,0,0,0.000,0.000,-1,0,0,0,58.326
12122,0,0,0.000,0.000,-1,0,0,0,58.743
12123,0,0,0.000,0.000,-1,0,0,0,58.392
12124,0,0,0.000,0.000,-1,0,0,0,59.050
12125,0,0,0.000,0.000,-1,0,0,0,57.658
12126,0,0,0.000,0.000,-1,0,0,0,59.993
12127,0,0,0.000,0.000,-1,0,0,0,60.533
12128,0,1,81.580,84.507,-1,0,0,0,59.347
12129,0,0,0.000,0.000,-1,0,0,0,59.317
12130,0,0,0.000,0.000,-1,0,0,0,60.199
12131,0,0,0.000,0.000,-1,0,0,0,58.561
12132,0,0,0.000,0.000,-1,0,0,0,61.096
12133,0,0,0.000,0.000,-1,0,0,0,57.942
12134,0,0,0.000,0.000,-1,0,0,0,60.549
12135,0,0,0.000,0.000,-1,0,0,0,59.388
12136,0,0,0.000,0.000,-1,0,0,0,58.500
12137,0,0,0.000,0.000,-1,0,0,0,61.527
12138,0,0,0.000,0.000,-1,0,0,0,62.562
12139,0,0,0.000,0.000,-1,0,0,0,61.610
12140,0,0,0.000,0.000,-1,0,0,0,59.675
12141,0,0,0.000,0.000,-1,0,0,0,59.957
12142,0,0,0.000,0.000,-1,0,0,0,58.706
12143,0,0,0.000,0.000,-1,0,0,0,58.641
12144,0,0,0.000,0.000,-1,0,0,0,60.828
12145,0,0,0.000,0.000,-1,0,0,0,59.507
12146,0,0,0.000,0.000,-1,0,0,0,58.846
12147,0,0,0.000,0.000,-1,0,0,0,59.766
12148,0,0,0.000,0.000,-1,0,0,0,57.865
12149,0,0,0.000,0.000,-1,0,0,0,58.901
12150,0,0,0.000,0.000,-1,0,0,0,60.756
12151,0,0,0.000,0.000,-1,0,0,0,60.331
12152,0,0,0.000,0.000,-1,0,0,0,59.391
12153,0,0,0.000,0.000,-1,0,0,0,61.047
12154,0,0,0.000,0.000,-1,0,0,0,60.247
12155,0,0,0.000,0.000,-1,0,0,0,59.662
12156,0,0,0.000,0.000,-1,0,0,0,61.038
12157,0,0,0.000,0.000,-1,0,0,0,59.894
12158,0,0,0.000,0.000,-1,0,0,0,59.596
12159,0,0,0.000,0.000,-1,0,0,0,60.488
12160,0,1,82.297,85.145,-1,0,0,0,58.923
12161,0,0,0.000,0.000,-1,0,0,0,58.732
12162,0,0,0.000,0.000,-1,0,0,0,59.742
12163,0,0,0.000,0.000,-1,0,0,0,58.713
12164,0,0,0.000,0.000,-1,0,0,0,61.150
12165,0,0,0.000,0.000,-1,0,0,0,58.757
12166,0,0,0.000,0.000,-1,0,0,0,58.989
12167,0,0,0.000,0.000,-1,0,0,0,57.310
12168,0,0,0.000,0.000,-1,0,0,0,61.137
12169,0,0,0.000,0.000,-1,0,0,0,57.922
12170,0,0,0.000,0.000,-1,0,0,0,59.549
12171,0,0,0.000,0.000,-1,0,0,0,58.278
12172,0,0,0.000,0.000,-1,0,0,0,60.060
12173,0,0,0.000,0.000,-1,0,0,0,59.562
12174,0,0,0.000,0.000,-1,0,0,0,60.598
12175,0,0,0.000,0.000,-1,0,0,0,61.356
12176,0,0,0.000,0.000,-1,0,0,0,59.147
12177,0,0,0.000,0.000,-1,0,0,0,59.142
12178,0,0,0.000,0.000,-1,0,0,0,60.247
12179,0,0,0.000,0.000,-1,0,0,0,59.772
12180,0,0,0.000,0.000,-1,0,0,0,62.922
12181,0,0,0.000,0.000,-1,0,0,0,58.821
12182,0,0,0.000,0.000,-1,0,0,0,59.109
12183,0,0,0.000,0.000,-1,0,0,0,60.439
12184,0,0,0.000,0.000,-1,0,0,0,59.625
12185,0,0,0.000,0.000,-1,0,0,0,60.071
12186,0,0,0.000,0.000,-1,0,0,0,63.573
12187,0,0,0.000,0.000,-1,0,0,0,60.000
12188,0,0,0.000,0.000,-1,0,0,0,58.755
12189,0,0,0.000,0.000,-1,0,0,0,60.014
12190,0,0,0.000,0.000,-1,0,0,0,57.872
12191,0,0,0.000,0.000,-1,0,0,0,58.349
12192,0,1,81.728,84.483,-1,0,0,0,61.051
12193,0,0,0.000,0.000,-1,0,0,0,61.687
12194,0,0,0.000,0.000,-1,0,0,0,58.407
12195,0,0,0.000,0.000,-1,0,0,0,60.818
12196,0,0,0.000,0.000,-1,0,0,0,59.027
12197,0,0,0.000,0.000,-1,0,0,0,57.187
12198,0,0,0.000,0.000,-1,0,0,0,59.722
12199,0,0,0.000,0.000,-1,0,0,0,58.906
12200,0,0,0.000,0.000,-1,0,0,0,59.460
12201,0,0,0.000,0.000,-1,0,0,0,62.038
12202,0,0,0.000,0.000,-1,0,0,0,60.178
12203,0,0,0.000,0.000,-1,0,0,0,59.146
12204,0,0,0.000,0.000,-1,0,0,0,61.773
12205,0,0,0.000,0.000,-1,0,0,0,62.717
12206,0,0,0.000,0.000,-1,0,0,0,58.696
12207,0,0,0.000,0.000,-1,0,0,0,60.125
12208,0,0,0.000,0.000,-1,0,0,0,58.648
12209,0,0,0.000,0.000,-1,0,0,0,59.367
12210,0,0,0.000,0.000,-1,0,0,0,65.799
12211,0,0,0.000,0.000,-1,0,0,0,59.449
12212,0,0,0.000,0.000,-1,0,0,0,58.156
12213,0,0,0.000,0.000,-1,0,0,0,59.664
12214,0,0,0.000,0.000,-1,0,0,0,60.050
12215,0,0,0.000,0.000,-1,0,0,0,61.186
12216,0,0,0.000,0.000,-1,0,0,0,62.289
12217,0,0,0.000,0.000,-1,0,0,0,59.608
12218,0,0,0.000,0.000,-1,0,0,0,59.198
12219,0,0,0.000,0.000,-1,0,0,0,59.098
12220,0,0,0.000,0.000,-1,0,0,0,58.411
12221,0,0,0.000,0.000,-1,0,0,0,58.633
12222,0,0,0.000,0.000,-1,0,0,0,62.197
12223,0,0,0.000,0.000,-1,0,0,0,61.073
12224,0,1,81.445,84.370,-1,0,0,0,58.781
12225,0,0,0.000,0.000,-1,0,0,0,60.907
12226,0,0,0.000,0.000,-1,0,0,0,59.602
12227,0,0,0.000,0.000,-1,0,0,0,58.882
12228,0,0,0.000,0.000,-1,0,0,0,58.962
12229,0,0,0.000,0.000,-1,0,0,0,57.445
12230,0,0,0.000,0.000,-1,0,0,0,60.111
12231,0,0,0.000,0.000,-1,0,0,0,60.392
12232,0,0,0.000,0.000,-1,0,0,0,58.037
12233,0,0,0.000,0.000,-1,0,0,0,58.101
12234,0,0,0.000,0.000,-1,0,0,0,62.030
12235,0,0,0.000,0.000,-1,0,0,0,59.570
12236,0,0,0.000,0.000,-1,0,0,0,59.383
12237,0,0,0.000,0.000,-1,0,0,0,58.761
12238,0,0,0.000,0.000,-1,0,0,0,60.797
12239,0,0,0.000,0.000,-1,0,0,0,60.021
12240,0,0,0.000,0.000,-1,0,0,0,66.007
12241,0,0,0.000,0.000,-1,0,0,0,58.982
12242,0,0,0.000,0.000,-1,0,0,0,59.883
12243,0,0,0.000,0.000,-1,0,0,0,60.270
12244,0,0,0.000,0.000,-1,0,0,0,59.680
12245,0,0,0.000,0.000,-1,0,0,0,58.965
12246,0,0,0.000,0.000,-1,0,0,0,60.962
12247,0,0,0.000,0.000,-1,0,0,0,59.222
12248,0,0,0.000,0.000,-1,0,0,0,58.898
12249,0,0,0.000,0.000,-1,0,0,0,59.614
12250,0,0,0.000,0.000,-1,0,0,0,58.890
12251,0,0,0.000,0.000,-1,0,0,0,60.543
12252,0,0,0.000,0.000,-1,0,0,0,61.870
12253,0,0,0.000,0.000,-1,0,0,0,62.717
12254,0,0,0.000,0.000,-1,0,0,0,58.091
12255,0,0,0.000,0.000,-1,0,0,0,58.424
12256,0,1,81.731,84.677,-1,0,0,0,59.537
12257,0,0,0.000,0.000,-1,0,0,0,61.099
12258,0,0,0.000,0.000,-1,0,0,0,62.382
12259,0,0,0.000,0.000,-1,0,0,0,60.366
12260,0,0,0.000,0.000,-1,0,0,0,58.346
12261,0,0,0.000,0.000,-1,0,0,0,58.822
12262,0,0,0.000,0.000,-1,0,0,0,59.073
12263,0,0,0.000,0.000,-1,0,0,0,58.777
12264,0,0,0.000,0.000,-1,0,0,0,60.961
12265,0,0,0.000,0.000,-1,0,0,0,58.303
12266,0,0,0.000,0.000,-1,0,0,0,59.815
12267,0,0,0.000,0.000,-1,0,0,0,58.516
12268,0,0,0.000,0.000,-1,0,0,0,59.468
12269,0,0,0.000,0.000,-1,0,0,0,59.706
12270,0,0,0.000,0.000,-1,0,0,0,64.609
12271,0,0,0.000,0.000,-1,0,0,0,59.599
12272,0,0,0.000,0.000,-1,0,0,0,58.658
12273,0,0,0.000,0.000,-1,0,0,0,59.217
12274,0,0,0.000,0.000,-1,0,0,0,58.543
12275,0,0,0.000,0.000,-1,0,0,0,59.041
12276,0,0,0.000,0.000,-1,0,0,0,60.487
12277,0,0,0.000,0.000,-1,0,0,0,58.478
12278,0,0,0.000,0.000,-1,0,0,0,60.031
12279,0,0,0.000,0.000,-1,0,0,0,57.147
12280,0,0,0.000,0.000,-1,0,0,0,58.261
12281,0,0,0.000,0.000,-1,0,0,0,58.967
12282,0,0,0.000,0.000,-1,0,0,0,62.545
12283,0,0,0.000,0.000,-1,0,0,0,58.823
12284,0,0,0.000,0.000,-1,0,0,0,58.162
12285,0,0,0.000,0.000,-1,0,0,0,57.740
12286,0,0,0.000,0.000,-1,0,0,0,60.220
12287,0,0,0.000,0.000,-1,0,0,0,58.192
12288,0,1,81.827,84.599,-1,0,0,0,61.185
12289,0,0,0.000,0.000,-1,0,0,0,59.078
12290,0,0,0.000,0.000,-1,0,0,0,59.791
12291,0,0,0.000,0.000,-1,0,0,0,60.367
12292,0,0,0.000,0.000,-1,0,0,0,57.391
12293,0,0,0.000,0.000,-1,0,0,0,58.966
12294,0,0,0.000,0.000,-1,0,0,0,61.774
12295,0,0,0.000,0.000,-1,0,0,0,59.065
12296,0,0,0.000,0.000,-1,0,0,0,58.529
12297,0,0,0.000,0.000,-1,0,0,0,60.038
12298,0,0,0.000,0.000,-1,0,0,0,59.681
12299,0,0,0.000,0.000,-1,0,0,0,59.322
12300,0,0,0.000,0.000,-1,0,0,0,63.757
12301,0,0,0.000,0.000,-1,0,0,0,59.502
12302,0,0,0.000,0.000,-1,0,0,0,59.312
12303,0,0,0.000,0.000,-1,0,0,0,59.012
12304,0,0,0.000,0.000,-1,0,0,0,59.478
12305,0,0,0.000,0.000,-1,0,0,0,59.436
12306,0,0,0.000,0.000,-1,0,0,0,60.438
12307,0,0,0.000,0.000,-1,0,0,0,58.373
12308,0,0,0.000,0.000,-1,0,0,0,59.120
12309,0,0,0.000,0.000,-1,0,0,0,59.949
12310,0,0,0.000,0.000,-1,0,0,0,59.486
12311,0,0,0.000,0.000,-1,0,0,0,58.527
12312,0,0,0.000,0.000,-1,0,0,0,61.568
12313,0,0,0.000,0.000,-1,0,0,0,59.247
12314,0,0,0.000,0.000,-1,0,0,0,61.125
12315,0,0,0.000,0.000,-1,0,0,0,60.221
12316,0,0,0.000,0.000,-1,0,0,0,58.936
12317,0,0,0.000,0.000,-1,0,0,0,59.486
12318,0,0,0.000,0.000,-1,0,0,0,61.022
12319,0,0,0.000,0.000,-1,0,0,0,59.075
12320,0,1,81.737,85.561,-1,0,0,0,59.600
12321,0,0,0.000,0.000,-1,0,0,0,59.741
12322,0,0,0.000,0.000,-1,0,0,0,60.334
12323,0,0,0.000,0.000,-1,0,0,0,59.295
12324,0,0,0.000,0.000,-1,0,0,0,60.975
12325,0,0,0.000,0.000,-1,0,0,0,58.793
12326,0,0,0.000,0.000,-1,0,0,0,58.085
12327,0,0,0.000,0.000,-1,0,0,0,60.935
12328,0,0,0.000,0.000,-1,0,0,0,60.744
12329,0,0,0.000,0.000,-1,0,0,0,58.956
12330,0,0,0.000,0.000,-1,0,0,0,66.036
12331,0,0,0.000,0.000,-1,0,0,0,58.150
12332,0,0,0.000,0.000,-1,0,0,0,59.655
12333,0,0,0.000,0.000,-1,0,0,0,61.170
12334,0,0,0.000,0.000,-1,0,0,0,60.799
12335,0,0,0.000,0.000,-1,0,0,0,59.183
12336,0,0,0.000,0.000,-1,0,0,0,63.356
12337,0,0,0.000,0.000,-1,0,0,0,59.330
12338,0,0,0.000,0.000,-1,0,0,0,60.911
12339,0,0,0.000,0.000,-1,0,0,0,58.701
12340,0,0,0.000,0.000,-1,0,0,0,60.305
12341,0,0,0.000,0.000,-1,0,0,0,60.094
12342,0,0,0.000,0.000,-1,0,0,0,61.342
12343,0,0,0.000,0.000,-1,0,0,0,59.448
12344,0,0,0.000,0.000,-1,0,0,0,58.229
12345,0,0,0.000,0.000,-1,0,0,0,58.567
12346,0,0,0.000,0.000,-1,0,0,0,58.358
12347,0,0,0.000,0.000,-1,0,0,0,59.436
12348,0,0,0.000,0.000,-1,0,0,0,61.248
12349,0,0,0.000,0.000,-1,0,0,0,59.784
12350,0,0,0.000,0.000,-1,0,0,0,59.683
12351,0,0,0.000,0.000,-1,0,0,0,60.663
12352,0,1,81.648,84.499,-1,0,0,0,59.268
12353,0,0,0.000,0.000,-1,0,0,0,59.864
12354,0,0,0.000,0.000,-1,0,0,0,61.270
12355,0,0,0.000,0.000,-1,0,0,0,61.245
12356,0,0,0.000,0.000,-1,0,0,0,60.871
12357,0,0,0.000,0.000,-1,0,0,0,61.906
12358,0,0,0.000,0.000,-1,0,0,0,59.427
12359,0,0,0.000,0.000,-1,0,0,0,58.595
12360,0,0,0.000,0.000,-1,0,0,0,63.248
12361,0,0,0.000,0.000,-1,0,0,0,60.565
12362,0,0,0.000,0.000,-1,0,0,0,59.336
12363,0,0,0.000,0.000,-1,0,0,0,59.272
12364,0,0,0.000,0.000,-1,0,0,0,62.559
12365,0,0,0.000,0.000,-1,0,0,0,59.494
12366,0,0,0.000,0.000,-1,0,0,0,61.196
12367,0,0,0.000,0.000,-1,0,0,0,59.808
12368,0,0,0.000,0.000,-1,0,0,0,61.241
12369,0,0,0.000,0.000,-1,0,0,0,59.179
12370,0,0,0.000,0.000,-1,0,0,0,60.474
12371,0,0,0.000,0.000,-1,0,0,0,59.640
12372,0,0,0.000,0.000,-1,0,0,0,61.352
12373,0,0,0.000,0.000,-1,0,0,0,58.990
12374,0,0,0.000,0.000,-1,0,0,0,58.080
12375,0,0,0.000,0.000,-1,0,0,0,60.605
12376,0,0,0.000,0.000,-1,0,0,0,59.556
12377,0,0,0.000,0.000,-1,0,0,0,60.945
12378,0,0,0.000,0.000,-1,0,0,0,64.197
12379,0,0,0.000,0.000,-1,0,0,0,58.962
12380,0,0,0.000,0.000,-1,0,0,0,58.879
12381,0,0,0.000,0.000,-1,0,0,0,57.226
12382,0,0,0.000,0.000,-1,0,0,0,58.587
12383,0,0,0.000,0.000,-1,0,0,0,59.637
12384,0,1,81.553,84.224,-1,0,0,0,62.457
12385,0,0,0.000,0.000,-1,0,0,0,59.822
12386,0,0,0.000,0.000,-1,0,0,0,59.641
12387,0,0,0.000,0.000,-1,0,0,0,58.569
12388,0,0,0.000,0.000,-1,0,0,0,58.993
12389,0,0,0.000,0.000,-1,0,0,0,59.369
12390,0,0,0.000,0.000,-1,0,0,0,65.626
12391,0,0,0.000,0.000,-1,0,0,0,60.037
12392,0,0,0.000,0.000,-1,0,0,0,58.049
12393,0,0,0.000,0.000,-1,0,0,0,57.744
12394,0,0,0.000,0.000,-1,0,0,0,61.028
12395,0,0,0.000,0.000,-1,0,0,0,60.050
12396,0,0,0.000,0.000,-1,0,0,0,61.512
12397,0,0,0.000,0.000,-1,0,0,0,59.249
12398,0,0,0.000,0.000,-1,0,0,0,59.253
12399,0,0,0.000,0.000,-1,0,0,0,60.250
12400,0,0,0.000,0.000,-1,0,0,0,58.255
12401,0,0,0.000,0.000,-1,0,0,0,58.749
12402,0,0,0.000,0.000,-1,0,0,0,61.776
12403,0,0,0.000,0.000,-1,0,0,0,59.558
12404,0,0,0.000,0.000,-1,0,0,0,59.636
12405,0,0,0.000,0.000,-1,0,0,0,59.891
12406,0,0,0.000,0.000,-1,0,0,0,60.087
12407,0,0,0.000,0.000,-1,0,0,0,59.693
12408,0,0,0.000,0.000,-1,0,0,0,61.475
12409,0,0,0.000,0.000,-1,0,0,0,60.261
12410,0,0,0.000,0.000,-1,0,0,0,59.340
12411,0,0,0.000,0.000,-1,0,0,0,58.376
12412,0,0,0.000,0.000,-1,0,0,0,58.740
12413,0,0,0.000,0.000,-1,0,0,0,60.486
12414,0,0,0.000,0.000,-1,0,0,0,60.897
12415,0,0,0.000,0.000,-1,0,0,0,62.088
12416,0,1,82.702,85.572,-1,0,0,0,60.227
12417,0,0,0.000,0.000,-1,0,0,0,62.206
12418,0,0,0.000,0.000,-1,0,0,0,58.822
12419,0,0,0.000,0.000,-1,0,0,0,58.314
12420,0,0,0.000,0.000,-1,0,0,0,63.619
12421,0,0,0.000,0.000,-1,0,0,0,60.599
12422,0,0,0.000,0.000,-1,0,0,0,59.445
12423,0,0,0.000,0.000,-1,0,0,0,59.136
12424,0,0,0.000,0.000,-1,0,0,0,58.594
12425,0,0,0.000,0.000,-1,0,0,0,59.909
12426,0,0,0.000,0.000,-1,0,0,0,62.121
12427,0,0,0.000,0.000,-1,0,0,0,59.211
12428,0,0,0.000,0.000,-1,0,0,0,60.565
12429,0,0,0.000,0.000,-1,0,0,0,59.815
12430,0,0,0.000,0.000,-1,0,0,0,58.699
12431,0,0,0.000,0.000,-1,0,0,0,59.421
12432,0,0,0.000,0.000,-1,0,0,0,61.029
12433,0,0,0.000,0.000,-1,0,0,0,57.741
12434,0,0,0.000,0.000,-1,0,0,0,59.883
12435,0,0,0.000,0.000,-1,0,0,0,59.902
12436,0,0,0.000,0.000,-1,0,0,0,60.138
12437,0,0,0.000,0.000,-1,0,0,0,60.621
12438,0,0,0.000,0.000,-1,0,0,0,61.111
12439,0,0,0.000,0.000,-1,0,0,0,58.960
12440,0,0,0.000,0.000,-1,0,0,0,59.839
12441,0,0,0.000,0.000,-1,0,0,0,58.561
12442,0,0,0.000,0.000,-1,0,0,0,58.556
12443,0,0,0.000,0.000,-1,0,0,0,58.821
12444,0,0,0.000,0.000,-1,0,0,0,62.032
12445,0,0,0.000,0.000,-1,0,0,0,59.403
12446,0,0,0.000,0.000,-1,0,0,0,58.182
12447,0,0,0.000,0.000,-1,0,0,0,58.659
12448,0,1,81.718,84.566,-1,0,0,0,61.463
12449,0,0,0.000,0.000,-1,0,0,0,59.206
12450,0,0,0.000,0.000,-1,0,0,0,62.517
12451,0,0,0.000,0.000,-1,0,0,0,61.185
12452,0,0,0.000,0.000,-1,0,0,0,61.760
12453,0,0,0.000,0.000,-1,0,0,0,59.248
12454,0,0,0.000,0.000,-1,0,0,0,62.551
12455,0,0,0.000,0.000,-1,0,0,0,58.537
12456,0,0,0.000,0.000,-1,0,0,0,58.975
12457,0,0,0.000,0.000,-1,0,0,0,59.629
12458,0,0,0.000,0.000,-1,0,0,0,61.099
12459,0,0,0.000,0.000,-1,0,0,0,59.212
12460,0,0,0.000,0.000,-1,0,0,0,59.872
12461,0,0,0.000,0.000,-1,0,0,0,59.691
12462,0,0,0.000,0.000,-1,0,0,0,62.447
12463,0,0,0.000,0.000,-1,0,0,0,60.189
12464,0,0,0.000,0.000,-1,0,0,0,58.426
12465,0,0,0.000,0.000,-1,0,0,0,58.933
12466,0,0,0.000,0.000,-1,0,0,0,58.389
12467,0,0,0.000,0.000,-1,0,0,0,59.229
12468,0,0,0.000,0.000,-1,0,0,0,60.292
12469,0,0,0.000,0.000,-1,0,0,0,61.228
12470,0,0,0.000,0.000,-1,0,0,0,59.438
12471,0,0,0.000,0.000,-1,0,0,0,57.923
12472,0,0,0.000,0.000,-1,0,0,0,61.280
12473,0,0,0.000,0.000,-1,0,0,0,60.506
12474,0,0,0.000,0.000,-1,0,0,0,62.698
12475,0,0,0.000,0.000,-1,0,0,0,57.622
12476,0,0,0.000,0.000,-1,0,0,0,58.563
12477,0,0,0.000,0.000,-1,0,0,0,58.021
12478,0,0,0.000,0.000,-1,0,0,0,59.861
12479,0,0,0.000,0.000,-1,0,0,0,59.862
12480,0,1,81.982,84.628,-1,0,0,0,62.839
12481,0,0,0.000,0.000,-1,0,0,0,58.488
12482,0,0,0.000,0.000,-1,0,0,0,58.560
12483,0,0,0.000,0.000,-1,0,0,0,58.491
12484,0,0,0.000,0.000,-1,0,0,0,58.724
12485,0,0,0.000,0.000,-1,0,0,0,58.591
12486,0,0,0.000,0.000,-1,0,0,0,61.171
12487,0,0,0.000,0.000,-1,0,0,0,58.399
12488,0,0,0.000,0.000,-1,0,0,0,60.542
12489,0,0,0.000,0.000,-1,0,0,0,58.038
12490,0,0,0.000,0.000,-1,0,0,0,58.374
12491,0,0,0.000,0.000,-1,0,0,0,59.422
12492,0,0,0.000,0.000,-1,0,0,0,61.171
12493,0,0,0.000,0.000,-1,0,0,0,62.523
12494,0,0,0.000,0.000,-1,0,0,0,59.489
12495,0,0,0.000,0.000,-1,0,0,0,61.198
12496,0,0,0.000,0.000,-1,0,0,0,58.241
12497,0,0,0.000,0.000,-1,0,0,0,57.630
12498,0,0,0.000,0.000,-1,0,0,0,60.566
12499,0,0,0.000,0.000,-1,0,0,0,58.639
12500,0,0,0.000,0.000,-1,0,0,0,59.031
12501,0,0,0.000,0.000,-1,0,0,0,58.339
12502,0,0,0.000,0.000,-1,0,0,0,64.355
12503,0,0,0.000,0.000,-1,0,0,0,59.216
12504,0,0,0.000,0.000,-1,0,0,0,61.206
12505,0,0,0.000,0.000,-1,0,0,0,59.751
12506,0,0,0.000,0.000,-1,0,0,0,59.638
12507,0,0,0.000,0.000,-1,0,0,0,60.403
12508,0,0,0.000,0.000,-1,0,0,0,59.183
12509,0,0,0.000,0.000,-1,0,0,0,58.341
12510,0,0,0.000,0.000,-1,0,0,0,64.072
12511,0,0,0.000,0.000,-1,0,0,0,58.780
12512,0,1,83.027,85.842,-1,0,0,0,62.451
12513,0,0,0.000,0.000,-1,0,0,0,59.084
12514,0,0,0.000,0.000,-1,0,0,0,58.358
12515,0,0,0.000,0.000,-1,0,0,0,60.148
12516,0,0,0.000,0.000,-1,0,0,0,61.148
12517,0,0,0.000,0.000,-1,0,0,0,59.887
12518,0,0,0.000,0.000,-1,0,0,0,60.265
12519,0,0,0.000,0.000,-1,0,0,0,59.964
12520,0,0,0.000,0.000,-1,0,0,0,59.349
12521,0,0,0.000,0.000,-1,0,0,0,58.943
12522,0,0,0.000,0.000,-1,0,0,0,61.552
12523,0,0,0.000,0.000,-1,0,0,0,60.466
12524,0,0,0.000,0.000,-1,0,0,0,60.323
12525,0,0,0.000,0.000,-1,0,0,0,60.593
12526,0,0,0.000,0.000,-1,0,0,0,57.681
12527,0,0,0.000,0.000,-1,0,0,0,57.741
12528,0,0,0.000,0.000,-1,0,0,0,60.665
12529,0,0,0.000,0.000,-1,0,0,0,65.766
12530,0,0,0.000,0.000,-1,0,0,0,59.023
12531,0,0,0.000,0.000,-1,0,0,0,59.085
12532,0,0,0.000,0.000,-1,0,0,0,59.711
12533,0,0,0.000,0.000,-1,0,0,0,60.651
12534,0,0,0.000,0.000,-1,0,0,0,61.044
12535,0,0,0.000,0.000,-1,0,0,0,59.584
12536,0,0,0.000,0.000,-1,0,0,0,61.813
12537,0,0,0.000,0.000,-1,0,0,0,59.402
12538,0,0,0.000,0.000,-1,0,0,0,58.928
12539,0,0,0.000,0.000,-1,0,0,0,60.318
12540,0,0,0.000,0.000,-1,0,0,0,65.484
12541,0,0,0.000,0.000,-1,0,0,0,59.806
12542,0,0,0.000,0.000,-1,0,0,0,59.740
12543,0,0,0.000,0.000,-1,0,0,0,61.038
12544,0,1,81.675,84.610,-1,0,0,0,60.316
12545,0,0,0.000,0.000,-1,0,0,0,61.430
12546,0,0,0.000,0.000,-1,0,0,0,63.108
12547,0,0,0.000,0.000,-1,0,0,0,59.602
12548,0,0,0.000,0.000,-1,0,0,0,60.179
12549,0,0,0.000,0.000,-1,0,0,0,60.445
12550,0,0,0.000,0.000,-1,0,0,0,60.821
12551,0,0,0.000,0.000,-1,0,0,0,59.585
12552,0,0,0.000,0.000,-1,0,0,0,62.561
12553,0,0,0.000,0.000,-1,0,0,0,58.821
12554,0,0,0.000,0.000,-1,0,0,0,60.287
12555,0,0,0.000,0.000,-1,0,0,0,60.349
12556,0,0,0.000,0.000,-1,0,0,0,57.527
12557,0,0,0.000,0.000,-1,0,0,0,58.059
12558,0,0,0.000,0.000,-1,0,0,0,61.510
12559,0,0,0.000,0.000,-1,0,0,0,61.509
12560,0,0,0.000,0.000,-1,0,0,0,59.295
12561,0,0,0.000,0.000,-1,0,0,0,57.242
12562,0,0,0.000,0.000,-1,0,0,0,57.895
12563,0,0,0.000,0.000,-1,0,0,0,59.640
12564,0,0,0.000,0.000,-1,0,0,0,60.324
12565,0,0,0.000,0.000,-1,0,0,0,58.137
12566,0,0,0.000,0.000,-1,0,0,0,58.992
12567,0,0,0.000,0.000,-1,0,0,0,58.213
12568,0,0,0.000,0.000,-1,0,0,0,62.164
12569,0,0,0.000,0.000,-1,0,0,0,58.866
12570,0,0,0.000,0.000,-1,0,0,0,66.692
12571,0,0,0.000,0.000,-1,0,0,0,62.585
12572,0,0,0.000,0.000,-1,0,0,0,60.492
12573,0,0,0.000,0.000,-1,0,0,0,60.555
12574,0,0,0.000,0.000,-1,0,0,0,60.498
12575,0,0,0.000,0.000,-1,0,0,0,57.728
12576,0,1,82.065,84.697,-1,0,0,0,60.174
12577,0,0,0.000,0.000,-1,0,0,0,59.523
12578,0,0,0.000,0.000,-1,0,0,0,60.428
12579,0,0,0.000,0.000,-1,0,0,0,59.265
12580,0,0,0.000,0.000,-1,0,0,0,59.333
12581,0,0,0.000,0.000,-1,0,0,0,59.662
12582,0,0,0.000,0.000,-1,0,0,0,60.532
12583,0,0,0.000,0.000,-1,0,0,0,58.530
12584,0,0,0.000,0.000,-1,0,0,0,60.533
12585,0,0,0.000,0.000,-1,0,0,0,59.681
12586,0,0,0.000,0.000,-1,0,0,0,61.821
12587,0,0,0.000,0.000,-1,0,0,0,59.292
12588,0,0,0.000,0.000,-1,0,0,0,62.055
12589,0,0,0.000,0.000,-1,0,0,0,60.107
12590,0,0,0.000,0.000,-1,0,0,0,60.935
12591,0,0,0.000,0.000,-1,0,0,0,57.750
12592,0,0,0.000,0.000,-1,0,0,0,58.000
12593,0,0,0.000,0.000,-1,0,0,0,62.534
12594,0,0,0.000,0.000,-1,0,0,0,63.483
12595,0,0,0.000,0.000,-1,0,0,0,60.029
12596,0,0,0.000,0.000,-1,0,0,0,61.244
12597,0,0,0.000,0.000,-1,0,0,0,59.931
12598,0,0,0.000,0.000,-1,0,0,0,58.716
12599,0,0,0.000,0.000,-1,0,0,0,60.693
12600,0,0,0.000,0.000,-1,0,0,0,62.776
12601,0,0,0.000,0.000,-1,0,0,0,59.888
12602,0,0,0.000,0.000,-1,0,0,0,63.053
12603,0,0,0.000,0.000,-1,0,0,0,61.442
12604,0,0,0.000,0.000,-1,0,0,0,60.418
12605,0,0,0.000,0.000,-1,0,0,0,59.447
12606,0,0,0.000,0.000,-1,0,0,0,61.397
12607,0,0,0.000,0.000,-1,0,0,0,60.923
12608,0,1,81.811,84.639,-1,0,0,0,60.158
12609,0,0,0.000,0.000,-1,0,0,0,61.259
12610,0,0,0.000,0.000,-1,0,0,0,58.520
12611,0,0,0.000,0.000,-1,0,0,0,59.700
12612,0,0,0.000,0.000,-1,0,0,0,65.353
12613,0,0,0.000,0.000,-1,0,0,0,58.206
12614,0,0,0.000,0.000,-1,0,0,0,58.176
12615,0,0,0.000,0.000,-1,0,0,0,61.554
12616,0,0,0.000,0.000,-1,0,0,0,59.877
12617,0,0,0.000,0.000,-1,0,0,0,59.973
12618,0,0,0.000,0.000,-1,0,0,0,61.692
12619,0,0,0.000,0.000,-1,0,0,0,58.585
12620,0,0,0.000,0.000,-1,0,0,0,59.604
12621,0,0,0.000,0.000,-1,0,0,0,61.062
12622,0,0,0.000,0.000,-1,0,0,0,60.147
12623,0,0,0.000,0.000,-1,0,0,0,60.308
12624,0,0,0.000,0.000,-1,0,0,0,61.197
12625,0,0,0.000,0.000,-1,0,0,0,59.316
12626,0,0,0.000,0.000,-1,0,0,0,59.672
12627,0,0,0.000,0.000,-1,0,0,0,59.667
12628,0,0,0.000,0.000,-1,0,0,0,62.077
12629,0,0,0.000,0.000,-1,0,0,0,60.010
12630,0,0,0.000,0.000,-1,0,0,0,63.182
12631,0,0,0.000,0.000,-1,0,0,0,67.073
12632,0,0,0.000,0.000,-1,0,0,0,58.928
12633,0,0,0.000,0.000,-1,0,0,0,60.118
12634,0,0,0.000,0.000,-1,0,0,0,62.100
12635,0,0,0.000,0.000,-1,0,0,0,60.218
12636,0,0,0.000,0.000,-1,0,0,0,62.061
12637,0,0,0.000,0.000,-1,0,0,0,58.807
12638,0,0,0.000,0.000,-1,0,0,0,59.120
12639,0,0,0.000,0.000,-1,0,0,0,60.388
12640,0,1,81.694,84.594,-1,0,0,0,59.440
12641,0,0,0.000,0.000,-1,0,0,0,60.485
12642,0,0,0.000,0.000,-1,0,0,0,63.944
12643,0,0,0.000,0.000,-1,0,0,0,60.404
12644,0,0,0.000,0.000,-1,0,0,0,61.166
12645,0,0,0.000,0.000,-1,0,0,0,60.000
12646,0,0,0.000,0.000,-1,0,0,0,60.268
12647,0,0,0.000,0.000,-1,0,0,0,63.025
12648,0,0,0.000,0.000,-1,0,0,0,63.907
12649,0,0,0.000,0.000,-1,0,0,0,60.436
12650,0,0,0.000,0.000,-1,0,0,0,60.230
12651,0,0,0.000,0.000,-1,0,0,0,60.011
12652,0,0,0.000,0.000,-1,0,0,0,60.584
12653,0,0,0.000,0.000,-1,0,0,0,58.457
12654,0,0,0.000,0.000,-1,0,0,0,63.744
12655,0,0,0.000,0.000,-1,0,0,0,59.776
12656,0,0,0.000,0.000,-1,0,0,0,61.318
12657,0,0,0.000,0.000,-1,0,0,0,57.569
12658,0,0,0.000,0.000,-1,0,0,0,59.280
12659,0,0,0.000,0.000,-1,0,0,0,58.747
12660,0,0,0.000,0.000,-1,0,0,0,62.127
12661,0,0,0.000,0.000,-1,0,0,0,58.969
12662,0,0,0.000,0.000,-1,0,0,0,60.710
12663,0,0,0.000,0.000,-1,0,0,0,58.835
12664,0,0,0.000,0.000,-1,0,0,0,61.644
12665,0,0,0.000,0.000,-1,0,0,0,59.330
12666,0,0,0.000,0.000,-1,0,0,0,63.356
12667,0,0,0.000,0.000,-1,0,0,0,58.790
12668,0,0,0.000,0.000,-1,0,0,0,59.823
12669,0,0,0.000,0.000,-1,0,0,0,58.893
12670,0,0,0.000,0.000,-1,0,0,0,60.916
12671,0,0,0.000,0.000,-1,0,0,0,62.363
12672,0,1,81.799,84.491,-1,0,0,0,62.825
12673,0,0,0.000,0.000,-1,0,0,0,58.456
12674,0,0,0.000,0.000,-1,0,0,0,59.998
12675,0,0,0.000,0.000,-1,0,0,0,60.991
12676,0,0,0.000,0.000,-1,0,0,0,61.409
12677,0,0,0.000,0.000,-1,0,0,0,60.132
12678,0,0,0.000,0.000,-1,0,0,0,63.180
12679,0,0,0.000,0.000,-1,0,0,0,59.216
12680,0,0,0.000,0.000,-1,0,0,0,59.740
12681,0,0,0.000,0.000,-1,0,0,0,61.867
12682,0,0,0.000,0.000,-1,0,0,0,58.528
12683,0,0,0.000,0.000,-1,0,0,0,59.317
12684,0,0,0.000,0.000,-1,0,0,0,60.460
12685,0,0,0.000,0.000,-1,0,0,0,60.836
12686,0,0,0.000,0.000,-1,0,0,0,62.307
12687,0,0,0.000,0.000,-1,0,0,0,59.570
12688,0,0,0.000,0.000,-1,0,0,0,59.893
12689,0,0,0.000,0.000,-1,0,0,0,57.941
12690,0,0,0.000,0.000,-1,0,0,0,62.515
12691,0,0,0.000,0.000,-1,0,0,0,60.693
12692,0,0,0.000,0.000,-1,0,0,0,61.149
12693,0,0,0.000,0.000,-1,0,0,0,59.265
12694,0,0,0.000,0.000,-1,0,0,0,59.410
12695,0,0,0.000,0.000,-1,0,0,0,61.520
12696,0,0,0.000,0.000,-1,0,0,0,62.201
12697,0,0,0.000,0.000,-1,0,0,0,62.060
12698,0,0,0.000,0.000,-1,0,0,0,58.642
12699,0,0,0.000,0.000,-1,0,0,0,59.641
12700,0,0,0.000,0.000,-1,0,0,0,58.510
12701,0,0,0.000,0.000,-1,0,0,0,58.052
12702,0,0,0.000,0.000,-1,0,0,0,63.165
12703,0,0,0.000,0.000,-1,0,0,0,59.863
12704,0,1,81.483,84.322,-1,0,0,0,58.565
12705,0,0,0.000,0.000,-1,0,0,0,59.985
12706,0,0,0.000,0.000,-1,0,0,0,58.635
12707,0,0,0.000,0.000,-1,0,0,0,61.335
12708,0,0,0.000,0.000,-1,0,0,0,63.618
12709,0,0,0.000,0.000,-1,0,0,0,61.688
12710,0,0,0.000,0.000,-1,0,0,0,59.009
12711,0,0,0.000,0.000,-1,0,0,0,59.793
12712,0,0,0.000,0.000,-1,0,0,0,58.485
12713,0,0,0.000,0.000,-1,0,0,0,58.852
12714,0,0,0.000,0.000,-1,0,0,0,63.423
12715,0,0,0.000,0.000,-1,0,0,0,58.145
12716,0,0,0.000,0.000,-1,0,0,0,60.913
12717,0,0,0.000,0.000,-1,0,0,0,59.333
12718,0,0,0.000,0.000,-1,0,0,0,58.044
12719,0,0,0.000,0.000,-1,0,0,0,60.727
12720,0,0,0.000,0.000,-1,0,0,0,66.263
12721,0,0,0.000,0.000,-1,0,0,0,59.710
12722,0,0,0.000,0.000,-1,0,0,0,59.445
12723,0,0,0.000,0.000,-1,0,0,0,60.936
12724,0,0,0.000,0.000,-1,0,0,0,60.889
12725,0,0,0.000,0.000,-1,0,0,0,61.465
12726,0,0,0.000,0.000,-1,0,0,0,60.576
12727,0,0,0.000,0.000,-1,0,0,0,58.837
12728,0,0,0.000,0.000,-1,0,0,0,62.943
12729,0,0,0.000,0.000,-1,0,0,0,61.913
12730,0,0,0.000,0.000,-1,0,0,0,58.783
12731,0,0,0.000,0.000,-1,0,0,0,59.709
12732,0,0,0.000,0.000,-1,0,0,0,62.062
12733,0,0,0.000,0.000,-1,0,0,0,60.259
12734,0,0,0.000,0.000,-1,0,0,0,58.118
12735,0,0,0.000,0.000,-1,0,0,0,58.417
12736,0,1,82.131,85.069,-1,0,0,0,59.497
12737,0,0,0.000,0.000,-1,0,0,0,60.076
12738,0,0,0.000,0.000,-1,0,0,0,63.042
12739,0,0,0.000,0.000,-1,0,0,0,61.728
12740,0,0,0.000,0.000,-1,0,0,0,60.067
12741,0,0,0.000,0.000,-1,0,0,0,59.148
12742,0,0,0.000,0.000,-1,0,0,0,60.098
12743,0,0,0.000,0.000,-1,0,0,0,61.414
12744,0,0,0.000,0.000,-1,0,0,0,60.992
12745,0,0,0.000,0.000,-1,0,0,0,58.522
12746,0,0,0.000,0.000,-1,0,0,0,60.278
12747,0,0,0.000,0.000,-1,0,0,0,59.264
12748,0,0,0.000,0.000,-1,0,0,0,58.858
12749,0,0,0.000,0.000,-1,0,0,0,68.502
12750,0,0,0.000,0.000,-1,0,0,0,67.162
12751,0,0,0.000,0.000,-1,0,0,0,58.156
12752,0,0,0.000,0.000,-1,0,0,0,57.650
12753,0,0,0.000,0.000,-1,0,0,0,58.169
12754,0,0,0.000,0.000,-1,0,0,0,59.564
12755,0,0,0.000,0.000,-1,0,0,0,60.606
12756,0,0,0.000,0.000,-1,0,0,0,60.941
12757,0,0,0.000,0.000,-1,0,0,0,60.238
12758,0,0,0.000,0.000,-1,0,0,0,59.930
12759,0,0,0.000,0.000,-1,0,0,0,60.458
12760,0,0,0.000,0.000,-1,0,0,0,60.363
12761,0,0,0.000,0.000,-1,0,0,0,60.642
12762,0,0,0.000,0.000,-1,0,0,0,60.931
12763,0,0,0.000,0.000,-1,0,0,0,59.657
12764,0,0,0.000,0.000,-1,0,0,0,60.051
12765,0,0,0.000,0.000,-1,0,0,0,60.737
12766,0,0,0.000,0.000,-1,0,0,0,60.322
12767,0,0,0.000,0.000,-1,0,0,0,60.224
12768,0,1,81.720,84.535,-1,0,0,0,65.136
12769,0,0,0.000,0.000,-1,0,0,0,62.574
12770,0,0,0.000,0.000,-1,0,0,0,58.771
12771,0,0,0.000,0.000,-1,0,0,0,61.109
12772,0,0,0.000,0.000,-1,0,0,0,60.020
12773,0,0,0.000,0.000,-1,0,0,0,58.157
12774,0,0,0.000,0.000,-1,0,0,0,59.476
12775,0,0,0.000,0.000,-1,0,0,0,57.837
12776,0,0,0.000,0.000,-1,0,0,0,58.976
12777,0,0,0.000,0.000,-1,0,0,0,59.968
12778,0,0,0.000,0.000,-1,0,0,0,58.729
12779,0,0,0.000,0.000,-1,0,0,0,59.186
12780,0,0,0.000,0.000,-1,0,0,0,62.439
12781,0,0,0.000,0.000,-1,0,0,0,60.532
12782,0,0,0.000,0.000,-1,0,0,0,57.255
12783,0,0,0.000,0.000,-1,0,0,0,58.497
12784,0,0,0.000,0.000,-1,0,0,0,58.746
12785,0,0,0.000,0.000,-1,0,0,0,59.301
12786,0,0,0.000,0.000,-1,0,0,0,60.889
12787,0,0,0.000,0.000,-1,0,0,0,59.968
12788,0,0,0.000,0.000,-1,0,0,0,57.846
12789,0,0,0.000,0.000,-1,0,0,0,59.192
12790,0,0,0.000,0.000,-1,0,0,0,59.287
12791,0,0,0.000,0.000,-1,0,0,0,58.111
12792,0,0,0.000,0.000,-1,0,0,0,60.584
12793,0,0,0.000,0.000,-1,0,0,0,58.881
12794,0,0,0.000,0.000,-1,0,0,0,58.621
12795,0,0,0.000,0.000,-1,0,0,0,58.676
12796,0,0,0.000,0.000,-1,0,0,0,58.745
12797,0,0,0.000,0.000,-1,0,0,0,59.934
12798,0,0,0.000,0.000,-1,0,0,0,60.245
12799,0,0,0.000,0.000,-1,0,0,0,58.488
12800,0,1,82.799,85.472,-1,0,0,0,59.148
12801,0,0,0.000,0.000,-1,0,0,0,58.229
12802,0,0,0.000,0.000,-1,0,0,0,59.518
12803,0,0,0.000,0.000,-1,0,0,0,60.313
12804,0,0,0.000,0.000,-1,0,0,0,62.753
12805,0,0,0.000,0.000,-1,0,0,0,60.246
12806,0,0,0.000,0.000,-1,0,0,0,59.108
12807,0,0,0.000,0.000,-1,0,0,0,59.819
12808,0,0,0.000,0.000,-1,0,0,0,60.307
12809,0,0,0.000,0.000,-1,0,0,0,58.617
12810,0,0,0.000,0.000,-1,0,0,0,69.180
12811,0,0,0.000,0.000,-1,0,0,0,60.814
12812,0,0,0.000,0.000,-1,0,0,0,58.741
12813,0,0,0.000,0.000,-1,0,0,0,59.159
12814,0,0,0.000,0.000,-1,0,0,0,59.984
12815,0,0,0.000,0.000,-1,0,0,0,60.923
12816,0,0,0.000,0.000,-1,0,0,0,63.867
12817,0,0,0.000,0.000,-1,0,0,0,59.479
12818,0,0,0.000,0.000,-1,0,0,0,58.580
12819,0,0,0.000,0.000,-1,0,0,0,58.964
12820,0,0,0.000,0.000,-1,0,0,0,62.927
12821,0,0,0.000,0.000,-1,0,0,0,60.209
12822,0,0,0.000,0.000,-1,0,0,0,65.817
12823,0,0,0.000,0.000,-1,0,0,0,59.277
12824,0,0,0.000,0.000,-1,0,0,0,59.083
12825,0,0,0.000,0.000,-1,0,0,0,61.298
12826,0,0,0.000,0.000,-1,0,0,0,62.603
12827,0,0,0.000,0.000,-1,0,0,0,60.432
12828,0,0,0.000,0.000,-1,0,0,0,62.885
12829,0,0,0.000,0.000,-1,0,0,0,60.648
12830,0,0,0.000,0.000,-1,0,0,0,58.597
12831,0,0,0.000,0.000,-1,0,0,0,59.421
12832,0,1,82.483,85.279,-1,0,0,0,60.737
12833,0,0,0.000,0.000,-1,0,0,0,62.407
12834,0,0,0.000,0.000,-1,0,0,0,62.222
12835,0,0,0.000,0.000,-1,0,0,0,60.433
12836,0,0,0.000,0.000,-1,0,0,0,59.108
12837,0,0,0.000,0.000,-1,0,0,0,60.062
12838,0,0,0.000,0.000,-1,0,0,0,58.854
12839,0,0,0.000,0.000,-1,0,0,0,59.637
12840,0,0,0.000,0.000,-1,0,0,0,64.751
12841,0,0,0.000,0.000,-1,0,0,0,58.535
12842,0,0,0.000,0.000,-1,0,0,0,59.245
12843,0,0,0.000,0.000,-1,0,0,0,58.700
12844,0,0,0.000,0.000,-1,0,0,0,60.672
12845,0,0,0.000,0.000,-1,0,0,0,61.987
12846,0,0,0.000,0.000,-1,0,0,0,61.140
12847,0,0,0.000,0.000,-1,0,0,0,60.382
12848,0,0,0.000,0.000,-1,0,0,0,60.431
12849,0,0,0.000,0.000,-1,0,0,0,60.968
12850,0,0,0.000,0.000,-1,0,0,0,59.298
12851,0,0,0.000,0.000,-1,0,0,0,59.317
12852,0,0,0.000,0.000,-1,0,0,0,60.838
12853,0,0,0.000,0.000,-1,0,0,0,58.777
12854,0,0,0.000,0.000,-1,0,0,0,58.729
12855,0,0,0.000,0.000,-1,0,0,0,58.876
12856,0,0,0.000,0.000,-1,0,0,0,59.576
12857,0,0,0.000,0.000,-1,0,0,0,61.819
12858,0,0,0.000,0.000,-1,0,0,0,62.911
12859,0,0,0.000,0.000,-1,0,0,0,61.253
12860,0,0,0.000,0.000,-1,0,0,0,58.905
12861,0,0,0.000,0.000,-1,0,0,0,60.948
12862,0,0,0.000,0.000,-1,0,0,0,59.643
12863,0,0,0.000,0.000,-1,0,0,0,60.005
12864,0,1,82.776,85.453,-1,0,0,0,62.175
12865,0,0,0.000,0.000,-1,0,0,0,60.380
12866,0,0,0.000,0.000,-1,0,0,0,58.568
12867,0,0,0.000,0.000,-1,0,0,0,60.349
12868,0,0,0.000,0.000,-1,0,0,0,57.521
12869,0,0,0.000,0.000,-1,0,0,0,60.709
12870,0,0,0.000,0.000,-1,0,0,0,63.656
12871,0,0,0.000,0.000,-1,0,0,0,59.834
12872,0,0,0.000,0.000,-1,0,0,0,59.576
12873,0,0,0.000,0.000,-1,0,0,0,59.770
12874,0,0,0.000,0.000,-1,0,0,0,58.345
12875,0,0,0.000,0.000,-1,0,0,0,57.627
12876,0,0,0.000,0.000,-1,0,0,0,64.697
12877,0,0,0.000,0.000,-1,0,0,0,59.388
12878,0,0,0.000,0.000,-1,0,0,0,59.125
12879,0,0,0.000,0.000,-1,0,0,0,60.026
12880,0,0,0.000,0.000,-1,0,0,0,58.733
12881,0,0,0.000,0.000,-1,0,0,0,58.506
12882,0,0,0.000,0.000,-1,0,0,0,62.702
12883,0,0,0.000,0.000,-1,0,0,0,59.655
12884,0,0,0.000,0.000,-1,0,0,0,60.185
12885,0,0,0.000,0.000,-1,0,0,0,59.348
12886,0,0,0.000,0.000,-1,0,0,0,58.643
12887,0,0,0.000,0.000,-1,0,0,0,59.520
12888,0,0,0.000,0.000,-1,0,0,0,64.586
12889,0,0,0.000,0.000,-1,0,0,0,59.086
12890,0,0,0.000,0.000,-1,0,0,0,58.598
12891,0,0,0.000,0.000,-1,0,0,0,59.047
12892,0,0,0.000,0.000,-1,0,0,0,59.883
12893,0,0,0.000,0.000,-1,0,0,0,58.791
12894,0,0,0.000,0.000,-1,0,0,0,62.045
12895,0,0,0.000,0.000,-1,0,0,0,60.010
12896,0,1,82.652,85.470,-1,0,0,0,60.101
12897,0,0,0.000,0.000,-1,0,0,0,58.420
12898,0,0,0.000,0.000,-1,0,0,0,59.844
12899,0,0,0.000,0.000,-1,0,0,0,59.118
12900,0,0,0.000,0.000,-1,0,0,0,63.470
12901,0,0,0.000,0.000,-1,0,0,0,59.111
12902,0,0,0.000,0.000,-1,0,0,0,58.977
12903,0,0,0.000,0.000,-1,0,0,0,59.234
12904,0,0,0.000,0.000,-1,0,0,0,57.846
12905,0,0,0.000,0.000,-1,0,0,0,60.407
12906,0,0,0.000,0.000,-1,0,0,0,63.265
12907,0,0,0.000,0.000,-1,0,0,0,59.872
12908,0,0,0.000,0.000,-1,0,0,0,61.612
12909,0,0,0.000,0.000,-1,0,0,0,59.836
12910,0,0,0.000,0.000,-1,0,0,0,58.582
12911,0,0,0.000,0.000,-1,0,0,0,58.353
12912,0,0,0.000,0.000,-1,0,0,0,62.360
12913,0,0,0.000,0.000,-1,0,0,0,60.914
12914,0,0,0.000,0.000,-1,0,0,0,61.709
12915,0,0,0.000,0.000,-1,0,0,0,60.608
12916,0,0,0.000,0.000,-1,0,0,0,61.782
12917,0,0,0.000,0.000,-1,0,0,0,57.936
12918,0,0,0.000,0.000,-1,0,0,0,60.804
12919,0,0,0.000,0.000,-1,0,0,0,58.228
12920,0,0,0.000,0.000,-1,0,0,0,60.345
12921,0,0,0.000,0.000,-1,0,0,0,60.658
12922,0,0,0.000,0.000,-1,0,0,0,58.436
12923,0,0,0.000,0.000,-1,0,0,0,60.365
12924,0,0,0.000,0.000,-1,0,0,0,60.910
12925,0,0,0.000,0.000,-1,0,0,0,59.528
12926,0,0,0.000,0.000,-1,0,0,0,58.422
12927,0,0,0.000,0.000,-1,0,0,0,61.263
12928,0,1,83.156,85.902,-1,0,0,0,60.682
12929,0,0,0.000,0.000,-1,0,0,0,61.796
12930,0,0,0.000,0.000,-1,0,0,0,62.753
12931,0,0,0.000,0.000,-1,0,0,0,61.134
12932,0,0,0.000,0.000,-1,0,0,0,59.525
12933,0,0,0.000,0.000,-1,0,0,0,60.569
12934,0,0,0.000,0.000,-1,0,0,0,59.395
12935,0,0,0.000,0.000,-1,0,0,0,59.983
12936,0,0,0.000,0.000,-1,0,0,0,61.112
12937,0,0,0.000,0.000,-1,0,0,0,59.546
12938,0,0,0.000,0.000,-1,0,0,0,58.696
12939,0,0,0.000,0.000,-1,0,0,0,59.870
12940,0,0,0.000,0.000,-1,0,0,0,59.012
12941,0,0,0.000,0.000,-1,0,0,0,60.556
12942,0,0,0.000,0.000,-1,0,0,0,61.416
12943,0,0,0.000,0.000,-1,0,0,0,60.126
12944,0,0,0.000,0.000,-1,0,0,0,59.270
12945,0,0,0.000,0.000,-1,0,0,0,57.645
12946,0,0,0.000,0.000,-1,0,0,0,58.381
12947,0,0,0.000,0.000,-1,0,0,0,60.720
12948,0,0,0.000,0.000,-1,0,0,0,60.888
12949,0,0,0.000,0.000,-1,0,0,0,60.128
12950,0,0,0.000,0.000,-1,0,0,0,58.864
12951,0,0,0.000,0.000,-1,0,0,0,60.917
12952,0,0,0.000,0.000,-1,0,0,0,60.061
12953,0,0,0.000,0.000,-1,0,0,0,58.503
12954,0,0,0.000,0.000,-1,0,0,0,60.952
12955,0,0,0.000,0.000,-1,0,0,0,60.983
12956,0,0,0.000,0.000,-1,0,0,0,59.165
12957,0,0,0.000,0.000,-1,0,0,0,60.096
12958,0,0,0.000,0.000,-1,0,0,0,60.359
12959,0,0,0.000,0.000,-1,0,0,0,58.415
12960,0,1,82.658,85.360,-1,0,0,0,62.326
12961,0,0,0.000,0.000,-1,0,0,0,61.764
12962,0,0,0.000,0.000,-1,0,0,0,58.250
12963,0,0,0.000,0.000,-1,0,0,0,61.222
12964,0,0,0.000,0.000,-1,0,0,0,58.958
12965,0,0,0.000,0.000,-1,0,0,0,58.260
12966,0,0,0.000,0.000,-1,0,0,0,60.590
12967,0,0,0.000,0.000,-1,0,0,0,59.828
12968,0,0,0.000,0.000,-1,0,0,0,61.819
12969,0,0,0.000,0.000,-1,0,0,0,63.410
12970,0,0,0.000,0.000,-1,0,0,0,58.855
12971,0,0,0.000,0.000,-1,0,0,0,58.538
12972,0,0,0.000,0.000,-1,0,0,0,61.088
12973,0,0,0.000,0.000,-1,0,0,0,59.919
12974,0,0,0.000,0.000,-1,0,0,0,60.307
12975,0,0,0.000,0.000,-1,0,0,0,59.134
12976,0,0,0.000,0.000,-1,0,0,0,61.385
12977,0,0,0.000,0.000,-1,0,0,0,59.513
12978,0,0,0.000,0.000,-1,0,0,0,61.982
12979,0,0,0.000,0.000,-1,0,0,0,59.410
12980,0,0,0.000,0.000,-1,0,0,0,59.639
12981,0,0,0.000,0.000,-1,0,0,0,58.944
12982,0,0,0.000,0.000,-1,0,0,0,58.769
12983,0,0,0.000,0.000,-1,0,0,0,57.376
12984,0,0,0.000,0.000,-1,0,0,0,62.140
12985,0,0,0.000,0.000,-1,0,0,0,65.984
12986,0,0,0.000,0.000,-1,0,0,0,60.033
12987,0,0,0.000,0.000,-1,0,0,0,60.436
12988,0,0,0.000,0.000,-1,0,0,0,59.927
12989,0,0,0.000,0.000,-1,0,0,0,59.705
12990,0,0,0.000,0.000,-1,0,0,0,63.006
12991,0,0,0.000,0.000,-1,0,0,0,58.985
12992,0,1,81.587,84.400,-1,0,0,0,60.284
12993,0,0,0.000,0.000,-1,0,0,0,59.528
12994,0,0,0.000,0.000,-1,0,0,0,60.816
12995,0,0,0.000,0.000,-1,0,0,0,59.068
12996,0,0,0.000,0.000,-1,0,0,0,60.690
12997,0,0,0.000,0.000,-1,0,0,0,58.174
12998,0,0,0.000,0.000,-1,0,0,0,59.730
12999,0,0,0.000,0.000,-1,0,0,0,59.327
13000,0,0,0.000,0.000,-1,0,0,0,60.520
13001,0,0,0.000,0.000,-1,0,0,0,59.026
13002,0,0,0.000,0.000,-1,0,0,0,61.091
13003,0,0,0.000,0.000,-1,0,0,0,60.724
13004,0,0,0.000,0.000,-1,0,0,0,59.614
13005,0,0,0.000,0.000,-1,0,0,0,60.724
13006,0,0,0.000,0.000,-1,0,0,0,59.130
13007,0,0,0.000,0.000,-1,0,0,0,59.279
13008,0,0,0.000,0.000,-1,0,0,0,62.091
13009,0,0,0.000,0.000,-1,0,0,0,58.122
13010,0,0,0.000,0.000,-1,0,0,0,58.735
13011,0,0,0.000,0.000,-1,0,0,0,58.112
13012,0,0,0.000,0.000,-1,0,0,0,58.559
13013,0,0,0.000,0.000,-1,0,0,0,58.803
13014,0,0,0.000,0.000,-1,0,0,0,61.212
13015,0,0,0.000,0.000,-1,0,0,0,60.186
13016,0,0,0.000,0.000,-1,0,0,0,61.743
13017,0,0,0.000,0.000,-1,0,0,0,59.092
13018,0,0,0.000,0.000,-1,0,0,0,61.557
13019,0,0,0.000,0.000,-1,0,0,0,58.795
13020,0,0,0.000,0.000,-1,0,0,0,67.275
13021,0,0,0.000,0.000,-1,0,0,0,59.382
13022,0,0,0.000,0.000,-1,0,0,0,61.003
13023,0,0,0.000,0.000,-1,0,0,0,59.992
13024,0,1,82.863,85.667,-1,0,0,0,58.914
13025,0,0,0.000,0.000,-1,0,0,0,58.607
13026,0,0,0.000,0.000,-1,0,0,0,61.611
13027,0,0,0.000,0.000,-1,0,0,0,59.443
13028,0,0,0.000,0.000,-1,0,0,0,58.968
13029,0,0,0.000,0.000,-1,0,0,0,60.547
13030,0,0,0.000,0.000,-1,0,0,0,58.547
13031,0,0,0.000,0.000,-1,0,0,0,61.214
13032,0,0,0.000,0.000,-1,0,0,0,60.596
13033,0,0,0.000,0.000,-1,0,0,0,58.602
13034,0,0,0.000,0.000,-1,0,0,0,60.050
13035,0,0,0.000,0.000,-1,0,0,0,58.718
13036,0,0,0.000,0.000,-1,0,0,0,59.305
13037,0,0,0.000,0.000,-1,0,0,0,60.615
13038,0,0,0.000,0.000,-1,0,0,0,63.729
13039,0,0,0.000,0.000,-1,0,0,0,58.504
13040,0,0,0.000,0.000,-1,0,0,0,58.555
13041,0,0,0.000,0.000,-1,0,0,0,60.008
13042,0,0,0.000,0.000,-1,0,0,0,59.007
13043,0,0,0.000,0.000,-1,0,0,0,58.787
13044,0,0,0.000,0.000,-1,0,0,0,63.299
13045,0,0,0.000,0.000,-1,0,0,0,59.482
13046,0,0,0.000,0.000,-1,0,0,0,61.564
13047,0,0,0.000,0.000,-1,0,0,0,61.428
13048,0,0,0.000,0.000,-1,0,0,0,59.744
13049,0,0,0.000,0.000,-1,0,0,0,58.480
13050,0,0,0.000,0.000,-1,0,0,0,62.043
13051,0,0,0.000,0.000,-1,0,0,0,65.188
13052,0,0,0.000,0.000,-1,0,0,0,62.945
13053,0,0,0.000,0.000,-1,0,0,0,59.578
13054,0,0,0.000,0.000,-1,0,0,0,61.040
13055,0,0,0.000,0.000,-1,0,0,0,58.610
13056,0,1,82.805,85.415,-1,0,0,0,61.995
13057,0,0,0.000,0.000,-1,0,0,0,60.436
13058,0,0,0.000,0.000,-1,0,0,0,61.309
13059,0,0,0.000,0.000,-1,0,0,0,60.931
13060,0,0,0.000,0.000,-1,0,0,0,59.114
13061,0,0,0.000,0.000,-1,0,0,0,59.272
13062,0,0,0.000,0.000,-1,0,0,0,61.935
13063,0,0,0.000,0.000,-1,0,0,0,59.796
13064,0,0,0.000,0.000,-1,0,0,0,60.517
13065,0,0,0.000,0.000,-1,0,0,0,60.568
13066,0,0,0.000,0.000,-1,0,0,0,59.665
13067,0,0,0.000,0.000,-1,0,0,0,58.856
13068,0,0,0.000,0.000,-1,0,0,0,60.880
13069,0,0,0.000,0.000,-1,0,0,0,59.656
13070,0,0,0.000,0.000,-1,0,0,0,58.128
13071,0,0,0.000,0.000,-1,0,0,0,58.480
13072,0,0,0.000,0.000,-1,0,0,0,61.339
13073,0,0,0.000,0.000,-1,0,0,0,60.375
13074,0,0,0.000,0.000,-1,0,0,0,60.844
13075,0,0,0.000,0.000,-1,0,0,0,61.449
13076,0,0,0.000,0.000,-1,0,0,0,61.915
13077,0,0,0.000,0.000,-1,0,0,0,60.783
13078,0,0,0.000,0.000,-1,0,0,0,60.783
13079,0,0,0.000,0.000,-1,0,0,0,58.908
13080,0,0,0.000,0.000,-1,0,0,0,66.855
13081,0,0,0.000,0.000,-1,0,0,0,60.576
13082,0,0,0.000,0.000,-1,0,0,0,59.432
13083,0,0,0.000,0.000,-1,0,0,0,59.943
13084,0,0,0.000,0.000,-1,0,0,0,59.651
13085,0,0,0.000,0.000,-1,0,0,0,60.844
13086,0,0,0.000,0.000,-1,0,0,0,60.531
13087,0,0,0.000,0.000,-1,0,0,0,59.874
13088,0,1,81.720,84.510,-1,0,0,0,60.563
13089,0,0,0.000,0.000,-1,0,0,0,59.000
13090,0,0,0.000,0.000,-1,0,0,0,59.638
13091,0,0,0.000,0.000,-1,0,0,0,60.076
13092,0,0,0.000,0.000,-1,0,0,0,62.649
13093,0,0,0.000,0.000,-1,0,0,0,59.261
13094,0,0,0.000,0.000,-1,0,0,0,63.597
13095,0,0,0.000,0.000,-1,0,0,0,63.277
13096,0,0,0.000,0.000,-1,0,0,0,61.222
13097,0,0,0.000,0.000,-1,0,0,0,58.144
13098,0,0,0.000,0.000,-1,0,0,0,62.597
13099,0,0,0.000,0.000,-1,0,0,0,58.996
13100,0,0,0.000,0.000,-1,0,0,0,59.690
13101,0,0,0.000,0.000,-1,0,0,0,62.881
13102,0,0,0.000,0.000,-1,0,0,0,59.349
13103,0,0,0.000,0.000,-1,0,0,0,61.073
13104,0,0,0.000,0.000,-1,0,0,0,62.131
13105,0,0,0.000,0.000,-1,0,0,0,60.989
13106,0,0,0.000,0.000,-1,0,0,0,61.786
13107,0,0,0.000,0.000,-1,0,0,0,58.906
13108,0,0,0.000,0.000,-1,0,0,0,60.359
13109,0,0,0.000,0.000,-1,0,0,0,58.748
13110,0,0,0.000,0.000,-1,0,0,0,64.773
13111,0,0,0.000,0.000,-1,0,0,0,60.286
13112,0,0,0.000,0.000,-1,0,0,0,59.967
13113,0,0,0.000,0.000,-1,0,0,0,60.067
13114,0,0,0.000,0.000,-1,0,0,0,58.868
13115,0,0,0.000,0.000,-1,0,0,0,59.871
13116,0,0,0.000,0.000,-1,0,0,0,62.218
13117,0,0,0.000,0.000,-1,0,0,0,61.965
13118,0,0,0.000,0.000,-1,0,0,0,59.717
13119,0,0,0.000,0.000,-1,0,0,0,60.884
13120,0,1,82.779,85.539,-1,0,0,0,59.034
13121,0,0,0.000,0.000,-1,0,0,0,60.271
13122,0,0,0.000,0.000,-1,0,0,0,60.305
13123,0,0,0.000,0.000,-1,0,0,0,60.446
13124,0,0,0.000,0.000,-1,0,0,0,58.211
13125,0,0,0.000,0.000,-1,0,0,0,59.725
13126,0,0,0.000,0.000,-1,0,0,0,58.853
13127,0,0,0.000,0.000,-1,0,0,0,60.933
13128,0,0,0.000,0.000,-1,0,0,0,62.024
13129,0,0,0.000,0.000,-1,0,0,0,61.245
13130,0,0,0.000,0.000,-1,0,0,0,59.951
13131,0,0,0.000,0.000,-1,0,0,0,60.857
13132,0,0,0.000,0.000,-1,0,0,0,60.305
13133,0,0,0.000,0.000,-1,0,0,0,59.051
13134,0,0,0.000,0.000,-1,0,0,0,62.136
13135,0,0,0.000,0.000,-1,0,0,0,59.468
13136,0,0,0.000,0.000,-1,0,0,0,59.265
13137,0,0,0.000,0.000,-1,0,0,0,61.596
13138,0,0,0.000,0.000,-1,0,0,0,60.675
13139,0,0,0.000,0.000,-1,0,0,0,60.810
13140,0,0,0.000,0.000,-1,0,0,0,63.968
13141,0,0,0.000,0.000,-1,0,0,0,60.653
13142,0,0,0.000,0.000,-1,0,0,0,58.468
13143,0,0,0.000,0.000,-1,0,0,0,58.155
13144,0,0,0.000,0.000,-1,0,0,0,59.277
13145,0,0,0.000,0.000,-1,0,0,0,60.896
13146,0,0,0.000,0.000,-1,0,0,0,61.080
13147,0,0,0.000,0.000,-1,0,0,0,58.493
13148,0,0,0.000,0.000,-1,0,0,0,60.431
13149,0,0,0.000,0.000,-1,0,0,0,61.271
13150,0,0,0.000,0.000,-1,0,0,0,59.754
13151,0,0,0.000,0.000,-1,0,0,0,57.849
13152,0,1,82.914,85.536,-1,0,0,0,61.437
13153,0,0,0.000,0.000,-1,0,0,0,60.942
13154,0,0,0.000,0.000,-1,0,0,0,58.544
13155,0,0,0.000,0.000,-1,0,0,0,62.720
13156,0,0,0.000,0.000,-1,0,0,0,61.403
13157,0,0,0.000,0.000,-1,0,0,0,58.253
13158,0,0,0.000,0.000,-1,0,0,0,60.421
13159,0,0,0.000,0.000,-1,0,0,0,58.585
13160,0,0,0.000,0.000,-1,0,0,0,60.170
13161,0,0,0.000,0.000,-1,0,0,0,60.587
13162,0,0,0.000,0.000,-1,0,0,0,59.879
13163,0,0,0.000,0.000,-1,0,0,0,63.528
13164,0,0,0.000,0.000,-1,0,0,0,61.596
13165,0,0,0.000,0.000,-1,0,0,0,61.068
13166,0,0,0.000,0.000,-1,0,0,0,59.336
13167,0,0,0.000,0.000,-1,0,0,0,76.733
13168,0,0,0.000,0.000,-1,0,0,0,59.857
13169,0,0,0.000,0.000,-1,0,0,0,58.575
13170,0,0,0.000,0.000,-1,0,0,0,61.050
13171,0,0,0.000,0.000,-1,0,0,0,58.093
13172,0,0,0.000,0.000,-1,0,0,0,60.987
13173,0,0,0.000,0.000,-1,0,0,0,60.260
13174,0,0,0.000,0.000,-1,0,0,0,59.996
13175,0,0,0.000,0.000,-1,0,0,0,58.273
13176,0,0,0.000,0.000,-1,0,0,0,62.987
13177,0,0,0.000,0.000,-1,0,0,0,59.447
13178,0,0,0.000,0.000,-1,0,0,0,57.347
13179,0,0,0.000,0.000,-1,0,0,0,62.089
13180,0,0,0.000,0.000,-1,0,0,0,58.508
13181,0,0,0.000,0.000,-1,0,0,0,57.235
13182,0,0,0.000,0.000,-1,0,0,0,61.972
13183,0,0,0.000,0.000,-1,0,0,0,57.839
13184,0,1,82.690,85.413,-1,0,0,0,62.918
13185,0,0,0.000,0.000,-1,0,0,0,58.519
13186,0,0,0.000,0.000,-1,0,0,0,58.357
13187,0,0,0.000,0.000,-1,0,0,0,58.912
13188,0,0,0.000,0.000,-1,0,0,0,62.391
13189,0,0,0.000,0.000,-1,0,0,0,58.110
13190,0,0,0.000,0.000,-1,0,0,0,60.279
13191,0,0,0.000,0.000,-1,0,0,0,58.571
13192,0,0,0.000,0.000,-1,0,0,0,58.378
13193,0,0,0.000,0.000,-1,0,0,0,59.446
13194,0,0,0.000,0.000,-1,0,0,0,62.899
13195,0,0,0.000,0.000,-1,0,0,0,58.821
13196,0,0,0.000,0.000,-1,0,0,0,59.445
13197,0,0,0.000,0.000,-1,0,0,0,58.600
13198,0,0,0.000,0.000,-1,0,0,0,61.263
13199,0,0,0.000,0.000,-1,0,0,0,60.296
13200,0,0,0.000,0.000,-1,0,0,0,62.124
13201,0,0,0.000,0.000,-1,0,0,0,60.205
13202,0,0,0.000,0.000,-1,0,0,0,60.050
13203,0,0,0.000,0.000,-1,0,0,0,59.256
13204,0,0,0.000,0.000,-1,0,0,0,58.475
13205,0,0,0.000,0.000,-1,0,0,0,57.573
13206,0,0,0.000,0.000,-1,0,0,0,59.598
13207,0,0,0.000,0.000,-1,0,0,0,58.688
13208,0,0,0.000,0.000,-1,0,0,0,57.529
13209,0,0,0.000,0.000,-1,0,0,0,57.776
13210,0,0,0.000,0.000,-1,0,0,0,57.797
13211,0,0,0.000,0.000,-1,0,0,0,57.740
13212,0,0,0.000,0.000,-1,0,0,0,60.469
13213,0,0,0.000,0.000,-1,0,0,0,57.416
13214,0,0,0.000,0.000,-1,0,0,0,59.260
13215,0,0,0.000,0.000,-1,0,0,0,59.366
13216,0,1,84.281,86.989,-1,0,0,0,59.451
13217,0,0,0.000,0.000,-1,0,0,0,58.399
13218,0,0,0.000,0.000,-1,0,0,0,61.857
13219,0,0,0.000,0.000,-1,0,0,0,62.920
13220,0,0,0.000,0.000,-1,0,0,0,57.766
13221,0,0,0.000,0.000,-1,0,0,0,57.834
13222,0,0,0.000,0.000,-1,0,0,0,58.217
13223,0,0,0.000,0.000,-1,0,0,0,58.113
13224,0,0,0.000,0.000,-1,0,0,0,60.888
13225,0,0,0.000,0.000,-1,0,0,0,61.053
13226,0,0,0.000,0.000,-1,0,0,0,59.874
13227,0,0,0.000,0.000,-1,0,0,0,59.574
13228,0,0,0.000,0.000,-1,0,0,0,59.645
13229,0,0,0.000,0.000,-1,0,0,0,59.302
13230,0,0,0.000,0.000,-1,0,0,0,67.058
13231,0,0,0.000,0.000,-1,0,0,0,60.592
13232,0,0,0.000,0.000,-1,0,0,0,58.064
13233,0,0,0.000,0.000,-1,0,0,0,58.667
13234,0,0,0.000,0.000,-1,0,0,0,60.250
13235,0,0,0.000,0.000,-1,0,0,0,59.042
13236,0,0,0.000,0.000,-1,0,0,0,62.974
13237,0,0,0.000,0.000,-1,0,0,0,59.693
13238,0,0,0.000,0.000,-1,0,0,0,57.995
13239,0,0,0.000,0.000,-1,0,0,0,58.147
13240,0,0,0.000,0.000,-1,0,0,0,61.327
13241,0,0,0.000,0.000,-1,0,0,0,62.527
13242,0,0,0.000,0.000,-1,0,0,0,61.637
13243,0,0,0.000,0.000,-1,0,0,0,60.499
13244,0,0,0.000,0.000,-1,0,0,0,57.534
13245,0,0,0.000,0.000,-1,0,0,0,60.850
13246,0,0,0.000,0.000,-1,0,0,0,59.272
13247,0,0,0.000,0.000,-1,0,0,0,61.649
13248,0,1,83.072,85.779,-1,0,0,0,60.472
13249,0,0,0.000,0.000,-1,0,0,0,61.314
13250,0,0,0.000,0.000,-1,0,0,0,58.547
13251,0,0,0.000,0.000,-1,0,0,0,58.859
13252,0,0,0.000,0.000,-1,0,0,0,59.610
13253,0,0,0.000,0.000,-1,0,0,0,60.709
13254,0,0,0.000,0.000,-1,0,0,0,63.564
13255,0,0,0.000,0.000,-1,0,0,0,70.566
13256,0,0,0.000,0.000,-1,0,0,0,65.821
13257,0,0,0.000,0.000,-1,0,0,0,60.409
13258,0,0,0.000,0.000,-1,0,0,0,60.769
13259,0,0,0.000,0.000,-1,0,0,0,59.238
13260,0,0,0.000,0.000,-1,0,0,0,65.322
13261,0,0,0.000,0.000,-1,0,0,0,59.343
13262,0,0,0.000,0.000,-1,0,0,0,59.143
13263,0,0,0.000,0.000,-1,0,0,0,61.091
13264,0,0,0.000,0.000,-1,0,0,0,59.315
13265,0,0,0.000,0.000,-1,0,0,0,61.562
13266,0,0,0.000,0.000,-1,0,0,0,57.493
13267,0,0,0.000,0.000,-1,0,0,0,56.455
13268,0,0,0.000,0.000,-1,0,0,0,58.708
13269,0,0,0.000,0.000,-1,0,0,0,60.208
13270,0,0,0.000,0.000,-1,0,0,0,59.331
13271,0,0,0.000,0.000,-1,0,0,0,60.808
13272,0,0,0.000,0.000,-1,0,0,0,64.190
13273,0,0,0.000,0.000,-1,0,0,0,58.312
13274,0,0,0.000,0.000,-1,0,0,0,58.531
13275,0,0,0.000,0.000,-1,0,0,0,58.766
13276,0,0,0.000,0.000,-1,0,0,0,60.472
13277,0,0,0.000,0.000,-1,0,0,0,59.991
13278,0,0,0.000,0.000,-1,0,0,0,60.716
13279,0,0,0.000,0.000,-1,0,0,0,58.788
13280,0,1,82.674,85.368,-1,0,0,0,59.470
13281,0,0,0.000,0.000,-1,0,0,0,60.089
13282,0,0,0.000,0.000,-1,0,0,0,58.960
13283,0,0,0.000,0.000,-1,0,0,0,60.090
13284,0,0,0.000,0.000,-1,0,0,0,62.031
13285,0,0,0.000,0.000,-1,0,0,0,59.318
13286,0,0,0.000,0.000,-1,0,0,0,58.858
13287,0,0,0.000,0.000,-1,0,0,0,58.999
13288,0,0,0.000,0.000,-1,0,0,0,58.698
13289,0,0,0.000,0.000,-1,0,0,0,60.973
13290,0,0,0.000,0.000,-1,0,0,0,62.772
13291,0,0,0.000,0.000,-1,0,0,0,58.726
13292,0,0,0.000,0.000,-1,0,0,0,62.148
13293,0,0,0.000,0.000,-1,0,0,0,60.955
13294,0,0,0.000,0.000,-1,0,0,0,57.223
13295,0,0,0.000,0.000,-1,0,0,0,57.862
13296,0,0,0.000,0.000,-1,0,0,0,62.723
13297,0,0,0.000,0.000,-1,0,0,0,60.677
13298,0,0,0.000,0.000,-1,0,0,0,59.045
13299,0,0,0.000,0.000,-1,0,0,0,59.466
13300,0,0,0.000,0.000,-1,0,0,0,58.374
13301,0,0,0.000,0.000,-1,0,0,0,59.142
13302,0,0,0.000,0.000,-1,0,0,0,60.469
13303,0,0,0.000,0.000,-1,0,0,0,61.051
13304,0,0,0.000,0.000,-1,0,0,0,60.912
13305,0,0,0.000,0.000,-1,0,0,0,57.952
13306,0,0,0.000,0.000,-1,0,0,0,58.891
13307,0,0,0.000,0.000,-1,0,0,0,61.258
13308,0,0,0.000,0.000,-1,0,0,0,60.918
13309,0,0,0.000,0.000,-1,0,0,0,58.793
13310,0,0,0.000,0.000,-1,0,0,0,58.653
13311,0,0,0.000,0.000,-1,0,0,0,59.030
13312,0,1,82.065,84.943,-1,0,0,0,60.482
13313,0,0,0.000,0.000,-1,0,0,0,59.932
13314,0,0,0.000,0.000,-1,0,0,0,62.068
13315,0,0,0.000,0.000,-1,0,0,0,61.053
13316,0,0,0.000,0.000,-1,0,0,0,60.425
13317,0,0,0.000,0.000,-1,0,0,0,62.288
13318,0,0,0.000,0.000,-1,0,0,0,60.238
13319,0,0,0.000,0.000,-1,0,0,0,60.299
13320,0,0,0.000,0.000,-1,0,0,0,66.279
13321,0,0,0.000,0.000,-1,0,0,0,59.836
13322,0,0,0.000,0.000,-1,0,0,0,60.925
13323,0,0,0.000,0.000,-1,0,0,0,65.692
13324,0,0,0.000,0.000,-1,0,0,0,60.351
13325,0,0,0.000,0.000,-1,0,0,0,60.453
13326,0,0,0.000,0.000,-1,0,0,0,61.000
13327,0,0,0.000,0.000,-1,0,0,0,58.360
13328,0,0,0.000,0.000,-1,0,0,0,59.403
13329,0,0,0.000,0.000,-1,0,0,0,59.793
13330,0,0,0.000,0.000,-1,0,0,0,58.835
13331,0,0,0.000,0.000,-1,0,0,0,61.256
13332,0,0,0.000,0.000,-1,0,0,0,62.066
13333,0,0,0.000,0.000,-1,0,0,0,59.511
13334,0,0,0.000,0.000,-1,0,0,0,58.753
13335,0,0,0.000,0.000,-1,0,0,0,59.904
13336,0,0,0.000,0.000,-1,0,0,0,60.280
13337,0,0,0.000,0.000,-1,0,0,0,61.012
13338,0,0,0.000,0.000,-1,0,0,0,62.403
13339,0,0,0.000,0.000,-1,0,0,0,59.712
13340,0,0,0.000,0.000,-1,0,0,0,61.050
13341,0,0,0.000,0.000,-1,0,0,0,62.559
13342,0,0,0.000,0.000,-1,0,0,0,62.920
13343,0,0,0.000,0.000,-1,0,0,0,59.651
13344,0,1,81.719,84.392,-1,0,0,0,61.770
13345,0,0,0.000,0.000,-1,0,0,0,59.877
13346,0,0,0.000,0.000,-1,0,0,0,62.905
13347,0,0,0.000,0.000,-1,0,0,0,60.450
13348,0,0,0.000,0.000,-1,0,0,0,62.198
13349,0,0,0.000,0.000,-1,0,0,0,61.909
13350,0,0,0.000,0.000,-1,0,0,0,64.200
13351,0,0,0.000,0.000,-1,0,0,0,59.703
13352,0,0,0.000,0.000,-1,0,0,0,60.625
13353,0,0,0.000,0.000,-1,0,0,0,61.342
13354,0,0,0.000,0.000,-1,0,0,0,60.356
13355,0,0,0.000,0.000,-1,0,0,0,59.238
13356,0,0,0.000,0.000,-1,0,0,0,65.935
13357,0,0,0.000,0.000,-1,0,0,0,60.843
13358,0,0,0.000,0.000,-1,0,0,0,60.745
13359,0,0,0.000,0.000,-1,0,0,0,59.378
13360,0,0,0.000,0.000,-1,0,0,0,59.504
13361,0,0,0.000,0.000,-1,0,0,0,59.276
13362,0,0,0.000,0.000,-1,0,0,0,61.970
13363,0,0,0.000,0.000,-1,0,0,0,58.079
13364,0,0,0.000,0.000,-1,0,0,0,59.717
13365,0,0,0.000,0.000,-1,0,0,0,58.956
13366,0,0,0.000,0.000,-1,0,0,0,58.655
13367,0,0,0.000,0.000,-1,0,0,0,59.597
13368,0,0,0.000,0.000,-1,0,0,0,60.609
13369,0,0,0.000,0.000,-1,0,0,0,60.199
13370,0,0,0.000,0.000,-1,0,0,0,59.733
13371,0,0,0.000,0.000,-1,0,0,0,59.667
13372,0,0,0.000,0.000,-1,0,0,0,59.738
13373,0,0,0.000,0.000,-1,0,0,0,59.228
13374,0,0,0.000,0.000,-1,0,0,0,62.379
13375,0,0,0.000,0.000,-1,0,0,0,58.491
13376,0,1,81.540,84.360,-1,0,0,0,59.778
13377,0,0,0.000,0.000,-1,0,0,0,59.522
13378,0,0,0.000,0.000,-1,0,0,0,59.814
13379,0,0,0.000,0.000,-1,0,0,0,58.965
13380,0,0,0.000,0.000,-1,0,0,0,63.305
13381,0,0,0.000,0.000,-1,0,0,0,58.715
13382,0,0,0.000,0.000,-1,0,0,0,57.992
13383,0,0,0.000,0.000,-1,0,0,0,58.525
13384,0,0,0.000,0.000,-1,0,0,0,62.693
13385,0,0,0.000,0.000,-1,0,0,0,59.598
13386,0,0,0.000,0.000,-1,0,0,0,59.798
13387,0,0,0.000,0.000,-1,0,0,0,62.464
13388,0,0,0.000,0.000,-1,0,0,0,62.867
13389,0,0,0.000,0.000,-1,0,0,0,60.444
13390,0,0,0.000,0.000,-1,0,0,0,58.397
13391,0,0,0.000,0.000,-1,0,0,0,59.242
13392,0,0,0.000,0.000,-1,0,0,0,62.303
13393,0,0,0.000,0.000,-1,0,0,0,58.178
13394,0,0,0.000,0.000,-1,0,0,0,57.947
13395,0,0,0.000,0.000,-1,0,0,0,58.584
13396,0,0,0.000,0.000,-1,0,0,0,57.552
13397,0,0,0.000,0.000,-1,0,0,0,58.839
13398,0,0,0.000,0.000,-1,0,0,0,60.920
13399,0,0,0.000,0.000,-1,0,0,0,62.247
13400,0,0,0.000,0.000,-1,0,0,0,60.659
13401,0,0,0.000,0.000,-1,0,0,0,58.256
13402,0,0,0.000,0.000,-1,0,0,0,60.228
13403,0,0,0.000,0.000,-1,0,0,0,59.083
13404,0,0,0.000,0.000,-1,0,0,0,60.290
13405,0,0,0.000,0.000,-1,0,0,0,60.286
13406,0,0,0.000,0.000,-1,0,0,0,58.041
13407,0,0,0.000,0.000,-1,0,0,0,62.205
13408,0,1,81.864,84.606,-1,0,0,0,61.398
13409,0,0,0.000,0.000,-1,0,0,0,60.514
13410,0,0,0.000,0.000,-1,0,0,0,62.470
13411,0,0,0.000,0.000,-1,0,0,0,60.063
13412,0,0,0.000,0.000,-1,0,0,0,57.565
13413,0,0,0.000,0.000,-1,0,0,0,57.800
13414,0,0,0.000,0.000,-1,0,0,0,59.628
13415,0,0,0.000,0.000,-1,0,0,0,62.279
13416,0,0,0.000,0.000,-1,0,0,0,61.264
13417,0,0,0.000,0.000,-1,0,0,0,60.623
13418,0,0,0.000,0.000,-1,0,0,0,59.872
13419,0,0,0.000,0.000,-1,0,0,0,59.899
13420,0,0,0.000,0.000,-1,0,0,0,59.774
13421,0,0,0.000,0.000,-1,0,0,0,57.334
13422,0,0,0.000,0.000,-1,0,0,0,59.030
13423,0,0,0.000,0.000,-1,0,0,0,58.057
13424,0,0,0.000,0.000,-1,0,0,0,61.439
13425,0,0,0.000,0.000,-1,0,0,0,59.551
13426,0,0,0.000,0.000,-1,0,0,0,59.078
13427,0,0,0.000,0.000,-1,0,0,0,57.615
13428,0,0,0.000,0.000,-1,0,0,0,61.020
13429,0,0,0.000,0.000,-1,0,0,0,57.577
13430,0,0,0.000,0.000,-1,0,0,0,59.642
13431,0,0,0.000,0.000,-1,0,0,0,61.526
13432,0,0,0.000,0.000,-1,0,0,0,57.739
13433,0,0,0.000,0.000,-1,0,0,0,56.830
13434,0,0,0.000,0.000,-1,0,0,0,60.434
13435,0,0,0.000,0.000,-1,0,0,0,58.257
13436,0,0,0.000,0.000,-1,0,0,0,59.040
13437,0,0,0.000,0.000,-1,0,0,0,57.422
13438,0,0,0.000,0.000,-1,0,0,0,59.344
13439,0,0,0.000,0.000,-1,0,0,0,58.853
13440,0,1,81.909,85.088,-1,0,0,0,67.213
13441,0,0,0.000,0.000,-1,0,0,0,59.127
13442,0,0,0.000,0.000,-1,0,0,0,59.150
13443,0,0,0.000,0.000,-1,0,0,0,60.909
13444,0,0,0.000,0.000,-1,0,0,0,60.264
13445,0,0,0.000,0.000,-1,0,0,0,58.882
13446,0,0,0.000,0.000,-1,0,0,0,60.743
13447,0,0,0.000,0.000,-1,0,0,0,58.711
13448,0,0,0.000,0.000,-1,0,0,0,59.525
13449,0,0,0.000,0.000,-1,0,0,0,57.847
13450,0,0,0.000,0.000,-1,0,0,0,59.027
13451,0,0,0.000,0.000,-1,0,0,0,58.124
13452,0,0,0.000,0.000,-1,0,0,0,61.203
13453,0,0,0.000,0.000,-1,0,0,0,58.332
13454,0,0,0.000,0.000,-1,0,0,0,58.282
13455,0,0,0.000,0.000,-1,0,0,0,58.991
13456,0,0,0.000,0.000,-1,0,0,0,59.350
13457,0,0,0.000,0.000,-1,0,0,0,58.284
13458,0,0,0.000,0.000,-1,0,0,0,62.617
13459,0,0,0.000,0.000,-1,0,0,0,59.120
13460,0,0,0.000,0.000,-1,0,0,0,61.268
13461,0,0,0.000,0.000,-1,0,0,0,60.169
13462,0,0,0.000,0.000,-1,0,0,0,60.040
13463,0,0,0.000,0.000,-1,0,0,0,60.344
13464,0,0,0.000,0.000,-1,0,0,0,60.185
13465,0,0,0.000,0.000,-1,0,0,0,58.005
13466,0,0,0.000,0.000,-1,0,0,0,60.557
13467,0,0,0.000,0.000,-1,0,0,0,58.853
13468,0,0,0.000,0.000,-1,0,0,0,60.592
13469,0,0,0.000,0.000,-1,0,0,0,58.599
13470,0,0,0.000,0.000,-1,0,0,0,63.063
13471,0,0,0.000,0.000,-1,0,0,0,59.126
13472,0,1,81.664,84.392,-1,0,0,0,60.430
13473,0,0,0.000,0.000,-1,0,0,0,59.044
13474,0,0,0.000,0.000,-1,0,0,0,58.032
13475,0,0,0.000,0.000,-1,0,0,0,62.909
13476,0,0,0.000,0.000,-1,0,0,0,62.141
13477,0,0,0.000,0.000,-1,0,0,0,58.999
13478,0,0,0.000,0.000,-1,0,0,0,62.469
13479,0,0,0.000,0.000,-1,0,0,0,62.548
13480,0,0,0.000,0.000,-1,0,0,0,61.308
13481,0,0,0.000,0.000,-1,0,0,0,59.168
13482,0,0,0.000,0.000,-1,0,0,0,60.466
13483,0,0,0.000,0.000,-1,0,0,0,58.066
13484,0,0,0.000,0.000,-1,0,0,0,59.054
13485,0,0,0.000,0.000,-1,0,0,0,63.171
13486,0,0,0.000,0.000,-1,0,0,0,60.578
13487,0,0,0.000,0.000,-1,0,0,0,59.789
13488,0,0,0.000,0.000,-1,0,0,0,61.575
13489,0,0,0.000,0.000,-1,0,0,0,59.017
13490,0,0,0.000,0.000,-1,0,0,0,61.268
13491,0,0,0.000,0.000,-1,0,0,0,58.862
13492,0,0,0.000,0.000,-1,0,0,0,59.062
13493,0,0,0.000,0.000,-1,0,0,0,57.808
13494,0,0,0.000,0.000,-1,0,0,0,59.705
13495,0,0,0.000,0.000,-1,0,0,0,59.065
13496,0,0,0.000,0.000,-1,0,0,0,60.460
13497,0,0,0.000,0.000,-1,0,0,0,61.951
13498,0,0,0.000,0.000,-1,0,0,0,59.560
13499,0,0,0.000,0.000,-1,0,0,0,59.497
13500,0,0,0.000,0.000,-1,0,0,0,62.476
13501,0,0,0.000,0.000,-1,0,0,0,60.418
13502,0,0,0.000,0.000,-1,0,0,0,60.220
13503,0,0,0.000,0.000,-1,0,0,0,58.398
13504,0,1,82.009,84.833,-1,0,0,0,59.565
13505,0,0,0.000,0.000,-1,0,0,0,58.512
13506,0,0,0.000,0.000,-1,0,0,0,62.995
13507,0,0,0.000,0.000,-1,0,0,0,61.108
13508,0,0,0.000,0.000,-1,0,0,0,58.654
13509,0,0,0.000,0.000,-1,0,0,0,57.765
13510,0,0,0.000,0.000,-1,0,0,0,58.764
13511,0,0,0.000,0.000,-1,0,0,0,58.526
13512,0,0,0.000,0.000,-1,0,0,0,59.725
13513,0,0,0.000,0.000,-1,0,0,0,57.504
13514,0,0,0.000,0.000,-1,0,0,0,57.337
13515,0,0,0.000,0.000,-1,0,0,0,59.481
13516,0,0,0.000,0.000,-1,0,0,0,59.735
13517,0,0,0.000,0.000,-1,0,0,0,58.391
13518,0,0,0.000,0.000,-1,0,0,0,64.038
13519,0,0,0.000,0.000,-1,0,0,0,59.894
13520,0,0,0.000,0.000,-1,0,0,0,59.768
13521,0,0,0.000,0.000,-1,0,0,0,58.941
13522,0,0,0.000,0.000,-1,0,0,0,59.088
13523,0,0,0.000,0.000,-1,0,0,0,57.980
13524,0,0,0.000,0.000,-1,0,0,0,62.266
13525,0,0,0.000,0.000,-1,0,0,0,58.245
13526,0,0,0.000,0.000,-1,0,0,0,59.137
13527,0,0,0.000,0.000,-1,0,0,0,59.370
13528,0,0,0.000,0.000,-1,0,0,0,58.691
13529,0,0,0.000,0.000,-1,0,0,0,57.775
13530,0,0,0.000,0.000,-1,0,0,0,61.736
13531,0,0,0.000,0.000,-1,0,0,0,61.829
13532,0,0,0.000,0.000,-1,0,0,0,59.522
13533,0,0,0.000,0.000,-1,0,0,0,60.140
13534,0,0,0.000,0.000,-1,0,0,0,58.361
13535,0,0,0.000,0.000,-1,0,0,0,59.064
13536,0,1,81.657,84.274,-1,0,0,0,61.761
13537,0,0,0.000,0.000,-1,0,0,0,59.165
13538,0,0,0.000,0.000,-1,0,0,0,59.410
13539,0,0,0.000,0.000,-1,0,0,0,58.877
13540,0,0,0.000,0.000,-1,0,0,0,60.973
13541,0,0,0.000,0.000,-1,0,0,0,59.667
13542,0,0,0.000,0.000,-1,0,0,0,62.852
13543,0,0,0.000,0.000,-1,0,0,0,58.646
13544,0,0,0.000,0.000,-1,0,0,0,59.694
13545,0,0,0.000,0.000,-1,0,0,0,59.584
13546,0,0,0.000,0.000,-1,0,0,0,61.427
13547,0,0,0.000,0.000,-1,0,0,0,61.279
13548,0,0,0.000,0.000,-1,0,0,0,59.188
13549,0,0,0.000,0.000,-1,0,0,0,60.013
13550,0,0,0.000,0.000,-1,0,0,0,60.016
13551,0,0,0.000,0.000,-1,0,0,0,59.602
13552,0,0,0.000,0.000,-1,0,0,0,58.210
13553,0,0,0.000,0.000,-1,0,0,0,58.313
13554,0,0,0.000,0.000,-1,0,0,0,61.889
13555,0,0,0.000,0.000,-1,0,0,0,59.696
13556,0,0,0.000,0.000,-1,0,0,0,59.003
13557,0,0,0.000,0.000,-1,0,0,0,58.272
13558,0,0,0.000,0.000,-1,0,0,0,58.354
13559,0,0,0.000,0.000,-1,0,0,0,58.477
13560,0,0,0.000,0.000,-1,0,0,0,64.600
13561,0,0,0.000,0.000,-1,0,0,0,59.015
13562,0,0,0.000,0.000,-1,0,0,0,58.764
13563,0,0,0.000,0.000,-1,0,0,0,62.104
13564,0,0,0.000,0.000,-1,0,0,0,61.329
13565,0,0,0.000,0.000,-1,0,0,0,58.622
13566,0,0,0.000,0.000,-1,0,0,0,60.462
13567,0,0,0.000,0.000,-1,0,0,0,58.524
13568,0,1,82.031,84.728,-1,0,0,0,58.043
13569,0,0,0.000,0.000,-1,0,0,0,59.568
13570,0,0,0.000,0.000,-1,0,0,0,58.164
13571,0,0,0.000,0.000,-1,0,0,0,58.149
13572,0,0,0.000,0.000,-1,0,0,0,62.076
13573,0,0,0.000,0.000,-1,0,0,0,58.651
13574,0,0,0.000,0.000,-1,0,0,0,61.280
13575,0,0,0.000,0.000,-1,0,0,0,57.983
13576,0,0,0.000,0.000,-1,0,0,0,56.535
13577,0,0,0.000,0.000,-1,0,0,0,56.671
13578,0,0,0.000,0.000,-1,0,0,0,59.415
13579,0,0,0.000,0.000,-1,0,0,0,60.892
13580,0,0,0.000,0.000,-1,0,0,0,60.004
13581,0,0,0.000,0.000,-1,0,0,0,59.851
13582,0,0,0.000,0.000,-1,0,0,0,60.364
13583,0,0,0.000,0.000,-1,0,0,0,61.299
13584,0,0,0.000,0.000,-1,0,0,0,61.010
13585,0,0,0.000,0.000,-1,0,0,0,59.593
13586,0,0,0.000,0.000,-1,0,0,0,58.543
13587,0,0,0.000,0.000,-1,0,0,0,60.130
13588,0,0,0.000,0.000,-1,0,0,0,58.683
13589,0,0,0.000,0.000,-1,0,0,0,58.992
13590,0,0,0.000,0.000,-1,0,0,0,61.530
13591,0,0,0.000,0.000,-1,0,0,0,59.662
13592,0,0,0.000,0.000,-1,0,0,0,59.214
13593,0,0,0.000,0.000,-1,0,0,0,58.936
13594,0,0,0.000,0.000,-1,0,0,0,59.334
13595,0,0,0.000,0.000,-1,0,0,0,59.037
13596,0,0,0.000,0.000,-1,0,0,0,60.374
13597,0,0,0.000,0.000,-1,0,0,0,59.349
13598,0,0,0.000,0.000,-1,0,0,0,60.381
13599,0,0,0.000,0.000,-1,0,0,0,60.719
13600,0,1,81.686,84.515,-1,0,0,0,59.413
13601,0,0,0.000,0.000,-1,0,0,0,60.160
13602,0,0,0.000,0.000,-1,0,0,0,62.077
13603,0,0,0.000,0.000,-1,0,0,0,59.633
13604,0,0,0.000,0.000,-1,0,0,0,59.866
13605,0,0,0.000,0.000,-1,0,0,0,60.281
13606,0,0,0.000,0.000,-1,0,0,0,58.767
13607,0,0,0.000,0.000,-1,0,0,0,60.050
13608,0,0,0.000,0.000,-1,0,0,0,61.474
13609,0,0,0.000,0.000,-1,0,0,0,59.014
13610,0,0,0.000,0.000,-1,0,0,0,58.672
13611,0,0,0.000,0.000,-1,0,0,0,58.596
13612,0,0,0.000,0.000,-1,0,0,0,58.570
13613,0,0,0.000,0.000,-1,0,0,0,60.970
13614,0,0,0.000,0.000,-1,0,0,0,62.157
13615,0,0,0.000,0.000,-1,0,0,0,59.433
13616,0,0,0.000,0.000,-1,0,0,0,59.845
13617,0,0,0.000,0.000,-1,0,0,0,60.485
13618,0,0,0.000,0.000,-1,0,0,0,59.345
13619,0,0,0.000,0.000,-1,0,0,0,57.941
13620,0,0,0.000,0.000,-1,0,0,0,65.718
13621,0,0,0.000,0.000,-1,0,0,0,65.491
13622,0,0,0.000,0.000,-1,0,0,0,60.533
13623,0,0,0.000,0.000,-1,0,0,0,59.449
13624,0,0,0.000,0.000,-1,0,0,0,59.116
13625,0,0,0.000,0.000,-1,0,0,0,58.055
13626,0,0,0.000,0.000,-1,0,0,0,60.849
13627,0,0,0.000,0.000,-1,0,0,0,58.196
13628,0,0,0.000,0.000,-1,0,0,0,60.121
13629,0,0,0.000,0.000,-1,0,0,0,60.376
13630,0,0,0.000,0.000,-1,0,0,0,59.622
13631,0,0,0.000,0.000,-1,0,0,0,60.481
13632,0,1,82.724,85.378,-1,0,0,0,60.567
13633,0,0,0.000,0.000,-1,0,0,0,60.688
13634,0,0,0.000,0.000,-1,0,0,0,59.782
13635,0,0,0.000,0.000,-1,0,0,0,59.858
13636,0,0,0.000,0.000,-1,0,0,0,60.933
13637,0,0,0.000,0.000,-1,0,0,0,60.194
13638,0,0,0.000,0.000,-1,0,0,0,60.495
13639,0,0,0.000,0.000,-1,0,0,0,61.291
13640,0,0,0.000,0.000,-1,0,0,0,59.800
13641,0,0,0.000,0.000,-1,0,0,0,61.159
13642,0,0,0.000,0.000,-1,0,0,0,59.827
13643,0,0,0.000,0.000,-1,0,0,0,58.304
13644,0,0,0.000,0.000,-1,0,0,0,61.971
13645,0,0,0.000,0.000,-1,0,0,0,58.755
13646,0,0,0.000,0.000,-1,0,0,0,59.098
13647,0,0,0.000,0.000,-1,0,0,0,60.820
13648,0,0,0.000,0.000,-1,0,0,0,61.410
13649,0,0,0.000,0.000,-1,0,0,0,60.644
13650,0,0,0.000,0.000,-1,0,0,0,63.357
13651,0,0,0.000,0.000,-1,0,0,0,59.733
13652,0,0,0.000,0.000,-1,0,0,0,58.957
13653,0,0,0.000,0.000,-1,0,0,0,59.537
13654,0,0,0.000,0.000,-1,0,0,0,59.248
13655,0,0,0.000,0.000,-1,0,0,0,59.049
13656,0,0,0.000,0.000,-1,0,0,0,61.846
13657,0,0,0.000,0.000,-1,0,0,0,58.420
13658,0,0,0.000,0.000,-1,0,0,0,61.730
13659,0,0,0.000,0.000,-1,0,0,0,60.343
13660,0,0,0.000,0.000,-1,0,0,0,60.042
13661,0,0,0.000,0.000,-1,0,0,0,60.165
13662,0,0,0.000,0.000,-1,0,0,0,64.064
13663,0,0,0.000,0.000,-1,0,0,0,60.714
13664,0,1,81.858,84.684,-1,0,0,0,59.323
13665,0,0,0.000,0.000,-1,0,0,0,60.498
13666,0,0,0.000,0.000,-1,0,0,0,60.764
13667,0,0,0.000,0.000,-1,0,0,0,59.076
13668,0,0,0.000,0.000,-1,0,0,0,60.758
13669,0,0,0.000,0.000,-1,0,0,0,59.592
13670,0,0,0.000,0.000,-1,0,0,0,60.851
13671,0,0,0.000,0.000,-1,0,0,0,60.819
13672,0,0,0.000,0.000,-1,0,0,0,67.928
13673,0,0,0.000,0.000,-1,0,0,0,60.210
13674,0,0,0.000,0.000,-1,0,0,0,61.737
13675,0,0,0.000,0.000,-1,0,0,0,58.747
13676,0,0,0.000,0.000,-1,0,0,0,59.423
13677,0,0,0.000,0.000,-1,0,0,0,60.206
13678,0,0,0.000,0.000,-1,0,0,0,62.909
13679,0,0,0.000,0.000,-1,0,0,0,57.846
13680,0,0,0.000,0.000,-1,0,0,0,64.253
13681,0,0,0.000,0.000,-1,0,0,0,60.459
13682,0,0,0.000,0.000,-1,0,0,0,60.795
13683,0,0,0.000,0.000,-1,0,0,0,58.840
13684,0,0,0.000,0.000,-1,0,0,0,58.925
13685,0,0,0.000,0.000,-1,0,0,0,59.603
13686,0,0,0.000,0.000,-1,0,0,0,63.493
13687,0,0,0.000,0.000,-1,0,0,0,60.363
13688,0,0,0.000,0.000,-1,0,0,0,59.373
13689,0,0,0.000,0.000,-1,0,0,0,60.011
13690,0,0,0.000,0.000,-1,0,0,0,61.212
13691,0,0,0.000,0.000,-1,0,0,0,59.016
13692,0,0,0.000,0.000,-1,0,0,0,60.744
13693,0,0,0.000,0.000,-1,0,0,0,58.699
13694,0,0,0.000,0.000,-1,0,0,0,59.410
13695,0,0,0.000,0.000,-1,0,0,0,59.829
13696,0,1,81.833,84.516,-1,0,0,0,59.721
13697,0,0,0.000,0.000,-1,0,0,0,58.558
13698,0,0,0.000,0.000,-1,0,0,0,61.580
13699,0,0,0.000,0.000,-1,0,0,0,60.480
13700,0,0,0.000,0.000,-1,0,0,0,59.954
13701,0,0,0.000,0.000,-1,0,0,0,59.842
13702,0,0,0.000,0.000,-1,0,0,0,60.885
13703,0,0,0.000,0.000,-1,0,0,0,57.374
13704,0,0,0.000,0.000,-1,0,0,0,62.589
13705,0,0,0.000,0.000,-1,0,0,0,59.828
13706,0,0,0.000,0.000,-1,0,0,0,58.559
13707,0,0,0.000,0.000,-1,0,0,0,57.744
13708,0,0,0.000,0.000,-1,0,0,0,59.424
13709,0,0,0.000,0.000,-1,0,0,0,58.308
13710,0,0,0.000,0.000,-1,0,0,0,63.551
13711,0,0,0.000,0.000,-1,0,0,0,57.864
13712,0,0,0.000,0.000,-1,0,0,0,60.981
13713,0,0,0.000,0.000,-1,0,0,0,58.690
13714,0,0,0.000,0.000,-1,0,0,0,59.200
13715,0,0,0.000,0.000,-1,0,0,0,59.754
13716,0,0,0.000,0.000,-1,0,0,0,60.721
13717,0,0,0.000,0.000,-1,0,0,0,59.759
13718,0,0,0.000,0.000,-1,0,0,0,57.322
13719,0,0,0.000,0.000,-1,0,0,0,58.378
13720,0,0,0.000,0.000,-1,0,0,0,59.429
13721,0,0,0.000,0.000,-1,0,0,0,57.864
13722,0,0,0.000,0.000,-1,0,0,0,60.082
13723,0,0,0.000,0.000,-1,0,0,0,59.888
13724,0,0,0.000,0.000,-1,0,0,0,59.574
13725,0,0,0.000,0.000,-1,0,0,0,60.598
13726,0,0,0.000,0.000,-1,0,0,0,58.949
13727,0,0,0.000,0.000,-1,0,0,0,60.811
13728,0,1,81.592,84.268,-1,0,0,0,62.165
13729,0,0,0.000,0.000,-1,0,0,0,59.210
13730,0,0,0.000,0.000,-1,0,0,0,60.093
13731,0,0,0.000,0.000,-1,0,0,0,61.942
13732,0,0,0.000,0.000,-1,0,0,0,58.128
13733,0,0,0.000,0.000,-1,0,0,0,57.507
13734,0,0,0.000,0.000,-1,0,0,0,58.741
13735,0,0,0.000,0.000,-1,0,0,0,60.210
13736,0,0,0.000,0.000,-1,0,0,0,60.424
13737,0,0,0.000,0.000,-1,0,0,0,58.364
13738,0,0,0.000,0.000,-1,0,0,0,58.208
13739,0,0,0.000,0.000,-1,0,0,0,60.178
13740,0,0,0.000,0.000,-1,0,0,0,67.568
13741,0,0,0.000,0.000,-1,0,0,0,60.513
13742,0,0,0.000,0.000,-1,0,0,0,62.507
13743,0,0,0.000,0.000,-1,0,0,0,60.011
13744,0,0,0.000,0.000,-1,0,0,0,59.880
13745,0,0,0.000,0.000,-1,0,0,0,59.956
13746,0,0,0.000,0.000,-1,0,0,0,60.850
13747,0,0,0.000,0.000,-1,0,0,0,57.961
13748,0,0,0.000,0.000,-1,0,0,0,59.231
13749,0,0,0.000,0.000,-1,0,0,0,58.516
13750,0,0,0.000,0.000,-1,0,0,0,61.798
13751,0,0,0.000,0.000,-1,0,0,0,59.570
13752,0,0,0.000,0.000,-1,0,0,0,63.284
13753,0,0,0.000,0.000,-1,0,0,0,60.255
13754,0,0,0.000,0.000,-1,0,0,0,59.584
13755,0,0,0.000,0.000,-1,0,0,0,62.111
13756,0,0,0.000,0.000,-1,0,0,0,61.366
13757,0,0,0.000,0.000,-1,0,0,0,59.148
13758,0,0,0.000,0.000,-1,0,0,0,60.480
13759,0,0,0.000,0.000,-1,0,0,0,60.580
13760,0,1,81.696,84.661,-1,0,0,0,61.202
13761,0,0,0.000,0.000,-1,0,0,0,58.930
13762,0,0,0.000,0.000,-1,0,0,0,60.596
13763,0,0,0.000,0.000,-1,0,0,0,57.731
13764,0,0,0.000,0.000,-1,0,0,0,60.736
13765,0,0,0.000,0.000,-1,0,0,0,59.792
13766,0,0,0.000,0.000,-1,0,0,0,59.744
13767,0,0,0.000,0.000,-1,0,0,0,60.297
13768,0,0,0.000,0.000,-1,0,0,0,58.516
13769,0,0,0.000,0.000,-1,0,0,0,58.513
13770,0,0,0.000,0.000,-1,0,0,0,65.658
13771,0,0,0.000,0.000,-1,0,0,0,59.389
13772,0,0,0.000,0.000,-1,0,0,0,60.181
13773,0,0,0.000,0.000,-1,0,0,0,59.246
13774,0,0,0.000,0.000,-1,0,0,0,59.975
13775,0,0,0.000,0.000,-1,0,0,0,58.468
13776,0,0,0.000,0.000,-1,0,0,0,61.044
13777,0,0,0.000,0.000,-1,0,0,0,58.948
13778,0,0,0.000,0.000,-1,0,0,0,59.967
13779,0,0,0.000,0.000,-1,0,0,0,60.689
13780,0,0,0.000,0.000,-1,0,0,0,59.099
13781,0,0,0.000,0.000,-1,0,0,0,58.388
13782,0,0,0.000,0.000,-1,0,0,0,61.189
13783,0,0,0.000,0.000,-1,0,0,0,58.774
13784,0,0,0.000,0.000,-1,0,0,0,59.169
13785,0,0,0.000,0.000,-1,0,0,0,57.474
13786,0,0,0.000,0.000,-1,0,0,0,59.481
13787,0,0,0.000,0.000,-1,0,0,0,58.447
13788,0,0,0.000,0.000,-1,0,0,0,60.800
13789,0,0,0.000,0.000,-1,0,0,0,60.526
13790,0,0,0.000,0.000,-1,0,0,0,59.921
13791,0,0,0.000,0.000,-1,0,0,0,61.172
13792,0,1,81.796,84.648,-1,0,0,0,58.698
13793,0,0,0.000,0.000,-1,0,0,0,58.008
13794,0,0,0.000,0.000,-1,0,0,0,60.548
13795,0,0,0.000,0.000,-1,0,0,0,58.482
13796,0,0,0.000,0.000,-1,0,0,0,59.517
13797,0,0,0.000,0.000,-1,0,0,0,59.124
13798,0,0,0.000,0.000,-1,0,0,0,57.153
13799,0,0,0.000,0.000,-1,0,0,0,58.447
13800,0,0,0.000,0.000,-1,0,0,0,63.377
13801,0,0,0.000,0.000,-1,0,0,0,60.234
13802,0,0,0.000,0.000,-1,0,0,0,59.722
13803,0,0,0.000,0.000,-1,0,0,0,60.668
13804,0,0,0.000,0.000,-1,0,0,0,60.541
13805,0,0,0.000,0.000,-1,0,0,0,58.746
13806,0,0,0.000,0.000,-1,0,0,0,61.894
13807,0,0,0.000,0.000,-1,0,0,0,60.095
13808,0,0,0.000,0.000,-1,0,0,0,58.780
13809,0,0,0.000,0.000,-1,0,0,0,59.661
13810,0,0,0.000,0.000,-1,0,0,0,61.619
13811,0,0,0.000,0.000,-1,0,0,0,60.850
13812,0,0,0.000,0.000,-1,0,0,0,62.770
13813,0,0,0.000,0.000,-1,0,0,0,59.458
13814,0,0,0.000,0.000,-1,0,0,0,61.138
13815,0,0,0.000,0.000,-1,0,0,0,58.616
13816,0,0,0.000,0.000,-1,0,0,0,60.054
13817,0,0,0.000,0.000,-1,0,0,0,61.378
13818,0,0,0.000,0.000,-1,0,0,0,63.019
13819,0,0,0.000,0.000,-1,0,0,0,60.047
13820,0,0,0.000,0.000,-1,0,0,0,59.823
13821,0,0,0.000,0.000,-1,0,0,0,60.777
13822,0,0,0.000,0.000,-1,0,0,0,61.373
13823,0,0,0.000,0.000,-1,0,0,0,60.084
13824,0,1,81.631,84.317,-1,0,0,0,61.756
13825,0,0,0.000,0.000,-1,0,0,0,61.060
13826,0,0,0.000,0.000,-1,0,0,0,59.730
13827,0,0,0.000,0.000,-1,0,0,0,69.550
13828,0,0,0.000,0.000,-1,0,0,0,58.678
13829,0,0,0.000,0.000,-1,0,0,0,63.556
13830,0,0,0.000,0.000,-1,0,0,0,76.519
13831,0,0,0.000,0.000,-1,0,0,0,60.140
13832,0,0,0.000,0.000,-1,0,0,0,61.700
13833,0,0,0.000,0.000,-1,0,0,0,60.513
13834,0,0,0.000,0.000,-1,0,0,0,60.352
13835,0,0,0.000,0.000,-1,0,0,0,59.679
13836,0,0,0.000,0.000,-1,0,0,0,60.981
13837,0,0,0.000,0.000,-1,0,0,0,60.762
13838,0,0,0.000,0.000,-1,0,0,0,58.915
13839,0,0,0.000,0.000,-1,0,0,0,59.566
13840,0,0,0.000,0.000,-1,0,0,0,58.817
13841,0,0,0.000,0.000,-1,0,0,0,58.547
13842,0,0,0.000,0.000,-1,0,0,0,62.138
13843,0,0,0.000,0.000,-1,0,0,0,57.865
13844,0,0,0.000,0.000,-1,0,0,0,60.598
13845,0,0,0.000,0.000,-1,0,0,0,61.454
13846,0,0,0.000,0.000,-1,0,0,0,57.390
13847,0,0,0.000,0.000,-1,0,0,0,61.030
13848,0,0,0.000,0.000,-1,0,0,0,59.625
13849,0,0,0.000,0.000,-1,0,0,0,58.054
13850,0,0,0.000,0.000,-1,0,0,0,56.852
13851,0,0,0.000,0.000,-1,0,0,0,60.200
13852,0,0,0.000,0.000,-1,0,0,0,60.751
13853,0,0,0.000,0.000,-1,0,0,0,61.308
13854,0,0,0.000,0.000,-1,0,0,0,61.947
13855,0,0,0.000,0.000,-1,0,0,0,59.232
13856,0,1,81.595,84.404,-1,0,0,0,59.044
13857,0,0,0.000,0.000,-1,0,0,0,61.604
13858,0,0,0.000,0.000,-1,0,0,0,58.978
13859,0,0,0.000,0.000,-1,0,0,0,59.743
13860,0,0,0.000,0.000,-1,0,0,0,63.120
13861,0,0,0.000,0.000,-1,0,0,0,58.485
13862,0,0,0.000,0.000,-1,0,0,0,58.676
13863,0,0,0.000,0.000,-1,0,0,0,58.275
13864,0,0,0.000,0.000,-1,0,0,0,61.049
13865,0,0,0.000,0.000,-1,0,0,0,60.452
13866,0,0,0.000,0.000,-1,0,0,0,60.356
13867,0,0,0.000,0.000,-1,0,0,0,59.271
13868,0,0,0.000,0.000,-1,0,0,0,60.965
13869,0,0,0.000,0.000,-1,0,0,0,60.369
13870,0,0,0.000,0.000,-1,0,0,0,59.067
13871,0,0,0.000,0.000,-1,0,0,0,59.163
13872,0,0,0.000,0.000,-1,0,0,0,61.884
13873,0,0,0.000,0.000,-1,0,0,0,59.666
13874,0,0,0.000,0.000,-1,0,0,0,59.328
13875,0,0,0.000,0.000,-1,0,0,0,58.727
13876,0,0,0.000,0.000,-1,0,0,0,58.858
13877,0,0,0.000,0.000,-1,0,0,0,58.676
13878,0,0,0.000,0.000,-1,0,0,0,63.895
13879,0,0,0.000,0.000,-1,0,0,0,59.394
13880,0,0,0.000,0.000,-1,0,0,0,58.822
13881,0,0,0.000,0.000,-1,0,0,0,57.950
13882,0,0,0.000,0.000,-1,0,0,0,58.740
13883,0,0,0.000,0.000,-1,0,0,0,58.732
13884,0,0,0.000,0.000,-1,0,0,0,61.889
13885,0,0,0.000,0.000,-1,0,0,0,59.410
13886,0,0,0.000,0.000,-1,0,0,0,58.916
13887,0,0,0.000,0.000,-1,0,0,0,57.093
13888,0,1,82.035,84.843,-1,0,0,0,59.111
13889,0,0,0.000,0.000,-1,0,0,0,59.962
13890,0,0,0.000,0.000,-1,0,0,0,62.942
13891,0,0,0.000,0.000,-1,0,0,0,60.474
13892,0,0,0.000,0.000,-1,0,0,0,60.386
13893,0,0,0.000,0.000,-1,0,0,0,61.534
13894,0,0,0.000,0.000,-1,0,0,0,59.939
13895,0,0,0.000,0.000,-1,0,0,0,58.243
13896,0,0,0.000,0.000,-1,0,0,0,61.398
13897,0,0,0.000,0.000,-1,0,0,0,59.224
13898,0,0,0.000,0.000,-1,0,0,0,59.614
13899,0,0,0.000,0.000,-1,0,0,0,57.256
13900,0,0,0.000,0.000,-1,0,0,0,57.323
13901,0,0,0.000,0.000,-1,0,0,0,58.282
13902,0,0,0.000,0.000,-1,0,0,0,61.139
13903,0,0,0.000,0.000,-1,0,0,0,60.996
13904,0,0,0.000,0.000,-1,0,0,0,59.792
13905,0,0,0.000,0.000,-1,0,0,0,59.025
13906,0,0,0.000,0.000,-1,0,0,0,59.133
13907,0,0,0.000,0.000,-1,0,0,0,57.385
13908,0,0,0.000,0.000,-1,0,0,0,59.522
13909,0,0,0.000,0.000,-1,0,0,0,60.004
13910,0,0,0.000,0.000,-1,0,0,0,59.823
13911,0,0,0.000,0.000,-1,0,0,0,57.360
13912,0,0,0.000,0.000,-1,0,0,0,59.838
13913,0,0,0.000,0.000,-1,0,0,0,59.226
13914,0,0,0.000,0.000,-1,0,0,0,63.307
13915,0,0,0.000,0.000,-1,0,0,0,58.381
13916,0,0,0.000,0.000,-1,0,0,0,58.629
13917,0,0,0.000,0.000,-1,0,0,0,59.551
13918,0,0,0.000,0.000,-1,0,0,0,58.462
13919,0,0,0.000,0.000,-1,0,0,0,61.725
13920,0,1,81.781,84.463,-1,0,0,0,63.962
13921,0,0,0.000,0.000,-1,0,0,0,58.274
13922,0,0,0.000,0.000,-1,0,0,0,64.688
13923,0,0,0.000,0.000,-1,0,0,0,58.603
13924,0,0,0.000,0.000,-1,0,0,0,59.200
13925,0,0,0.000,0.000,-1,0,0,0,63.696
13926,0,0,0.000,0.000,-1,0,0,0,60.189
13927,0,0,0.000,0.000,-1,0,0,0,59.671
13928,0,0,0.000,0.000,-1,0,0,0,60.602
13929,0,0,0.000,0.000,-1,0,0,0,59.190
13930,0,0,0.000,0.000,-1,0,0,0,59.157
13931,0,0,0.000,0.000,-1,0,0,0,57.178
13932,0,0,0.000,0.000,-1,0,0,0,60.085
13933,0,0,0.000,0.000,-1,0,0,0,59.700
13934,0,0,0.000,0.000,-1,0,0,0,57.371
13935,0,0,0.000,0.000,-1,0,0,0,59.387
13936,0,0,0.000,0.000,-1,0,0,0,58.282
13937,0,0,0.000,0.000,-1,0,0,0,61.256
13938,0,0,0.000,0.000,-1,0,0,0,60.768
13939,0,0,0.000,0.000,-1,0,0,0,59.401
13940,0,0,0.000,0.000,-1,0,0,0,56.709
13941,0,0,0.000,0.000,-1,0,0,0,57.674
13942,0,0,0.000,0.000,-1,0,0,0,58.574
13943,0,0,0.000,0.000,-1,0,0,0,58.286
13944,0,0,0.000,0.000,-1,0,0,0,61.801
13945,0,0,0.000,0.000,-1,0,0,0,60.359
13946,0,0,0.000,0.000,-1,0,0,0,60.316
13947,0,0,0.000,0.000,-1,0,0,0,61.276
13948,0,0,0.000,0.000,-1,0,0,0,59.465
13949,0,0,0.000,0.000,-1,0,0,0,58.445
13950,0,0,0.000,0.000,-1,0,0,0,65.015
13951,0,0,0.000,0.000,-1,0,0,0,58.511
13952,0,1,81.791,84.487,-1,0,0,0,58.649
13953,0,0,0.000,0.000,-1,0,0,0,59.216
13954,0,0,0.000,0.000,-1,0,0,0,57.918
13955,0,0,0.000,0.000,-1,0,0,0,61.553
13956,0,0,0.000,0.000,-1,0,0,0,60.380
13957,0,0,0.000,0.000,-1,0,0,0,59.252
13958,0,0,0.000,0.000,-1,0,0,0,61.660
13959,0,0,0.000,0.000,-1,0,0,0,59.439
13960,0,0,0.000,0.000,-1,0,0,0,60.433
13961,0,0,0.000,0.000,-1,0,0,0,59.093
13962,0,0,0.000,0.000,-1,0,0,0,61.942
13963,0,0,0.000,0.000,-1,0,0,0,60.132
13964,0,0,0.000,0.000,-1,0,0,0,60.746
13965,0,0,0.000,0.000,-1,0,0,0,56.091
13966,0,0,0.000,0.000,-1,0,0,0,59.513
13967,0,0,0.000,0.000,-1,0,0,0,61.176
13968,0,0,0.000,0.000,-1,0,0,0,61.746
13969,0,0,0.000,0.000,-1,0,0,0,59.515
13970,0,0,0.000,0.000,-1,0,0,0,58.652
13971,0,0,0.000,0.000,-1,0,0,0,59.399
13972,0,0,0.000,0.000,-1,0,0,0,58.461
13973,0,0,0.000,0.000,-1,0,0,0,56.756
13974,0,0,0.000,0.000,-1,0,0,0,60.538
13975,0,0,0.000,0.000,-1,0,0,0,59.180
13976,0,0,0.000,0.000,-1,0,0,0,60.241
13977,0,0,0.000,0.000,-1,0,0,0,57.096
13978,0,0,0.000,0.000,-1,0,0,0,58.852
13979,0,0,0.000,0.000,-1,0,0,0,59.811
13980,0,0,0.000,0.000,-1,0,0,0,62.529
13981,0,0,0.000,0.000,-1,0,0,0,59.024
13982,0,0,0.000,0.000,-1,0,0,0,59.204
13983,0,0,0.000,0.000,-1,0,0,0,58.728
13984,0,1,81.751,84.460,-1,0,0,0,57.934
13985,0,0,0.000,0.000,-1,0,0,0,62.975
13986,0,0,0.000,0.000,-1,0,0,0,62.454
13987,0,0,0.000,0.000,-1,0,0,0,61.170
13988,0,0,0.000,0.000,-1,0,0,0,58.125
13989,0,0,0.000,0.000,-1,0,0,0,60.544
13990,0,0,0.000,0.000,-1,0,0,0,60.870
13991,0,0,0.000,0.000,-1,0,0,0,59.335
13992,0,0,0.000,0.000,-1,0,0,0,59.239
13993,0,0,0.000,0.000,-1,0,0,0,59.112
13994,0,0,0.000,0.000,-1,0,0,0,59.348
13995,0,0,0.000,0.000,-1,0,0,0,60.464
13996,0,0,0.000,0.000,-1,0,0,0,58.198
13997,0,0,0.000,0.000,-1,0,0,0,58.167
13998,0,0,0.000,0.000,-1,0,0,0,61.205
13999,0,0,0.000,0.000,-1,0,0,0,59.113
