step,slot,new_chunk,gpu_ms,total_ms,stage,black_head,black_left,black_right,step_ms
0,0,1,83.926,94.078,-1,0,0,0,nan
1,0,0,0.000,0.000,-1,0,0,1,1336.449
2,0,0,0.000,0.000,-1,0,1,0,637.770
3,0,0,0.000,0.000,-1,0,0,0,550.541
4,0,0,0.000,0.000,-1,0,0,1,462.872
5,0,0,0.000,0.000,-1,1,0,0,533.152
6,0,0,0.000,0.000,-1,0,0,0,734.962
7,0,0,0.000,0.000,-1,0,0,1,609.116
8,0,0,0.000,0.000,-1,0,1,0,593.536
9,0,0,0.000,0.000,-1,0,0,0,625.686
10,0,0,0.000,0.000,-1,0,0,1,382.529
11,0,0,0.000,0.000,-1,1,0,0,141.304
12,0,0,0.000,0.000,-1,0,0,0,211.130
13,0,0,0.000,0.000,-1,0,0,1,252.722
14,0,0,0.000,0.000,-1,0,1,0,182.782
15,0,0,0.000,0.000,-1,0,0,0,531.136
16,0,1,90.088,91.677,-1,0,0,1,514.696
17,0,0,0.000,0.000,-1,1,0,0,594.823
18,0,0,0.000,0.000,-1,0,0,0,511.674
19,0,0,0.000,0.000,-1,0,0,1,507.090
20,0,0,0.000,0.000,-1,0,1,0,145.189
21,0,0,0.000,0.000,-1,0,0,0,122.943
22,0,0,0.000,0.000,-1,0,0,1,201.943
23,0,0,0.000,0.000,-1,1,0,0,154.698
24,0,0,0.000,0.000,-1,0,0,0,123.193
25,0,0,0.000,0.000,-1,0,0,1,126.356
26,0,0,0.000,0.000,-1,0,1,0,144.723
27,0,0,0.000,0.000,-1,0,0,0,130.610
28,0,0,0.000,0.000,-1,0,0,1,125.982
29,0,0,0.000,0.000,-1,1,0,0,126.443
30,0,0,0.000,0.000,-1,0,0,0,140.327
31,0,0,0.000,0.000,-1,0,0,1,133.864
32,0,1,83.921,85.094,-1,0,1,0,167.603
33,0,0,0.000,0.000,-1,0,0,0,134.558
34,0,0,0.000,0.000,-1,0,0,1,132.906
35,0,0,0.000,0.000,-1,1,0,0,180.723
36,0,0,0.000,0.000,-1,0,0,0,152.141
37,0,0,0.000,0.000,-1,0,0,1,174.014
38,0,0,0.000,0.000,-1,0,1,0,150.034
39,0,0,0.000,0.000,-1,0,0,0,148.713
40,0,0,0.000,0.000,-1,0,0,1,222.169
41,0,0,0.000,0.000,-1,1,0,0,143.786
42,0,0,0.000,0.000,-1,0,0,0,227.888
43,0,0,0.000,0.000,-1,0,0,1,192.062
44,0,0,0.000,0.000,-1,0,1,0,160.100
45,0,0,0.000,0.000,-1,0,0,0,593.279
46,0,0,0.000,0.000,-1,0,0,1,519.099
47,0,0,0.000,0.000,-1,1,0,0,564.105
48,0,1,236.574,238.155,-1,0,0,0,624.714
49,0,0,0.000,0.000,-1,0,0,1,175.961
50,0,0,0.000,0.000,-1,0,1,0,167.350
51,0,0,0.000,0.000,-1,0,0,0,144.165
52,0,0,0.000,0.000,-1,0,0,1,176.468
53,0,0,0.000,0.000,-1,1,0,0,193.646
54,0,0,0.000,0.000,-1,0,0,0,267.007
55,0,0,0.000,0.000,-1,0,0,1,492.034
56,0,0,0.000,0.000,-1,0,1,0,523.583
57,0,0,0.000,0.000,-1,0,0,0,489.050
58,0,0,0.000,0.000,-1,0,0,1,464.094
59,0,0,0.000,0.000,-1,1,0,0,539.687
60,0,0,0.000,0.000,-1,0,0,0,486.857
61,0,0,0.000,0.000,-1,0,0,1,480.031
62,0,0,0.000,0.000,-1,0,1,0,151.051
63,0,0,0.000,0.000,-1,0,0,0,154.807
64,0,1,84.368,85.611,-1,0,0,1,128.260
65,0,0,0.000,0.000,-1,1,0,0,144.715
66,0,0,0.000,0.000,-1,0,0,0,148.701
67,0,0,0.000,0.000,-1,0,0,1,165.651
68,0,0,0.000,0.000,-1,0,1,0,187.099
69,0,0,0.000,0.000,-1,0,0,0,194.369
70,0,0,0.000,0.000,-1,0,0,1,170.399
71,0,0,0.000,0.000,-1,1,0,0,161.522
72,0,0,0.000,0.000,-1,0,0,0,181.749
73,0,0,0.000,0.000,-1,0,0,1,165.005
74,0,0,0.000,0.000,-1,0,1,0,225.550
75,0,0,0.000,0.000,-1,0,0,0,191.466
76,0,0,0.000,0.000,-1,0,0,1,162.557
77,0,0,0.000,0.000,-1,1,0,0,162.227
78,0,0,0.000,0.000,-1,0,0,0,140.702
79,0,0,0.000,0.000,-1,0,0,1,189.751
80,0,1,86.590,87.913,-1,0,1,0,160.196
81,0,0,0.000,0.000,-1,0,0,0,153.983
82,0,0,0.000,0.000,-1,0,0,1,160.786
83,0,0,0.000,0.000,-1,1,0,0,173.954
84,0,0,0.000,0.000,-1,0,0,0,157.167
85,0,0,0.000,0.000,-1,0,0,1,177.934
86,0,0,0.000,0.000,-1,0,1,0,193.657
87,0,0,0.000,0.000,-1,0,0,0,204.878
88,0,0,0.000,0.000,-1,0,0,1,145.772
89,0,0,0.000,0.000,-1,1,0,0,143.764
90,0,0,0.000,0.000,-1,0,0,0,225.729
91,0,0,0.000,0.000,-1,0,0,1,175.097
92,0,0,0.000,0.000,-1,0,1,0,225.034
93,0,0,0.000,0.000,-1,0,0,0,171.709
94,0,0,0.000,0.000,-1,0,0,1,197.537
95,0,0,0.000,0.000,-1,1,0,0,187.063
96,0,1,86.688,87.867,-1,0,0,0,132.045
97,0,0,0.000,0.000,-1,0,0,1,194.908
98,0,0,0.000,0.000,-1,0,1,0,163.885
99,0,0,0.000,0.000,-1,0,0,0,158.282
100,0,0,0.000,0.000,-1,0,0,1,175.847
101,0,0,0.000,0.000,-1,1,0,0,157.236
102,0,0,0.000,0.000,-1,0,0,0,171.461
103,0,0,0.000,0.000,-1,0,0,1,189.247
104,0,0,0.000,0.000,-1,0,1,0,210.928
105,0,0,0.000,0.000,-1,0,0,0,195.084
106,0,0,0.000,0.000,-1,0,0,1,177.233
107,0,0,0.000,0.000,-1,1,0,0,208.668
108,0,0,0.000,0.000,-1,0,0,0,222.823
109,0,0,0.000,0.000,-1,0,0,1,222.440
110,0,0,0.000,0.000,-1,0,1,0,195.698
111,0,0,0.000,0.000,-1,0,0,0,190.208
112,0,1,84.141,85.445,-1,0,0,1,165.807
113,0,0,0.000,0.000,-1,1,0,0,171.033
114,0,0,0.000,0.000,-1,0,0,0,228.068
115,0,0,0.000,0.000,-1,0,0,1,248.330
116,0,0,0.000,0.000,-1,0,1,0,210.411
117,0,0,0.000,0.000,-1,0,0,0,162.901
118,0,0,0.000,0.000,-1,0,0,1,202.052
119,0,0,0.000,0.000,-1,1,0,0,182.553
120,0,0,0.000,0.000,-1,0,0,0,190.968
121,0,0,0.000,0.000,-1,0,0,1,188.046
122,0,0,0.000,0.000,-1,0,1,0,180.626
123,0,0,0.000,0.000,-1,0,0,0,193.276
124,0,0,0.000,0.000,-1,0,0,1,212.008
125,0,0,0.000,0.000,-1,1,0,0,229.681
126,0,0,0.000,0.000,-1,0,0,0,248.215
127,0,0,0.000,0.000,-1,0,0,1,248.651
128,0,1,83.939,85.645,-1,0,1,0,249.357
129,0,0,0.000,0.000,-1,0,0,0,266.757
130,0,0,0.000,0.000,-1,0,0,1,211.255
131,0,0,0.000,0.000,-1,1,0,0,160.615
132,0,0,0.000,0.000,-1,0,0,0,175.993
133,0,0,0.000,0.000,-1,0,0,1,184.460
134,0,0,0.000,0.000,-1,0,1,0,209.815
135,0,0,0.000,0.000,-1,0,0,0,212.714
136,0,0,0.000,0.000,-1,0,0,1,209.595
137,0,0,0.000,0.000,-1,1,0,0,432.776
138,0,0,0.000,0.000,-1,0,0,0,513.399
139,0,0,0.000,0.000,-1,0,0,1,499.618
140,0,0,0.000,0.000,-1,0,1,0,290.017
141,0,0,0.000,0.000,-1,0,0,0,236.365
142,0,0,0.000,0.000,-1,0,0,1,176.831
143,0,0,0.000,0.000,-1,1,0,0,152.915
144,0,1,83.885,85.137,-1,0,0,0,150.643
145,0,0,0.000,0.000,-1,0,0,1,182.185
146,0,0,0.000,0.000,-1,0,1,0,175.398
147,0,0,0.000,0.000,-1,0,0,0,209.258
148,0,0,0.000,0.000,-1,0,0,1,174.210
149,0,0,0.000,0.000,-1,1,0,0,149.374
150,0,0,0.000,0.000,-1,0,0,0,151.772
151,0,0,0.000,0.000,-1,0,0,1,121.263
152,0,0,0.000,0.000,-1,0,1,0,159.467
153,0,0,0.000,0.000,-1,0,0,0,169.851
154,0,0,0.000,0.000,-1,0,0,1,154.245
155,0,0,0.000,0.000,-1,1,0,0,151.703
156,0,0,0.000,0.000,-1,0,0,0,142.919
157,0,0,0.000,0.000,-1,0,0,1,149.593
158,0,0,0.000,0.000,-1,0,1,0,137.873
159,0,0,0.000,0.000,-1,0,0,0,183.809
160,0,1,89.761,91.056,-1,0,0,1,164.404
161,0,0,0.000,0.000,-1,1,0,0,139.432
162,0,0,0.000,0.000,-1,0,0,0,163.666
163,0,0,0.000,0.000,-1,0,0,1,178.196
164,0,0,0.000,0.000,-1,0,1,0,172.640
165,0,0,0.000,0.000,-1,0,0,0,190.574
166,0,0,0.000,0.000,-1,0,0,1,195.084
167,0,0,0.000,0.000,-1,1,0,0,158.258
168,0,0,0.000,0.000,-1,0,0,0,176.374
169,0,0,0.000,0.000,-1,0,0,1,182.923
170,0,0,0.000,0.000,-1,0,1,0,204.567
171,0,0,0.000,0.000,-1,0,0,0,176.026
172,0,0,0.000,0.000,-1,0,0,1,144.600
173,0,0,0.000,0.000,-1,1,0,0,142.223
174,0,0,0.000,0.000,-1,0,0,0,138.492
175,0,0,0.000,0.000,-1,0,0,1,167.242
176,0,1,86.191,87.426,-1,0,1,0,144.400
177,0,0,0.000,0.000,-1,0,0,0,181.150
178,0,0,0.000,0.000,-1,0,0,1,176.537
179,0,0,0.000,0.000,-1,1,0,0,221.728
180,0,0,0.000,0.000,-1,0,0,0,161.230
181,0,0,0.000,0.000,-1,0,0,1,589.815
182,0,0,0.000,0.000,-1,0,1,0,500.091
183,0,0,0.000,0.000,-1,0,0,0,147.218
184,0,0,0.000,0.000,-1,0,0,1,137.330
185,0,0,0.000,0.000,-1,1,0,0,159.069
186,0,0,0.000,0.000,-1,0,0,0,164.325
187,0,0,0.000,0.000,-1,0,0,1,156.522
188,0,0,0.000,0.000,-1,0,1,0,128.271
189,0,0,0.000,0.000,-1,0,0,0,144.243
190,0,0,0.000,0.000,-1,0,0,1,173.654
191,0,0,0.000,0.000,-1,1,0,0,163.329
192,0,1,83.876,85.208,-1,0,0,0,153.093
193,0,0,0.000,0.000,-1,0,0,1,211.844
194,0,0,0.000,0.000,-1,0,1,0,174.199
195,0,0,0.000,0.000,-1,0,0,0,128.284
196,0,0,0.000,0.000,-1,0,0,1,210.278
197,0,0,0.000,0.000,-1,1,0,0,162.260
198,0,0,0.000,0.000,-1,0,0,0,365.115
199,0,0,0.000,0.000,-1,0,0,1,151.915
200,0,0,0.000,0.000,-1,0,1,0,194.650
201,0,0,0.000,0.000,-1,0,0,0,133.204
202,0,0,0.000,0.000,-1,0,0,1,175.862
203,0,0,0.000,0.000,-1,1,0,0,175.246
204,0,0,0.000,0.000,-1,0,0,0,191.338
205,0,0,0.000,0.000,-1,0,0,1,197.426
206,0,0,0.000,0.000,-1,0,1,0,170.303
207,0,0,0.000,0.000,-1,0,0,0,160.944
208,0,1,84.008,92.520,-1,0,0,1,157.777
209,0,0,0.000,0.000,-1,1,0,0,139.725
210,0,0,0.000,0.000,-1,0,0,0,132.785
211,0,0,0.000,0.000,-1,0,0,1,119.285
212,0,0,0.000,0.000,-1,0,1,0,127.373
213,0,0,0.000,0.000,-1,0,0,0,136.537
214,0,0,0.000,0.000,-1,0,0,1,174.718
215,0,0,0.000,0.000,-1,1,0,0,129.941
216,0,0,0.000,0.000,-1,0,0,0,155.447
217,0,0,0.000,0.000,-1,0,0,1,158.934
218,0,0,0.000,0.000,-1,0,1,0,128.337
219,0,0,0.000,0.000,-1,0,0,0,141.414
220,0,0,0.000,0.000,-1,0,0,1,138.462
221,0,0,0.000,0.000,-1,1,0,0,168.010
222,0,0,0.000,0.000,-1,0,0,0,164.977
223,0,0,0.000,0.000,-1,0,0,1,212.751
224,0,1,84.319,85.673,-1,0,1,0,182.456
225,0,0,0.000,0.000,-1,0,0,0,123.216
226,0,0,0.000,0.000,-1,0,0,1,161.607
227,0,0,0.000,0.000,-1,1,0,0,192.438
228,0,0,0.000,0.000,-1,0,0,0,159.441
229,0,0,0.000,0.000,-1,0,0,1,178.288
230,0,0,0.000,0.000,-1,0,1,0,172.136
231,0,0,0.000,0.000,-1,0,0,0,167.804
232,0,0,0.000,0.000,-1,0,0,1,163.412
233,0,0,0.000,0.000,-1,1,0,0,169.717
234,0,0,0.000,0.000,-1,0,0,0,162.415
235,0,0,0.000,0.000,-1,0,0,1,174.883
236,0,0,0.000,0.000,-1,0,1,0,148.790
237,0,0,0.000,0.000,-1,0,0,0,138.977
238,0,0,0.000,0.000,-1,0,0,1,116.602
239,0,0,0.000,0.000,-1,1,0,0,124.874
240,0,1,84.790,85.977,-1,0,0,0,159.264
241,0,0,0.000,0.000,-1,0,0,1,166.743
242,0,0,0.000,0.000,-1,0,1,0,264.903
243,0,0,0.000,0.000,-1,0,0,0,253.863
244,0,0,0.000,0.000,-1,0,0,1,441.494
245,0,0,0.000,0.000,-1,1,0,0,470.360
246,0,0,0.000,0.000,-1,0,0,0,480.607
247,0,0,0.000,0.000,-1,0,0,1,415.096
248,0,0,0.000,0.000,-1,0,1,0,480.838
249,0,0,0.000,0.000,-1,0,0,0,225.033
250,0,0,0.000,0.000,-1,0,0,1,456.135
251,0,0,0.000,0.000,-1,1,0,0,544.634
252,0,0,0.000,0.000,-1,0,0,0,595.743
253,0,0,0.000,0.000,-1,0,0,1,512.387
254,0,0,0.000,0.000,-1,0,1,0,565.953
255,0,0,0.000,0.000,-1,0,0,0,540.226
256,0,1,274.907,276.591,-1,0,0,1,507.736
257,0,0,0.000,0.000,-1,1,0,0,141.633
258,0,0,0.000,0.000,-1,0,0,0,119.009
259,0,0,0.000,0.000,-1,0,0,1,99.436
260,0,0,0.000,0.000,-1,0,1,0,140.091
261,0,0,0.000,0.000,-1,0,0,0,127.452
262,0,0,0.000,0.000,-1,0,0,1,104.642
263,0,0,0.000,0.000,-1,1,0,0,118.441
264,0,0,0.000,0.000,-1,0,0,0,172.166
265,0,0,0.000,0.000,-1,0,0,1,157.708
266,0,0,0.000,0.000,-1,0,1,0,133.614
267,0,0,0.000,0.000,-1,0,0,0,139.319
268,0,0,0.000,0.000,-1,0,0,1,154.121
269,0,0,0.000,0.000,-1,1,0,0,140.549
270,0,0,0.000,0.000,-1,0,0,0,152.577
271,0,0,0.000,0.000,-1,0,0,1,172.100
272,0,1,84.951,86.342,-1,0,1,0,163.259
273,0,0,0.000,0.000,-1,0,0,0,120.275
274,0,0,0.000,0.000,-1,0,0,1,157.207
275,0,0,0.000,0.000,-1,1,0,0,138.070
276,0,0,0.000,0.000,-1,0,0,0,153.247
277,0,0,0.000,0.000,-1,0,0,1,156.457
278,0,0,0.000,0.000,-1,0,1,0,126.770
279,0,0,0.000,0.000,-1,0,0,0,148.522
280,0,0,0.000,0.000,-1,0,0,1,149.841
281,0,0,0.000,0.000,-1,1,0,0,153.405
282,0,0,0.000,0.000,-1,0,0,0,151.354
283,0,0,0.000,0.000,-1,0,0,1,128.726
284,0,0,0.000,0.000,-1,0,1,0,94.496
285,0,0,0.000,0.000,-1,0,0,0,134.936
286,0,0,0.000,0.000,-1,0,0,1,144.997
287,0,0,0.000,0.000,-1,1,0,0,143.839
288,0,1,84.033,85.250,-1,0,0,0,180.956
289,0,0,0.000,0.000,-1,0,0,1,182.461
290,0,0,0.000,0.000,-1,0,1,0,175.833
291,0,0,0.000,0.000,-1,0,0,0,178.197
292,0,0,0.000,0.000,-1,0,0,1,190.231
293,0,0,0.000,0.000,-1,1,0,0,171.468
294,0,0,0.000,0.000,-1,0,0,0,159.658
295,0,0,0.000,0.000,-1,0,0,1,154.727
296,0,0,0.000,0.000,-1,0,1,0,148.176
297,0,0,0.000,0.000,-1,0,0,0,147.057
298,0,0,0.000,0.000,-1,0,0,1,121.810
299,0,0,0.000,0.000,-1,1,0,0,144.763
300,0,0,0.000,0.000,-1,0,0,0,134.741
301,0,0,0.000,0.000,-1,0,0,1,147.123
302,0,0,0.000,0.000,-1,0,1,0,115.429
303,0,0,0.000,0.000,-1,0,0,0,144.530
304,0,1,84.629,91.885,-1,0,0,1,135.976
305,0,0,0.000,0.000,-1,1,0,0,206.679
306,0,0,0.000,0.000,-1,0,0,0,121.034
307,0,0,0.000,0.000,-1,0,0,1,121.651
308,0,0,0.000,0.000,-1,0,1,0,171.372
309,0,0,0.000,0.000,-1,0,0,0,131.153
310,0,0,0.000,0.000,-1,0,0,1,184.963
311,0,0,0.000,0.000,-1,1,0,0,144.362
312,0,0,0.000,0.000,-1,0,0,0,182.215
313,0,0,0.000,0.000,-1,0,0,1,497.041
314,0,0,0.000,0.000,-1,0,1,0,515.182
315,0,0,0.000,0.000,-1,0,0,0,476.682
316,0,0,0.000,0.000,-1,0,0,1,608.434
317,0,0,0.000,0.000,-1,1,0,0,536.658
318,0,0,0.000,0.000,-1,0,0,0,525.873
319,0,0,0.000,0.000,-1,0,0,1,508.690
320,0,1,293.381,300.336,-1,0,1,0,472.659
321,0,0,0.000,0.000,-1,0,0,0,563.365
322,0,0,0.000,0.000,-1,0,0,1,515.947
323,0,0,0.000,0.000,-1,1,0,0,509.607
324,0,0,0.000,0.000,-1,0,0,0,499.703
325,0,0,0.000,0.000,-1,0,0,1,552.766
326,0,0,0.000,0.000,-1,0,1,0,489.049
327,0,0,0.000,0.000,-1,0,0,0,458.808
328,0,0,0.000,0.000,-1,0,0,1,471.357
329,0,0,0.000,0.000,-1,1,0,0,122.731
330,0,0,0.000,0.000,-1,0,0,0,117.698
331,0,0,0.000,0.000,-1,0,0,1,155.796
332,0,0,0.000,0.000,-1,0,1,0,168.193
333,0,0,0.000,0.000,-1,0,0,0,179.155
334,0,0,0.000,0.000,-1,0,0,1,188.567
335,0,0,0.000,0.000,-1,1,0,0,194.940
336,0,1,85.654,86.979,-1,0,0,0,178.049
337,0,0,0.000,0.000,-1,0,0,1,219.548
338,0,0,0.000,0.000,-1,0,1,0,180.866
339,0,0,0.000,0.000,-1,0,0,0,178.697
340,0,0,0.000,0.000,-1,0,0,1,189.725
341,0,0,0.000,0.000,-1,1,0,0,132.971
342,0,0,0.000,0.000,-1,0,0,0,182.178
343,0,0,0.000,0.000,-1,0,0,1,188.660
344,0,0,0.000,0.000,-1,0,1,0,176.424
345,0,0,0.000,0.000,-1,0,0,0,162.112
346,0,0,0.000,0.000,-1,0,0,1,198.376
347,0,0,0.000,0.000,-1,1,0,0,148.765
348,0,0,0.000,0.000,-1,0,0,0,147.020
349,0,0,0.000,0.000,-1,0,0,1,191.598
350,0,0,0.000,0.000,-1,0,1,0,223.166
351,0,0,0.000,0.000,-1,0,0,0,244.296
352,0,1,85.449,86.656,-1,0,0,1,421.727
353,0,0,0.000,0.000,-1,1,0,0,151.890
354,0,0,0.000,0.000,-1,0,0,0,200.424
355,0,0,0.000,0.000,-1,0,0,1,183.070
356,0,0,0.000,0.000,-1,0,1,0,194.964
357,0,0,0.000,0.000,-1,0,0,0,165.435
358,0,0,0.000,0.000,-1,0,0,1,191.074
359,0,0,0.000,0.000,-1,1,0,0,153.957
360,0,0,0.000,0.000,-1,0,0,0,192.698
361,0,0,0.000,0.000,-1,0,0,1,223.927
362,0,0,0.000,0.000,-1,0,1,0,506.601
363,0,0,0.000,0.000,-1,0,0,0,487.310
364,0,0,0.000,0.000,-1,0,0,1,448.722
365,0,0,0.000,0.000,-1,1,0,0,544.031
366,0,0,0.000,0.000,-1,0,0,0,339.048
367,0,0,0.000,0.000,-1,0,0,1,212.118
368,0,1,84.397,86.100,-1,0,1,0,277.572
369,0,0,0.000,0.000,-1,0,0,0,488.586
370,0,0,0.000,0.000,-1,0,0,1,532.103
371,0,0,0.000,0.000,-1,1,0,0,589.040
372,0,0,0.000,0.000,-1,0,0,0,406.418
373,0,0,0.000,0.000,-1,0,0,1,184.993
374,0,0,0.000,0.000,-1,0,1,0,171.193
375,0,0,0.000,0.000,-1,0,0,0,162.442
376,0,0,0.000,0.000,-1,0,0,1,195.706
377,0,0,0.000,0.000,-1,1,0,0,154.747
378,0,0,0.000,0.000,-1,0,0,0,451.393
379,0,0,0.000,0.000,-1,0,0,1,177.818
380,0,0,0.000,0.000,-1,0,1,0,207.365
381,0,0,0.000,0.000,-1,0,0,0,175.280
382,0,0,0.000,0.000,-1,0,0,1,163.188
383,0,0,0.000,0.000,-1,1,0,0,168.519
384,0,1,84.144,85.560,-1,0,0,0,246.600
385,0,0,0.000,0.000,-1,0,0,1,569.089
386,0,0,0.000,0.000,-1,0,1,0,573.789
387,0,0,0.000,0.000,-1,0,0,0,497.448
388,0,0,0.000,0.000,-1,0,0,1,546.944
389,0,0,0.000,0.000,-1,1,0,0,425.929
390,0,0,0.000,0.000,-1,0,0,0,125.942
391,0,0,0.000,0.000,-1,0,0,1,180.128
392,0,0,0.000,0.000,-1,0,1,0,197.246
393,0,0,0.000,0.000,-1,0,0,0,164.688
394,0,0,0.000,0.000,-1,0,0,1,168.720
395,0,0,0.000,0.000,-1,1,0,0,140.597
396,0,0,0.000,0.000,-1,0,0,0,138.856
397,0,0,0.000,0.000,-1,0,0,1,129.970
398,0,0,0.000,0.000,-1,0,1,0,102.641
399,0,0,0.000,0.000,-1,0,0,0,118.702
400,0,1,84.835,85.945,-1,0,0,1,122.138
401,0,0,0.000,0.000,-1,1,0,0,164.714
402,0,0,0.000,0.000,-1,0,0,0,155.373
403,0,0,0.000,0.000,-1,0,0,1,130.172
404,0,0,0.000,0.000,-1,0,1,0,113.748
405,0,0,0.000,0.000,-1,0,0,0,176.017
406,0,0,0.000,0.000,-1,0,0,1,162.225
407,0,0,0.000,0.000,-1,1,0,0,139.462
408,0,0,0.000,0.000,-1,0,0,0,162.073
409,0,0,0.000,0.000,-1,0,0,1,208.292
410,0,0,0.000,0.000,-1,0,1,0,159.710
411,0,0,0.000,0.000,-1,0,0,0,185.721
412,0,0,0.000,0.000,-1,0,0,1,161.831
413,0,0,0.000,0.000,-1,1,0,0,119.415
414,0,0,0.000,0.000,-1,0,0,0,192.619
415,0,0,0.000,0.000,-1,0,0,1,153.862
416,0,1,83.982,85.305,-1,0,1,0,194.811
417,0,0,0.000,0.000,-1,0,0,0,173.977
418,0,0,0.000,0.000,-1,0,0,1,175.366
419,0,0,0.000,0.000,-1,1,0,0,172.716
420,0,0,0.000,0.000,-1,0,0,0,194.596
421,0,0,0.000,0.000,-1,0,0,1,190.133
422,0,0,0.000,0.000,-1,0,1,0,164.010
423,0,0,0.000,0.000,-1,0,0,0,159.987
424,0,0,0.000,0.000,-1,0,0,1,160.443
425,0,0,0.000,0.000,-1,1,0,0,163.876
426,0,0,0.000,0.000,-1,0,0,0,217.463
427,0,0,0.000,0.000,-1,0,0,1,207.877
428,0,0,0.000,0.000,-1,0,1,0,223.587
429,0,0,0.000,0.000,-1,0,0,0,162.365
430,0,0,0.000,0.000,-1,0,0,1,223.631
431,0,0,0.000,0.000,-1,1,0,0,194.534
432,0,1,83.929,85.175,-1,0,0,0,192.852
433,0,0,0.000,0.000,-1,0,0,1,176.279
434,0,0,0.000,0.000,-1,0,1,0,206.382
435,0,0,0.000,0.000,-1,0,0,0,223.158
436,0,0,0.000,0.000,-1,0,0,1,193.041
437,0,0,0.000,0.000,-1,1,0,0,191.582
438,0,0,0.000,0.000,-1,0,0,0,175.694
439,0,0,0.000,0.000,-1,0,0,1,184.814
440,0,0,0.000,0.000,-1,0,1,0,149.643
441,0,0,0.000,0.000,-1,0,0,0,154.038
442,0,0,0.000,0.000,-1,0,0,1,175.899
443,0,0,0.000,0.000,-1,1,0,0,207.041
444,0,0,0.000,0.000,-1,0,0,0,159.801
445,0,0,0.000,0.000,-1,0,0,1,214.887
446,0,0,0.000,0.000,-1,0,1,0,147.862
447,0,0,0.000,0.000,-1,0,0,0,136.343
448,0,1,83.940,85.201,-1,0,0,1,211.466
449,0,0,0.000,0.000,-1,1,0,0,186.691
450,0,0,0.000,0.000,-1,0,0,0,207.078
451,0,0,0.000,0.000,-1,0,0,1,159.705
452,0,0,0.000,0.000,-1,0,1,0,161.089
453,0,0,0.000,0.000,-1,0,0,0,224.650
454,0,0,0.000,0.000,-1,0,0,1,191.775
455,0,0,0.000,0.000,-1,1,0,0,207.838
456,0,0,0.000,0.000,-1,0,0,0,178.016
457,0,0,0.000,0.000,-1,0,0,1,221.456
458,0,0,0.000,0.000,-1,0,1,0,330.662
459,0,0,0.000,0.000,-1,0,0,0,169.097
460,0,0,0.000,0.000,-1,0,0,1,151.389
461,0,0,0.000,0.000,-1,1,0,0,171.011
462,0,0,0.000,0.000,-1,0,0,0,238.630
463,0,0,0.000,0.000,-1,0,0,1,195.774
464,0,1,86.558,87.863,-1,0,1,0,209.291
465,0,0,0.000,0.000,-1,0,0,0,424.840
466,0,0,0.000,0.000,-1,0,0,1,139.883
467,0,0,0.000,0.000,-1,1,0,0,133.862
468,0,0,0.000,0.000,-1,0,0,0,125.267
469,0,0,0.000,0.000,-1,0,0,1,130.020
470,0,0,0.000,0.000,-1,0,1,0,115.054
471,0,0,0.000,0.000,-1,0,0,0,245.150
472,0,0,0.000,0.000,-1,0,0,1,221.340
473,0,0,0.000,0.000,-1,1,0,0,189.252
474,0,0,0.000,0.000,-1,0,0,0,147.495
475,0,0,0.000,0.000,-1,0,0,1,190.179
476,0,0,0.000,0.000,-1,0,1,0,207.750
477,0,0,0.000,0.000,-1,0,0,0,160.427
478,0,0,0.000,0.000,-1,0,0,1,168.572
479,0,0,0.000,0.000,-1,1,0,0,184.768
480,0,1,85.525,86.809,-1,0,0,0,162.786
481,0,0,0.000,0.000,-1,0,0,1,138.779
482,0,0,0.000,0.000,-1,0,1,0,153.112
483,0,0,0.000,0.000,-1,0,0,0,149.806
484,0,0,0.000,0.000,-1,0,0,1,146.146
485,0,0,0.000,0.000,-1,1,0,0,173.377
486,0,0,0.000,0.000,-1,0,0,0,222.349
487,0,0,0.000,0.000,-1,0,0,1,196.146
488,0,0,0.000,0.000,-1,0,1,0,154.250
489,0,0,0.000,0.000,-1,0,0,0,142.887
490,0,0,0.000,0.000,-1,0,0,1,146.573
491,0,0,0.000,0.000,-1,1,0,0,140.170
492,0,0,0.000,0.000,-1,0,0,0,136.066
493,0,0,0.000,0.000,-1,0,0,1,144.739
494,0,0,0.000,0.000,-1,0,1,0,146.362
495,0,0,0.000,0.000,-1,0,0,0,177.920
496,0,1,84.105,85.366,-1,0,0,1,204.909
497,0,0,0.000,0.000,-1,1,0,0,174.487
498,0,0,0.000,0.000,-1,0,0,0,210.598
499,0,0,0.000,0.000,-1,0,0,1,150.567
500,0,0,0.000,0.000,-1,0,1,0,141.603
501,0,0,0.000,0.000,-1,0,0,0,164.478
502,0,0,0.000,0.000,-1,0,0,1,219.567
503,0,0,0.000,0.000,-1,1,0,0,177.820
504,0,0,0.000,0.000,-1,0,0,0,245.596
505,0,0,0.000,0.000,-1,0,0,1,290.098
506,0,0,0.000,0.000,-1,0,1,0,160.334
507,0,0,0.000,0.000,-1,0,0,0,157.562
508,0,0,0.000,0.000,-1,0,0,1,229.660
509,0,0,0.000,0.000,-1,1,0,0,228.866
510,0,0,0.000,0.000,-1,0,0,0,506.423
511,0,0,0.000,0.000,-1,0,0,1,577.662
512,0,1,84.469,85.813,-1,0,1,0,498.275
513,0,0,0.000,0.000,-1,0,0,0,153.293
514,0,0,0.000,0.000,-1,0,0,1,163.497
515,0,0,0.000,0.000,-1,1,0,0,185.103
516,0,0,0.000,0.000,-1,0,0,0,183.216
517,0,0,0.000,0.000,-1,0,0,1,418.455
518,0,0,0.000,0.000,-1,0,1,0,584.519
519,0,0,0.000,0.000,-1,0,0,0,147.841
520,0,0,0.000,0.000,-1,0,0,1,141.620
521,0,0,0.000,0.000,-1,1,0,0,153.664
522,0,0,0.000,0.000,-1,0,0,0,166.039
523,0,0,0.000,0.000,-1,0,0,1,163.915
524,0,0,0.000,0.000,-1,0,1,0,147.332
525,0,0,0.000,0.000,-1,0,0,0,201.357
526,0,0,0.000,0.000,-1,0,0,1,152.911
527,0,0,0.000,0.000,-1,1,0,0,142.535
528,0,1,89.506,90.788,-1,0,0,0,186.917
529,0,0,0.000,0.000,-1,0,0,1,175.546
530,0,0,0.000,0.000,-1,0,1,0,176.045
531,0,0,0.000,0.000,-1,0,0,0,136.424
532,0,0,0.000,0.000,-1,0,0,1,154.081
533,0,0,0.000,0.000,-1,1,0,0,166.020
534,0,0,0.000,0.000,-1,0,0,0,180.179
535,0,0,0.000,0.000,-1,0,0,1,162.767
536,0,0,0.000,0.000,-1,0,1,0,210.993
537,0,0,0.000,0.000,-1,0,0,0,147.856
538,0,0,0.000,0.000,-1,0,0,1,133.602
539,0,0,0.000,0.000,-1,1,0,0,172.157
540,0,0,0.000,0.000,-1,0,0,0,132.240
541,0,0,0.000,0.000,-1,0,0,1,149.450
542,0,0,0.000,0.000,-1,0,1,0,124.897
543,0,0,0.000,0.000,-1,0,0,0,150.106
544,0,1,84.427,85.696,-1,0,0,1,143.929
545,0,0,0.000,0.000,-1,1,0,0,211.901
546,0,0,0.000,0.000,-1,0,0,0,121.553
547,0,0,0.000,0.000,-1,0,0,1,197.684
548,0,0,0.000,0.000,-1,0,1,0,134.662
549,0,0,0.000,0.000,-1,0,0,0,123.513
550,0,0,0.000,0.000,-1,0,0,1,115.450
551,0,0,0.000,0.000,-1,1,0,0,138.425
552,0,0,0.000,0.000,-1,0,0,0,137.057
553,0,0,0.000,0.000,-1,0,0,1,149.886
554,0,0,0.000,0.000,-1,0,1,0,135.323
555,0,0,0.000,0.000,-1,0,0,0,149.953
556,0,0,0.000,0.000,-1,0,0,1,147.317
557,0,0,0.000,0.000,-1,1,0,0,209.428
558,0,0,0.000,0.000,-1,0,0,0,188.278
559,0,0,0.000,0.000,-1,0,0,1,184.192
560,0,1,83.995,85.274,-1,0,1,0,204.621
561,0,0,0.000,0.000,-1,0,0,0,173.890
562,0,0,0.000,0.000,-1,0,0,1,428.397
563,0,0,0.000,0.000,-1,1,0,0,488.408
564,0,0,0.000,0.000,-1,0,0,0,513.051
565,0,0,0.000,0.000,-1,0,0,1,540.875
566,0,0,0.000,0.000,-1,0,1,0,523.247
567,0,0,0.000,0.000,-1,0,0,0,466.814
568,0,0,0.000,0.000,-1,0,0,1,510.579
569,0,0,0.000,0.000,-1,1,0,0,495.666
570,0,0,0.000,0.000,-1,0,0,0,455.101
571,0,0,0.000,0.000,-1,0,0,1,527.586
572,0,0,0.000,0.000,-1,0,1,0,481.830
573,0,0,0.000,0.000,-1,0,0,0,528.208
574,0,0,0.000,0.000,-1,0,0,1,562.659
575,0,0,0.000,0.000,-1,1,0,0,577.323
576,0,1,84.926,86.246,-1,0,0,0,528.592
577,0,0,0.000,0.000,-1,0,0,1,541.168
578,0,0,0.000,0.000,-1,0,1,0,536.663
579,0,0,0.000,0.000,-1,0,0,0,550.822
580,0,0,0.000,0.000,-1,0,0,1,455.210
581,0,0,0.000,0.000,-1,1,0,0,566.590
582,0,0,0.000,0.000,-1,0,0,0,533.438
583,0,0,0.000,0.000,-1,0,0,1,442.338
584,0,0,0.000,0.000,-1,0,1,0,180.763
585,0,0,0.000,0.000,-1,0,0,0,216.882
586,0,0,0.000,0.000,-1,0,0,1,133.045
587,0,0,0.000,0.000,-1,1,0,0,257.536
588,0,0,0.000,0.000,-1,0,0,0,223.550
589,0,0,0.000,0.000,-1,0,0,1,166.918
590,0,0,0.000,0.000,-1,0,1,0,147.382
591,0,0,0.000,0.000,-1,0,0,0,193.763
592,0,1,84.372,85.989,-1,0,0,1,156.469
593,0,0,0.000,0.000,-1,1,0,0,177.342
594,0,0,0.000,0.000,-1,0,0,0,150.124
595,0,0,0.000,0.000,-1,0,0,1,141.189
596,0,0,0.000,0.000,-1,0,1,0,545.385
597,0,0,0.000,0.000,-1,0,0,0,619.527
598,0,0,0.000,0.000,-1,0,0,1,535.424
599,0,0,0.000,0.000,-1,1,0,0,539.423
600,0,0,0.000,0.000,-1,0,0,0,511.462
601,0,0,0.000,0.000,-1,0,0,1,184.925
602,0,0,0.000,0.000,-1,0,1,0,153.623
603,0,0,0.000,0.000,-1,0,0,0,166.424
604,0,0,0.000,0.000,-1,0,0,1,556.694
605,0,0,0.000,0.000,-1,1,0,0,557.550
606,0,0,0.000,0.000,-1,0,0,0,577.806
607,0,0,0.000,0.000,-1,0,0,1,580.724
608,0,1,106.447,107.780,-1,0,1,0,672.608
609,0,0,0.000,0.000,-1,0,0,0,519.953
610,0,0,0.000,0.000,-1,0,0,1,184.955
611,0,0,0.000,0.000,-1,1,0,0,170.321
612,0,0,0.000,0.000,-1,0,0,0,187.007
613,0,0,0.000,0.000,-1,0,0,1,164.267
614,0,0,0.000,0.000,-1,0,1,0,208.455
615,0,0,0.000,0.000,-1,0,0,0,222.117
616,0,0,0.000,0.000,-1,0,0,1,142.835
617,0,0,0.000,0.000,-1,1,0,0,179.998
618,0,0,0.000,0.000,-1,0,0,0,180.343
619,0,0,0.000,0.000,-1,0,0,1,165.773
620,0,0,0.000,0.000,-1,0,1,0,191.614
621,0,0,0.000,0.000,-1,0,0,0,179.916
622,0,0,0.000,0.000,-1,0,0,1,174.014
623,0,0,0.000,0.000,-1,1,0,0,159.880
624,0,1,87.223,88.528,-1,0,0,0,158.208
625,0,0,0.000,0.000,-1,0,0,1,169.490
626,0,0,0.000,0.000,-1,0,1,0,189.336
627,0,0,0.000,0.000,-1,0,0,0,159.180
628,0,0,0.000,0.000,-1,0,0,1,163.365
629,0,0,0.000,0.000,-1,1,0,0,191.412
630,0,0,0.000,0.000,-1,0,0,0,134.621
631,0,0,0.000,0.000,-1,0,0,1,130.072
632,0,0,0.000,0.000,-1,0,1,0,138.992
633,0,0,0.000,0.000,-1,0,0,0,163.316
634,0,0,0.000,0.000,-1,0,0,1,147.404
635,0,0,0.000,0.000,-1,1,0,0,183.038
636,0,0,0.000,0.000,-1,0,0,0,122.898
637,0,0,0.000,0.000,-1,0,0,1,168.067
638,0,0,0.000,0.000,-1,0,1,0,209.338
639,0,0,0.000,0.000,-1,0,0,0,223.501
640,0,1,88.335,89.656,-1,0,0,1,212.596
641,0,0,0.000,0.000,-1,1,0,0,187.726
642,0,0,0.000,0.000,-1,0,0,0,226.742
643,0,0,0.000,0.000,-1,0,0,1,164.215
644,0,0,0.000,0.000,-1,0,1,0,236.960
645,0,0,0.000,0.000,-1,0,0,0,165.539
646,0,0,0.000,0.000,-1,0,0,1,211.919
647,0,0,0.000,0.000,-1,1,0,0,512.620
648,0,0,0.000,0.000,-1,0,0,0,588.024
649,0,0,0.000,0.000,-1,0,0,1,498.776
650,0,0,0.000,0.000,-1,0,1,0,140.554
651,0,0,0.000,0.000,-1,0,0,0,138.294
652,0,0,0.000,0.000,-1,0,0,1,136.081
653,0,0,0.000,0.000,-1,1,0,0,166.947
654,0,0,0.000,0.000,-1,0,0,0,165.268
655,0,0,0.000,0.000,-1,0,0,1,206.843
656,0,1,84.622,85.983,-1,0,1,0,153.299
657,0,0,0.000,0.000,-1,0,0,0,215.971
658,0,0,0.000,0.000,-1,0,0,1,144.128
659,0,0,0.000,0.000,-1,1,0,0,137.603
660,0,0,0.000,0.000,-1,0,0,0,163.568
661,0,0,0.000,0.000,-1,0,0,1,166.402
662,0,0,0.000,0.000,-1,0,1,0,194.752
663,0,0,0.000,0.000,-1,0,0,0,150.476
664,0,0,0.000,0.000,-1,0,0,1,168.241
665,0,0,0.000,0.000,-1,1,0,0,151.634
666,0,0,0.000,0.000,-1,0,0,0,138.454
667,0,0,0.000,0.000,-1,0,0,1,115.956
668,0,0,0.000,0.000,-1,0,1,0,159.919
669,0,0,0.000,0.000,-1,0,0,0,171.418
670,0,0,0.000,0.000,-1,0,0,1,108.055
671,0,0,0.000,0.000,-1,1,0,0,136.095
672,0,1,89.051,90.279,-1,0,0,0,167.151
673,0,0,0.000,0.000,-1,0,0,1,169.847
674,0,0,0.000,0.000,-1,0,1,0,208.442
675,0,0,0.000,0.000,-1,0,0,0,194.479
676,0,0,0.000,0.000,-1,0,0,1,136.266
677,0,0,0.000,0.000,-1,1,0,0,131.001
678,0,0,0.000,0.000,-1,0,0,0,99.961
679,0,0,0.000,0.000,-1,0,0,1,136.196
680,0,0,0.000,0.000,-1,0,1,0,135.429
681,0,0,0.000,0.000,-1,0,0,0,132.697
682,0,0,0.000,0.000,-1,0,0,1,178.138
683,0,0,0.000,0.000,-1,1,0,0,152.205
684,0,0,0.000,0.000,-1,0,0,0,169.926
685,0,0,0.000,0.000,-1,0,0,1,163.343
686,0,0,0.000,0.000,-1,0,1,0,237.889
687,0,0,0.000,0.000,-1,0,0,0,175.404
688,0,1,85.846,87.058,-1,0,0,1,138.945
689,0,0,0.000,0.000,-1,1,0,0,130.130
690,0,0,0.000,0.000,-1,0,0,0,172.770
691,0,0,0.000,0.000,-1,0,0,1,155.893
692,0,0,0.000,0.000,-1,0,1,0,153.321
693,0,0,0.000,0.000,-1,0,0,0,199.999
694,0,0,0.000,0.000,-1,0,0,1,506.462
695,0,0,0.000,0.000,-1,1,0,0,185.078
696,0,0,0.000,0.000,-1,0,0,0,209.085
697,0,0,0.000,0.000,-1,0,0,1,191.019
698,0,0,0.000,0.000,-1,0,1,0,191.138
699,0,0,0.000,0.000,-1,0,0,0,169.196
700,0,0,0.000,0.000,-1,0,0,1,258.203
701,0,0,0.000,0.000,-1,1,0,0,121.193
702,0,0,0.000,0.000,-1,0,0,0,189.920
703,0,0,0.000,0.000,-1,0,0,1,151.112
704,0,1,83.871,85.085,-1,0,1,0,195.892
705,0,0,0.000,0.000,-1,0,0,0,149.434
706,0,0,0.000,0.000,-1,0,0,1,176.540
707,0,0,0.000,0.000,-1,1,0,0,133.417
708,0,0,0.000,0.000,-1,0,0,0,150.953
709,0,0,0.000,0.000,-1,0,0,1,176.925
710,0,0,0.000,0.000,-1,0,1,0,160.229
711,0,0,0.000,0.000,-1,0,0,0,176.403
712,0,0,0.000,0.000,-1,0,0,1,165.224
713,0,0,0.000,0.000,-1,1,0,0,171.500
714,0,0,0.000,0.000,-1,0,0,0,319.998
715,0,0,0.000,0.000,-1,0,0,1,526.756
716,0,0,0.000,0.000,-1,0,1,0,480.447
717,0,0,0.000,0.000,-1,0,0,0,451.935
718,0,0,0.000,0.000,-1,0,0,1,280.326
719,0,0,0.000,0.000,-1,1,0,0,136.725
720,0,1,82.595,89.088,-1,0,0,0,121.502
721,0,0,0.000,0.000,-1,0,0,1,151.084
722,0,0,0.000,0.000,-1,0,1,0,159.250
723,0,0,0.000,0.000,-1,0,0,0,172.577
724,0,0,0.000,0.000,-1,0,0,1,199.424
725,0,0,0.000,0.000,-1,1,0,0,162.147
726,0,0,0.000,0.000,-1,0,0,0,132.667
727,0,0,0.000,0.000,-1,0,0,1,133.826
728,0,0,0.000,0.000,-1,0,1,0,144.962
729,0,0,0.000,0.000,-1,0,0,0,135.926
730,0,0,0.000,0.000,-1,0,0,1,129.641
731,0,0,0.000,0.000,-1,1,0,0,132.473
732,0,0,0.000,0.000,-1,0,0,0,167.183
733,0,0,0.000,0.000,-1,0,0,1,217.876
734,0,0,0.000,0.000,-1,0,1,0,167.014
735,0,0,0.000,0.000,-1,0,0,0,157.935
736,0,1,91.054,92.375,-1,0,0,1,173.650
737,0,0,0.000,0.000,-1,1,0,0,163.069
738,0,0,0.000,0.000,-1,0,0,0,136.156
739,0,0,0.000,0.000,-1,0,0,1,118.736
740,0,0,0.000,0.000,-1,0,1,0,139.603
741,0,0,0.000,0.000,-1,0,0,0,137.453
742,0,0,0.000,0.000,-1,0,0,1,182.277
743,0,0,0.000,0.000,-1,1,0,0,158.926
744,0,0,0.000,0.000,-1,0,0,0,150.291
745,0,0,0.000,0.000,-1,0,0,1,189.827
746,0,0,0.000,0.000,-1,0,1,0,163.850
747,0,0,0.000,0.000,-1,0,0,0,134.608
748,0,0,0.000,0.000,-1,0,0,1,148.908
749,0,0,0.000,0.000,-1,1,0,0,153.134
750,0,0,0.000,0.000,-1,0,0,0,146.768
751,0,0,0.000,0.000,-1,0,0,1,151.420
752,0,1,84.146,85.390,-1,0,1,0,145.725
753,0,0,0.000,0.000,-1,0,0,0,149.640
754,0,0,0.000,0.000,-1,0,0,1,130.813
755,0,0,0.000,0.000,-1,1,0,0,162.316
756,0,0,0.000,0.000,-1,0,0,0,144.997
757,0,0,0.000,0.000,-1,0,0,1,165.825
758,0,0,0.000,0.000,-1,0,1,0,146.037
759,0,0,0.000,0.000,-1,0,0,0,160.121
760,0,0,0.000,0.000,-1,0,0,1,162.218
761,0,0,0.000,0.000,-1,1,0,0,171.355
762,0,0,0.000,0.000,-1,0,0,0,209.432
763,0,0,0.000,0.000,-1,0,0,1,514.139
764,0,0,0.000,0.000,-1,0,1,0,556.751
765,0,0,0.000,0.000,-1,0,0,0,463.056
766,0,0,0.000,0.000,-1,0,0,1,533.444
767,0,0,0.000,0.000,-1,1,0,0,570.673
768,0,1,84.712,85.972,-1,0,0,0,199.264
769,0,0,0.000,0.000,-1,0,0,1,236.121
770,0,0,0.000,0.000,-1,0,1,0,128.332
771,0,0,0.000,0.000,-1,0,0,0,189.381
772,0,0,0.000,0.000,-1,0,0,1,172.814
773,0,0,0.000,0.000,-1,1,0,0,175.973
774,0,0,0.000,0.000,-1,0,0,0,198.820
775,0,0,0.000,0.000,-1,0,0,1,145.469
776,0,0,0.000,0.000,-1,0,1,0,219.505
777,0,0,0.000,0.000,-1,0,0,0,151.478
778,0,0,0.000,0.000,-1,0,0,1,127.849
779,0,0,0.000,0.000,-1,1,0,0,153.457
780,0,0,0.000,0.000,-1,0,0,0,145.497
781,0,0,0.000,0.000,-1,0,0,1,197.914
782,0,0,0.000,0.000,-1,0,1,0,174.339
783,0,0,0.000,0.000,-1,0,0,0,144.858
784,0,1,83.977,91.552,-1,0,0,1,154.963
785,0,0,0.000,0.000,-1,1,0,0,165.073
786,0,0,0.000,0.000,-1,0,0,0,210.127
787,0,0,0.000,0.000,-1,0,0,1,475.866
788,0,0,0.000,0.000,-1,0,1,0,564.031
789,0,0,0.000,0.000,-1,0,0,0,480.999
790,0,0,0.000,0.000,-1,0,0,1,526.733
791,0,0,0.000,0.000,-1,1,0,0,605.003
792,0,0,0.000,0.000,-1,0,0,0,357.027
793,0,0,0.000,0.000,-1,0,0,1,249.743
794,0,0,0.000,0.000,-1,0,1,0,512.086
795,0,0,0.000,0.000,-1,0,0,0,515.374
796,0,0,0.000,0.000,-1,0,0,1,539.677
797,0,0,0.000,0.000,-1,1,0,0,609.070
798,0,0,0.000,0.000,-1,0,0,0,595.275
799,0,0,0.000,0.000,-1,0,0,1,548.539
800,0,1,91.310,92.593,-1,0,1,0,554.770
801,0,0,0.000,0.000,-1,0,0,0,385.743
802,0,0,0.000,0.000,-1,0,0,1,160.802
803,0,0,0.000,0.000,-1,1,0,0,195.432
804,0,0,0.000,0.000,-1,0,0,0,156.909
805,0,0,0.000,0.000,-1,0,0,1,186.923
806,0,0,0.000,0.000,-1,0,1,0,155.382
807,0,0,0.000,0.000,-1,0,0,0,132.193
808,0,0,0.000,0.000,-1,0,0,1,135.737
809,0,0,0.000,0.000,-1,1,0,0,175.153
810,0,0,0.000,0.000,-1,0,0,0,148.005
811,0,0,0.000,0.000,-1,0,0,1,164.566
812,0,0,0.000,0.000,-1,0,1,0,185.881
813,0,0,0.000,0.000,-1,0,0,0,145.631
814,0,0,0.000,0.000,-1,0,0,1,168.367
815,0,0,0.000,0.000,-1,1,0,0,137.610
816,0,1,83.906,85.187,-1,0,0,0,130.317
817,0,0,0.000,0.000,-1,0,0,1,273.655
818,0,0,0.000,0.000,-1,0,1,0,396.755
819,0,0,0.000,0.000,-1,0,0,0,431.088
820,0,0,0.000,0.000,-1,0,0,1,640.686
821,0,0,0.000,0.000,-1,1,0,0,358.399
822,0,0,0.000,0.000,-1,0,0,0,704.056
823,0,0,0.000,0.000,-1,0,0,1,574.904
824,0,0,0.000,0.000,-1,0,1,0,642.161
825,0,0,0.000,0.000,-1,0,0,0,655.056
826,0,0,0.000,0.000,-1,0,0,1,564.982
827,0,0,0.000,0.000,-1,1,0,0,628.103
828,0,0,0.000,0.000,-1,0,0,0,429.448
829,0,0,0.000,0.000,-1,0,0,1,164.480
830,0,0,0.000,0.000,-1,0,1,0,134.394
831,0,0,0.000,0.000,-1,0,0,0,130.954
832,0,1,84.852,86.521,-1,0,0,1,126.959
833,0,0,0.000,0.000,-1,1,0,0,97.029
834,0,0,0.000,0.000,-1,0,0,0,91.813
835,0,0,0.000,0.000,-1,0,0,1,82.338
836,0,0,0.000,0.000,-1,0,1,0,91.403
837,0,0,0.000,0.000,-1,0,0,0,107.156
838,0,0,0.000,0.000,-1,0,0,1,112.069
839,0,0,0.000,0.000,-1,1,0,0,139.335
840,0,0,0.000,0.000,-1,0,0,0,85.559
841,0,0,0.000,0.000,-1,0,0,1,100.567
842,0,0,0.000,0.000,-1,0,1,0,104.930
843,0,0,0.000,0.000,-1,0,0,0,90.649
844,0,0,0.000,0.000,-1,0,0,1,90.308
845,0,0,0.000,0.000,-1,1,0,0,84.575
846,0,0,0.000,0.000,-1,0,0,0,87.924
847,0,0,0.000,0.000,-1,0,0,1,129.995
848,0,1,78.187,79.334,-1,0,1,0,98.765
849,0,0,0.000,0.000,-1,0,0,0,84.650
850,0,0,0.000,0.000,-1,0,0,1,146.521
851,0,0,0.000,0.000,-1,1,0,0,140.454
852,0,0,0.000,0.000,-1,0,0,0,149.227
853,0,0,0.000,0.000,-1,0,0,1,160.891
854,0,0,0.000,0.000,-1,0,1,0,141.847
855,0,0,0.000,0.000,-1,0,0,0,153.142
856,0,0,0.000,0.000,-1,0,0,1,164.151
857,0,0,0.000,0.000,-1,1,0,0,159.715
858,0,0,0.000,0.000,-1,0,0,0,115.690
859,0,0,0.000,0.000,-1,0,0,1,122.634
860,0,0,0.000,0.000,-1,0,1,0,127.403
861,0,0,0.000,0.000,-1,0,0,0,113.264
862,0,0,0.000,0.000,-1,0,0,1,182.709
863,0,0,0.000,0.000,-1,1,0,0,133.778
864,0,1,84.679,86.067,-1,0,0,0,144.191
865,0,0,0.000,0.000,-1,0,0,1,152.907
866,0,0,0.000,0.000,-1,0,1,0,146.600
867,0,0,0.000,0.000,-1,0,0,0,151.304
868,0,0,0.000,0.000,-1,0,0,1,149.700
869,0,0,0.000,0.000,-1,1,0,0,198.081
870,0,0,0.000,0.000,-1,0,0,0,131.446
871,0,0,0.000,0.000,-1,0,0,1,147.206
872,0,0,0.000,0.000,-1,0,1,0,160.629
873,0,0,0.000,0.000,-1,0,0,0,196.360
874,0,0,0.000,0.000,-1,0,0,1,188.403
875,0,0,0.000,0.000,-1,1,0,0,211.914
876,0,0,0.000,0.000,-1,0,0,0,191.827
877,0,0,0.000,0.000,-1,0,0,1,186.349
878,0,0,0.000,0.000,-1,0,1,0,210.070
879,0,0,0.000,0.000,-1,0,0,0,196.464
880,0,1,84.391,85.696,-1,0,0,1,240.680
881,0,0,0.000,0.000,-1,1,0,0,188.955
882,0,0,0.000,0.000,-1,0,0,0,197.286
883,0,0,0.000,0.000,-1,0,0,1,176.458
884,0,0,0.000,0.000,-1,0,1,0,513.016
885,0,0,0.000,0.000,-1,0,0,0,505.106
886,0,0,0.000,0.000,-1,0,0,1,518.832
887,0,0,0.000,0.000,-1,1,0,0,492.329
888,0,0,0.000,0.000,-1,0,0,0,529.189
889,0,0,0.000,0.000,-1,0,0,1,569.312
890,0,0,0.000,0.000,-1,0,1,0,201.980
891,0,0,0.000,0.000,-1,0,0,0,172.343
892,0,0,0.000,0.000,-1,0,0,1,167.312
893,0,0,0.000,0.000,-1,1,0,0,172.309
894,0,0,0.000,0.000,-1,0,0,0,270.872
895,0,0,0.000,0.000,-1,0,0,1,674.215
896,0,1,267.958,269.515,-1,0,1,0,800.169
897,0,0,0.000,0.000,-1,0,0,0,420.275
898,0,0,0.000,0.000,-1,0,0,1,213.235
899,0,0,0.000,0.000,-1,1,0,0,180.258
900,0,0,0.000,0.000,-1,0,0,0,144.855
901,0,0,0.000,0.000,-1,0,0,1,152.615
902,0,0,0.000,0.000,-1,0,1,0,175.813
903,0,0,0.000,0.000,-1,0,0,0,167.305
904,0,0,0.000,0.000,-1,0,0,1,226.589
905,0,0,0.000,0.000,-1,1,0,0,193.965
906,0,0,0.000,0.000,-1,0,0,0,211.710
907,0,0,0.000,0.000,-1,0,0,1,165.032
908,0,0,0.000,0.000,-1,0,1,0,226.638
909,0,0,0.000,0.000,-1,0,0,0,204.006
910,0,0,0.000,0.000,-1,0,0,1,224.917
911,0,0,0.000,0.000,-1,1,0,0,254.613
912,0,1,85.528,87.267,-1,0,0,0,547.457
913,0,0,0.000,0.000,-1,0,0,1,224.106
914,0,0,0.000,0.000,-1,0,1,0,164.111
915,0,0,0.000,0.000,-1,0,0,0,162.484
916,0,0,0.000,0.000,-1,0,0,1,151.920
917,0,0,0.000,0.000,-1,1,0,0,124.408
918,0,0,0.000,0.000,-1,0,0,0,175.274
919,0,0,0.000,0.000,-1,0,0,1,141.588
920,0,0,0.000,0.000,-1,0,1,0,144.128
921,0,0,0.000,0.000,-1,0,0,0,148.072
922,0,0,0.000,0.000,-1,0,0,1,191.039
923,0,0,0.000,0.000,-1,1,0,0,161.513
924,0,0,0.000,0.000,-1,0,0,0,187.775
925,0,0,0.000,0.000,-1,0,0,1,207.250
926,0,0,0.000,0.000,-1,0,1,0,224.637
927,0,0,0.000,0.000,-1,0,0,0,565.438
928,0,1,83.886,85.166,-1,0,0,1,179.152
929,0,0,0.000,0.000,-1,1,0,0,170.898
930,0,0,0.000,0.000,-1,0,0,0,170.197
931,0,0,0.000,0.000,-1,0,0,1,135.019
932,0,0,0.000,0.000,-1,0,1,0,148.192
933,0,0,0.000,0.000,-1,0,0,0,173.222
934,0,0,0.000,0.000,-1,0,0,1,149.941
935,0,0,0.000,0.000,-1,1,0,0,139.522
936,0,0,0.000,0.000,-1,0,0,0,130.485
937,0,0,0.000,0.000,-1,0,0,1,199.914
938,0,0,0.000,0.000,-1,0,1,0,148.858
939,0,0,0.000,0.000,-1,0,0,0,158.817
940,0,0,0.000,0.000,-1,0,0,1,164.534
941,0,0,0.000,0.000,-1,1,0,0,178.440
942,0,0,0.000,0.000,-1,0,0,0,191.129
943,0,0,0.000,0.000,-1,0,0,1,175.818
944,0,1,83.921,85.090,-1,0,1,0,283.356
945,0,0,0.000,0.000,-1,0,0,0,233.835
946,0,0,0.000,0.000,-1,0,0,1,117.835
947,0,0,0.000,0.000,-1,1,0,0,158.263
948,0,0,0.000,0.000,-1,0,0,0,142.048
949,0,0,0.000,0.000,-1,0,0,1,136.521
950,0,0,0.000,0.000,-1,0,1,0,213.511
951,0,0,0.000,0.000,-1,0,0,0,117.356
952,0,0,0.000,0.000,-1,0,0,1,106.768
953,0,0,0.000,0.000,-1,1,0,0,181.231
954,0,0,0.000,0.000,-1,0,0,0,169.885
955,0,0,0.000,0.000,-1,0,0,1,184.132
956,0,0,0.000,0.000,-1,0,1,0,190.292
957,0,0,0.000,0.000,-1,0,0,0,131.675
958,0,0,0.000,0.000,-1,0,0,1,167.457
959,0,0,0.000,0.000,-1,1,0,0,125.359
960,0,1,84.280,85.519,-1,0,0,0,124.231
961,0,0,0.000,0.000,-1,0,0,1,151.229
962,0,0,0.000,0.000,-1,0,1,0,87.373
963,0,0,0.000,0.000,-1,0,0,0,98.187
964,0,0,0.000,0.000,-1,0,0,1,165.310
965,0,0,0.000,0.000,-1,1,0,0,146.326
966,0,0,0.000,0.000,-1,0,0,0,258.203
967,0,0,0.000,0.000,-1,0,0,1,204.332
968,0,0,0.000,0.000,-1,0,1,0,158.159
969,0,0,0.000,0.000,-1,0,0,0,183.666
970,0,0,0.000,0.000,-1,0,0,1,178.911
971,0,0,0.000,0.000,-1,1,0,0,183.680
972,0,0,0.000,0.000,-1,0,0,0,165.232
973,0,0,0.000,0.000,-1,0,0,1,158.813
974,0,0,0.000,0.000,-1,0,1,0,204.969
975,0,0,0.000,0.000,-1,0,0,0,123.857
976,0,1,83.964,85.256,-1,0,0,1,161.457
977,0,0,0.000,0.000,-1,1,0,0,187.240
978,0,0,0.000,0.000,-1,0,0,0,148.915
979,0,0,0.000,0.000,-1,0,0,1,152.345
980,0,0,0.000,0.000,-1,0,1,0,146.699
981,0,0,0.000,0.000,-1,0,0,0,159.012
982,0,0,0.000,0.000,-1,0,0,1,142.718
983,0,0,0.000,0.000,-1,1,0,0,131.907
984,0,0,0.000,0.000,-1,0,0,0,157.966
985,0,0,0.000,0.000,-1,0,0,1,157.065
986,0,0,0.000,0.000,-1,0,1,0,207.828
987,0,0,0.000,0.000,-1,0,0,0,183.294
988,0,0,0.000,0.000,-1,0,0,1,209.235
989,0,0,0.000,0.000,-1,1,0,0,157.079
990,0,0,0.000,0.000,-1,0,0,0,238.570
991,0,0,0.000,0.000,-1,0,0,1,238.090
992,0,1,83.848,91.295,-1,0,1,0,165.851
993,0,0,0.000,0.000,-1,0,0,0,165.370
994,0,0,0.000,0.000,-1,0,0,1,487.904
995,0,0,0.000,0.000,-1,1,0,0,523.987
996,0,0,0.000,0.000,-1,0,0,0,547.624
997,0,0,0.000,0.000,-1,0,0,1,182.264
998,0,0,0.000,0.000,-1,0,1,0,166.158
999,0,0,0.000,0.000,-1,0,0,0,134.456
1000,0,0,0.000,0.000,-1,0,0,1,124.267
1001,0,0,0.000,0.000,-1,1,0,0,158.429
1002,0,0,0.000,0.000,-1,0,0,0,172.441
1003,0,0,0.000,0.000,-1,0,0,1,169.774
1004,0,0,0.000,0.000,-1,0,1,0,158.570
1005,0,0,0.000,0.000,-1,0,0,0,176.526
1006,0,0,0.000,0.000,-1,0,0,1,204.344
1007,0,0,0.000,0.000,-1,1,0,0,219.728
1008,0,1,83.931,85.177,-1,0,0,0,274.552
1009,0,0,0.000,0.000,-1,0,0,1,169.482
1010,0,0,0.000,0.000,-1,0,1,0,172.129
1011,0,0,0.000,0.000,-1,0,0,0,157.077
1012,0,0,0.000,0.000,-1,0,0,1,117.657
1013,0,0,0.000,0.000,-1,1,0,0,132.458
1014,0,0,0.000,0.000,-1,0,0,0,182.796
1015,0,0,0.000,0.000,-1,0,0,1,142.883
1016,0,0,0.000,0.000,-1,0,1,0,151.311
1017,0,0,0.000,0.000,-1,0,0,0,133.069
1018,0,0,0.000,0.000,-1,0,0,1,154.720
1019,0,0,0.000,0.000,-1,1,0,0,160.480
1020,0,0,0.000,0.000,-1,0,0,0,180.708
1021,0,0,0.000,0.000,-1,0,0,1,201.361
1022,0,0,0.000,0.000,-1,0,1,0,173.223
1023,0,0,0.000,0.000,-1,0,0,0,238.687
1024,0,1,83.847,85.066,-1,0,0,1,246.958
1025,0,0,0.000,0.000,-1,1,0,0,226.382
1026,0,0,0.000,0.000,-1,0,0,0,173.422
1027,0,0,0.000,0.000,-1,0,0,1,201.803
1028,0,0,0.000,0.000,-1,0,1,0,135.542
1029,0,0,0.000,0.000,-1,0,0,0,124.135
1030,0,0,0.000,0.000,-1,0,0,1,156.278
1031,0,0,0.000,0.000,-1,1,0,0,150.531
1032,0,0,0.000,0.000,-1,0,0,0,144.375
1033,0,0,0.000,0.000,-1,0,0,1,161.638
1034,0,0,0.000,0.000,-1,0,1,0,223.739
1035,0,0,0.000,0.000,-1,0,0,0,180.208
1036,0,0,0.000,0.000,-1,0,0,1,224.847
1037,0,0,0.000,0.000,-1,1,0,0,526.430
1038,0,0,0.000,0.000,-1,0,0,0,574.693
1039,0,0,0.000,0.000,-1,0,0,1,542.626
1040,0,1,83.804,84.940,-1,0,1,0,220.383
1041,0,0,0.000,0.000,-1,0,0,0,151.044
1042,0,0,0.000,0.000,-1,0,0,1,145.476
1043,0,0,0.000,0.000,-1,1,0,0,156.282
1044,0,0,0.000,0.000,-1,0,0,0,174.110
1045,0,0,0.000,0.000,-1,0,0,1,191.876
1046,0,0,0.000,0.000,-1,0,1,0,126.680
1047,0,0,0.000,0.000,-1,0,0,0,181.977
1048,0,0,0.000,0.000,-1,0,0,1,169.875
1049,0,0,0.000,0.000,-1,1,0,0,239.636
1050,0,0,0.000,0.000,-1,0,0,0,166.409
1051,0,0,0.000,0.000,-1,0,0,1,169.725
1052,0,0,0.000,0.000,-1,0,1,0,129.096
1053,0,0,0.000,0.000,-1,0,0,0,127.380
1054,0,0,0.000,0.000,-1,0,0,1,183.590
1055,0,0,0.000,0.000,-1,1,0,0,238.095
1056,0,1,83.912,85.157,-1,0,0,0,148.372
1057,0,0,0.000,0.000,-1,0,0,1,140.726
1058,0,0,0.000,0.000,-1,0,1,0,135.039
1059,0,0,0.000,0.000,-1,0,0,0,183.253
1060,0,0,0.000,0.000,-1,0,0,1,190.932
1061,0,0,0.000,0.000,-1,1,0,0,158.361
1062,0,0,0.000,0.000,-1,0,0,0,207.632
1063,0,0,0.000,0.000,-1,0,0,1,206.815
1064,0,0,0.000,0.000,-1,0,1,0,191.586
1065,0,0,0.000,0.000,-1,0,0,0,194.358
1066,0,0,0.000,0.000,-1,0,0,1,187.536
1067,0,0,0.000,0.000,-1,1,0,0,193.350
1068,0,0,0.000,0.000,-1,0,0,0,191.099
1069,0,0,0.000,0.000,-1,0,0,1,222.748
1070,0,0,0.000,0.000,-1,0,1,0,191.506
1071,0,0,0.000,0.000,-1,0,0,0,174.404
1072,0,1,83.888,85.415,-1,0,0,1,237.815
1073,0,0,0.000,0.000,-1,1,0,0,172.384
1074,0,0,0.000,0.000,-1,0,0,0,256.974
1075,0,0,0.000,0.000,-1,0,0,1,303.708
1076,0,0,0.000,0.000,-1,0,1,0,158.876
1077,0,0,0.000,0.000,-1,0,0,0,178.657
1078,0,0,0.000,0.000,-1,0,0,1,173.236
1079,0,0,0.000,0.000,-1,1,0,0,168.632
1080,0,0,0.000,0.000,-1,0,0,0,136.619
1081,0,0,0.000,0.000,-1,0,0,1,186.824
1082,0,0,0.000,0.000,-1,0,1,0,161.371
1083,0,0,0.000,0.000,-1,0,0,0,206.995
1084,0,0,0.000,0.000,-1,0,0,1,271.383
1085,0,0,0.000,0.000,-1,1,0,0,499.836
1086,0,0,0.000,0.000,-1,0,0,0,548.567
1087,0,0,0.000,0.000,-1,0,0,1,158.163
1088,0,1,83.907,85.284,-1,0,1,0,164.640
1089,0,0,0.000,0.000,-1,0,0,0,218.427
1090,0,0,0.000,0.000,-1,0,0,1,155.250
1091,0,0,0.000,0.000,-1,1,0,0,171.188
1092,0,0,0.000,0.000,-1,0,0,0,152.856
1093,0,0,0.000,0.000,-1,0,0,1,153.832
1094,0,0,0.000,0.000,-1,0,1,0,138.238
1095,0,0,0.000,0.000,-1,0,0,0,181.427
1096,0,0,0.000,0.000,-1,0,0,1,160.963
1097,0,0,0.000,0.000,-1,1,0,0,172.735
1098,0,0,0.000,0.000,-1,0,0,0,201.582
1099,0,0,0.000,0.000,-1,0,0,1,155.900
1100,0,0,0.000,0.000,-1,0,1,0,178.491
1101,0,0,0.000,0.000,-1,0,0,0,128.855
1102,0,0,0.000,0.000,-1,0,0,1,121.074
1103,0,0,0.000,0.000,-1,1,0,0,172.407
1104,0,1,85.026,86.251,-1,0,0,0,158.357
1105,0,0,0.000,0.000,-1,0,0,1,126.024
1106,0,0,0.000,0.000,-1,0,1,0,128.431
1107,0,0,0.000,0.000,-1,0,0,0,203.714
1108,0,0,0.000,0.000,-1,0,0,1,223.455
1109,0,0,0.000,0.000,-1,1,0,0,174.677
1110,0,0,0.000,0.000,-1,0,0,0,127.724
1111,0,0,0.000,0.000,-1,0,0,1,177.714
1112,0,0,0.000,0.000,-1,0,1,0,128.869
1113,0,0,0.000,0.000,-1,0,0,0,122.013
1114,0,0,0.000,0.000,-1,0,0,1,165.839
1115,0,0,0.000,0.000,-1,1,0,0,100.093
1116,0,0,0.000,0.000,-1,0,0,0,198.882
1117,0,0,0.000,0.000,-1,0,0,1,218.932
1118,0,0,0.000,0.000,-1,0,1,0,160.611
1119,0,0,0.000,0.000,-1,0,0,0,287.682
1120,0,1,95.965,97.742,-1,0,0,1,518.221
1121,0,0,0.000,0.000,-1,1,0,0,232.652
1122,0,0,0.000,0.000,-1,0,0,0,206.907
1123,0,0,0.000,0.000,-1,0,0,1,178.084
1124,0,0,0.000,0.000,-1,0,1,0,198.854
1125,0,0,0.000,0.000,-1,0,0,0,556.333
1126,0,0,0.000,0.000,-1,0,0,1,457.862
1127,0,0,0.000,0.000,-1,1,0,0,190.185
1128,0,0,0.000,0.000,-1,0,0,0,149.582
1129,0,0,0.000,0.000,-1,0,0,1,171.786
1130,0,0,0.000,0.000,-1,0,1,0,133.407
1131,0,0,0.000,0.000,-1,0,0,0,132.604
1132,0,0,0.000,0.000,-1,0,0,1,164.205
1133,0,0,0.000,0.000,-1,1,0,0,201.247
1134,0,0,0.000,0.000,-1,0,0,0,133.796
1135,0,0,0.000,0.000,-1,0,0,1,130.065
1136,0,1,83.955,85.507,-1,0,1,0,275.761
1137,0,0,0.000,0.000,-1,0,0,0,135.356
1138,0,0,0.000,0.000,-1,0,0,1,181.187
1139,0,0,0.000,0.000,-1,1,0,0,176.210
1140,0,0,0.000,0.000,-1,0,0,0,168.655
1141,0,0,0.000,0.000,-1,0,0,1,204.449
1142,0,0,0.000,0.000,-1,0,1,0,211.901
1143,0,0,0.000,0.000,-1,0,0,0,192.332
1144,0,0,0.000,0.000,-1,0,0,1,162.277
1145,0,0,0.000,0.000,-1,1,0,0,183.241
1146,0,0,0.000,0.000,-1,0,0,0,212.053
1147,0,0,0.000,0.000,-1,0,0,1,134.165
1148,0,0,0.000,0.000,-1,0,1,0,156.339
1149,0,0,0.000,0.000,-1,0,0,0,150.565
1150,0,0,0.000,0.000,-1,0,0,1,116.862
1151,0,0,0.000,0.000,-1,1,0,0,172.889
1152,0,1,84.311,85.563,-1,0,0,0,134.357
1153,0,0,0.000,0.000,-1,0,0,1,143.938
1154,0,0,0.000,0.000,-1,0,1,0,127.393
1155,0,0,0.000,0.000,-1,0,0,0,136.512
1156,0,0,0.000,0.000,-1,0,0,1,169.191
1157,0,0,0.000,0.000,-1,1,0,0,167.122
1158,0,0,0.000,0.000,-1,0,0,0,156.670
1159,0,0,0.000,0.000,-1,0,0,1,152.276
1160,0,0,0.000,0.000,-1,0,1,0,165.827
1161,0,0,0.000,0.000,-1,0,0,0,156.595
1162,0,0,0.000,0.000,-1,0,0,1,183.175
1163,0,0,0.000,0.000,-1,1,0,0,186.896
1164,0,0,0.000,0.000,-1,0,0,0,209.073
1165,0,0,0.000,0.000,-1,0,0,1,236.223
1166,0,0,0.000,0.000,-1,0,1,0,128.456
1167,0,0,0.000,0.000,-1,0,0,0,159.038
1168,0,1,83.881,94.900,-1,0,0,1,226.466
1169,0,0,0.000,0.000,-1,1,0,0,190.357
1170,0,0,0.000,0.000,-1,0,0,0,158.732
1171,0,0,0.000,0.000,-1,0,0,1,194.778
1172,0,0,0.000,0.000,-1,0,1,0,190.581
1173,0,0,0.000,0.000,-1,0,0,0,205.236
1174,0,0,0.000,0.000,-1,0,0,1,194.696
1175,0,0,0.000,0.000,-1,1,0,0,188.545
1176,0,0,0.000,0.000,-1,0,0,0,211.142
1177,0,0,0.000,0.000,-1,0,0,1,170.853
1178,0,0,0.000,0.000,-1,0,1,0,177.788
1179,0,0,0.000,0.000,-1,0,0,0,173.730
1180,0,0,0.000,0.000,-1,0,0,1,174.579
1181,0,0,0.000,0.000,-1,1,0,0,220.301
1182,0,0,0.000,0.000,-1,0,0,0,253.929
1183,0,0,0.000,0.000,-1,0,0,1,130.604
1184,0,1,84.850,86.009,-1,0,1,0,149.386
1185,0,0,0.000,0.000,-1,0,0,0,215.637
1186,0,0,0.000,0.000,-1,0,0,1,224.444
1187,0,0,0.000,0.000,-1,1,0,0,142.274
1188,0,0,0.000,0.000,-1,0,0,0,178.702
1189,0,0,0.000,0.000,-1,0,0,1,234.870
1190,0,0,0.000,0.000,-1,0,1,0,169.629
1191,0,0,0.000,0.000,-1,0,0,0,158.440
1192,0,0,0.000,0.000,-1,0,0,1,193.391
1193,0,0,0.000,0.000,-1,1,0,0,230.149
1194,0,0,0.000,0.000,-1,0,0,0,158.668
1195,0,0,0.000,0.000,-1,0,0,1,179.098
1196,0,0,0.000,0.000,-1,0,1,0,143.943
1197,0,0,0.000,0.000,-1,0,0,0,146.134
1198,0,0,0.000,0.000,-1,0,0,1,171.456
1199,0,0,0.000,0.000,-1,1,0,0,144.418
1200,0,1,83.903,85.323,-1,0,0,0,207.008
1201,0,0,0.000,0.000,-1,0,0,1,171.890
1202,0,0,0.000,0.000,-1,0,1,0,186.297
1203,0,0,0.000,0.000,-1,0,0,0,159.478
1204,0,0,0.000,0.000,-1,0,0,1,179.857
1205,0,0,0.000,0.000,-1,1,0,0,170.123
1206,0,0,0.000,0.000,-1,0,0,0,194.869
1207,0,0,0.000,0.000,-1,0,0,1,208.249
1208,0,0,0.000,0.000,-1,0,1,0,238.152
1209,0,0,0.000,0.000,-1,0,0,0,193.142
1210,0,0,0.000,0.000,-1,0,0,1,223.017
1211,0,0,0.000,0.000,-1,1,0,0,148.669
1212,0,0,0.000,0.000,-1,0,0,0,300.896
1213,0,0,0.000,0.000,-1,0,0,1,469.071
1214,0,0,0.000,0.000,-1,0,1,0,245.951
1215,0,0,0.000,0.000,-1,0,0,0,92.445
1216,0,1,84.799,85.893,-1,0,0,1,95.189
1217,0,0,0.000,0.000,-1,1,0,0,96.918
1218,0,0,0.000,0.000,-1,0,0,0,97.198
1219,0,0,0.000,0.000,-1,0,0,1,131.668
1220,0,0,0.000,0.000,-1,0,1,0,99.827
1221,0,0,0.000,0.000,-1,0,0,0,96.804
1222,0,0,0.000,0.000,-1,0,0,1,120.522
1223,0,0,0.000,0.000,-1,1,0,0,99.568
1224,0,0,0.000,0.000,-1,0,0,0,91.236
1225,0,0,0.000,0.000,-1,0,0,1,92.605
1226,0,0,0.000,0.000,-1,0,1,0,99.284
1227,0,0,0.000,0.000,-1,0,0,0,78.265
1228,0,0,0.000,0.000,-1,0,0,1,98.067
1229,0,0,0.000,0.000,-1,1,0,0,96.257
1230,0,0,0.000,0.000,-1,0,0,0,77.340
1231,0,0,0.000,0.000,-1,0,0,1,94.155
1232,0,1,77.327,78.520,-1,0,1,0,94.157
1233,0,0,0.000,0.000,-1,0,0,0,120.764
1234,0,0,0.000,0.000,-1,0,0,1,115.623
1235,0,0,0.000,0.000,-1,1,0,0,112.761
1236,0,0,0.000,0.000,-1,0,0,0,106.960
1237,0,0,0.000,0.000,-1,0,0,1,150.743
1238,0,0,0.000,0.000,-1,0,1,0,166.174
1239,0,0,0.000,0.000,-1,0,0,0,161.179
1240,0,0,0.000,0.000,-1,0,0,1,142.560
1241,0,0,0.000,0.000,-1,1,0,0,115.410
1242,0,0,0.000,0.000,-1,0,0,0,129.149
1243,0,0,0.000,0.000,-1,0,0,1,121.438
1244,0,0,0.000,0.000,-1,0,1,0,157.801
1245,0,0,0.000,0.000,-1,0,0,0,118.567
1246,0,0,0.000,0.000,-1,0,0,1,150.232
1247,0,0,0.000,0.000,-1,1,0,0,142.950
1248,0,1,84.030,89.510,-1,0,0,0,142.862
1249,0,0,0.000,0.000,-1,0,0,1,178.316
1250,0,0,0.000,0.000,-1,0,1,0,136.752
1251,0,0,0.000,0.000,-1,0,0,0,147.264
1252,0,0,0.000,0.000,-1,0,0,1,146.062
1253,0,0,0.000,0.000,-1,1,0,0,211.358
1254,0,0,0.000,0.000,-1,0,0,0,191.283
1255,0,0,0.000,0.000,-1,0,0,1,226.957
1256,0,0,0.000,0.000,-1,0,1,0,203.048
1257,0,0,0.000,0.000,-1,0,0,0,532.107
1258,0,0,0.000,0.000,-1,0,0,1,555.630
1259,0,0,0.000,0.000,-1,1,0,0,162.951
1260,0,0,0.000,0.000,-1,0,0,0,155.206
1261,0,0,0.000,0.000,-1,0,0,1,153.339
1262,0,0,0.000,0.000,-1,0,1,0,180.685
1263,0,0,0.000,0.000,-1,0,0,0,192.406
1264,0,1,83.925,85.376,-1,0,0,1,231.777
1265,0,0,0.000,0.000,-1,1,0,0,200.673
1266,0,0,0.000,0.000,-1,0,0,0,177.913
1267,0,0,0.000,0.000,-1,0,0,1,182.729
1268,0,0,0.000,0.000,-1,0,1,0,172.066
1269,0,0,0.000,0.000,-1,0,0,0,154.122
1270,0,0,0.000,0.000,-1,0,0,1,174.787
1271,0,0,0.000,0.000,-1,1,0,0,134.788
1272,0,0,0.000,0.000,-1,0,0,0,145.187
1273,0,0,0.000,0.000,-1,0,0,1,135.093
1274,0,0,0.000,0.000,-1,0,1,0,155.775
1275,0,0,0.000,0.000,-1,0,0,0,143.370
1276,0,0,0.000,0.000,-1,0,0,1,147.249
1277,0,0,0.000,0.000,-1,1,0,0,238.688
1278,0,0,0.000,0.000,-1,0,0,0,420.885
1279,0,0,0.000,0.000,-1,0,0,1,506.341
1280,0,1,84.827,86.052,-1,0,1,0,247.148
1281,0,0,0.000,0.000,-1,0,0,0,185.957
1282,0,0,0.000,0.000,-1,0,0,1,185.890
1283,0,0,0.000,0.000,-1,1,0,0,171.683
1284,0,0,0.000,0.000,-1,0,0,0,200.737
1285,0,0,0.000,0.000,-1,0,0,1,190.702
1286,0,0,0.000,0.000,-1,0,1,0,125.276
1287,0,0,0.000,0.000,-1,0,0,0,147.403
1288,0,0,0.000,0.000,-1,0,0,1,143.253
1289,0,0,0.000,0.000,-1,1,0,0,130.672
1290,0,0,0.000,0.000,-1,0,0,0,186.365
1291,0,0,0.000,0.000,-1,0,0,1,159.648
1292,0,0,0.000,0.000,-1,0,1,0,252.212
1293,0,0,0.000,0.000,-1,0,0,0,182.051
1294,0,0,0.000,0.000,-1,0,0,1,178.661
1295,0,0,0.000,0.000,-1,1,0,0,235.363
1296,0,1,86.467,89.375,-1,0,0,0,538.597
1297,0,0,0.000,0.000,-1,0,0,1,512.721
1298,0,0,0.000,0.000,-1,0,1,0,121.359
1299,0,0,0.000,0.000,-1,0,0,0,104.890
1300,0,0,0.000,0.000,-1,0,0,1,94.101
1301,0,0,0.000,0.000,-1,1,0,0,84.471
1302,0,0,0.000,0.000,-1,0,0,0,201.150
1303,0,0,0.000,0.000,-1,0,0,1,139.005
1304,0,0,0.000,0.000,-1,0,1,0,146.298
1305,0,0,0.000,0.000,-1,0,0,0,137.073
1306,0,0,0.000,0.000,-1,0,0,1,142.297
1307,0,0,0.000,0.000,-1,1,0,0,119.703
1308,0,0,0.000,0.000,-1,0,0,0,133.916
1309,0,0,0.000,0.000,-1,0,0,1,130.692
1310,0,0,0.000,0.000,-1,0,1,0,136.749
1311,0,0,0.000,0.000,-1,0,0,0,128.216
1312,0,1,83.917,85.196,-1,0,0,1,143.064
1313,0,0,0.000,0.000,-1,1,0,0,142.907
1314,0,0,0.000,0.000,-1,0,0,0,195.259
1315,0,0,0.000,0.000,-1,0,0,1,177.127
1316,0,0,0.000,0.000,-1,0,1,0,545.199
1317,0,0,0.000,0.000,-1,0,0,0,567.510
1318,0,0,0.000,0.000,-1,0,0,1,622.310
1319,0,0,0.000,0.000,-1,1,0,0,530.010
1320,0,0,0.000,0.000,-1,0,0,0,429.783
1321,0,0,0.000,0.000,-1,0,0,1,265.044
1322,0,0,0.000,0.000,-1,0,1,0,217.509
1323,0,0,0.000,0.000,-1,0,0,0,189.405
1324,0,0,0.000,0.000,-1,0,0,1,172.881
1325,0,0,0.000,0.000,-1,1,0,0,187.892
1326,0,0,0.000,0.000,-1,0,0,0,124.230
1327,0,0,0.000,0.000,-1,0,0,1,201.691
1328,0,1,83.951,95.282,-1,0,1,0,258.563
1329,0,0,0.000,0.000,-1,0,0,0,218.815
1330,0,0,0.000,0.000,-1,0,0,1,208.315
1331,0,0,0.000,0.000,-1,1,0,0,145.448
1332,0,0,0.000,0.000,-1,0,0,0,225.569
1333,0,0,0.000,0.000,-1,0,0,1,248.683
1334,0,0,0.000,0.000,-1,0,1,0,176.231
1335,0,0,0.000,0.000,-1,0,0,0,191.930
1336,0,0,0.000,0.000,-1,0,0,1,206.028
1337,0,0,0.000,0.000,-1,1,0,0,189.165
1338,0,0,0.000,0.000,-1,0,0,0,176.899
1339,0,0,0.000,0.000,-1,0,0,1,219.959
1340,0,0,0.000,0.000,-1,0,1,0,247.817
1341,0,0,0.000,0.000,-1,0,0,0,235.346
1342,0,0,0.000,0.000,-1,0,0,1,205.344
1343,0,0,0.000,0.000,-1,1,0,0,175.724
1344,0,1,83.967,85.344,-1,0,0,0,514.623
1345,0,0,0.000,0.000,-1,0,0,1,508.736
1346,0,0,0.000,0.000,-1,0,1,0,550.281
1347,0,0,0.000,0.000,-1,0,0,0,601.006
1348,0,0,0.000,0.000,-1,0,0,1,564.777
1349,0,0,0.000,0.000,-1,1,0,0,548.948
1350,0,0,0.000,0.000,-1,0,0,0,397.689
1351,0,0,0.000,0.000,-1,0,0,1,576.476
1352,0,0,0.000,0.000,-1,0,1,0,523.218
1353,0,0,0.000,0.000,-1,0,0,0,570.856
1354,0,0,0.000,0.000,-1,0,0,1,492.623
1355,0,0,0.000,0.000,-1,1,0,0,577.484
1356,0,0,0.000,0.000,-1,0,0,0,326.040
1357,0,0,0.000,0.000,-1,0,0,1,171.892
1358,0,0,0.000,0.000,-1,0,1,0,125.978
1359,0,0,0.000,0.000,-1,0,0,0,130.885
1360,0,1,84.977,86.080,-1,0,0,1,166.063
1361,0,0,0.000,0.000,-1,1,0,0,139.948
1362,0,0,0.000,0.000,-1,0,0,0,141.812
1363,0,0,0.000,0.000,-1,0,0,1,128.203
1364,0,0,0.000,0.000,-1,0,1,0,155.048
1365,0,0,0.000,0.000,-1,0,0,0,141.424
1366,0,0,0.000,0.000,-1,0,0,1,156.780
1367,0,0,0.000,0.000,-1,1,0,0,165.932
1368,0,0,0.000,0.000,-1,0,0,0,220.902
1369,0,0,0.000,0.000,-1,0,0,1,530.535
1370,0,0,0.000,0.000,-1,0,1,0,512.871
1371,0,0,0.000,0.000,-1,0,0,0,529.316
1372,0,0,0.000,0.000,-1,0,0,1,540.008
1373,0,0,0.000,0.000,-1,1,0,0,520.016
1374,0,0,0.000,0.000,-1,0,0,0,527.246
1375,0,0,0.000,0.000,-1,0,0,1,536.208
1376,0,1,224.796,226.294,-1,0,1,0,602.151
1377,0,0,0.000,0.000,-1,0,0,0,162.958
1378,0,0,0.000,0.000,-1,0,0,1,204.247
1379,0,0,0.000,0.000,-1,1,0,0,161.793
1380,0,0,0.000,0.000,-1,0,0,0,138.045
1381,0,0,0.000,0.000,-1,0,0,1,129.203
1382,0,0,0.000,0.000,-1,0,1,0,158.377
1383,0,0,0.000,0.000,-1,0,0,0,148.052
1384,0,0,0.000,0.000,-1,0,0,1,156.325
1385,0,0,0.000,0.000,-1,1,0,0,101.238
1386,0,0,0.000,0.000,-1,0,0,0,212.488
1387,0,0,0.000,0.000,-1,0,0,1,158.721
1388,0,0,0.000,0.000,-1,0,1,0,263.281
1389,0,0,0.000,0.000,-1,0,0,0,243.441
1390,0,0,0.000,0.000,-1,0,0,1,264.070
1391,0,0,0.000,0.000,-1,1,0,0,187.595
1392,0,1,85.294,86.649,-1,0,0,0,160.444
1393,0,0,0.000,0.000,-1,0,0,1,142.384
1394,0,0,0.000,0.000,-1,0,1,0,160.054
1395,0,0,0.000,0.000,-1,0,0,0,166.451
1396,0,0,0.000,0.000,-1,0,0,1,163.576
1397,0,0,0.000,0.000,-1,1,0,0,146.319
1398,0,0,0.000,0.000,-1,0,0,0,121.806
1399,0,0,0.000,0.000,-1,0,0,1,149.871
1400,0,0,0.000,0.000,-1,0,1,0,143.264
1401,0,0,0.000,0.000,-1,0,0,0,153.009
1402,0,0,0.000,0.000,-1,0,0,1,157.801
1403,0,0,0.000,0.000,-1,1,0,0,121.329
1404,0,0,0.000,0.000,-1,0,0,0,129.456
1405,0,0,0.000,0.000,-1,0,0,1,139.454
1406,0,0,0.000,0.000,-1,0,1,0,617.743
1407,0,0,0.000,0.000,-1,0,0,0,480.604
1408,0,1,89.954,91.243,-1,0,0,1,542.360
1409,0,0,0.000,0.000,-1,1,0,0,531.396
1410,0,0,0.000,0.000,-1,0,0,0,181.326
1411,0,0,0.000,0.000,-1,0,0,1,204.751
1412,0,0,0.000,0.000,-1,0,1,0,206.666
1413,0,0,0.000,0.000,-1,0,0,0,254.991
1414,0,0,0.000,0.000,-1,0,0,1,230.193
1415,0,0,0.000,0.000,-1,1,0,0,250.211
1416,0,0,0.000,0.000,-1,0,0,0,181.255
1417,0,0,0.000,0.000,-1,0,0,1,186.350
1418,0,0,0.000,0.000,-1,0,1,0,230.474
1419,0,0,0.000,0.000,-1,0,0,0,169.914
1420,0,0,0.000,0.000,-1,0,0,1,254.338
1421,0,0,0.000,0.000,-1,1,0,0,199.000
1422,0,0,0.000,0.000,-1,0,0,0,180.358
1423,0,0,0.000,0.000,-1,0,0,1,142.987
1424,0,1,85.496,86.726,-1,0,1,0,187.252
1425,0,0,0.000,0.000,-1,0,0,0,144.824
1426,0,0,0.000,0.000,-1,0,0,1,198.695
1427,0,0,0.000,0.000,-1,1,0,0,212.212
1428,0,0,0.000,0.000,-1,0,0,0,226.676
1429,0,0,0.000,0.000,-1,0,0,1,144.714
1430,0,0,0.000,0.000,-1,0,1,0,200.812
1431,0,0,0.000,0.000,-1,0,0,0,146.571
1432,0,0,0.000,0.000,-1,0,0,1,153.880
1433,0,0,0.000,0.000,-1,1,0,0,202.363
1434,0,0,0.000,0.000,-1,0,0,0,137.603
1435,0,0,0.000,0.000,-1,0,0,1,188.018
1436,0,0,0.000,0.000,-1,0,1,0,152.377
1437,0,0,0.000,0.000,-1,0,0,0,144.666
1438,0,0,0.000,0.000,-1,0,0,1,161.908
1439,0,0,0.000,0.000,-1,1,0,0,181.141
1440,0,1,80.207,81.515,-1,0,0,0,194.892
1441,0,0,0.000,0.000,-1,0,0,1,174.266
1442,0,0,0.000,0.000,-1,0,1,0,142.588
1443,0,0,0.000,0.000,-1,0,0,0,204.956
1444,0,0,0.000,0.000,-1,0,0,1,177.084
1445,0,0,0.000,0.000,-1,1,0,0,192.852
1446,0,0,0.000,0.000,-1,0,0,0,165.488
1447,0,0,0.000,0.000,-1,0,0,1,175.139
1448,0,0,0.000,0.000,-1,0,1,0,191.249
1449,0,0,0.000,0.000,-1,0,0,0,173.906
1450,0,0,0.000,0.000,-1,0,0,1,282.169
1451,0,0,0.000,0.000,-1,1,0,0,136.751
1452,0,0,0.000,0.000,-1,0,0,0,153.693
1453,0,0,0.000,0.000,-1,0,0,1,224.387
1454,0,0,0.000,0.000,-1,0,1,0,237.586
1455,0,0,0.000,0.000,-1,0,0,0,175.652
1456,0,1,83.935,85.155,-1,0,0,1,243.915
1457,0,0,0.000,0.000,-1,1,0,0,113.281
1458,0,0,0.000,0.000,-1,0,0,0,106.497
1459,0,0,0.000,0.000,-1,0,0,1,123.985
1460,0,0,0.000,0.000,-1,0,1,0,172.248
1461,0,0,0.000,0.000,-1,0,0,0,145.260
1462,0,0,0.000,0.000,-1,0,0,1,154.395
1463,0,0,0.000,0.000,-1,1,0,0,133.097
1464,0,0,0.000,0.000,-1,0,0,0,169.096
1465,0,0,0.000,0.000,-1,0,0,1,191.705
1466,0,0,0.000,0.000,-1,0,1,0,238.094
1467,0,0,0.000,0.000,-1,0,0,0,153.307
1468,0,0,0.000,0.000,-1,0,0,1,164.704
1469,0,0,0.000,0.000,-1,1,0,0,210.730
1470,0,0,0.000,0.000,-1,0,0,0,200.657
1471,0,0,0.000,0.000,-1,0,0,1,184.424
1472,0,1,86.612,87.820,-1,0,1,0,133.064
1473,0,0,0.000,0.000,-1,0,0,0,218.548
1474,0,0,0.000,0.000,-1,0,0,1,214.574
1475,0,0,0.000,0.000,-1,1,0,0,473.910
1476,0,0,0.000,0.000,-1,0,0,0,495.874
1477,0,0,0.000,0.000,-1,0,0,1,200.404
1478,0,0,0.000,0.000,-1,0,1,0,194.351
1479,0,0,0.000,0.000,-1,0,0,0,190.260
1480,0,0,0.000,0.000,-1,0,0,1,256.862
1481,0,0,0.000,0.000,-1,1,0,0,241.633
1482,0,0,0.000,0.000,-1,0,0,0,191.890
1483,0,0,0.000,0.000,-1,0,0,1,208.285
1484,0,0,0.000,0.000,-1,0,1,0,180.608
1485,0,0,0.000,0.000,-1,0,0,0,199.262
1486,0,0,0.000,0.000,-1,0,0,1,195.912
1487,0,0,0.000,0.000,-1,1,0,0,196.758
1488,0,1,88.113,89.604,-1,0,0,0,178.494
1489,0,0,0.000,0.000,-1,0,0,1,197.754
1490,0,0,0.000,0.000,-1,0,1,0,211.913
1491,0,0,0.000,0.000,-1,0,0,0,177.426
1492,0,0,0.000,0.000,-1,0,0,1,233.221
1493,0,0,0.000,0.000,-1,1,0,0,150.789
1494,0,0,0.000,0.000,-1,0,0,0,148.689
1495,0,0,0.000,0.000,-1,0,0,1,134.677
1496,0,0,0.000,0.000,-1,0,1,0,180.636
1497,0,0,0.000,0.000,-1,0,0,0,179.764
1498,0,0,0.000,0.000,-1,0,0,1,197.143
1499,0,0,0.000,0.000,-1,1,0,0,236.749
1500,0,0,0.000,0.000,-1,0,0,0,495.142
1501,0,0,0.000,0.000,-1,0,0,1,150.449
1502,0,0,0.000,0.000,-1,0,1,0,153.476
1503,0,0,0.000,0.000,-1,0,0,0,137.567
1504,0,1,83.946,85.171,-1,0,0,1,189.119
1505,0,0,0.000,0.000,-1,1,0,0,150.439
1506,0,0,0.000,0.000,-1,0,0,0,137.688
1507,0,0,0.000,0.000,-1,0,0,1,168.157
1508,0,0,0.000,0.000,-1,0,1,0,166.857
1509,0,0,0.000,0.000,-1,0,0,0,137.110
1510,0,0,0.000,0.000,-1,0,0,1,159.590
1511,0,0,0.000,0.000,-1,1,0,0,150.172
1512,0,0,0.000,0.000,-1,0,0,0,145.388
1513,0,0,0.000,0.000,-1,0,0,1,138.575
1514,0,0,0.000,0.000,-1,0,1,0,179.329
1515,0,0,0.000,0.000,-1,0,0,0,136.303
1516,0,0,0.000,0.000,-1,0,0,1,137.473
1517,0,0,0.000,0.000,-1,1,0,0,163.679
1518,0,0,0.000,0.000,-1,0,0,0,166.610
1519,0,0,0.000,0.000,-1,0,0,1,148.627
1520,0,1,85.177,86.305,-1,0,1,0,155.567
1521,0,0,0.000,0.000,-1,0,0,0,159.623
1522,0,0,0.000,0.000,-1,0,0,1,177.637
1523,0,0,0.000,0.000,-1,1,0,0,119.160
1524,0,0,0.000,0.000,-1,0,0,0,111.442
1525,0,0,0.000,0.000,-1,0,0,1,153.477
1526,0,0,0.000,0.000,-1,0,1,0,152.610
1527,0,0,0.000,0.000,-1,0,0,0,166.736
1528,0,0,0.000,0.000,-1,0,0,1,198.512
1529,0,0,0.000,0.000,-1,1,0,0,145.359
1530,0,0,0.000,0.000,-1,0,0,0,161.888
1531,0,0,0.000,0.000,-1,0,0,1,153.673
1532,0,0,0.000,0.000,-1,0,1,0,161.394
1533,0,0,0.000,0.000,-1,0,0,0,137.422
1534,0,0,0.000,0.000,-1,0,0,1,166.148
1535,0,0,0.000,0.000,-1,1,0,0,151.725
1536,0,1,83.997,85.142,-1,0,0,0,138.965
1537,0,0,0.000,0.000,-1,0,0,1,135.644
1538,0,0,0.000,0.000,-1,0,1,0,131.536
1539,0,0,0.000,0.000,-1,0,0,0,120.547
1540,0,0,0.000,0.000,-1,0,0,1,121.479
1541,0,0,0.000,0.000,-1,1,0,0,119.834
1542,0,0,0.000,0.000,-1,0,0,0,128.295
1543,0,0,0.000,0.000,-1,0,0,1,138.526
1544,0,0,0.000,0.000,-1,0,1,0,144.437
1545,0,0,0.000,0.000,-1,0,0,0,173.716
1546,0,0,0.000,0.000,-1,0,0,1,209.026
1547,0,0,0.000,0.000,-1,1,0,0,201.918
1548,0,0,0.000,0.000,-1,0,0,0,208.557
1549,0,0,0.000,0.000,-1,0,0,1,191.734
1550,0,0,0.000,0.000,-1,0,1,0,231.545
1551,0,0,0.000,0.000,-1,0,0,0,159.133
1552,0,1,90.488,91.938,-1,0,0,1,195.171
1553,0,0,0.000,0.000,-1,1,0,0,176.420
1554,0,0,0.000,0.000,-1,0,0,0,217.919
1555,0,0,0.000,0.000,-1,0,0,1,158.394
1556,0,0,0.000,0.000,-1,0,1,0,255.023
1557,0,0,0.000,0.000,-1,0,0,0,205.907
1558,0,0,0.000,0.000,-1,0,0,1,240.501
1559,0,0,0.000,0.000,-1,1,0,0,208.548
1560,0,0,0.000,0.000,-1,0,0,0,174.259
1561,0,0,0.000,0.000,-1,0,0,1,176.511
1562,0,0,0.000,0.000,-1,0,1,0,174.682
1563,0,0,0.000,0.000,-1,0,0,0,176.754
1564,0,0,0.000,0.000,-1,0,0,1,208.649
1565,0,0,0.000,0.000,-1,1,0,0,205.325
1566,0,0,0.000,0.000,-1,0,0,0,160.072
1567,0,0,0.000,0.000,-1,0,0,1,144.906
1568,0,1,83.960,85.489,-1,0,1,0,155.585
1569,0,0,0.000,0.000,-1,0,0,0,154.605
1570,0,0,0.000,0.000,-1,0,0,1,209.824
1571,0,0,0.000,0.000,-1,1,0,0,161.071
1572,0,0,0.000,0.000,-1,0,0,0,178.419
1573,0,0,0.000,0.000,-1,0,0,1,148.898
1574,0,0,0.000,0.000,-1,0,1,0,196.350
1575,0,0,0.000,0.000,-1,0,0,0,164.517
1576,0,0,0.000,0.000,-1,0,0,1,177.679
1577,0,0,0.000,0.000,-1,1,0,0,152.700
1578,0,0,0.000,0.000,-1,0,0,0,131.729
1579,0,0,0.000,0.000,-1,0,0,1,96.275
1580,0,0,0.000,0.000,-1,0,1,0,95.417
1581,0,0,0.000,0.000,-1,0,0,0,92.796
1582,0,0,0.000,0.000,-1,0,0,1,119.347
1583,0,0,0.000,0.000,-1,1,0,0,112.068
1584,0,1,85.106,86.231,-1,0,0,0,123.149
1585,0,0,0.000,0.000,-1,0,0,1,91.634
1586,0,0,0.000,0.000,-1,0,1,0,144.497
1587,0,0,0.000,0.000,-1,0,0,0,81.662
1588,0,0,0.000,0.000,-1,0,0,1,85.154
1589,0,0,0.000,0.000,-1,1,0,0,83.937
1590,0,0,0.000,0.000,-1,0,0,0,86.957
1591,0,0,0.000,0.000,-1,0,0,1,92.302
1592,0,0,0.000,0.000,-1,0,1,0,93.113
1593,0,0,0.000,0.000,-1,0,0,0,80.822
1594,0,0,0.000,0.000,-1,0,0,1,84.490
1595,0,0,0.000,0.000,-1,1,0,0,91.164
1596,0,0,0.000,0.000,-1,0,0,0,83.907
1597,0,0,0.000,0.000,-1,0,0,1,93.520
1598,0,0,0.000,0.000,-1,0,1,0,208.195
1599,0,0,0.000,0.000,-1,0,0,0,176.019
1600,0,1,83.990,85.390,-1,0,0,1,156.773
1601,0,0,0.000,0.000,-1,1,0,0,170.430
1602,0,0,0.000,0.000,-1,0,0,0,129.990
1603,0,0,0.000,0.000,-1,0,0,1,199.033
1604,0,0,0.000,0.000,-1,0,1,0,153.401
1605,0,0,0.000,0.000,-1,0,0,0,128.197
1606,0,0,0.000,0.000,-1,0,0,1,112.188
1607,0,0,0.000,0.000,-1,1,0,0,116.985
1608,0,0,0.000,0.000,-1,0,0,0,126.961
1609,0,0,0.000,0.000,-1,0,0,1,147.812
1610,0,0,0.000,0.000,-1,0,1,0,131.972
1611,0,0,0.000,0.000,-1,0,0,0,136.146
1612,0,0,0.000,0.000,-1,0,0,1,158.832
1613,0,0,0.000,0.000,-1,1,0,0,135.235
1614,0,0,0.000,0.000,-1,0,0,0,147.824
1615,0,0,0.000,0.000,-1,0,0,1,138.155
1616,0,1,84.751,86.182,-1,0,1,0,150.898
1617,0,0,0.000,0.000,-1,0,0,0,177.311
1618,0,0,0.000,0.000,-1,0,0,1,158.592
1619,0,0,0.000,0.000,-1,1,0,0,130.008
1620,0,0,0.000,0.000,-1,0,0,0,170.401
1621,0,0,0.000,0.000,-1,0,0,1,141.052
1622,0,0,0.000,0.000,-1,0,1,0,161.906
1623,0,0,0.000,0.000,-1,0,0,0,176.750
1624,0,0,0.000,0.000,-1,0,0,1,189.228
1625,0,0,0.000,0.000,-1,1,0,0,504.783
1626,0,0,0.000,0.000,-1,0,0,0,447.425
1627,0,0,0.000,0.000,-1,0,0,1,156.565
1628,0,0,0.000,0.000,-1,0,1,0,450.330
1629,0,0,0.000,0.000,-1,0,0,0,514.550
1630,0,0,0.000,0.000,-1,0,0,1,540.728
1631,0,0,0.000,0.000,-1,1,0,0,578.320
1632,0,1,88.782,90.254,-1,0,0,0,575.445
1633,0,0,0.000,0.000,-1,0,0,1,513.942
1634,0,0,0.000,0.000,-1,0,1,0,601.009
1635,0,0,0.000,0.000,-1,0,0,0,528.482
1636,0,0,0.000,0.000,-1,0,0,1,478.033
1637,0,0,0.000,0.000,-1,1,0,0,129.988
1638,0,0,0.000,0.000,-1,0,0,0,156.575
1639,0,0,0.000,0.000,-1,0,0,1,133.927
1640,0,0,0.000,0.000,-1,0,1,0,183.175
1641,0,0,0.000,0.000,-1,0,0,0,144.356
1642,0,0,0.000,0.000,-1,0,0,1,276.776
1643,0,0,0.000,0.000,-1,1,0,0,337.499
1644,0,0,0.000,0.000,-1,0,0,0,146.362
1645,0,0,0.000,0.000,-1,0,0,1,183.440
1646,0,0,0.000,0.000,-1,0,1,0,147.572
1647,0,0,0.000,0.000,-1,0,0,0,149.760
1648,0,1,83.976,85.196,-1,0,0,1,174.527
1649,0,0,0.000,0.000,-1,1,0,0,124.147
1650,0,0,0.000,0.000,-1,0,0,0,171.508
1651,0,0,0.000,0.000,-1,0,0,1,224.156
1652,0,0,0.000,0.000,-1,0,1,0,257.846
1653,0,0,0.000,0.000,-1,0,0,0,171.306
1654,0,0,0.000,0.000,-1,0,0,1,136.893
1655,0,0,0.000,0.000,-1,1,0,0,154.704
1656,0,0,0.000,0.000,-1,0,0,0,164.149
1657,0,0,0.000,0.000,-1,0,0,1,197.747
1658,0,0,0.000,0.000,-1,0,1,0,148.261
1659,0,0,0.000,0.000,-1,0,0,0,186.319
1660,0,0,0.000,0.000,-1,0,0,1,210.667
1661,0,0,0.000,0.000,-1,1,0,0,182.600
1662,0,0,0.000,0.000,-1,0,0,0,184.176
1663,0,0,0.000,0.000,-1,0,0,1,194.552
1664,0,1,84.005,85.201,-1,0,1,0,198.022
1665,0,0,0.000,0.000,-1,0,0,0,176.335
1666,0,0,0.000,0.000,-1,0,0,1,180.270
1667,0,0,0.000,0.000,-1,1,0,0,152.366
1668,0,0,0.000,0.000,-1,0,0,0,164.028
1669,0,0,0.000,0.000,-1,0,0,1,577.163
1670,0,0,0.000,0.000,-1,0,1,0,528.951
1671,0,0,0.000,0.000,-1,0,0,0,446.858
1672,0,0,0.000,0.000,-1,0,0,1,524.456
1673,0,0,0.000,0.000,-1,1,0,0,540.072
1674,0,0,0.000,0.000,-1,0,0,0,153.279
1675,0,0,0.000,0.000,-1,0,0,1,168.317
1676,0,0,0.000,0.000,-1,0,1,0,150.778
1677,0,0,0.000,0.000,-1,0,0,0,135.244
1678,0,0,0.000,0.000,-1,0,0,1,149.786
1679,0,0,0.000,0.000,-1,1,0,0,149.908
1680,0,1,85.354,86.558,-1,0,0,0,150.301
1681,0,0,0.000,0.000,-1,0,0,1,223.601
1682,0,0,0.000,0.000,-1,0,1,0,186.585
1683,0,0,0.000,0.000,-1,0,0,0,152.779
1684,0,0,0.000,0.000,-1,0,0,1,157.679
1685,0,0,0.000,0.000,-1,1,0,0,130.898
1686,0,0,0.000,0.000,-1,0,0,0,131.148
1687,0,0,0.000,0.000,-1,0,0,1,161.647
1688,0,0,0.000,0.000,-1,0,1,0,192.575
1689,0,0,0.000,0.000,-1,0,0,0,144.166
1690,0,0,0.000,0.000,-1,0,0,1,124.990
1691,0,0,0.000,0.000,-1,1,0,0,144.857
1692,0,0,0.000,0.000,-1,0,0,0,206.361
1693,0,0,0.000,0.000,-1,0,0,1,213.920
1694,0,0,0.000,0.000,-1,0,1,0,205.240
1695,0,0,0.000,0.000,-1,0,0,0,205.003
1696,0,1,83.987,92.366,-1,0,0,1,183.738
1697,0,0,0.000,0.000,-1,1,0,0,179.234
1698,0,0,0.000,0.000,-1,0,0,0,116.515
1699,0,0,0.000,0.000,-1,0,0,1,214.352
1700,0,0,0.000,0.000,-1,0,1,0,259.691
1701,0,0,0.000,0.000,-1,0,0,0,545.270
1702,0,0,0.000,0.000,-1,0,0,1,159.393
1703,0,0,0.000,0.000,-1,1,0,0,131.647
1704,0,0,0.000,0.000,-1,0,0,0,162.320
1705,0,0,0.000,0.000,-1,0,0,1,183.783
1706,0,0,0.000,0.000,-1,0,1,0,153.093
1707,0,0,0.000,0.000,-1,0,0,0,154.270
1708,0,0,0.000,0.000,-1,0,0,1,155.927
1709,0,0,0.000,0.000,-1,1,0,0,127.937
1710,0,0,0.000,0.000,-1,0,0,0,145.207
1711,0,0,0.000,0.000,-1,0,0,1,166.596
1712,0,1,84.618,85.740,-1,0,1,0,178.239
1713,0,0,0.000,0.000,-1,0,0,0,134.737
1714,0,0,0.000,0.000,-1,0,0,1,151.661
1715,0,0,0.000,0.000,-1,1,0,0,160.411
1716,0,0,0.000,0.000,-1,0,0,0,175.591
1717,0,0,0.000,0.000,-1,0,0,1,182.155
1718,0,0,0.000,0.000,-1,0,1,0,159.159
1719,0,0,0.000,0.000,-1,0,0,0,173.595
1720,0,0,0.000,0.000,-1,0,0,1,217.374
1721,0,0,0.000,0.000,-1,1,0,0,196.686
1722,0,0,0.000,0.000,-1,0,0,0,226.852
1723,0,0,0.000,0.000,-1,0,0,1,236.402
1724,0,0,0.000,0.000,-1,0,1,0,192.044
1725,0,0,0.000,0.000,-1,0,0,0,225.599
1726,0,0,0.000,0.000,-1,0,0,1,179.562
1727,0,0,0.000,0.000,-1,1,0,0,138.724
1728,0,1,84.004,85.312,-1,0,0,0,156.963
1729,0,0,0.000,0.000,-1,0,0,1,118.695
1730,0,0,0.000,0.000,-1,0,1,0,140.716
1731,0,0,0.000,0.000,-1,0,0,0,147.607
1732,0,0,0.000,0.000,-1,0,0,1,149.091
1733,0,0,0.000,0.000,-1,1,0,0,115.918
1734,0,0,0.000,0.000,-1,0,0,0,140.086
1735,0,0,0.000,0.000,-1,0,0,1,156.799
1736,0,0,0.000,0.000,-1,0,1,0,160.853
1737,0,0,0.000,0.000,-1,0,0,0,213.494
1738,0,0,0.000,0.000,-1,0,0,1,195.480
1739,0,0,0.000,0.000,-1,1,0,0,182.698
1740,0,0,0.000,0.000,-1,0,0,0,108.609
1741,0,0,0.000,0.000,-1,0,0,1,185.728
1742,0,0,0.000,0.000,-1,0,1,0,130.584
1743,0,0,0.000,0.000,-1,0,0,0,158.973
1744,0,1,90.174,91.675,-1,0,0,1,109.997
1745,0,0,0.000,0.000,-1,1,0,0,93.279
1746,0,0,0.000,0.000,-1,0,0,0,147.479
1747,0,0,0.000,0.000,-1,0,0,1,150.707
1748,0,0,0.000,0.000,-1,0,1,0,124.024
1749,0,0,0.000,0.000,-1,0,0,0,168.295
1750,0,0,0.000,0.000,-1,0,0,1,134.265
1751,0,0,0.000,0.000,-1,1,0,0,127.175
1752,0,0,0.000,0.000,-1,0,0,0,159.927
1753,0,0,0.000,0.000,-1,0,0,1,141.215
1754,0,0,0.000,0.000,-1,0,1,0,197.172
1755,0,0,0.000,0.000,-1,0,0,0,155.082
1756,0,0,0.000,0.000,-1,0,0,1,138.154
1757,0,0,0.000,0.000,-1,1,0,0,110.199
1758,0,0,0.000,0.000,-1,0,0,0,108.374
1759,0,0,0.000,0.000,-1,0,0,1,96.780
1760,0,1,84.064,85.466,-1,0,1,0,116.610
1761,0,0,0.000,0.000,-1,0,0,0,126.620
1762,0,0,0.000,0.000,-1,0,0,1,170.197
1763,0,0,0.000,0.000,-1,1,0,0,148.707
1764,0,0,0.000,0.000,-1,0,0,0,178.880
1765,0,0,0.000,0.000,-1,0,0,1,233.263
1766,0,0,0.000,0.000,-1,0,1,0,168.926
1767,0,0,0.000,0.000,-1,0,0,0,162.803
1768,0,0,0.000,0.000,-1,0,0,1,231.623
1769,0,0,0.000,0.000,-1,1,0,0,124.554
1770,0,0,0.000,0.000,-1,0,0,0,131.364
1771,0,0,0.000,0.000,-1,0,0,1,123.160
1772,0,0,0.000,0.000,-1,0,1,0,236.072
1773,0,0,0.000,0.000,-1,0,0,0,100.120
1774,0,0,0.000,0.000,-1,0,0,1,223.687
1775,0,0,0.000,0.000,-1,1,0,0,161.462
1776,0,1,84.008,85.276,-1,0,0,0,176.378
1777,0,0,0.000,0.000,-1,0,0,1,158.890
1778,0,0,0.000,0.000,-1,0,1,0,208.113
1779,0,0,0.000,0.000,-1,0,0,0,192.627
1780,0,0,0.000,0.000,-1,0,0,1,190.216
1781,0,0,0.000,0.000,-1,1,0,0,128.768
1782,0,0,0.000,0.000,-1,0,0,0,162.592
1783,0,0,0.000,0.000,-1,0,0,1,143.784
1784,0,0,0.000,0.000,-1,0,1,0,149.189
1785,0,0,0.000,0.000,-1,0,0,0,220.552
1786,0,0,0.000,0.000,-1,0,0,1,219.565
1787,0,0,0.000,0.000,-1,1,0,0,255.925
1788,0,0,0.000,0.000,-1,0,0,0,178.603
1789,0,0,0.000,0.000,-1,0,0,1,236.267
1790,0,0,0.000,0.000,-1,0,1,0,174.893
1791,0,0,0.000,0.000,-1,0,0,0,129.732
1792,0,1,85.196,86.440,-1,0,0,1,153.047
1793,0,0,0.000,0.000,-1,1,0,0,151.788
1794,0,0,0.000,0.000,-1,0,0,0,121.841
1795,0,0,0.000,0.000,-1,0,0,1,154.635
1796,0,0,0.000,0.000,-1,0,1,0,262.548
1797,0,0,0.000,0.000,-1,0,0,0,570.447
1798,0,0,0.000,0.000,-1,0,0,1,510.891
1799,0,0,0.000,0.000,-1,1,0,0,141.465
1800,0,0,0.000,0.000,-1,0,0,0,168.069
1801,0,0,0.000,0.000,-1,0,0,1,219.452
1802,0,0,0.000,0.000,-1,0,1,0,142.468
1803,0,0,0.000,0.000,-1,0,0,0,223.253
1804,0,0,0.000,0.000,-1,0,0,1,157.964
1805,0,0,0.000,0.000,-1,1,0,0,161.211
1806,0,0,0.000,0.000,-1,0,0,0,189.652
1807,0,0,0.000,0.000,-1,0,0,1,219.357
1808,0,1,85.067,86.507,-1,0,1,0,202.115
1809,0,0,0.000,0.000,-1,0,0,0,455.987
1810,0,0,0.000,0.000,-1,0,0,1,562.702
1811,0,0,0.000,0.000,-1,1,0,0,501.953
1812,0,0,0.000,0.000,-1,0,0,0,566.568
1813,0,0,0.000,0.000,-1,0,0,1,227.217
1814,0,0,0.000,0.000,-1,0,1,0,162.379
1815,0,0,0.000,0.000,-1,0,0,0,239.488
1816,0,0,0.000,0.000,-1,0,0,1,208.539
1817,0,0,0.000,0.000,-1,1,0,0,121.114
1818,0,0,0.000,0.000,-1,0,0,0,143.387
1819,0,0,0.000,0.000,-1,0,0,1,142.401
1820,0,0,0.000,0.000,-1,0,1,0,224.294
1821,0,0,0.000,0.000,-1,0,0,0,194.545
1822,0,0,0.000,0.000,-1,0,0,1,241.714
1823,0,0,0.000,0.000,-1,1,0,0,154.901
1824,0,1,84.001,85.443,-1,0,0,0,156.611
1825,0,0,0.000,0.000,-1,0,0,1,142.003
1826,0,0,0.000,0.000,-1,0,1,0,154.074
1827,0,0,0.000,0.000,-1,0,0,0,118.084
1828,0,0,0.000,0.000,-1,0,0,1,163.475
1829,0,0,0.000,0.000,-1,1,0,0,145.150
1830,0,0,0.000,0.000,-1,0,0,0,191.856
1831,0,0,0.000,0.000,-1,0,0,1,119.633
1832,0,0,0.000,0.000,-1,0,1,0,128.920
1833,0,0,0.000,0.000,-1,0,0,0,132.574
1834,0,0,0.000,0.000,-1,0,0,1,153.882
1835,0,0,0.000,0.000,-1,1,0,0,132.735
1836,0,0,0.000,0.000,-1,0,0,0,195.718
1837,0,0,0.000,0.000,-1,0,0,1,178.080
1838,0,0,0.000,0.000,-1,0,1,0,213.306
1839,0,0,0.000,0.000,-1,0,0,0,174.815
1840,0,1,83.991,85.208,-1,0,0,1,209.310
1841,0,0,0.000,0.000,-1,1,0,0,157.978
1842,0,0,0.000,0.000,-1,0,0,0,229.157
1843,0,0,0.000,0.000,-1,0,0,1,214.226
1844,0,0,0.000,0.000,-1,0,1,0,227.488
1845,0,0,0.000,0.000,-1,0,0,0,510.412
1846,0,0,0.000,0.000,-1,0,0,1,555.422
1847,0,0,0.000,0.000,-1,1,0,0,485.359
1848,0,0,0.000,0.000,-1,0,0,0,138.586
1849,0,0,0.000,0.000,-1,0,0,1,156.807
1850,0,0,0.000,0.000,-1,0,1,0,143.683
1851,0,0,0.000,0.000,-1,0,0,0,197.292
1852,0,0,0.000,0.000,-1,0,0,1,167.828
1853,0,0,0.000,0.000,-1,1,0,0,163.043
1854,0,0,0.000,0.000,-1,0,0,0,163.941
1855,0,0,0.000,0.000,-1,0,0,1,153.114
1856,0,1,84.965,86.217,-1,0,1,0,158.858
1857,0,0,0.000,0.000,-1,0,0,0,149.140
1858,0,0,0.000,0.000,-1,0,0,1,155.917
1859,0,0,0.000,0.000,-1,1,0,0,184.165
1860,0,0,0.000,0.000,-1,0,0,0,188.491
1861,0,0,0.000,0.000,-1,0,0,1,255.278
1862,0,0,0.000,0.000,-1,0,1,0,179.157
1863,0,0,0.000,0.000,-1,0,0,0,241.754
1864,0,0,0.000,0.000,-1,0,0,1,173.499
1865,0,0,0.000,0.000,-1,1,0,0,180.100
1866,0,0,0.000,0.000,-1,0,0,0,155.552
1867,0,0,0.000,0.000,-1,0,0,1,178.446
1868,0,0,0.000,0.000,-1,0,1,0,141.449
1869,0,0,0.000,0.000,-1,0,0,0,149.239
1870,0,0,0.000,0.000,-1,0,0,1,126.521
1871,0,0,0.000,0.000,-1,1,0,0,167.650
1872,0,1,92.221,93.639,-1,0,0,0,184.682
1873,0,0,0.000,0.000,-1,0,0,1,194.143
1874,0,0,0.000,0.000,-1,0,1,0,159.341
1875,0,0,0.000,0.000,-1,0,0,0,142.951
1876,0,0,0.000,0.000,-1,0,0,1,511.915
1877,0,0,0.000,0.000,-1,1,0,0,501.807
1878,0,0,0.000,0.000,-1,0,0,0,557.855
1879,0,0,0.000,0.000,-1,0,0,1,513.387
1880,0,0,0.000,0.000,-1,0,1,0,192.228
1881,0,0,0.000,0.000,-1,0,0,0,195.225
1882,0,0,0.000,0.000,-1,0,0,1,158.881
1883,0,0,0.000,0.000,-1,1,0,0,187.772
1884,0,0,0.000,0.000,-1,0,0,0,133.778
1885,0,0,0.000,0.000,-1,0,0,1,121.516
1886,0,0,0.000,0.000,-1,0,1,0,143.455
1887,0,0,0.000,0.000,-1,0,0,0,127.254
1888,0,1,84.001,85.367,-1,0,0,1,178.581
1889,0,0,0.000,0.000,-1,1,0,0,127.862
1890,0,0,0.000,0.000,-1,0,0,0,97.414
1891,0,0,0.000,0.000,-1,0,0,1,141.172
1892,0,0,0.000,0.000,-1,0,1,0,157.465
1893,0,0,0.000,0.000,-1,0,0,0,181.288
1894,0,0,0.000,0.000,-1,0,0,1,119.846
1895,0,0,0.000,0.000,-1,1,0,0,98.606
1896,0,0,0.000,0.000,-1,0,0,0,112.113
1897,0,0,0.000,0.000,-1,0,0,1,141.308
1898,0,0,0.000,0.000,-1,0,1,0,171.894
1899,0,0,0.000,0.000,-1,0,0,0,146.097
1900,0,0,0.000,0.000,-1,0,0,1,178.752
1901,0,0,0.000,0.000,-1,1,0,0,206.655
1902,0,0,0.000,0.000,-1,0,0,0,209.676
1903,0,0,0.000,0.000,-1,0,0,1,456.781
1904,0,1,89.386,90.752,-1,0,1,0,520.658
1905,0,0,0.000,0.000,-1,0,0,0,242.887
1906,0,0,0.000,0.000,-1,0,0,1,155.303
1907,0,0,0.000,0.000,-1,1,0,0,170.280
1908,0,0,0.000,0.000,-1,0,0,0,162.923
1909,0,0,0.000,0.000,-1,0,0,1,167.259
1910,0,0,0.000,0.000,-1,0,1,0,188.314
1911,0,0,0.000,0.000,-1,0,0,0,153.286
1912,0,0,0.000,0.000,-1,0,0,1,212.280
1913,0,0,0.000,0.000,-1,1,0,0,177.928
1914,0,0,0.000,0.000,-1,0,0,0,196.957
1915,0,0,0.000,0.000,-1,0,0,1,201.455
1916,0,0,0.000,0.000,-1,0,1,0,164.158
1917,0,0,0.000,0.000,-1,0,0,0,457.388
1918,0,0,0.000,0.000,-1,0,0,1,168.761
1919,0,0,0.000,0.000,-1,1,0,0,160.636
1920,0,1,84.088,85.167,-1,0,0,0,142.444
1921,0,0,0.000,0.000,-1,0,0,1,144.952
1922,0,0,0.000,0.000,-1,0,1,0,177.358
1923,0,0,0.000,0.000,-1,0,0,0,166.212
1924,0,0,0.000,0.000,-1,0,0,1,147.593
1925,0,0,0.000,0.000,-1,1,0,0,142.851
1926,0,0,0.000,0.000,-1,0,0,0,166.194
1927,0,0,0.000,0.000,-1,0,0,1,520.029
1928,0,0,0.000,0.000,-1,0,1,0,512.589
1929,0,0,0.000,0.000,-1,0,0,0,529.446
1930,0,0,0.000,0.000,-1,0,0,1,512.457
1931,0,0,0.000,0.000,-1,1,0,0,541.692
1932,0,0,0.000,0.000,-1,0,0,0,443.349
1933,0,0,0.000,0.000,-1,0,0,1,580.872
1934,0,0,0.000,0.000,-1,0,1,0,544.403
1935,0,0,0.000,0.000,-1,0,0,0,548.301
1936,0,1,168.106,169.560,-1,0,0,1,506.285
1937,0,0,0.000,0.000,-1,1,0,0,125.205
1938,0,0,0.000,0.000,-1,0,0,0,84.188
1939,0,0,0.000,0.000,-1,0,0,1,91.653
1940,0,0,0.000,0.000,-1,0,1,0,95.000
1941,0,0,0.000,0.000,-1,0,0,0,88.170
1942,0,0,0.000,0.000,-1,0,0,1,107.689
1943,0,0,0.000,0.000,-1,1,0,0,90.818
1944,0,0,0.000,0.000,-1,0,0,0,107.904
1945,0,0,0.000,0.000,-1,0,0,1,98.611
1946,0,0,0.000,0.000,-1,0,1,0,101.226
1947,0,0,0.000,0.000,-1,0,0,0,89.368
1948,0,0,0.000,0.000,-1,0,0,1,87.566
1949,0,0,0.000,0.000,-1,1,0,0,89.212
1950,0,0,0.000,0.000,-1,0,0,0,97.991
1951,0,0,0.000,0.000,-1,0,0,1,97.577
1952,0,1,77.499,78.529,-1,0,1,0,90.795
1953,0,0,0.000,0.000,-1,0,0,0,122.122
1954,0,0,0.000,0.000,-1,0,0,1,102.306
1955,0,0,0.000,0.000,-1,1,0,0,99.733
1956,0,0,0.000,0.000,-1,0,0,0,99.975
1957,0,0,0.000,0.000,-1,0,0,1,133.527
1958,0,0,0.000,0.000,-1,0,1,0,189.710
1959,0,0,0.000,0.000,-1,0,0,0,188.259
1960,0,0,0.000,0.000,-1,0,0,1,236.004
1961,0,0,0.000,0.000,-1,1,0,0,167.197
1962,0,0,0.000,0.000,-1,0,0,0,202.398
1963,0,0,0.000,0.000,-1,0,0,1,162.657
1964,0,0,0.000,0.000,-1,0,1,0,164.198
1965,0,0,0.000,0.000,-1,0,0,0,200.028
1966,0,0,0.000,0.000,-1,0,0,1,205.263
1967,0,0,0.000,0.000,-1,1,0,0,211.215
1968,0,1,85.094,86.358,-1,0,0,0,336.798
1969,0,0,0.000,0.000,-1,0,0,1,200.422
1970,0,0,0.000,0.000,-1,0,1,0,192.476
1971,0,0,0.000,0.000,-1,0,0,0,219.149
1972,0,0,0.000,0.000,-1,0,0,1,244.266
1973,0,0,0.000,0.000,-1,1,0,0,242.059
1974,0,0,0.000,0.000,-1,0,0,0,264.277
1975,0,0,0.000,0.000,-1,0,0,1,215.119
1976,0,0,0.000,0.000,-1,0,1,0,264.579
1977,0,0,0.000,0.000,-1,0,0,0,563.917
1978,0,0,0.000,0.000,-1,0,0,1,399.600
1979,0,0,0.000,0.000,-1,1,0,0,184.142
1980,0,0,0.000,0.000,-1,0,0,0,121.339
1981,0,0,0.000,0.000,-1,0,0,1,128.606
1982,0,0,0.000,0.000,-1,0,1,0,159.636
1983,0,0,0.000,0.000,-1,0,0,0,198.471
1984,0,1,84.002,85.204,-1,0,0,1,199.208
1985,0,0,0.000,0.000,-1,1,0,0,113.185
1986,0,0,0.000,0.000,-1,0,0,0,115.387
1987,0,0,0.000,0.000,-1,0,0,1,150.834
1988,0,0,0.000,0.000,-1,0,1,0,123.211
1989,0,0,0.000,0.000,-1,0,0,0,166.973
1990,0,0,0.000,0.000,-1,0,0,1,140.151
1991,0,0,0.000,0.000,-1,1,0,0,165.770
1992,0,0,0.000,0.000,-1,0,0,0,172.803
1993,0,0,0.000,0.000,-1,0,0,1,176.969
1994,0,0,0.000,0.000,-1,0,1,0,189.518
1995,0,0,0.000,0.000,-1,0,0,0,254.427
1996,0,0,0.000,0.000,-1,0,0,1,213.121
1997,0,0,0.000,0.000,-1,1,0,0,199.654
1998,0,0,0.000,0.000,-1,0,0,0,219.881
1999,0,0,0.000,0.000,-1,0,0,1,247.298
2000,0,1,84.732,86.116,-1,0,1,0,514.769
2001,0,0,0.000,0.000,-1,0,0,0,527.672
2002,0,0,0.000,0.000,-1,0,0,1,591.725
2003,0,0,0.000,0.000,-1,1,0,0,544.736
2004,0,0,0.000,0.000,-1,0,0,0,498.582
2005,0,0,0.000,0.000,-1,0,0,1,496.890
2006,0,0,0.000,0.000,-1,0,1,0,589.857
2007,0,0,0.000,0.000,-1,0,0,0,625.145
2008,0,0,0.000,0.000,-1,0,0,1,482.190
2009,0,0,0.000,0.000,-1,1,0,0,562.667
2010,0,0,0.000,0.000,-1,0,0,0,478.054
2011,0,0,0.000,0.000,-1,0,0,1,650.105
2012,0,0,0.000,0.000,-1,0,1,0,585.875
2013,0,0,0.000,0.000,-1,0,0,0,466.913
2014,0,0,0.000,0.000,-1,0,0,1,139.143
2015,0,0,0.000,0.000,-1,1,0,0,159.712
2016,0,1,84.116,85.327,-1,0,0,0,179.439
2017,0,0,0.000,0.000,-1,0,0,1,138.804
2018,0,0,0.000,0.000,-1,0,1,0,118.406
2019,0,0,0.000,0.000,-1,0,0,0,147.550
2020,0,0,0.000,0.000,-1,0,0,1,154.245
2021,0,0,0.000,0.000,-1,1,0,0,178.111
2022,0,0,0.000,0.000,-1,0,0,0,211.495
2023,0,0,0.000,0.000,-1,0,0,1,187.095
2024,0,0,0.000,0.000,-1,0,1,0,207.467
2025,0,0,0.000,0.000,-1,0,0,0,135.496
2026,0,0,0.000,0.000,-1,0,0,1,115.609
2027,0,0,0.000,0.000,-1,1,0,0,109.714
2028,0,0,0.000,0.000,-1,0,0,0,100.311
2029,0,0,0.000,0.000,-1,0,0,1,123.585
2030,0,0,0.000,0.000,-1,0,1,0,112.343
2031,0,0,0.000,0.000,-1,0,0,0,148.511
2032,0,1,84.838,86.292,-1,0,0,1,191.242
2033,0,0,0.000,0.000,-1,1,0,0,150.163
2034,0,0,0.000,0.000,-1,0,0,0,494.050
2035,0,0,0.000,0.000,-1,0,0,1,500.108
2036,0,0,0.000,0.000,-1,0,1,0,210.885
2037,0,0,0.000,0.000,-1,0,0,0,108.592
2038,0,0,0.000,0.000,-1,0,0,1,131.452
2039,0,0,0.000,0.000,-1,1,0,0,121.565
2040,0,0,0.000,0.000,-1,0,0,0,115.878
2041,0,0,0.000,0.000,-1,0,0,1,172.646
2042,0,0,0.000,0.000,-1,0,1,0,141.747
2043,0,0,0.000,0.000,-1,0,0,0,159.067
2044,0,0,0.000,0.000,-1,0,0,1,119.130
2045,0,0,0.000,0.000,-1,1,0,0,129.583
2046,0,0,0.000,0.000,-1,0,0,0,137.580
2047,0,0,0.000,0.000,-1,0,0,1,141.163
2048,0,1,84.487,86.309,-1,0,1,0,154.408
2049,0,0,0.000,0.000,-1,0,0,0,181.106
2050,0,0,0.000,0.000,-1,0,0,1,193.253
2051,0,0,0.000,0.000,-1,1,0,0,147.812
2052,0,0,0.000,0.000,-1,0,0,0,165.832
2053,0,0,0.000,0.000,-1,0,0,1,190.932
2054,0,0,0.000,0.000,-1,0,1,0,130.610
2055,0,0,0.000,0.000,-1,0,0,0,144.638
2056,0,0,0.000,0.000,-1,0,0,1,170.181
2057,0,0,0.000,0.000,-1,1,0,0,140.728
2058,0,0,0.000,0.000,-1,0,0,0,169.349
2059,0,0,0.000,0.000,-1,0,0,1,152.885
2060,0,0,0.000,0.000,-1,0,1,0,157.259
2061,0,0,0.000,0.000,-1,0,0,0,138.054
2062,0,0,0.000,0.000,-1,0,0,1,120.177
2063,0,0,0.000,0.000,-1,1,0,0,112.186
2064,0,1,85.127,86.637,-1,0,0,0,129.124
2065,0,0,0.000,0.000,-1,0,0,1,143.520
2066,0,0,0.000,0.000,-1,0,1,0,200.487
2067,0,0,0.000,0.000,-1,0,0,0,263.460
2068,0,0,0.000,0.000,-1,0,0,1,210.679
2069,0,0,0.000,0.000,-1,1,0,0,243.019
2070,0,0,0.000,0.000,-1,0,0,0,397.287
2071,0,0,0.000,0.000,-1,0,0,1,161.340
2072,0,0,0.000,0.000,-1,0,1,0,225.400
2073,0,0,0.000,0.000,-1,0,0,0,167.823
2074,0,0,0.000,0.000,-1,0,0,1,140.945
2075,0,0,0.000,0.000,-1,1,0,0,163.557
2076,0,0,0.000,0.000,-1,0,0,0,222.369
2077,0,0,0.000,0.000,-1,0,0,1,165.989
2078,0,0,0.000,0.000,-1,0,1,0,248.201
2079,0,0,0.000,0.000,-1,0,0,0,546.031
2080,0,1,83.977,85.413,-1,0,0,1,528.923
2081,0,0,0.000,0.000,-1,1,0,0,179.890
2082,0,0,0.000,0.000,-1,0,0,0,213.895
2083,0,0,0.000,0.000,-1,0,0,1,151.644
2084,0,0,0.000,0.000,-1,0,1,0,175.052
2085,0,0,0.000,0.000,-1,0,0,0,178.222
2086,0,0,0.000,0.000,-1,0,0,1,151.289
2087,0,0,0.000,0.000,-1,1,0,0,175.588
2088,0,0,0.000,0.000,-1,0,0,0,146.361
2089,0,0,0.000,0.000,-1,0,0,1,180.102
2090,0,0,0.000,0.000,-1,0,1,0,203.862
2091,0,0,0.000,0.000,-1,0,0,0,191.824
2092,0,0,0.000,0.000,-1,0,0,1,522.852
2093,0,0,0.000,0.000,-1,1,0,0,148.178
2094,0,0,0.000,0.000,-1,0,0,0,211.310
2095,0,0,0.000,0.000,-1,0,0,1,464.706
2096,0,1,83.918,85.228,-1,0,1,0,529.369
2097,0,0,0.000,0.000,-1,0,0,0,142.906
2098,0,0,0.000,0.000,-1,0,0,1,701.295
2099,0,0,0.000,0.000,-1,1,0,0,484.247
2100,0,0,0.000,0.000,-1,0,0,0,542.565
2101,0,0,0.000,0.000,-1,0,0,1,528.919
2102,0,0,0.000,0.000,-1,0,1,0,518.042
2103,0,0,0.000,0.000,-1,0,0,0,560.234
2104,0,0,0.000,0.000,-1,0,0,1,541.839
2105,0,0,0.000,0.000,-1,1,0,0,544.710
2106,0,0,0.000,0.000,-1,0,0,0,532.165
2107,0,0,0.000,0.000,-1,0,0,1,547.610
2108,0,0,0.000,0.000,-1,0,1,0,541.013
2109,0,0,0.000,0.000,-1,0,0,0,204.246
2110,0,0,0.000,0.000,-1,0,0,1,184.514
2111,0,0,0.000,0.000,-1,1,0,0,173.042
2112,0,1,87.552,88.878,-1,0,0,0,159.441
2113,0,0,0.000,0.000,-1,0,0,1,129.189
2114,0,0,0.000,0.000,-1,0,1,0,152.886
2115,0,0,0.000,0.000,-1,0,0,0,118.934
2116,0,0,0.000,0.000,-1,0,0,1,135.224
2117,0,0,0.000,0.000,-1,1,0,0,181.459
2118,0,0,0.000,0.000,-1,0,0,0,141.563
2119,0,0,0.000,0.000,-1,0,0,1,176.160
2120,0,0,0.000,0.000,-1,0,1,0,217.087
2121,0,0,0.000,0.000,-1,0,0,0,178.903
2122,0,0,0.000,0.000,-1,0,0,1,158.625
2123,0,0,0.000,0.000,-1,1,0,0,163.631
2124,0,0,0.000,0.000,-1,0,0,0,125.558
2125,0,0,0.000,0.000,-1,0,0,1,130.980
2126,0,0,0.000,0.000,-1,0,1,0,203.136
2127,0,0,0.000,0.000,-1,0,0,0,166.321
2128,0,1,85.886,92.570,-1,0,0,1,189.756
2129,0,0,0.000,0.000,-1,1,0,0,131.619
2130,0,0,0.000,0.000,-1,0,0,0,157.854
2131,0,0,0.000,0.000,-1,0,0,1,171.732
2132,0,0,0.000,0.000,-1,0,1,0,157.723
2133,0,0,0.000,0.000,-1,0,0,0,167.106
2134,0,0,0.000,0.000,-1,0,0,1,172.806
2135,0,0,0.000,0.000,-1,1,0,0,187.914
2136,0,0,0.000,0.000,-1,0,0,0,162.618
2137,0,0,0.000,0.000,-1,0,0,1,371.058
2138,0,0,0.000,0.000,-1,0,1,0,547.496
2139,0,0,0.000,0.000,-1,0,0,0,518.277
2140,0,0,0.000,0.000,-1,0,0,1,172.554
2141,0,0,0.000,0.000,-1,1,0,0,196.233
2142,0,0,0.000,0.000,-1,0,0,0,236.568
2143,0,0,0.000,0.000,-1,0,0,1,228.035
2144,0,1,83.956,85.515,-1,0,1,0,636.325
2145,0,0,0.000,0.000,-1,0,0,0,465.487
2146,0,0,0.000,0.000,-1,0,0,1,482.655
2147,0,0,0.000,0.000,-1,1,0,0,511.794
2148,0,0,0.000,0.000,-1,0,0,0,636.810
2149,0,0,0.000,0.000,-1,0,0,1,623.832
2150,0,0,0.000,0.000,-1,0,1,0,209.533
2151,0,0,0.000,0.000,-1,0,0,0,220.926
2152,0,0,0.000,0.000,-1,0,0,1,241.243
2153,0,0,0.000,0.000,-1,1,0,0,209.078
2154,0,0,0.000,0.000,-1,0,0,0,560.030
2155,0,0,0.000,0.000,-1,0,0,1,634.213
2156,0,0,0.000,0.000,-1,0,1,0,662.536
2157,0,0,0.000,0.000,-1,0,0,0,544.348
2158,0,0,0.000,0.000,-1,0,0,1,688.180
2159,0,0,0.000,0.000,-1,1,0,0,690.486
2160,0,1,166.110,167.833,-1,0,0,0,639.428
2161,0,0,0.000,0.000,-1,0,0,1,203.330
2162,0,0,0.000,0.000,-1,0,1,0,192.405
2163,0,0,0.000,0.000,-1,0,0,0,438.393
2164,0,0,0.000,0.000,-1,0,0,1,180.267
2165,0,0,0.000,0.000,-1,1,0,0,193.912
2166,0,0,0.000,0.000,-1,0,0,0,203.024
2167,0,0,0.000,0.000,-1,0,0,1,206.395
2168,0,0,0.000,0.000,-1,0,1,0,128.460
2169,0,0,0.000,0.000,-1,0,0,0,239.276
2170,0,0,0.000,0.000,-1,0,0,1,213.081
2171,0,0,0.000,0.000,-1,1,0,0,159.759
2172,0,0,0.000,0.000,-1,0,0,0,191.778
2173,0,0,0.000,0.000,-1,0,0,1,162.300
2174,0,0,0.000,0.000,-1,0,1,0,213.707
2175,0,0,0.000,0.000,-1,0,0,0,183.164
2176,0,1,91.120,92.511,-1,0,0,1,174.472
2177,0,0,0.000,0.000,-1,1,0,0,157.840
2178,0,0,0.000,0.000,-1,0,0,0,192.481
2179,0,0,0.000,0.000,-1,0,0,1,199.358
2180,0,0,0.000,0.000,-1,0,1,0,198.522
2181,0,0,0.000,0.000,-1,0,0,0,488.385
2182,0,0,0.000,0.000,-1,0,0,1,572.542
2183,0,0,0.000,0.000,-1,1,0,0,533.647
2184,0,0,0.000,0.000,-1,0,0,0,485.681
2185,0,0,0.000,0.000,-1,0,0,1,168.259
2186,0,0,0.000,0.000,-1,0,1,0,140.309
2187,0,0,0.000,0.000,-1,0,0,0,162.610
2188,0,0,0.000,0.000,-1,0,0,1,200.838
2189,0,0,0.000,0.000,-1,1,0,0,145.945
2190,0,0,0.000,0.000,-1,0,0,0,169.095
2191,0,0,0.000,0.000,-1,0,0,1,138.322
2192,0,1,88.995,90.276,-1,0,1,0,118.631
2193,0,0,0.000,0.000,-1,0,0,0,155.489
2194,0,0,0.000,0.000,-1,0,0,1,186.796
2195,0,0,0.000,0.000,-1,1,0,0,183.280
2196,0,0,0.000,0.000,-1,0,0,0,136.498
2197,0,0,0.000,0.000,-1,0,0,1,136.718
2198,0,0,0.000,0.000,-1,0,1,0,148.059
2199,0,0,0.000,0.000,-1,0,0,0,134.070
2200,0,0,0.000,0.000,-1,0,0,1,144.531
2201,0,0,0.000,0.000,-1,1,0,0,151.348
2202,0,0,0.000,0.000,-1,0,0,0,157.158
2203,0,0,0.000,0.000,-1,0,0,1,166.536
2204,0,0,0.000,0.000,-1,0,1,0,118.122
2205,0,0,0.000,0.000,-1,0,0,0,132.167
2206,0,0,0.000,0.000,-1,0,0,1,122.605
2207,0,0,0.000,0.000,-1,1,0,0,184.451
2208,0,1,90.058,91.403,-1,0,0,0,201.224
2209,0,0,0.000,0.000,-1,0,0,1,189.374
2210,0,0,0.000,0.000,-1,0,1,0,194.506
2211,0,0,0.000,0.000,-1,0,0,0,190.852
2212,0,0,0.000,0.000,-1,0,0,1,226.254
2213,0,0,0.000,0.000,-1,1,0,0,236.867
2214,0,0,0.000,0.000,-1,0,0,0,284.893
2215,0,0,0.000,0.000,-1,0,0,1,265.568
2216,0,0,0.000,0.000,-1,0,1,0,301.927
2217,0,0,0.000,0.000,-1,0,0,0,206.969
2218,0,0,0.000,0.000,-1,0,0,1,150.392
2219,0,0,0.000,0.000,-1,1,0,0,187.765
2220,0,0,0.000,0.000,-1,0,0,0,180.152
2221,0,0,0.000,0.000,-1,0,0,1,146.947
2222,0,0,0.000,0.000,-1,0,1,0,199.997
2223,0,0,0.000,0.000,-1,0,0,0,169.376
2224,0,1,83.977,85.251,-1,0,0,1,181.339
2225,0,0,0.000,0.000,-1,1,0,0,191.972
2226,0,0,0.000,0.000,-1,0,0,0,127.542
2227,0,0,0.000,0.000,-1,0,0,1,215.862
2228,0,0,0.000,0.000,-1,0,1,0,224.037
2229,0,0,0.000,0.000,-1,0,0,0,196.965
2230,0,0,0.000,0.000,-1,0,0,1,186.744
2231,0,0,0.000,0.000,-1,1,0,0,229.807
2232,0,0,0.000,0.000,-1,0,0,0,193.396
2233,0,0,0.000,0.000,-1,0,0,1,209.278
2234,0,0,0.000,0.000,-1,0,1,0,468.163
2235,0,0,0.000,0.000,-1,0,0,0,475.310
2236,0,0,0.000,0.000,-1,0,0,1,627.401
2237,0,0,0.000,0.000,-1,1,0,0,543.998
2238,0,0,0.000,0.000,-1,0,0,0,520.276
2239,0,0,0.000,0.000,-1,0,0,1,550.248
2240,0,1,87.036,88.388,-1,0,1,0,496.774
2241,0,0,0.000,0.000,-1,0,0,0,520.812
2242,0,0,0.000,0.000,-1,0,0,1,547.761
2243,0,0,0.000,0.000,-1,1,0,0,496.467
2244,0,0,0.000,0.000,-1,0,0,0,546.515
2245,0,0,0.000,0.000,-1,0,0,1,518.861
2246,0,0,0.000,0.000,-1,0,1,0,582.223
2247,0,0,0.000,0.000,-1,0,0,0,532.571
2248,0,0,0.000,0.000,-1,0,0,1,643.047
2249,0,0,0.000,0.000,-1,1,0,0,489.305
2250,0,0,0.000,0.000,-1,0,0,0,577.876
2251,0,0,0.000,0.000,-1,0,0,1,502.668
2252,0,0,0.000,0.000,-1,0,1,0,344.204
2253,0,0,0.000,0.000,-1,0,0,0,193.159
2254,0,0,0.000,0.000,-1,0,0,1,218.565
2255,0,0,0.000,0.000,-1,1,0,0,183.033
2256,0,1,84.808,86.144,-1,0,0,0,175.142
2257,0,0,0.000,0.000,-1,0,0,1,188.263
2258,0,0,0.000,0.000,-1,0,1,0,146.867
2259,0,0,0.000,0.000,-1,0,0,0,162.517
2260,0,0,0.000,0.000,-1,0,0,1,245.830
2261,0,0,0.000,0.000,-1,1,0,0,236.809
2262,0,0,0.000,0.000,-1,0,0,0,304.325
2263,0,0,0.000,0.000,-1,0,0,1,207.491
2264,0,0,0.000,0.000,-1,0,1,0,226.909
2265,0,0,0.000,0.000,-1,0,0,0,158.692
2266,0,0,0.000,0.000,-1,0,0,1,191.545
2267,0,0,0.000,0.000,-1,1,0,0,241.728
2268,0,0,0.000,0.000,-1,0,0,0,198.239
2269,0,0,0.000,0.000,-1,0,0,1,206.013
2270,0,0,0.000,0.000,-1,0,1,0,233.332
2271,0,0,0.000,0.000,-1,0,0,0,170.516
2272,0,1,83.971,90.309,-1,0,0,1,135.361
2273,0,0,0.000,0.000,-1,1,0,0,151.939
2274,0,0,0.000,0.000,-1,0,0,0,153.051
2275,0,0,0.000,0.000,-1,0,0,1,179.950
2276,0,0,0.000,0.000,-1,0,1,0,123.366
2277,0,0,0.000,0.000,-1,0,0,0,151.661
2278,0,0,0.000,0.000,-1,0,0,1,163.784
2279,0,0,0.000,0.000,-1,1,0,0,142.633
2280,0,0,0.000,0.000,-1,0,0,0,173.004
2281,0,0,0.000,0.000,-1,0,0,1,145.964
2282,0,0,0.000,0.000,-1,0,1,0,134.712
2283,0,0,0.000,0.000,-1,0,0,0,138.328
2284,0,0,0.000,0.000,-1,0,0,1,165.844
2285,0,0,0.000,0.000,-1,1,0,0,176.630
2286,0,0,0.000,0.000,-1,0,0,0,127.292
2287,0,0,0.000,0.000,-1,0,0,1,122.910
2288,0,1,90.484,91.792,-1,0,1,0,175.263
2289,0,0,0.000,0.000,-1,0,0,0,227.242
2290,0,0,0.000,0.000,-1,0,0,1,165.024
2291,0,0,0.000,0.000,-1,1,0,0,117.487
2292,0,0,0.000,0.000,-1,0,0,0,152.736
2293,0,0,0.000,0.000,-1,0,0,1,179.225
2294,0,0,0.000,0.000,-1,0,1,0,207.669
2295,0,0,0.000,0.000,-1,0,0,0,214.053
2296,0,0,0.000,0.000,-1,0,0,1,218.716
2297,0,0,0.000,0.000,-1,1,0,0,157.430
2298,0,0,0.000,0.000,-1,0,0,0,186.987
2299,0,0,0.000,0.000,-1,0,0,1,181.134
2300,0,0,0.000,0.000,-1,0,1,0,239.667
2301,0,0,0.000,0.000,-1,0,0,0,247.083
2302,0,0,0.000,0.000,-1,0,0,1,216.223
2303,0,0,0.000,0.000,-1,1,0,0,168.216
2304,0,1,84.825,86.125,-1,0,0,0,175.592
2305,0,0,0.000,0.000,-1,0,0,1,186.340
2306,0,0,0.000,0.000,-1,0,1,0,180.130
2307,0,0,0.000,0.000,-1,0,0,0,213.169
2308,0,0,0.000,0.000,-1,0,0,1,215.455
2309,0,0,0.000,0.000,-1,1,0,0,213.564
2310,0,0,0.000,0.000,-1,0,0,0,202.569
2311,0,0,0.000,0.000,-1,0,0,1,147.078
2312,0,0,0.000,0.000,-1,0,1,0,210.275
2313,0,0,0.000,0.000,-1,0,0,0,176.396
2314,0,0,0.000,0.000,-1,0,0,1,241.154
2315,0,0,0.000,0.000,-1,1,0,0,191.015
2316,0,0,0.000,0.000,-1,0,0,0,201.248
2317,0,0,0.000,0.000,-1,0,0,1,145.037
2318,0,0,0.000,0.000,-1,0,1,0,181.428
2319,0,0,0.000,0.000,-1,0,0,0,249.843
2320,0,1,84.011,85.485,-1,0,0,1,277.358
2321,0,0,0.000,0.000,-1,1,0,0,213.434
2322,0,0,0.000,0.000,-1,0,0,0,192.060
2323,0,0,0.000,0.000,-1,0,0,1,183.729
2324,0,0,0.000,0.000,-1,0,1,0,162.213
2325,0,0,0.000,0.000,-1,0,0,0,239.479
2326,0,0,0.000,0.000,-1,0,0,1,285.896
2327,0,0,0.000,0.000,-1,1,0,0,200.684
2328,0,0,0.000,0.000,-1,0,0,0,183.392
2329,0,0,0.000,0.000,-1,0,0,1,179.782
2330,0,0,0.000,0.000,-1,0,1,0,219.119
2331,0,0,0.000,0.000,-1,0,0,0,210.418
2332,0,0,0.000,0.000,-1,0,0,1,190.731
2333,0,0,0.000,0.000,-1,1,0,0,254.214
2334,0,0,0.000,0.000,-1,0,0,0,256.178
2335,0,0,0.000,0.000,-1,0,0,1,209.760
2336,0,1,83.974,90.590,-1,0,1,0,175.326
2337,0,0,0.000,0.000,-1,0,0,0,240.523
2338,0,0,0.000,0.000,-1,0,0,1,212.886
2339,0,0,0.000,0.000,-1,1,0,0,198.141
2340,0,0,0.000,0.000,-1,0,0,0,188.232
2341,0,0,0.000,0.000,-1,0,0,1,177.426
2342,0,0,0.000,0.000,-1,0,1,0,509.042
2343,0,0,0.000,0.000,-1,0,0,0,582.338
2344,0,0,0.000,0.000,-1,0,0,1,547.559
2345,0,0,0.000,0.000,-1,1,0,0,527.755
2346,0,0,0.000,0.000,-1,0,0,0,544.700
2347,0,0,0.000,0.000,-1,0,0,1,497.555
2348,0,0,0.000,0.000,-1,0,1,0,415.523
2349,0,0,0.000,0.000,-1,0,0,0,327.256
2350,0,0,0.000,0.000,-1,0,0,1,263.794
2351,0,0,0.000,0.000,-1,1,0,0,161.494
2352,0,1,84.020,85.228,-1,0,0,0,160.065
2353,0,0,0.000,0.000,-1,0,0,1,214.354
2354,0,0,0.000,0.000,-1,0,1,0,199.701
2355,0,0,0.000,0.000,-1,0,0,0,258.816
2356,0,0,0.000,0.000,-1,0,0,1,175.436
2357,0,0,0.000,0.000,-1,1,0,0,149.370
2358,0,0,0.000,0.000,-1,0,0,0,147.747
2359,0,0,0.000,0.000,-1,0,0,1,187.701
2360,0,0,0.000,0.000,-1,0,1,0,197.149
2361,0,0,0.000,0.000,-1,0,0,0,241.843
2362,0,0,0.000,0.000,-1,0,0,1,171.640
2363,0,0,0.000,0.000,-1,1,0,0,193.704
2364,0,0,0.000,0.000,-1,0,0,0,175.137
2365,0,0,0.000,0.000,-1,0,0,1,481.053
2366,0,0,0.000,0.000,-1,0,1,0,468.813
2367,0,0,0.000,0.000,-1,0,0,0,479.611
2368,0,1,87.207,88.682,-1,0,0,1,510.937
2369,0,0,0.000,0.000,-1,1,0,0,309.207
2370,0,0,0.000,0.000,-1,0,0,0,182.099
2371,0,0,0.000,0.000,-1,0,0,1,177.275
2372,0,0,0.000,0.000,-1,0,1,0,211.500
2373,0,0,0.000,0.000,-1,0,0,0,477.719
2374,0,0,0.000,0.000,-1,0,0,1,505.977
2375,0,0,0.000,0.000,-1,1,0,0,503.336
2376,0,0,0.000,0.000,-1,0,0,0,468.639
2377,0,0,0.000,0.000,-1,0,0,1,542.104
2378,0,0,0.000,0.000,-1,0,1,0,522.328
2379,0,0,0.000,0.000,-1,0,0,0,544.156
2380,0,0,0.000,0.000,-1,0,0,1,547.719
2381,0,0,0.000,0.000,-1,1,0,0,425.999
2382,0,0,0.000,0.000,-1,0,0,0,664.571
2383,0,0,0.000,0.000,-1,0,0,1,214.186
2384,0,1,84.076,85.324,-1,0,1,0,194.454
2385,0,0,0.000,0.000,-1,0,0,0,172.817
2386,0,0,0.000,0.000,-1,0,0,1,171.042
2387,0,0,0.000,0.000,-1,1,0,0,514.691
2388,0,0,0.000,0.000,-1,0,0,0,535.325
2389,0,0,0.000,0.000,-1,0,0,1,211.822
2390,0,0,0.000,0.000,-1,0,1,0,156.267
2391,0,0,0.000,0.000,-1,0,0,0,163.393
2392,0,0,0.000,0.000,-1,0,0,1,458.383
2393,0,0,0.000,0.000,-1,1,0,0,537.922
2394,0,0,0.000,0.000,-1,0,0,0,481.737
2395,0,0,0.000,0.000,-1,0,0,1,360.213
2396,0,0,0.000,0.000,-1,0,1,0,445.860
2397,0,0,0.000,0.000,-1,0,0,0,175.453
2398,0,0,0.000,0.000,-1,0,0,1,244.021
2399,0,0,0.000,0.000,-1,1,0,0,175.535
2400,0,1,83.977,85.268,-1,0,0,0,258.278
2401,0,0,0.000,0.000,-1,0,0,1,267.452
2402,0,0,0.000,0.000,-1,0,1,0,214.102
2403,0,0,0.000,0.000,-1,0,0,0,201.209
2404,0,0,0.000,0.000,-1,0,0,1,212.590
2405,0,0,0.000,0.000,-1,1,0,0,212.434
2406,0,0,0.000,0.000,-1,0,0,0,611.084
2407,0,0,0.000,0.000,-1,0,0,1,550.792
2408,0,0,0.000,0.000,-1,0,1,0,499.444
2409,0,0,0.000,0.000,-1,0,0,0,134.352
2410,0,0,0.000,0.000,-1,0,0,1,132.893
2411,0,0,0.000,0.000,-1,1,0,0,168.659
2412,0,0,0.000,0.000,-1,0,0,0,174.337
2413,0,0,0.000,0.000,-1,0,0,1,166.120
2414,0,0,0.000,0.000,-1,0,1,0,163.811
2415,0,0,0.000,0.000,-1,0,0,0,164.179
2416,0,1,93.899,95.222,-1,0,0,1,520.946
2417,0,0,0.000,0.000,-1,1,0,0,475.246
2418,0,0,0.000,0.000,-1,0,0,0,508.260
2419,0,0,0.000,0.000,-1,0,0,1,499.038
2420,0,0,0.000,0.000,-1,0,1,0,129.575
2421,0,0,0.000,0.000,-1,0,0,0,159.786
2422,0,0,0.000,0.000,-1,0,0,1,154.059
2423,0,0,0.000,0.000,-1,1,0,0,152.009
2424,0,0,0.000,0.000,-1,0,0,0,190.485
2425,0,0,0.000,0.000,-1,0,0,1,197.737
2426,0,0,0.000,0.000,-1,0,1,0,140.904
2427,0,0,0.000,0.000,-1,0,0,0,138.176
2428,0,0,0.000,0.000,-1,0,0,1,139.150
2429,0,0,0.000,0.000,-1,1,0,0,139.781
2430,0,0,0.000,0.000,-1,0,0,0,145.917
2431,0,0,0.000,0.000,-1,0,0,1,202.342
2432,0,1,84.814,86.043,-1,0,1,0,162.875
2433,0,0,0.000,0.000,-1,0,0,0,139.700
2434,0,0,0.000,0.000,-1,0,0,1,194.623
2435,0,0,0.000,0.000,-1,1,0,0,186.832
2436,0,0,0.000,0.000,-1,0,0,0,163.625
2437,0,0,0.000,0.000,-1,0,0,1,151.473
2438,0,0,0.000,0.000,-1,0,1,0,222.608
2439,0,0,0.000,0.000,-1,0,0,0,190.520
2440,0,0,0.000,0.000,-1,0,0,1,241.372
2441,0,0,0.000,0.000,-1,1,0,0,181.698
2442,0,0,0.000,0.000,-1,0,0,0,210.507
2443,0,0,0.000,0.000,-1,0,0,1,169.810
2444,0,0,0.000,0.000,-1,0,1,0,259.491
2445,0,0,0.000,0.000,-1,0,0,0,163.710
2446,0,0,0.000,0.000,-1,0,0,1,197.066
2447,0,0,0.000,0.000,-1,1,0,0,150.464
2448,0,1,84.790,93.298,-1,0,0,0,244.025
2449,0,0,0.000,0.000,-1,0,0,1,530.569
2450,0,0,0.000,0.000,-1,0,1,0,565.075
2451,0,0,0.000,0.000,-1,0,0,0,592.629
2452,0,0,0.000,0.000,-1,0,0,1,546.421
2453,0,0,0.000,0.000,-1,1,0,0,243.424
2454,0,0,0.000,0.000,-1,0,0,0,167.740
2455,0,0,0.000,0.000,-1,0,0,1,140.261
2456,0,0,0.000,0.000,-1,0,1,0,212.812
2457,0,0,0.000,0.000,-1,0,0,0,190.655
2458,0,0,0.000,0.000,-1,0,0,1,213.012
2459,0,0,0.000,0.000,-1,1,0,0,160.344
2460,0,0,0.000,0.000,-1,0,0,0,181.974
2461,0,0,0.000,0.000,-1,0,0,1,221.317
2462,0,0,0.000,0.000,-1,0,1,0,211.531
2463,0,0,0.000,0.000,-1,0,0,0,218.576
2464,0,1,83.936,85.153,-1,0,0,1,147.714
2465,0,0,0.000,0.000,-1,1,0,0,155.649
2466,0,0,0.000,0.000,-1,0,0,0,135.586
2467,0,0,0.000,0.000,-1,0,0,1,153.612
2468,0,0,0.000,0.000,-1,0,1,0,237.564
2469,0,0,0.000,0.000,-1,0,0,0,214.454
2470,0,0,0.000,0.000,-1,0,0,1,216.631
2471,0,0,0.000,0.000,-1,1,0,0,210.531
2472,0,0,0.000,0.000,-1,0,0,0,522.719
2473,0,0,0.000,0.000,-1,0,0,1,297.096
2474,0,0,0.000,0.000,-1,0,1,0,184.926
2475,0,0,0.000,0.000,-1,0,0,0,380.272
2476,0,0,0.000,0.000,-1,0,0,1,238.654
2477,0,0,0.000,0.000,-1,1,0,0,190.163
2478,0,0,0.000,0.000,-1,0,0,0,206.830
2479,0,0,0.000,0.000,-1,0,0,1,178.536
2480,0,1,83.924,85.074,-1,0,1,0,212.772
2481,0,0,0.000,0.000,-1,0,0,0,204.082
2482,0,0,0.000,0.000,-1,0,0,1,341.572
2483,0,0,0.000,0.000,-1,1,0,0,519.455
2484,0,0,0.000,0.000,-1,0,0,0,519.676
2485,0,0,0.000,0.000,-1,0,0,1,523.520
2486,0,0,0.000,0.000,-1,0,1,0,562.857
2487,0,0,0.000,0.000,-1,0,0,0,563.763
2488,0,0,0.000,0.000,-1,0,0,1,561.939
2489,0,0,0.000,0.000,-1,1,0,0,255.233
2490,0,0,0.000,0.000,-1,0,0,0,222.583
2491,0,0,0.000,0.000,-1,0,0,1,195.842
2492,0,0,0.000,0.000,-1,0,1,0,172.499
2493,0,0,0.000,0.000,-1,0,0,0,151.081
2494,0,0,0.000,0.000,-1,0,0,1,149.253
2495,0,0,0.000,0.000,-1,1,0,0,205.735
2496,0,1,83.975,85.395,-1,0,0,0,203.734
2497,0,0,0.000,0.000,-1,0,0,1,178.012
2498,0,0,0.000,0.000,-1,0,1,0,207.817
2499,0,0,0.000,0.000,-1,0,0,0,207.154
2500,0,0,0.000,0.000,-1,0,0,1,192.744
2501,0,0,0.000,0.000,-1,1,0,0,164.135
2502,0,0,0.000,0.000,-1,0,0,0,271.665
2503,0,0,0.000,0.000,-1,0,0,1,220.806
2504,0,0,0.000,0.000,-1,0,1,0,180.789
2505,0,0,0.000,0.000,-1,0,0,0,194.299
2506,0,0,0.000,0.000,-1,0,0,1,165.642
2507,0,0,0.000,0.000,-1,1,0,0,177.931
2508,0,0,0.000,0.000,-1,0,0,0,149.734
2509,0,0,0.000,0.000,-1,0,0,1,182.161
2510,0,0,0.000,0.000,-1,0,1,0,187.308
2511,0,0,0.000,0.000,-1,0,0,0,193.996
2512,0,1,83.969,85.319,-1,0,0,1,151.948
2513,0,0,0.000,0.000,-1,1,0,0,133.518
2514,0,0,0.000,0.000,-1,0,0,0,451.007
2515,0,0,0.000,0.000,-1,0,0,1,571.904
2516,0,0,0.000,0.000,-1,0,1,0,543.805
2517,0,0,0.000,0.000,-1,0,0,0,550.001
2518,0,0,0.000,0.000,-1,0,0,1,554.909
2519,0,0,0.000,0.000,-1,1,0,0,513.421
2520,0,0,0.000,0.000,-1,0,0,0,606.056
2521,0,0,0.000,0.000,-1,0,0,1,664.513
2522,0,0,0.000,0.000,-1,0,1,0,530.348
2523,0,0,0.000,0.000,-1,0,0,0,634.836
2524,0,0,0.000,0.000,-1,0,0,1,593.854
2525,0,0,0.000,0.000,-1,1,0,0,558.205
2526,0,0,0.000,0.000,-1,0,0,0,574.931
2527,0,0,0.000,0.000,-1,0,0,1,628.357
2528,0,1,157.372,158.859,-1,0,1,0,549.267
2529,0,0,0.000,0.000,-1,0,0,0,280.273
2530,0,0,0.000,0.000,-1,0,0,1,172.834
2531,0,0,0.000,0.000,-1,1,0,0,187.256
2532,0,0,0.000,0.000,-1,0,0,0,218.269
2533,0,0,0.000,0.000,-1,0,0,1,207.608
2534,0,0,0.000,0.000,-1,0,1,0,233.481
2535,0,0,0.000,0.000,-1,0,0,0,235.219
2536,0,0,0.000,0.000,-1,0,0,1,188.806
2537,0,0,0.000,0.000,-1,1,0,0,205.334
2538,0,0,0.000,0.000,-1,0,0,0,266.549
2539,0,0,0.000,0.000,-1,0,0,1,242.637
2540,0,0,0.000,0.000,-1,0,1,0,186.094
2541,0,0,0.000,0.000,-1,0,0,0,143.976
2542,0,0,0.000,0.000,-1,0,0,1,186.297
2543,0,0,0.000,0.000,-1,1,0,0,167.615
2544,0,1,83.987,85.312,-1,0,0,0,158.919
2545,0,0,0.000,0.000,-1,0,0,1,151.105
2546,0,0,0.000,0.000,-1,0,1,0,157.588
2547,0,0,0.000,0.000,-1,0,0,0,160.934
2548,0,0,0.000,0.000,-1,0,0,1,158.457
2549,0,0,0.000,0.000,-1,1,0,0,143.784
2550,0,0,0.000,0.000,-1,0,0,0,161.638
2551,0,0,0.000,0.000,-1,0,0,1,118.715
2552,0,0,0.000,0.000,-1,0,1,0,121.545
2553,0,0,0.000,0.000,-1,0,0,0,143.402
2554,0,0,0.000,0.000,-1,0,0,1,166.365
2555,0,0,0.000,0.000,-1,1,0,0,255.617
2556,0,0,0.000,0.000,-1,0,0,0,215.642
2557,0,0,0.000,0.000,-1,0,0,1,186.285
2558,0,0,0.000,0.000,-1,0,1,0,166.426
2559,0,0,0.000,0.000,-1,0,0,0,190.259
2560,0,1,84.876,86.112,-1,0,0,1,166.812
2561,0,0,0.000,0.000,-1,1,0,0,152.359
2562,0,0,0.000,0.000,-1,0,0,0,152.218
2563,0,0,0.000,0.000,-1,0,0,1,149.672
2564,0,0,0.000,0.000,-1,0,1,0,151.622
2565,0,0,0.000,0.000,-1,0,0,0,149.546
2566,0,0,0.000,0.000,-1,0,0,1,138.908
2567,0,0,0.000,0.000,-1,1,0,0,162.880
2568,0,0,0.000,0.000,-1,0,0,0,135.480
2569,0,0,0.000,0.000,-1,0,0,1,125.807
2570,0,0,0.000,0.000,-1,0,1,0,181.859
2571,0,0,0.000,0.000,-1,0,0,0,167.150
2572,0,0,0.000,0.000,-1,0,0,1,137.865
2573,0,0,0.000,0.000,-1,1,0,0,280.949
2574,0,0,0.000,0.000,-1,0,0,0,552.997
2575,0,0,0.000,0.000,-1,0,0,1,415.761
2576,0,1,87.396,88.684,-1,0,1,0,590.584
2577,0,0,0.000,0.000,-1,0,0,0,580.702
2578,0,0,0.000,0.000,-1,0,0,1,220.332
2579,0,0,0.000,0.000,-1,1,0,0,103.873
2580,0,0,0.000,0.000,-1,0,0,0,89.385
2581,0,0,0.000,0.000,-1,0,0,1,81.734
2582,0,0,0.000,0.000,-1,0,1,0,88.662
2583,0,0,0.000,0.000,-1,0,0,0,93.497
2584,0,0,0.000,0.000,-1,0,0,1,90.382
2585,0,0,0.000,0.000,-1,1,0,0,122.361
2586,0,0,0.000,0.000,-1,0,0,0,106.689
2587,0,0,0.000,0.000,-1,0,0,1,100.779
2588,0,0,0.000,0.000,-1,0,1,0,83.069
2589,0,0,0.000,0.000,-1,0,0,0,85.951
2590,0,0,0.000,0.000,-1,0,0,1,85.487
2591,0,0,0.000,0.000,-1,1,0,0,86.830
2592,0,1,84.747,85.797,-1,0,0,0,85.118
2593,0,0,0.000,0.000,-1,0,0,1,95.746
2594,0,0,0.000,0.000,-1,0,1,0,97.016
2595,0,0,0.000,0.000,-1,0,0,0,88.979
2596,0,0,0.000,0.000,-1,0,0,1,98.367
2597,0,0,0.000,0.000,-1,1,0,0,94.058
2598,0,0,0.000,0.000,-1,0,0,0,78.284
2599,0,0,0.000,0.000,-1,0,0,1,94.404
2600,0,0,0.000,0.000,-1,0,1,0,87.788
2601,0,0,0.000,0.000,-1,0,0,0,100.545
2602,0,0,0.000,0.000,-1,0,0,1,174.458
2603,0,0,0.000,0.000,-1,1,0,0,165.398
2604,0,0,0.000,0.000,-1,0,0,0,182.855
2605,0,0,0.000,0.000,-1,0,0,1,199.637
2606,0,0,0.000,0.000,-1,0,1,0,221.064
2607,0,0,0.000,0.000,-1,0,0,0,332.610
2608,0,1,85.202,86.568,-1,0,0,1,558.784
2609,0,0,0.000,0.000,-1,1,0,0,478.510
2610,0,0,0.000,0.000,-1,0,0,0,172.921
2611,0,0,0.000,0.000,-1,0,0,1,166.838
2612,0,0,0.000,0.000,-1,0,1,0,233.362
2613,0,0,0.000,0.000,-1,0,0,0,198.391
2614,0,0,0.000,0.000,-1,0,0,1,237.591
2615,0,0,0.000,0.000,-1,1,0,0,218.414
2616,0,0,0.000,0.000,-1,0,0,0,185.651
2617,0,0,0.000,0.000,-1,0,0,1,170.423
2618,0,0,0.000,0.000,-1,0,1,0,171.925
2619,0,0,0.000,0.000,-1,0,0,0,142.600
2620,0,0,0.000,0.000,-1,0,0,1,172.546
2621,0,0,0.000,0.000,-1,1,0,0,192.891
2622,0,0,0.000,0.000,-1,0,0,0,174.494
2623,0,0,0.000,0.000,-1,0,0,1,180.017
2624,0,1,85.881,87.303,-1,0,1,0,210.790
2625,0,0,0.000,0.000,-1,0,0,0,190.451
2626,0,0,0.000,0.000,-1,0,0,1,220.493
2627,0,0,0.000,0.000,-1,1,0,0,210.605
2628,0,0,0.000,0.000,-1,0,0,0,180.769
2629,0,0,0.000,0.000,-1,0,0,1,171.226
2630,0,0,0.000,0.000,-1,0,1,0,178.000
2631,0,0,0.000,0.000,-1,0,0,0,159.208
2632,0,0,0.000,0.000,-1,0,0,1,187.947
2633,0,0,0.000,0.000,-1,1,0,0,160.498
2634,0,0,0.000,0.000,-1,0,0,0,180.321
2635,0,0,0.000,0.000,-1,0,0,1,175.362
2636,0,0,0.000,0.000,-1,0,1,0,183.624
2637,0,0,0.000,0.000,-1,0,0,0,195.291
2638,0,0,0.000,0.000,-1,0,0,1,174.861
2639,0,0,0.000,0.000,-1,1,0,0,169.080
2640,0,1,86.016,87.471,-1,0,0,0,154.356
2641,0,0,0.000,0.000,-1,0,0,1,171.606
2642,0,0,0.000,0.000,-1,0,1,0,129.548
2643,0,0,0.000,0.000,-1,0,0,0,149.350
2644,0,0,0.000,0.000,-1,0,0,1,179.288
2645,0,0,0.000,0.000,-1,1,0,0,250.742
2646,0,0,0.000,0.000,-1,0,0,0,223.665
2647,0,0,0.000,0.000,-1,0,0,1,149.867
2648,0,0,0.000,0.000,-1,0,1,0,184.264
2649,0,0,0.000,0.000,-1,0,0,0,177.890
2650,0,0,0.000,0.000,-1,0,0,1,192.575
2651,0,0,0.000,0.000,-1,1,0,0,207.582
2652,0,0,0.000,0.000,-1,0,0,0,206.102
2653,0,0,0.000,0.000,-1,0,0,1,178.508
2654,0,0,0.000,0.000,-1,0,1,0,220.074
2655,0,0,0.000,0.000,-1,0,0,0,149.454
2656,0,1,86.205,87.658,-1,0,0,1,223.444
2657,0,0,0.000,0.000,-1,1,0,0,177.947
2658,0,0,0.000,0.000,-1,0,0,0,192.208
2659,0,0,0.000,0.000,-1,0,0,1,242.867
2660,0,0,0.000,0.000,-1,0,1,0,188.890
2661,0,0,0.000,0.000,-1,0,0,0,148.181
2662,0,0,0.000,0.000,-1,0,0,1,137.333
2663,0,0,0.000,0.000,-1,1,0,0,225.294
2664,0,0,0.000,0.000,-1,0,0,0,209.105
2665,0,0,0.000,0.000,-1,0,0,1,258.543
2666,0,0,0.000,0.000,-1,0,1,0,186.367
2667,0,0,0.000,0.000,-1,0,0,0,169.064
2668,0,0,0.000,0.000,-1,0,0,1,185.043
2669,0,0,0.000,0.000,-1,1,0,0,130.502
2670,0,0,0.000,0.000,-1,0,0,0,128.423
2671,0,0,0.000,0.000,-1,0,0,1,144.841
2672,0,1,88.627,90.072,-1,0,1,0,208.340
2673,0,0,0.000,0.000,-1,0,0,0,169.463
2674,0,0,0.000,0.000,-1,0,0,1,224.892
2675,0,0,0.000,0.000,-1,1,0,0,207.873
2676,0,0,0.000,0.000,-1,0,0,0,185.663
2677,0,0,0.000,0.000,-1,0,0,1,168.304
2678,0,0,0.000,0.000,-1,0,1,0,175.548
2679,0,0,0.000,0.000,-1,0,0,0,174.250
2680,0,0,0.000,0.000,-1,0,0,1,163.405
2681,0,0,0.000,0.000,-1,1,0,0,178.794
2682,0,0,0.000,0.000,-1,0,0,0,198.192
2683,0,0,0.000,0.000,-1,0,0,1,554.878
2684,0,0,0.000,0.000,-1,0,1,0,501.784
2685,0,0,0.000,0.000,-1,0,0,0,579.135
2686,0,0,0.000,0.000,-1,0,0,1,604.500
2687,0,0,0.000,0.000,-1,1,0,0,546.307
2688,0,1,171.145,172.744,-1,0,0,0,498.995
2689,0,0,0.000,0.000,-1,0,0,1,165.498
2690,0,0,0.000,0.000,-1,0,1,0,225.555
2691,0,0,0.000,0.000,-1,0,0,0,491.186
2692,0,0,0.000,0.000,-1,0,0,1,532.578
2693,0,0,0.000,0.000,-1,1,0,0,490.944
2694,0,0,0.000,0.000,-1,0,0,0,518.339
2695,0,0,0.000,0.000,-1,0,0,1,493.228
2696,0,0,0.000,0.000,-1,0,1,0,162.020
2697,0,0,0.000,0.000,-1,0,0,0,138.777
2698,0,0,0.000,0.000,-1,0,0,1,240.285
2699,0,0,0.000,0.000,-1,1,0,0,208.962
2700,0,0,0.000,0.000,-1,0,0,0,179.468
2701,0,0,0.000,0.000,-1,0,0,1,238.012
2702,0,0,0.000,0.000,-1,0,1,0,191.898
2703,0,0,0.000,0.000,-1,0,0,0,127.623
2704,0,1,89.261,90.706,-1,0,0,1,133.522
2705,0,0,0.000,0.000,-1,1,0,0,142.060
2706,0,0,0.000,0.000,-1,0,0,0,141.477
2707,0,0,0.000,0.000,-1,0,0,1,147.568
2708,0,0,0.000,0.000,-1,0,1,0,185.486
2709,0,0,0.000,0.000,-1,0,0,0,159.947
2710,0,0,0.000,0.000,-1,0,0,1,168.315
2711,0,0,0.000,0.000,-1,1,0,0,177.510
2712,0,0,0.000,0.000,-1,0,0,0,161.135
2713,0,0,0.000,0.000,-1,0,0,1,174.853
2714,0,0,0.000,0.000,-1,0,1,0,240.904
2715,0,0,0.000,0.000,-1,0,0,0,175.169
2716,0,0,0.000,0.000,-1,0,0,1,177.235
2717,0,0,0.000,0.000,-1,1,0,0,490.074
2718,0,0,0.000,0.000,-1,0,0,0,583.859
2719,0,0,0.000,0.000,-1,0,0,1,480.306
2720,0,1,83.891,85.186,-1,0,1,0,498.943
2721,0,0,0.000,0.000,-1,0,0,0,502.284
2722,0,0,0.000,0.000,-1,0,0,1,139.127
2723,0,0,0.000,0.000,-1,1,0,0,139.687
2724,0,0,0.000,0.000,-1,0,0,0,246.865
2725,0,0,0.000,0.000,-1,0,0,1,159.388
2726,0,0,0.000,0.000,-1,0,1,0,136.845
2727,0,0,0.000,0.000,-1,0,0,0,148.927
2728,0,0,0.000,0.000,-1,0,0,1,132.834
2729,0,0,0.000,0.000,-1,1,0,0,228.456
2730,0,0,0.000,0.000,-1,0,0,0,206.993
2731,0,0,0.000,0.000,-1,0,0,1,184.704
2732,0,0,0.000,0.000,-1,0,1,0,175.643
2733,0,0,0.000,0.000,-1,0,0,0,198.050
2734,0,0,0.000,0.000,-1,0,0,1,173.791
2735,0,0,0.000,0.000,-1,1,0,0,220.035
2736,0,1,84.222,85.685,-1,0,0,0,178.869
2737,0,0,0.000,0.000,-1,0,0,1,200.596
2738,0,0,0.000,0.000,-1,0,1,0,192.282
2739,0,0,0.000,0.000,-1,0,0,0,145.086
2740,0,0,0.000,0.000,-1,0,0,1,203.210
2741,0,0,0.000,0.000,-1,1,0,0,178.900
2742,0,0,0.000,0.000,-1,0,0,0,187.465
2743,0,0,0.000,0.000,-1,0,0,1,211.533
2744,0,0,0.000,0.000,-1,0,1,0,539.355
2745,0,0,0.000,0.000,-1,0,0,0,568.176
2746,0,0,0.000,0.000,-1,0,0,1,496.831
2747,0,0,0.000,0.000,-1,1,0,0,505.510
2748,0,0,0.000,0.000,-1,0,0,0,500.911
2749,0,0,0.000,0.000,-1,0,0,1,516.663
2750,0,0,0.000,0.000,-1,0,1,0,360.729
2751,0,0,0.000,0.000,-1,0,0,0,146.963
2752,0,1,85.371,86.570,-1,0,0,1,172.863
2753,0,0,0.000,0.000,-1,1,0,0,158.720
2754,0,0,0.000,0.000,-1,0,0,0,166.197
2755,0,0,0.000,0.000,-1,0,0,1,187.125
2756,0,0,0.000,0.000,-1,0,1,0,201.112
2757,0,0,0.000,0.000,-1,0,0,0,188.043
2758,0,0,0.000,0.000,-1,0,0,1,178.332
2759,0,0,0.000,0.000,-1,1,0,0,208.049
2760,0,0,0.000,0.000,-1,0,0,0,191.227
2761,0,0,0.000,0.000,-1,0,0,1,208.325
2762,0,0,0.000,0.000,-1,0,1,0,221.733
2763,0,0,0.000,0.000,-1,0,0,0,196.198
2764,0,0,0.000,0.000,-1,0,0,1,203.294
2765,0,0,0.000,0.000,-1,1,0,0,193.510
2766,0,0,0.000,0.000,-1,0,0,0,205.010
2767,0,0,0.000,0.000,-1,0,0,1,164.255
2768,0,1,87.765,89.168,-1,0,1,0,257.757
2769,0,0,0.000,0.000,-1,0,0,0,597.895
2770,0,0,0.000,0.000,-1,0,0,1,545.126
2771,0,0,0.000,0.000,-1,1,0,0,527.614
2772,0,0,0.000,0.000,-1,0,0,0,544.656
2773,0,0,0.000,0.000,-1,0,0,1,470.275
2774,0,0,0.000,0.000,-1,0,1,0,167.537
2775,0,0,0.000,0.000,-1,0,0,0,163.500
2776,0,0,0.000,0.000,-1,0,0,1,180.598
2777,0,0,0.000,0.000,-1,1,0,0,139.715
2778,0,0,0.000,0.000,-1,0,0,0,117.620
2779,0,0,0.000,0.000,-1,0,0,1,167.677
2780,0,0,0.000,0.000,-1,0,1,0,162.466
2781,0,0,0.000,0.000,-1,0,0,0,156.457
2782,0,0,0.000,0.000,-1,0,0,1,147.669
2783,0,0,0.000,0.000,-1,1,0,0,163.044
2784,0,1,84.009,85.193,-1,0,0,0,170.261
2785,0,0,0.000,0.000,-1,0,0,1,209.128
2786,0,0,0.000,0.000,-1,0,1,0,161.851
2787,0,0,0.000,0.000,-1,0,0,0,171.435
2788,0,0,0.000,0.000,-1,0,0,1,189.031
2789,0,0,0.000,0.000,-1,1,0,0,176.138
2790,0,0,0.000,0.000,-1,0,0,0,180.902
2791,0,0,0.000,0.000,-1,0,0,1,208.163
2792,0,0,0.000,0.000,-1,0,1,0,201.138
2793,0,0,0.000,0.000,-1,0,0,0,184.470
2794,0,0,0.000,0.000,-1,0,0,1,169.723
2795,0,0,0.000,0.000,-1,1,0,0,138.248
2796,0,0,0.000,0.000,-1,0,0,0,149.129
2797,0,0,0.000,0.000,-1,0,0,1,173.444
2798,0,0,0.000,0.000,-1,0,1,0,181.200
2799,0,0,0.000,0.000,-1,0,0,0,176.778
2800,0,1,84.903,89.898,-1,0,0,1,171.372
2801,0,0,0.000,0.000,-1,1,0,0,145.248
2802,0,0,0.000,0.000,-1,0,0,0,212.654
2803,0,0,0.000,0.000,-1,0,0,1,220.600
2804,0,0,0.000,0.000,-1,0,1,0,221.946
2805,0,0,0.000,0.000,-1,0,0,0,144.036
2806,0,0,0.000,0.000,-1,0,0,1,175.474
2807,0,0,0.000,0.000,-1,1,0,0,185.647
2808,0,0,0.000,0.000,-1,0,0,0,201.446
2809,0,0,0.000,0.000,-1,0,0,1,189.752
2810,0,0,0.000,0.000,-1,0,1,0,208.637
2811,0,0,0.000,0.000,-1,0,0,0,220.338
2812,0,0,0.000,0.000,-1,0,0,1,238.587
2813,0,0,0.000,0.000,-1,1,0,0,230.042
2814,0,0,0.000,0.000,-1,0,0,0,155.112
2815,0,0,0.000,0.000,-1,0,0,1,175.038
2816,0,1,89.860,91.598,-1,0,1,0,210.368
2817,0,0,0.000,0.000,-1,0,0,0,212.852
2818,0,0,0.000,0.000,-1,0,0,1,178.590
2819,0,0,0.000,0.000,-1,1,0,0,157.213
2820,0,0,0.000,0.000,-1,0,0,0,190.655
2821,0,0,0.000,0.000,-1,0,0,1,259.615
2822,0,0,0.000,0.000,-1,0,1,0,187.606
2823,0,0,0.000,0.000,-1,0,0,0,239.533
2824,0,0,0.000,0.000,-1,0,0,1,206.699
2825,0,0,0.000,0.000,-1,1,0,0,513.878
2826,0,0,0.000,0.000,-1,0,0,0,661.136
2827,0,0,0.000,0.000,-1,0,0,1,578.854
2828,0,0,0.000,0.000,-1,0,1,0,597.615
2829,0,0,0.000,0.000,-1,0,0,0,545.628
2830,0,0,0.000,0.000,-1,0,0,1,421.907
2831,0,0,0.000,0.000,-1,1,0,0,223.321
2832,0,1,99.975,101.393,-1,0,0,0,227.671
2833,0,0,0.000,0.000,-1,0,0,1,169.824
2834,0,0,0.000,0.000,-1,0,1,0,180.690
2835,0,0,0.000,0.000,-1,0,0,0,140.195
2836,0,0,0.000,0.000,-1,0,0,1,149.510
2837,0,0,0.000,0.000,-1,1,0,0,158.883
2838,0,0,0.000,0.000,-1,0,0,0,175.680
2839,0,0,0.000,0.000,-1,0,0,1,202.010
2840,0,0,0.000,0.000,-1,0,1,0,122.717
2841,0,0,0.000,0.000,-1,0,0,0,144.859
2842,0,0,0.000,0.000,-1,0,0,1,468.483
2843,0,0,0.000,0.000,-1,1,0,0,138.877
2844,0,0,0.000,0.000,-1,0,0,0,529.158
2845,0,0,0.000,0.000,-1,0,0,1,648.825
2846,0,0,0.000,0.000,-1,0,1,0,569.967
2847,0,0,0.000,0.000,-1,0,0,0,462.724
2848,0,1,83.982,85.327,-1,0,0,1,442.305
2849,0,0,0.000,0.000,-1,1,0,0,204.624
2850,0,0,0.000,0.000,-1,0,0,0,226.737
2851,0,0,0.000,0.000,-1,0,0,1,576.387
2852,0,0,0.000,0.000,-1,0,1,0,562.416
2853,0,0,0.000,0.000,-1,0,0,0,521.786
2854,0,0,0.000,0.000,-1,0,0,1,586.492
2855,0,0,0.000,0.000,-1,1,0,0,537.567
2856,0,0,0.000,0.000,-1,0,0,0,261.898
2857,0,0,0.000,0.000,-1,0,0,1,170.422
2858,0,0,0.000,0.000,-1,0,1,0,167.782
2859,0,0,0.000,0.000,-1,0,0,0,127.838
2860,0,0,0.000,0.000,-1,0,0,1,240.738
2861,0,0,0.000,0.000,-1,1,0,0,225.165
2862,0,0,0.000,0.000,-1,0,0,0,198.844
2863,0,0,0.000,0.000,-1,0,0,1,167.079
2864,0,1,84.131,85.526,-1,0,1,0,140.601
2865,0,0,0.000,0.000,-1,0,0,0,408.453
2866,0,0,0.000,0.000,-1,0,0,1,550.232
2867,0,0,0.000,0.000,-1,1,0,0,198.872
2868,0,0,0.000,0.000,-1,0,0,0,254.886
2869,0,0,0.000,0.000,-1,0,0,1,335.563
2870,0,0,0.000,0.000,-1,0,1,0,591.043
2871,0,0,0.000,0.000,-1,0,0,0,562.149
2872,0,0,0.000,0.000,-1,0,0,1,655.139
2873,0,0,0.000,0.000,-1,1,0,0,512.584
2874,0,0,0.000,0.000,-1,0,0,0,547.125
2875,0,0,0.000,0.000,-1,0,0,1,519.840
2876,0,0,0.000,0.000,-1,0,1,0,485.627
2877,0,0,0.000,0.000,-1,0,0,0,1119.052
2878,0,0,0.000,0.000,-1,0,0,1,221.690
2879,0,0,0.000,0.000,-1,1,0,0,206.877
2880,0,1,77.971,79.211,-1,0,0,0,515.039
2881,0,0,0.000,0.000,-1,0,0,1,304.618
2882,0,0,0.000,0.000,-1,0,1,0,176.654
2883,0,0,0.000,0.000,-1,0,0,0,185.527
2884,0,0,0.000,0.000,-1,0,0,1,198.196
2885,0,0,0.000,0.000,-1,1,0,0,175.570
2886,0,0,0.000,0.000,-1,0,0,0,189.801
2887,0,0,0.000,0.000,-1,0,0,1,513.194
2888,0,0,0.000,0.000,-1,0,1,0,452.331
2889,0,0,0.000,0.000,-1,0,0,0,480.662
2890,0,0,0.000,0.000,-1,0,0,1,446.409
2891,0,0,0.000,0.000,-1,1,0,0,457.752
2892,0,0,0.000,0.000,-1,0,0,0,431.010
2893,0,0,0.000,0.000,-1,0,0,1,178.124
2894,0,0,0.000,0.000,-1,0,1,0,133.042
2895,0,0,0.000,0.000,-1,0,0,0,145.065
2896,0,1,83.938,85.241,-1,0,0,1,143.461
2897,0,0,0.000,0.000,-1,1,0,0,151.247
2898,0,0,0.000,0.000,-1,0,0,0,192.063
2899,0,0,0.000,0.000,-1,0,0,1,150.232
2900,0,0,0.000,0.000,-1,0,1,0,189.923
2901,0,0,0.000,0.000,-1,0,0,0,211.050
2902,0,0,0.000,0.000,-1,0,0,1,258.071
2903,0,0,0.000,0.000,-1,1,0,0,204.012
2904,0,0,0.000,0.000,-1,0,0,0,231.136
2905,0,0,0.000,0.000,-1,0,0,1,254.556
2906,0,0,0.000,0.000,-1,0,1,0,255.374
2907,0,0,0.000,0.000,-1,0,0,0,249.871
2908,0,0,0.000,0.000,-1,0,0,1,191.032
2909,0,0,0.000,0.000,-1,1,0,0,179.582
2910,0,0,0.000,0.000,-1,0,0,0,197.937
2911,0,0,0.000,0.000,-1,0,0,1,198.419
2912,0,1,86.356,87.830,-1,0,1,0,246.691
2913,0,0,0.000,0.000,-1,0,0,0,197.818
2914,0,0,0.000,0.000,-1,0,0,1,185.193
2915,0,0,0.000,0.000,-1,1,0,0,199.233
2916,0,0,0.000,0.000,-1,0,0,0,231.410
2917,0,0,0.000,0.000,-1,0,0,1,151.994
2918,0,0,0.000,0.000,-1,0,1,0,196.780
2919,0,0,0.000,0.000,-1,0,0,0,225.839
2920,0,0,0.000,0.000,-1,0,0,1,168.858
2921,0,0,0.000,0.000,-1,1,0,0,166.734
2922,0,0,0.000,0.000,-1,0,0,0,161.395
2923,0,0,0.000,0.000,-1,0,0,1,174.916
2924,0,0,0.000,0.000,-1,0,1,0,191.496
2925,0,0,0.000,0.000,-1,0,0,0,187.002
2926,0,0,0.000,0.000,-1,0,0,1,259.289
2927,0,0,0.000,0.000,-1,1,0,0,187.206
2928,0,1,84.026,85.227,-1,0,0,0,154.302
2929,0,0,0.000,0.000,-1,0,0,1,173.068
2930,0,0,0.000,0.000,-1,0,1,0,215.112
2931,0,0,0.000,0.000,-1,0,0,0,167.180
2932,0,0,0.000,0.000,-1,0,0,1,174.666
2933,0,0,0.000,0.000,-1,1,0,0,197.744
2934,0,0,0.000,0.000,-1,0,0,0,169.499
2935,0,0,0.000,0.000,-1,0,0,1,154.015
2936,0,0,0.000,0.000,-1,0,1,0,158.475
2937,0,0,0.000,0.000,-1,0,0,0,135.356
2938,0,0,0.000,0.000,-1,0,0,1,254.755
2939,0,0,0.000,0.000,-1,1,0,0,225.177
2940,0,0,0.000,0.000,-1,0,0,0,203.622
2941,0,0,0.000,0.000,-1,0,0,1,207.659
2942,0,0,0.000,0.000,-1,0,1,0,157.562
2943,0,0,0.000,0.000,-1,0,0,0,104.726
2944,0,1,84.022,85.845,-1,0,0,1,153.066
2945,0,0,0.000,0.000,-1,1,0,0,166.826
2946,0,0,0.000,0.000,-1,0,0,0,148.640
2947,0,0,0.000,0.000,-1,0,0,1,152.557
2948,0,0,0.000,0.000,-1,0,1,0,226.646
2949,0,0,0.000,0.000,-1,0,0,0,192.324
2950,0,0,0.000,0.000,-1,0,0,1,195.723
2951,0,0,0.000,0.000,-1,1,0,0,239.793
2952,0,0,0.000,0.000,-1,0,0,0,244.689
2953,0,0,0.000,0.000,-1,0,0,1,239.236
2954,0,0,0.000,0.000,-1,0,1,0,223.992
2955,0,0,0.000,0.000,-1,0,0,0,159.102
2956,0,0,0.000,0.000,-1,0,0,1,193.864
2957,0,0,0.000,0.000,-1,1,0,0,212.513
2958,0,0,0.000,0.000,-1,0,0,0,169.973
2959,0,0,0.000,0.000,-1,0,0,1,168.339
2960,0,1,84.005,85.480,-1,0,1,0,190.308
2961,0,0,0.000,0.000,-1,0,0,0,133.336
2962,0,0,0.000,0.000,-1,0,0,1,199.806
2963,0,0,0.000,0.000,-1,1,0,0,208.738
2964,0,0,0.000,0.000,-1,0,0,0,207.110
2965,0,0,0.000,0.000,-1,0,0,1,494.531
2966,0,0,0.000,0.000,-1,0,1,0,422.997
2967,0,0,0.000,0.000,-1,0,0,0,577.308
2968,0,0,0.000,0.000,-1,0,0,1,398.079
2969,0,0,0.000,0.000,-1,1,0,0,190.040
2970,0,0,0.000,0.000,-1,0,0,0,127.123
2971,0,0,0.000,0.000,-1,0,0,1,190.857
2972,0,0,0.000,0.000,-1,0,1,0,162.918
2973,0,0,0.000,0.000,-1,0,0,0,218.444
2974,0,0,0.000,0.000,-1,0,0,1,242.425
2975,0,0,0.000,0.000,-1,1,0,0,220.293
2976,0,1,84.935,86.375,-1,0,0,0,210.551
2977,0,0,0.000,0.000,-1,0,0,1,200.103
2978,0,0,0.000,0.000,-1,0,1,0,183.191
2979,0,0,0.000,0.000,-1,0,0,0,544.374
2980,0,0,0.000,0.000,-1,0,0,1,244.026
2981,0,0,0.000,0.000,-1,1,0,0,190.209
2982,0,0,0.000,0.000,-1,0,0,0,174.268
2983,0,0,0.000,0.000,-1,0,0,1,149.673
2984,0,0,0.000,0.000,-1,0,1,0,189.917
2985,0,0,0.000,0.000,-1,0,0,0,185.978
2986,0,0,0.000,0.000,-1,0,0,1,225.409
2987,0,0,0.000,0.000,-1,1,0,0,237.725
2988,0,0,0.000,0.000,-1,0,0,0,545.652
2989,0,0,0.000,0.000,-1,0,0,1,483.273
2990,0,0,0.000,0.000,-1,0,1,0,348.761
2991,0,0,0.000,0.000,-1,0,0,0,176.214
2992,0,1,85.837,87.242,-1,0,0,1,190.006
2993,0,0,0.000,0.000,-1,1,0,0,148.199
2994,0,0,0.000,0.000,-1,0,0,0,140.067
2995,0,0,0.000,0.000,-1,0,0,1,139.201
2996,0,0,0.000,0.000,-1,0,1,0,155.736
2997,0,0,0.000,0.000,-1,0,0,0,130.679
2998,0,0,0.000,0.000,-1,0,0,1,163.807
2999,0,0,0.000,0.000,-1,1,0,0,161.037
3000,0,0,0.000,0.000,-1,0,0,0,155.363
3001,0,0,0.000,0.000,-1,0,0,1,150.128
3002,0,0,0.000,0.000,-1,0,1,0,163.894
3003,0,0,0.000,0.000,-1,0,0,0,187.734
3004,0,0,0.000,0.000,-1,0,0,1,195.830
3005,0,0,0.000,0.000,-1,1,0,0,181.968
3006,0,0,0.000,0.000,-1,0,0,0,146.483
3007,0,0,0.000,0.000,-1,0,0,1,196.647
3008,0,1,84.425,85.701,-1,0,1,0,220.691
3009,0,0,0.000,0.000,-1,0,0,0,201.041
3010,0,0,0.000,0.000,-1,0,0,1,191.184
3011,0,0,0.000,0.000,-1,1,0,0,203.964
3012,0,0,0.000,0.000,-1,0,0,0,225.159
3013,0,0,0.000,0.000,-1,0,0,1,222.566
3014,0,0,0.000,0.000,-1,0,1,0,186.207
3015,0,0,0.000,0.000,-1,0,0,0,187.956
3016,0,0,0.000,0.000,-1,0,0,1,325.327
3017,0,0,0.000,0.000,-1,1,0,0,572.219
3018,0,0,0.000,0.000,-1,0,0,0,186.284
3019,0,0,0.000,0.000,-1,0,0,1,264.186
3020,0,0,0.000,0.000,-1,0,1,0,265.893
3021,0,0,0.000,0.000,-1,0,0,0,522.593
3022,0,0,0.000,0.000,-1,0,0,1,528.217
3023,0,0,0.000,0.000,-1,1,0,0,569.359
3024,0,1,88.112,89.322,-1,0,0,0,295.669
3025,0,0,0.000,0.000,-1,0,0,1,178.971
3026,0,0,0.000,0.000,-1,0,1,0,220.671
3027,0,0,0.000,0.000,-1,0,0,0,210.424
3028,0,0,0.000,0.000,-1,0,0,1,210.308
3029,0,0,0.000,0.000,-1,1,0,0,236.670
3030,0,0,0.000,0.000,-1,0,0,0,244.519
3031,0,0,0.000,0.000,-1,0,0,1,199.644
3032,0,0,0.000,0.000,-1,0,1,0,209.553
3033,0,0,0.000,0.000,-1,0,0,0,181.911
3034,0,0,0.000,0.000,-1,0,0,1,228.652
3035,0,0,0.000,0.000,-1,1,0,0,512.827
3036,0,0,0.000,0.000,-1,0,0,0,537.712
3037,0,0,0.000,0.000,-1,0,0,1,656.744
3038,0,0,0.000,0.000,-1,0,1,0,520.121
3039,0,0,0.000,0.000,-1,0,0,0,255.531
3040,0,1,85.427,87.418,-1,0,0,1,208.462
3041,0,0,0.000,0.000,-1,1,0,0,272.961
3042,0,0,0.000,0.000,-1,0,0,0,578.873
3043,0,0,0.000,0.000,-1,0,0,1,400.734
3044,0,0,0.000,0.000,-1,0,1,0,178.513
3045,0,0,0.000,0.000,-1,0,0,0,142.737
3046,0,0,0.000,0.000,-1,0,0,1,194.630
3047,0,0,0.000,0.000,-1,1,0,0,158.607
3048,0,0,0.000,0.000,-1,0,0,0,212.433
3049,0,0,0.000,0.000,-1,0,0,1,178.863
3050,0,0,0.000,0.000,-1,0,1,0,163.917
3051,0,0,0.000,0.000,-1,0,0,0,188.497
3052,0,0,0.000,0.000,-1,0,0,1,159.415
3053,0,0,0.000,0.000,-1,1,0,0,154.024
3054,0,0,0.000,0.000,-1,0,0,0,189.251
3055,0,0,0.000,0.000,-1,0,0,1,144.904
3056,0,1,84.998,86.283,-1,0,1,0,138.237
3057,0,0,0.000,0.000,-1,0,0,0,127.566
3058,0,0,0.000,0.000,-1,0,0,1,157.685
3059,0,0,0.000,0.000,-1,1,0,0,161.916
3060,0,0,0.000,0.000,-1,0,0,0,142.992
3061,0,0,0.000,0.000,-1,0,0,1,142.672
3062,0,0,0.000,0.000,-1,0,1,0,133.717
3063,0,0,0.000,0.000,-1,0,0,0,138.473
3064,0,0,0.000,0.000,-1,0,0,1,115.702
3065,0,0,0.000,0.000,-1,1,0,0,239.191
3066,0,0,0.000,0.000,-1,0,0,0,190.854
3067,0,0,0.000,0.000,-1,0,0,1,199.201
3068,0,0,0.000,0.000,-1,0,1,0,242.814
3069,0,0,0.000,0.000,-1,0,0,0,204.750
3070,0,0,0.000,0.000,-1,0,0,1,241.682
3071,0,0,0.000,0.000,-1,1,0,0,224.027
3072,0,1,90.839,92.011,-1,0,0,0,269.666
3073,0,0,0.000,0.000,-1,0,0,1,211.055
3074,0,0,0.000,0.000,-1,0,1,0,264.648
3075,0,0,0.000,0.000,-1,0,0,0,243.875
3076,0,0,0.000,0.000,-1,0,0,1,231.555
3077,0,0,0.000,0.000,-1,1,0,0,236.365
3078,0,0,0.000,0.000,-1,0,0,0,254.959
3079,0,0,0.000,0.000,-1,0,0,1,176.039
3080,0,0,0.000,0.000,-1,0,1,0,189.799
3081,0,0,0.000,0.000,-1,0,0,0,271.026
3082,0,0,0.000,0.000,-1,0,0,1,148.037
3083,0,0,0.000,0.000,-1,1,0,0,192.456
3084,0,0,0.000,0.000,-1,0,0,0,165.376
3085,0,0,0.000,0.000,-1,0,0,1,166.747
3086,0,0,0.000,0.000,-1,0,1,0,204.280
3087,0,0,0.000,0.000,-1,0,0,0,219.578
3088,0,1,84.068,85.408,-1,0,0,1,210.629
3089,0,0,0.000,0.000,-1,1,0,0,187.902
3090,0,0,0.000,0.000,-1,0,0,0,237.348
3091,0,0,0.000,0.000,-1,0,0,1,158.900
3092,0,0,0.000,0.000,-1,0,1,0,208.706
3093,0,0,0.000,0.000,-1,0,0,0,162.290
3094,0,0,0.000,0.000,-1,0,0,1,209.684
3095,0,0,0.000,0.000,-1,1,0,0,138.738
3096,0,0,0.000,0.000,-1,0,0,0,226.528
3097,0,0,0.000,0.000,-1,0,0,1,510.769
3098,0,0,0.000,0.000,-1,0,1,0,578.248
3099,0,0,0.000,0.000,-1,0,0,0,561.066
3100,0,0,0.000,0.000,-1,0,0,1,594.075
3101,0,0,0.000,0.000,-1,1,0,0,516.648
3102,0,0,0.000,0.000,-1,0,0,0,557.771
3103,0,0,0.000,0.000,-1,0,0,1,563.356
3104,0,1,84.102,85.222,-1,0,1,0,202.593
3105,0,0,0.000,0.000,-1,0,0,0,185.460
3106,0,0,0.000,0.000,-1,0,0,1,187.217
3107,0,0,0.000,0.000,-1,1,0,0,195.757
3108,0,0,0.000,0.000,-1,0,0,0,153.027
3109,0,0,0.000,0.000,-1,0,0,1,166.811
3110,0,0,0.000,0.000,-1,0,1,0,149.366
3111,0,0,0.000,0.000,-1,0,0,0,133.566
3112,0,0,0.000,0.000,-1,0,0,1,136.569
3113,0,0,0.000,0.000,-1,1,0,0,127.806
3114,0,0,0.000,0.000,-1,0,0,0,190.837
3115,0,0,0.000,0.000,-1,0,0,1,196.999
3116,0,0,0.000,0.000,-1,0,1,0,493.954
3117,0,0,0.000,0.000,-1,0,0,0,502.425
3118,0,0,0.000,0.000,-1,0,0,1,531.231
3119,0,0,0.000,0.000,-1,1,0,0,505.334
3120,0,1,84.729,85.983,-1,0,0,0,477.315
3121,0,0,0.000,0.000,-1,0,0,1,449.012
3122,0,0,0.000,0.000,-1,0,1,0,508.669
3123,0,0,0.000,0.000,-1,0,0,0,570.561
3124,0,0,0.000,0.000,-1,0,0,1,494.539
3125,0,0,0.000,0.000,-1,1,0,0,208.966
3126,0,0,0.000,0.000,-1,0,0,0,205.807
3127,0,0,0.000,0.000,-1,0,0,1,193.665
3128,0,0,0.000,0.000,-1,0,1,0,206.969
3129,0,0,0.000,0.000,-1,0,0,0,214.071
3130,0,0,0.000,0.000,-1,0,0,1,209.245
3131,0,0,0.000,0.000,-1,1,0,0,215.028
3132,0,0,0.000,0.000,-1,0,0,0,457.445
3133,0,0,0.000,0.000,-1,0,0,1,481.610
3134,0,0,0.000,0.000,-1,0,1,0,404.252
3135,0,0,0.000,0.000,-1,0,0,0,281.548
3136,0,1,77.340,78.595,-1,0,0,1,609.946
3137,0,0,0.000,0.000,-1,1,0,0,540.645
3138,0,0,0.000,0.000,-1,0,0,0,202.497
3139,0,0,0.000,0.000,-1,0,0,1,166.622
3140,0,0,0.000,0.000,-1,0,1,0,176.402
3141,0,0,0.000,0.000,-1,0,0,0,186.267
3142,0,0,0.000,0.000,-1,0,0,1,190.788
3143,0,0,0.000,0.000,-1,1,0,0,178.811
3144,0,0,0.000,0.000,-1,0,0,0,186.586
3145,0,0,0.000,0.000,-1,0,0,1,218.082
3146,0,0,0.000,0.000,-1,0,1,0,227.991
3147,0,0,0.000,0.000,-1,0,0,0,197.563
3148,0,0,0.000,0.000,-1,0,0,1,224.987
3149,0,0,0.000,0.000,-1,1,0,0,183.406
3150,0,0,0.000,0.000,-1,0,0,0,276.292
3151,0,0,0.000,0.000,-1,0,0,1,210.944
3152,0,1,83.947,85.221,-1,0,1,0,238.620
3153,0,0,0.000,0.000,-1,0,0,0,526.289
3154,0,0,0.000,0.000,-1,0,0,1,301.582
3155,0,0,0.000,0.000,-1,1,0,0,554.850
3156,0,0,0.000,0.000,-1,0,0,0,543.612
3157,0,0,0.000,0.000,-1,0,0,1,553.307
3158,0,0,0.000,0.000,-1,0,1,0,231.909
3159,0,0,0.000,0.000,-1,0,0,0,174.640
3160,0,0,0.000,0.000,-1,0,0,1,212.431
3161,0,0,0.000,0.000,-1,1,0,0,191.472
3162,0,0,0.000,0.000,-1,0,0,0,180.275
3163,0,0,0.000,0.000,-1,0,0,1,233.410
3164,0,0,0.000,0.000,-1,0,1,0,263.182
3165,0,0,0.000,0.000,-1,0,0,0,235.579
3166,0,0,0.000,0.000,-1,0,0,1,188.656
3167,0,0,0.000,0.000,-1,1,0,0,215.571
3168,0,1,84.630,91.582,-1,0,0,0,266.896
3169,0,0,0.000,0.000,-1,0,0,1,209.555
3170,0,0,0.000,0.000,-1,0,1,0,202.836
3171,0,0,0.000,0.000,-1,0,0,0,192.824
3172,0,0,0.000,0.000,-1,0,0,1,172.253
3173,0,0,0.000,0.000,-1,1,0,0,133.546
3174,0,0,0.000,0.000,-1,0,0,0,136.330
3175,0,0,0.000,0.000,-1,0,0,1,132.346
3176,0,0,0.000,0.000,-1,0,1,0,161.161
3177,0,0,0.000,0.000,-1,0,0,0,194.373
3178,0,0,0.000,0.000,-1,0,0,1,177.169
3179,0,0,0.000,0.000,-1,1,0,0,173.388
3180,0,0,0.000,0.000,-1,0,0,0,132.769
3181,0,0,0.000,0.000,-1,0,0,1,203.951
3182,0,0,0.000,0.000,-1,0,1,0,154.473
3183,0,0,0.000,0.000,-1,0,0,0,179.326
3184,0,1,84.067,85.286,-1,0,0,1,177.721
3185,0,0,0.000,0.000,-1,1,0,0,221.360
3186,0,0,0.000,0.000,-1,0,0,0,270.917
3187,0,0,0.000,0.000,-1,0,0,1,209.185
3188,0,0,0.000,0.000,-1,0,1,0,228.181
3189,0,0,0.000,0.000,-1,0,0,0,190.782
3190,0,0,0.000,0.000,-1,0,0,1,213.891
3191,0,0,0.000,0.000,-1,1,0,0,209.320
3192,0,0,0.000,0.000,-1,0,0,0,234.511
3193,0,0,0.000,0.000,-1,0,0,1,233.163
3194,0,0,0.000,0.000,-1,0,1,0,564.405
3195,0,0,0.000,0.000,-1,0,0,0,572.208
3196,0,0,0.000,0.000,-1,0,0,1,240.815
3197,0,0,0.000,0.000,-1,1,0,0,151.593
3198,0,0,0.000,0.000,-1,0,0,0,143.423
3199,0,0,0.000,0.000,-1,0,0,1,154.303
