91:	GENERATE_ARCH_CODE_LIST(SASS "120" PTX "120") # ENGINE_LOCAL_ARCH
Running packman in preparation for cmake ...
Using preset xml: /home/juyoung/engine-deps/physx-107.3-omni/physx/buildtools/presets/public/linux-carbonite.xml
Target platform: linux using compiler: clang
PM_PATHS: /home/juyoung/.cache/packman/chk/clang-physxmetadata/4.0.0.32489833_1;/home/juyoung/.cache/packman/chk/rapidjson/1.1.0-67fac85-073453e1
Cmake: cmake
GPU projects enabled: True (PX_GENERATE_GPU_PROJECTS=True, PX_GENERATE_GPU_PROJECTS_ONLY=False)
Not searching for unused variables given on the command line.
-- The C compiler identification is Clang 14.0.0
-- The CXX compiler identification is Clang 14.0.0
-- Detecting C compiler ABI info
-- Detecting C compiler ABI info - done
-- Check for working C compiler: /usr/bin/clang - skipped
-- Detecting C compile features
-- Detecting C compile features - done
-- Detecting CXX compiler ABI info
-- Detecting CXX compiler ABI info - done
-- Check for working CXX compiler: /usr/bin/clang++ - skipped
-- Detecting CXX compile features
-- Detecting CXX compile features - done
-- The CUDA compiler identification is NVIDIA 12.8.93
-- Detecting CUDA compiler ABI info
-- Detecting CUDA compiler ABI info - done
-- Check for working CUDA compiler: /usr/local/cuda-12.8/bin/nvcc - skipped
-- Detecting CUDA compile features
-- Detecting CUDA compile features - done
-- Found CUDAToolkit: /usr/local/cuda-12.8/include (found version "12.8.93") 
-- Looking for pthread.h
-- Looking for pthread.h - found
-- Performing Test CMAKE_HAVE_LIBC_PTHREAD
-- Performing Test CMAKE_HAVE_LIBC_PTHREAD - Success
-- Found Threads: TRUE  
Building for PUBLIC RELEASE
PHYSX ROOT /home/juyoung/engine-deps/physx-107.3-omni/physx
PhysX Build Platform: linux
Using CXX Compiler: /usr/bin/clang++
Added PhysX
Added PhysX GPU
Added PVDRuntime
-- Configuring done
-- Generating done
-- Build files have been written to: /home/juyoung/engine-deps/physx-107.3-omni/physx/compiler/linux-carbonite-debug
Not searching for unused variables given on the command line.
-- The C compiler identification is Clang 14.0.0
-- The CXX compiler identification is Clang 14.0.0
-- Detecting C compiler ABI info
-- Detecting C compiler ABI info - done
-- Check for working C compiler: /usr/bin/clang - skipped
-- Detecting C compile features
-- Detecting C compile features - done
-- Detecting CXX compiler ABI info
-- Detecting CXX compiler ABI info - done
-- Check for working CXX compiler: /usr/bin/clang++ - skipped
-- Detecting CXX compile features
-- Detecting CXX compile features - done
-- The CUDA compiler identification is NVIDIA 12.8.93
-- Detecting CUDA compiler ABI info
-- Detecting CUDA compiler ABI info - done
-- Check for working CUDA compiler: /usr/local/cuda-12.8/bin/nvcc - skipped
-- Detecting CUDA compile features
-- Detecting CUDA compile features - done
-- Found CUDAToolkit: /usr/local/cuda-12.8/include (found version "12.8.93") 
-- Looking for pthread.h
-- Looking for pthread.h - found
-- Performing Test CMAKE_HAVE_LIBC_PTHREAD
-- Performing Test CMAKE_HAVE_LIBC_PTHREAD - Success
-- Found Threads: TRUE  
Building for PUBLIC RELEASE
PHYSX ROOT /home/juyoung/engine-deps/physx-107.3-omni/physx
PhysX Build Platform: linux
Using CXX Compiler: /usr/bin/clang++
Added PhysX
Added PhysX GPU
Added PVDRuntime
-- Configuring done
-- Generating done
-- Build files have been written to: /home/juyoung/engine-deps/physx-107.3-omni/physx/compiler/linux-carbonite-checked
Not searching for unused variables given on the command line.
-- The C compiler identification is Clang 14.0.0
-- The CXX compiler identification is Clang 14.0.0
-- Detecting C compiler ABI info
-- Detecting C compiler ABI info - done
-- Check for working C compiler: /usr/bin/clang - skipped
-- Detecting C compile features
-- Detecting C compile features - done
-- Detecting CXX compiler ABI info
-- Detecting CXX compiler ABI info - done
-- Check for working CXX compiler: /usr/bin/clang++ - skipped
-- Detecting CXX compile features
-- Detecting CXX compile features - done
-- The CUDA compiler identification is NVIDIA 12.8.93
-- Detecting CUDA compiler ABI info
-- Detecting CUDA compiler ABI info - done
-- Check for working CUDA compiler: /usr/local/cuda-12.8/bin/nvcc - skipped
-- Detecting CUDA compile features
-- Detecting CUDA compile features - done
-- Found CUDAToolkit: /usr/local/cuda-12.8/include (found version "12.8.93") 
-- Looking for pthread.h
-- Looking for pthread.h - found
-- Performing Test CMAKE_HAVE_LIBC_PTHREAD
-- Performing Test CMAKE_HAVE_LIBC_PTHREAD - Success
-- Found Threads: TRUE  
Building for PUBLIC RELEASE
PHYSX ROOT /home/juyoung/engine-deps/physx-107.3-omni/physx
PhysX Build Platform: linux
Using CXX Compiler: /usr/bin/clang++
Added PhysX
Added PhysX GPU
Added PVDRuntime
-- Configuring done
-- Generating done
-- Build files have been written to: /home/juyoung/engine-deps/physx-107.3-omni/physx/compiler/linux-carbonite-profile
Not searching for unused variables given on the command line.
-- The C compiler identification is Clang 14.0.0
-- The CXX compiler identification is Clang 14.0.0
-- Detecting C compiler ABI info
-- Detecting C compiler ABI info - done
-- Check for working C compiler: /usr/bin/clang - skipped
-- Detecting C compile features
-- Detecting C compile features - done
-- Detecting CXX compiler ABI info
-- Detecting CXX compiler ABI info - done
-- Check for working CXX compiler: /usr/bin/clang++ - skipped
-- Detecting CXX compile features
-- Detecting CXX compile features - done
-- The CUDA compiler identification is NVIDIA 12.8.93
-- Detecting CUDA compiler ABI info
-- Detecting CUDA compiler ABI info - done
-- Check for working CUDA compiler: /usr/local/cuda-12.8/bin/nvcc - skipped
-- Detecting CUDA compile features
-- Detecting CUDA compile features - done
-- Found CUDAToolkit: /usr/local/cuda-12.8/include (found version "12.8.93") 
-- Looking for pthread.h
-- Looking for pthread.h - found
-- Performing Test CMAKE_HAVE_LIBC_PTHREAD
-- Performing Test CMAKE_HAVE_LIBC_PTHREAD - Success
-- Found Threads: TRUE  
Building for PUBLIC RELEASE
PHYSX ROOT /home/juyoung/engine-deps/physx-107.3-omni/physx
PhysX Build Platform: linux
Using CXX Compiler: /usr/bin/clang++
Added PhysX
Added PhysX GPU
Added PVDRuntime
-- Configuring done
-- Generating done
-- Build files have been written to: /home/juyoung/engine-deps/physx-107.3-omni/physx/compiler/linux-carbonite-release
[  0%] Building CXX object sdk_source_bin/CMakeFiles/LowLevelAABB.dir/home/juyoung/engine-deps/physx-107.3-omni/physx/source/lowlevelaabb/src/BpBroadPhaseUpdate.cpp.o
[  0%] Building CXX object sdk_source_bin/CMakeFiles/LowLevelDynamics.dir/home/juyoung/engine-deps/physx-107.3-omni/physx/source/lowleveldynamics/src/DyArticulationContactPrep.cpp.o
[  0%] Building CXX object sdk_source_bin/CMakeFiles/LowLevelAABB.dir/home/juyoung/engine-deps/physx-107.3-omni/physx/source/lowlevelaabb/src/BpAABBManagerBase.cpp.o
[  0%] Building CXX object sdk_source_bin/CMakeFiles/PhysXFoundation.dir/home/juyoung/engine-deps/physx-107.3-omni/physx/source/foundation/FdAllocator.cpp.o
[  0%] Building CXX object sdk_source_bin/CMakeFiles/LowLevelDynamics.dir/home/juyoung/engine-deps/physx-107.3-omni/physx/source/lowleveldynamics/src/DyAllocator.cpp.o
[  0%] Building CXX object sdk_source_bin/CMakeFiles/LowLevelAABB.dir/home/juyoung/engine-deps/physx-107.3-omni/physx/source/lowlevelaabb/src/BpAABBManager.cpp.o
[  0%] Building CXX object sdk_source_bin/CMakeFiles/LowLevelDynamics.dir/home/juyoung/engine-deps/physx-107.3-omni/physx/source/lowleveldynamics/src/DyFeatherstoneArticulation.cpp.o
[  0%] Building CXX object sdk_source_bin/CMakeFiles/LowLevel.dir/home/juyoung/engine-deps/physx-107.3-omni/physx/source/lowlevel/common/src/pipeline/PxcContactCache.cpp.o
[  0%] Building CXX object sdk_source_bin/CMakeFiles/LowLevel.dir/home/juyoung/engine-deps/physx-107.3-omni/physx/source/lowlevel/api/src/px_globals.cpp.o
[  0%] Building CUDA object sdk_gpu_source_bin/CMakeFiles/PhysXCommonGpu.dir/home/juyoung/engine-deps/physx-107.3-omni/physx/source/gpucommon/src/CUDA/MemCopyBalanced.cu.o
[  1%] Building CXX object sdk_source_bin/CMakeFiles/PhysXFoundation.dir/home/juyoung/engine-deps/physx-107.3-omni/physx/source/foundation/FdString.cpp.o
[  1%] Building CXX object sdk_source_bin/CMakeFiles/LowLevelAABB.dir/home/juyoung/engine-deps/physx-107.3-omni/physx/source/lowlevelaabb/src/BpBroadPhaseABP.cpp.o
[  2%] Building CUDA object sdk_gpu_source_bin/CMakeFiles/PhysXCommonGpu.dir/home/juyoung/engine-deps/physx-107.3-omni/physx/source/gpucommon/src/CUDA/radixSortImpl.cu.o
[  2%] Building CXX object sdk_source_bin/CMakeFiles/LowLevelAABB.dir/home/juyoung/engine-deps/physx-107.3-omni/physx/source/lowlevelaabb/src/BpBroadPhase.cpp.o
[  2%] Building CXX object sdk_source_bin/CMakeFiles/LowLevelAABB.dir/home/juyoung/engine-deps/physx-107.3-omni/physx/source/lowlevelaabb/src/BpBroadPhaseSap.cpp.o
[  2%] Building CXX object sdk_source_bin/CMakeFiles/LowLevel.dir/home/juyoung/engine-deps/physx-107.3-omni/physx/source/lowlevel/common/src/pipeline/PxcContactMethodImpl.cpp.o
[  2%] Building CXX object sdk_source_bin/CMakeFiles/PhysXTask.dir/home/juyoung/engine-deps/physx-107.3-omni/physx/source/task/src/TaskManager.cpp.o
[  2%] Building CUDA object sdk_gpu_source_bin/CMakeFiles/PhysXSolverGpu.dir/home/juyoung/engine-deps/physx-107.3-omni/physx/source/gpusolver/src/CUDA/solverMultiBlock.cu.o
[  2%] Building CXX object sdk_source_bin/CMakeFiles/LowLevel.dir/home/juyoung/engine-deps/physx-107.3-omni/physx/source/lowlevel/common/src/pipeline/PxcMaterialMethodImpl.cpp.o
[  2%] Building CXX object sdk_source_bin/CMakeFiles/SimulationController.dir/home/juyoung/engine-deps/physx-107.3-omni/physx/source/simulationcontroller/src/ScActorCore.cpp.o
[  2%] Building CXX object sdk_source_bin/CMakeFiles/LowLevelAABB.dir/home/juyoung/engine-deps/physx-107.3-omni/physx/source/lowlevelaabb/src/BpBroadPhaseMBP.cpp.o
[  2%] Building CXX object sdk_source_bin/CMakeFiles/PhysXFoundation.dir/home/juyoung/engine-deps/physx-107.3-omni/physx/source/foundation/FdAssert.cpp.o
[  2%] Building CXX object sdk_source_bin/CMakeFiles/PhysXFoundation.dir/home/juyoung/engine-deps/physx-107.3-omni/physx/source/foundation/FdTempAllocator.cpp.o
[  2%] Building CXX object sdk_source_bin/CMakeFiles/LowLevelDynamics.dir/home/juyoung/engine-deps/physx-107.3-omni/physx/source/lowleveldynamics/src/DyArticulationMimicJoint.cpp.o
[  2%] Building CUDA object sdk_gpu_source_bin/CMakeFiles/PhysXArticulationGpu.dir/home/juyoung/engine-deps/physx-107.3-omni/physx/source/gpuarticulation/src/CUDA/articulationDirectGpuApi.cu.o
[  2%] Building CXX object sdk_source_bin/CMakeFiles/SceneQuery.dir/home/juyoung/engine-deps/physx-107.3-omni/physx/source/scenequery/src/SqFactory.cpp.o
[  2%] Building CXX object pvdruntime_bin/CMakeFiles/PVDRuntime.dir/home/juyoung/engine-deps/physx-107.3-omni/physx/pvdruntime/src/OmniPvdHelpers.cpp.o
[  2%] Building CXX object sdk_gpu_source_bin/CMakeFiles/PhysXGpuDependencies.dir/home/juyoung/engine-deps/physx-107.3-omni/physx/source/lowlevel/common/src/pipeline/PxcNpMemBlockPool.cpp.o
[  2%] Building CUDA object sdk_gpu_source_bin/CMakeFiles/PhysXBroadphaseGpu.dir/home/juyoung/engine-deps/physx-107.3-omni/physx/source/gpubroadphase/src/CUDA/broadphase.cu.o
[  2%] Building CUDA object sdk_gpu_source_bin/CMakeFiles/PhysXNarrowphaseGpu.dir/home/juyoung/engine-deps/physx-107.3-omni/physx/source/gpunarrowphase/src/CUDA/convexHFMidphase.cu.o
[  2%] Building CUDA object sdk_gpu_source_bin/CMakeFiles/PhysXSimulationControllerGpu.dir/home/juyoung/engine-deps/physx-107.3-omni/physx/source/gpusimulationcontroller/src/CUDA/updateTransformAndBoundArray.cu.o
[  3%] Building CXX object sdk_gpu_source_bin/CMakeFiles/PhysXCudaContextManager.dir/home/juyoung/engine-deps/physx-107.3-omni/physx/source/cudamanager/src/CudaContextManager.cpp.o
[  3%] Building CUDA object sdk_gpu_source_bin/CMakeFiles/PhysXBroadphaseGpu.dir/home/juyoung/engine-deps/physx-107.3-omni/physx/source/gpubroadphase/src/CUDA/aggregate.cu.o
[  3%] Building CXX object pvdruntime_bin/CMakeFiles/PVDRuntime.dir/home/juyoung/engine-deps/physx-107.3-omni/physx/pvdruntime/src/OmniPvdLibraryFunctionsImpl.cpp.o
[  3%] Building CXX object sdk_gpu_source_bin/CMakeFiles/PhysXGpuDependencies.dir/home/juyoung/engine-deps/physx-107.3-omni/physx/source/lowlevel/common/src/pipeline/PxcNpThreadContext.cpp.o
[  3%] Building CXX object sdk_source_bin/CMakeFiles/LowLevel.dir/home/juyoung/engine-deps/physx-107.3-omni/physx/source/lowlevel/common/src/pipeline/PxcNpBatch.cpp.o
[  3%] Building CXX object pvdruntime_bin/CMakeFiles/PVDRuntime.dir/home/juyoung/engine-deps/physx-107.3-omni/physx/pvdruntime/src/OmniPvdLog.cpp.o
[  3%] Building CXX object pvdruntime_bin/CMakeFiles/PVDRuntime.dir/home/juyoung/engine-deps/physx-107.3-omni/physx/pvdruntime/src/OmniPvdReaderImpl.cpp.o
[  4%] Building CXX object sdk_gpu_source_bin/CMakeFiles/PhysXBroadphaseGpu.dir/home/juyoung/engine-deps/physx-107.3-omni/physx/source/gpubroadphase/src/PxgCudaBroadPhaseSap.cpp.o
[  4%] Building CXX object sdk_source_bin/CMakeFiles/PhysXFoundation.dir/home/juyoung/engine-deps/physx-107.3-omni/physx/source/foundation/FdMathUtils.cpp.o
[  4%] Building CXX object sdk_gpu_source_bin/CMakeFiles/PhysXCudaContextManager.dir/home/juyoung/engine-deps/physx-107.3-omni/physx/source/cudamanager/src/CudaKernelWrangler.cpp.o
[  4%] Building CXX object sdk_source_bin/CMakeFiles/PhysXFoundation.dir/home/juyoung/engine-deps/physx-107.3-omni/physx/source/foundation/FdFoundation.cpp.o
[  4%] Building CXX object pvdruntime_bin/CMakeFiles/PVDRuntime.dir/home/juyoung/engine-deps/physx-107.3-omni/physx/pvdruntime/src/OmniPvdWriterImpl.cpp.o
[  4%] Building CXX object sdk_source_bin/CMakeFiles/SimulationController.dir/home/juyoung/engine-deps/physx-107.3-omni/physx/source/simulationcontroller/src/ScActorSim.cpp.o
[  4%] Building CXX object sdk_source_bin/CMakeFiles/SceneQuery.dir/home/juyoung/engine-deps/physx-107.3-omni/physx/source/scenequery/src/SqCompoundPruner.cpp.o
[  4%] Building CXX object sdk_source_bin/CMakeFiles/SceneQuery.dir/home/juyoung/engine-deps/physx-107.3-omni/physx/source/scenequery/src/SqCompoundPruningPool.cpp.o
[  4%] Building CXX object sdk_gpu_source_bin/CMakeFiles/PhysXBroadphaseGpu.dir/home/juyoung/engine-deps/physx-107.3-omni/physx/source/gpubroadphase/src/PxgBroadPhase.cpp.o
[  5%] Building CXX object sdk_gpu_source_bin/CMakeFiles/PhysXGpuDependencies.dir/home/juyoung/engine-deps/physx-107.3-omni/physx/source/lowlevel/common/src/pipeline/PxcNpCacheStreamPair.cpp.o
[  5%] Built target PhysXTask
[  5%] Building CXX object sdk_gpu_source_bin/CMakeFiles/PhysXGpuDependencies.dir/home/juyoung/engine-deps/physx-107.3-omni/physx/source/lowlevelaabb/src/BpFiltering.cpp.o
[  6%] Building CXX object pvdruntime_bin/CMakeFiles/PVDRuntime.dir/home/juyoung/engine-deps/physx-107.3-omni/physx/pvdruntime/src/OmniPvdFileReadStreamImpl.cpp.o
[  6%] Building CXX object pvdruntime_bin/CMakeFiles/PVDRuntime.dir/home/juyoung/engine-deps/physx-107.3-omni/physx/pvdruntime/src/OmniPvdFileWriteStreamImpl.cpp.o
[  7%] Building CUDA object sdk_gpu_source_bin/CMakeFiles/PhysXCommonGpu.dir/home/juyoung/engine-deps/physx-107.3-omni/physx/source/gpucommon/src/CUDA/utility.cu.o
[  7%] Building CUDA object sdk_gpu_source_bin/CMakeFiles/PhysXNarrowphaseGpu.dir/home/juyoung/engine-deps/physx-107.3-omni/physx/source/gpunarrowphase/src/CUDA/convexHeightfield.cu.o
[  8%] Building CUDA object sdk_gpu_source_bin/CMakeFiles/PhysXSolverGpu.dir/home/juyoung/engine-deps/physx-107.3-omni/physx/source/gpusolver/src/CUDA/solverMultiBlockTGS.cu.o
[  8%] Building CUDA object sdk_gpu_source_bin/CMakeFiles/PhysXArticulationGpu.dir/home/juyoung/engine-deps/physx-107.3-omni/physx/source/gpuarticulation/src/CUDA/forwardDynamic2.cu.o
[  8%] Building CXX object pvdruntime_bin/CMakeFiles/PVDRuntime.dir/home/juyoung/engine-deps/physx-107.3-omni/physx/pvdruntime/src/OmniPvdMemoryStreamImpl.cpp.o
[  8%] Building CXX object sdk_source_bin/CMakeFiles/PhysXFoundation.dir/home/juyoung/engine-deps/physx-107.3-omni/physx/source/foundation/unix/FdUnixAtomic.cpp.o
[  8%] Building CUDA object sdk_gpu_source_bin/CMakeFiles/PhysXSimulationControllerGpu.dir/home/juyoung/engine-deps/physx-107.3-omni/physx/source/gpusimulationcontroller/src/CUDA/updateBodiesAndShapes.cu.o
[  8%] Building CXX object sdk_source_bin/CMakeFiles/LowLevel.dir/home/juyoung/engine-deps/physx-107.3-omni/physx/source/lowlevel/common/src/pipeline/PxcNpCacheStreamPair.cpp.o
[  8%] Building CXX object sdk_gpu_source_bin/CMakeFiles/PhysXGpuDependencies.dir/home/juyoung/engine-deps/physx-107.3-omni/physx/source/lowlevelaabb/src/BpBroadPhaseUpdate.cpp.o
[  9%] Building CXX object sdk_source_bin/CMakeFiles/PhysXFoundation.dir/home/juyoung/engine-deps/physx-107.3-omni/physx/source/foundation/unix/FdUnixMutex.cpp.o
[  9%] Building CXX object pvdruntime_bin/CMakeFiles/PVDRuntime.dir/home/juyoung/engine-deps/physx-107.3-omni/physx/pvdruntime/src/OmniPvdMemoryReadStreamImpl.cpp.o
[  9%] Building CXX object pvdruntime_bin/CMakeFiles/PVDRuntime.dir/home/juyoung/engine-deps/physx-107.3-omni/physx/pvdruntime/src/OmniPvdMemoryWriteStreamImpl.cpp.o
[ 10%] Building CUDA object sdk_gpu_source_bin/CMakeFiles/PhysXArticulationGpu.dir/home/juyoung/engine-deps/physx-107.3-omni/physx/source/gpuarticulation/src/CUDA/internalConstraints2.cu.o
[ 10%] Building CXX object sdk_gpu_source_bin/CMakeFiles/PhysXGpuDependencies.dir/home/juyoung/engine-deps/physx-107.3-omni/physx/source/lowlevelaabb/src/BpAABBManagerBase.cpp.o
[ 10%] Linking CXX static library /home/juyoung/engine-deps/physx-107.3-omni/physx/bin/linux.x86_64/checked/libPhysXCudaContextManager_static_64.a
[ 10%] Building CXX object sdk_gpu_source_bin/CMakeFiles/PhysXCommonGpu.dir/home/juyoung/engine-deps/physx-107.3-omni/physx/source/gpucommon/src/PxgCopyManager.cpp.o
[ 10%] Building CXX object sdk_gpu_source_bin/CMakeFiles/PhysXGpuDependencies.dir/home/juyoung/engine-deps/physx-107.3-omni/physx/source/geomutils/src/GuBounds.cpp.o
[ 10%] Building CXX object sdk_gpu_source_bin/CMakeFiles/PhysXCommonGpu.dir/home/juyoung/engine-deps/physx-107.3-omni/physx/source/gpucommon/src/PxgCudaBuffer.cpp.o
[ 10%] Linking CXX shared library /home/juyoung/engine-deps/physx-107.3-omni/physx/bin/linux.x86_64/checked/libPVDRuntime_64.so
[ 11%] Building CXX object sdk_source_bin/CMakeFiles/LowLevel.dir/home/juyoung/engine-deps/physx-107.3-omni/physx/source/lowlevel/common/src/pipeline/PxcNpContactPrepShared.cpp.o
[ 11%] Building CXX object sdk_source_bin/CMakeFiles/PhysXFoundation.dir/home/juyoung/engine-deps/physx-107.3-omni/physx/source/foundation/unix/FdUnixSync.cpp.o
[ 11%] Built target PhysXCudaContextManager
[ 12%] Building CUDA object sdk_gpu_source_bin/CMakeFiles/PhysXNarrowphaseGpu.dir/home/juyoung/engine-deps/physx-107.3-omni/physx/source/gpunarrowphase/src/CUDA/convexMesh.cu.o
[ 12%] Building CXX object sdk_gpu_source_bin/CMakeFiles/PhysXBroadphaseGpu.dir/home/juyoung/engine-deps/physx-107.3-omni/physx/source/gpubroadphase/src/PxgAABBManager.cpp.o
[ 12%] Building CXX object sdk_source_bin/CMakeFiles/PhysXFoundation.dir/home/juyoung/engine-deps/physx-107.3-omni/physx/source/foundation/unix/FdUnixThread.cpp.o
[ 13%] Building CXX object sdk_source_bin/CMakeFiles/SceneQuery.dir/home/juyoung/engine-deps/physx-107.3-omni/physx/source/scenequery/src/SqManager.cpp.o
[ 13%] Building CXX object sdk_source_bin/CMakeFiles/LowLevelDynamics.dir/home/juyoung/engine-deps/physx-107.3-omni/physx/source/lowleveldynamics/src/DyFeatherstoneForwardDynamic.cpp.o
[ 13%] Built target PVDRuntime
[ 13%] Building CUDA object sdk_gpu_source_bin/CMakeFiles/PhysXNarrowphaseGpu.dir/home/juyoung/engine-deps/physx-107.3-omni/physx/source/gpunarrowphase/src/CUDA/convexMeshCorrelate.cu.o
[ 13%] Building CXX object sdk_source_bin/CMakeFiles/PhysXFoundation.dir/home/juyoung/engine-deps/physx-107.3-omni/physx/source/foundation/unix/FdUnixPrintString.cpp.o
[ 13%] Building CXX object sdk_source_bin/CMakeFiles/SimulationController.dir/home/juyoung/engine-deps/physx-107.3-omni/physx/source/simulationcontroller/src/ScGpuActorSim.cpp.o
[ 13%] Building CUDA object sdk_gpu_source_bin/CMakeFiles/PhysXSolverGpu.dir/home/juyoung/engine-deps/physx-107.3-omni/physx/source/gpusolver/src/CUDA/accumulateThresholdStream.cu.o
[ 13%] Building CXX object sdk_source_bin/CMakeFiles/LowLevelAABB.dir/home/juyoung/engine-deps/physx-107.3-omni/physx/source/lowlevelaabb/src/BpBroadPhaseSapAux.cpp.o
[ 13%] Building CXX object sdk_source_bin/CMakeFiles/PhysXFoundation.dir/home/juyoung/engine-deps/physx-107.3-omni/physx/source/foundation/unix/FdUnixSList.cpp.o
[ 13%] Building CUDA object sdk_gpu_source_bin/CMakeFiles/PhysXArticulationGpu.dir/home/juyoung/engine-deps/physx-107.3-omni/physx/source/gpuarticulation/src/CUDA/inverseDynamic.cu.o
[ 13%] Building CXX object sdk_source_bin/CMakeFiles/PhysXFoundation.dir/home/juyoung/engine-deps/physx-107.3-omni/physx/source/foundation/unix/FdUnixSocket.cpp.o
[ 14%] Building CXX object sdk_source_bin/CMakeFiles/PhysXFoundation.dir/home/juyoung/engine-deps/physx-107.3-omni/physx/source/foundation/unix/FdUnixTime.cpp.o
[ 14%] Building CXX object sdk_source_bin/CMakeFiles/PhysXFoundation.dir/home/juyoung/engine-deps/physx-107.3-omni/physx/source/foundation/unix/FdUnixFPU.cpp.o
[ 15%] Building CXX object sdk_source_bin/CMakeFiles/LowLevelDynamics.dir/home/juyoung/engine-deps/physx-107.3-omni/physx/source/lowleveldynamics/src/DyFeatherstoneInverseDynamic.cpp.o
[ 15%] Building CXX object sdk_source_bin/CMakeFiles/LowLevel.dir/home/juyoung/engine-deps/physx-107.3-omni/physx/source/lowlevel/common/src/pipeline/PxcNpMemBlockPool.cpp.o
[ 15%] Linking CXX static library /home/juyoung/engine-deps/physx-107.3-omni/physx/bin/linux.x86_64/checked/libPhysXFoundation_static_64.a
[ 15%] Building CXX object sdk_gpu_source_bin/CMakeFiles/PhysXGpuDependencies.dir/home/juyoung/engine-deps/physx-107.3-omni/physx/source/geomutils/src/convex/GuConvexUtilsInternal.cpp.o
[ 15%] Building CUDA object sdk_gpu_source_bin/CMakeFiles/PhysXSimulationControllerGpu.dir/home/juyoung/engine-deps/physx-107.3-omni/physx/source/gpusimulationcontroller/src/CUDA/particlesystem.cu.o
[ 15%] Building CXX object sdk_source_bin/CMakeFiles/LowLevelAABB.dir/home/juyoung/engine-deps/physx-107.3-omni/physx/source/lowlevelaabb/src/BpBroadPhaseShared.cpp.o
[ 15%] Built target PhysXFoundation
[ 15%] Building CXX object sdk_source_bin/CMakeFiles/SceneQuery.dir/home/juyoung/engine-deps/physx-107.3-omni/physx/source/scenequery/src/SqQuery.cpp.o
[ 16%] Building CXX object sdk_source_bin/CMakeFiles/LowLevelAABB.dir/home/juyoung/engine-deps/physx-107.3-omni/physx/source/lowlevelaabb/src/BpFiltering.cpp.o
[ 16%] Building CXX object sdk_gpu_source_bin/CMakeFiles/PhysXArticulationGpu.dir/home/juyoung/engine-deps/physx-107.3-omni/physx/source/gpuarticulation/src/PxgArticulationCore.cpp.o
[ 16%] Building CXX object sdk_source_bin/CMakeFiles/SimulationController.dir/home/juyoung/engine-deps/physx-107.3-omni/physx/source/simulationcontroller/src/ScArticulationCore.cpp.o
[ 16%] Building CUDA object sdk_gpu_source_bin/CMakeFiles/PhysXSolverGpu.dir/home/juyoung/engine-deps/physx-107.3-omni/physx/source/gpusolver/src/CUDA/constraintBlockPrep.cu.o
[ 16%] Building CUDA object sdk_gpu_source_bin/CMakeFiles/PhysXSolverGpu.dir/home/juyoung/engine-deps/physx-107.3-omni/physx/source/gpusolver/src/CUDA/constraintBlockPrePrep.cu.o
[ 16%] Building CUDA object sdk_gpu_source_bin/CMakeFiles/PhysXNarrowphaseGpu.dir/home/juyoung/engine-deps/physx-107.3-omni/physx/source/gpunarrowphase/src/CUDA/convexMeshMidphase.cu.o
[ 17%] Building CXX object sdk_gpu_source_bin/CMakeFiles/PhysXGpuDependencies.dir/home/juyoung/engine-deps/physx-107.3-omni/physx/source/geomutils/src/mesh/GuTetrahedronMeshUtils.cpp.o
[ 17%] Building CXX object sdk_gpu_source_bin/CMakeFiles/PhysXCommonGpu.dir/home/juyoung/engine-deps/physx-107.3-omni/physx/source/gpucommon/src/PxgCudaMemoryAllocator.cpp.o
[ 17%] Building CXX object sdk_source_bin/CMakeFiles/LowLevel.dir/home/juyoung/engine-deps/physx-107.3-omni/physx/source/lowlevel/common/src/pipeline/PxcNpThreadContext.cpp.o
[ 17%] Building CXX object sdk_source_bin/CMakeFiles/PhysXCommon.dir/home/juyoung/engine-deps/physx-107.3-omni/physx/source/common/src/CmPtrTable.cpp.o
[ 17%] Built target LowLevelAABB
[ 17%] Building CXX object sdk_source_bin/CMakeFiles/PhysXCommon.dir/home/juyoung/engine-deps/physx-107.3-omni/physx/source/common/src/CmCollection.cpp.o
[ 17%] Building CXX object sdk_source_bin/CMakeFiles/SimulationController.dir/home/juyoung/engine-deps/physx-107.3-omni/physx/source/simulationcontroller/src/ScArticulationJointCore.cpp.o
[ 17%] Building CXX object sdk_source_bin/CMakeFiles/LowLevelDynamics.dir/home/juyoung/engine-deps/physx-107.3-omni/physx/source/lowleveldynamics/src/DyConstraintPartition.cpp.o
[ 17%] Building CXX object sdk_source_bin/CMakeFiles/LowLevelDynamics.dir/home/juyoung/engine-deps/physx-107.3-omni/physx/source/lowleveldynamics/src/DyConstraintSetup.cpp.o
[ 17%] Building CUDA object sdk_gpu_source_bin/CMakeFiles/PhysXNarrowphaseGpu.dir/home/juyoung/engine-deps/physx-107.3-omni/physx/source/gpunarrowphase/src/CUDA/convexMeshPostProcess.cu.o
[ 17%] Building CXX object sdk_gpu_source_bin/CMakeFiles/PhysXGpuDependencies.dir/home/juyoung/engine-deps/physx-107.3-omni/physx/source/geomutils/src/GuConvexGeometry.cpp.o
[ 17%] Building CXX object sdk_gpu_source_bin/CMakeFiles/PhysXGpuDependencies.dir/home/juyoung/engine-deps/physx-107.3-omni/physx/source/foundation/unix/FdUnixAtomic.cpp.o
[ 17%] Building CXX object sdk_gpu_source_bin/CMakeFiles/PhysXGpuDependencies.dir/home/juyoung/engine-deps/physx-107.3-omni/physx/source/foundation/unix/FdUnixMutex.cpp.o
[ 17%] Building CXX object sdk_gpu_source_bin/CMakeFiles/PhysXCommonGpu.dir/home/juyoung/engine-deps/physx-107.3-omni/physx/source/gpucommon/src/PxgHeapMemoryAllocator.cpp.o
[ 17%] Linking CXX static library /home/juyoung/engine-deps/physx-107.3-omni/physx/bin/linux.x86_64/checked/libPhysXBroadphaseGpu_static_64.a
[ 17%] Building CXX object sdk_gpu_source_bin/CMakeFiles/PhysXCommonGpu.dir/home/juyoung/engine-deps/physx-107.3-omni/physx/source/gpucommon/src/PxgKernelWrangler.cpp.o
[ 18%] Building CXX object sdk_gpu_source_bin/CMakeFiles/PhysXCommonGpu.dir/home/juyoung/engine-deps/physx-107.3-omni/physx/source/gpucommon/src/PxgMemCopyDispatcher.cpp.o
[ 18%] Building CXX object sdk_source_bin/CMakeFiles/LowLevel.dir/home/juyoung/engine-deps/physx-107.3-omni/physx/source/lowlevel/software/src/PxsCCD.cpp.o
[ 18%] Built target PhysXBroadphaseGpu
[ 18%] Building CXX object sdk_source_bin/CMakeFiles/LowLevel.dir/home/juyoung/engine-deps/physx-107.3-omni/physx/source/lowlevel/software/src/PxsContactManager.cpp.o
[ 19%] Building CUDA object sdk_gpu_source_bin/CMakeFiles/PhysXSimulationControllerGpu.dir/home/juyoung/engine-deps/physx-107.3-omni/physx/source/gpusimulationcontroller/src/CUDA/softBody.cu.o
[ 19%] Building CXX object sdk_source_bin/CMakeFiles/LowLevelDynamics.dir/home/juyoung/engine-deps/physx-107.3-omni/physx/source/lowleveldynamics/src/DyConstraintSetupBlock.cpp.o
[ 19%] Building CXX object sdk_source_bin/CMakeFiles/PhysXCommon.dir/home/juyoung/engine-deps/physx-107.3-omni/physx/source/common/src/CmRadixSort.cpp.o
[ 19%] Building CXX object sdk_source_bin/CMakeFiles/PhysXCharacterKinematic.dir/home/juyoung/engine-deps/physx-107.3-omni/physx/source/physxcharacterkinematic/src/CctBoxController.cpp.o
[ 19%] Building CXX object sdk_source_bin/CMakeFiles/PhysXCharacterKinematic.dir/home/juyoung/engine-deps/physx-107.3-omni/physx/source/physxcharacterkinematic/src/CctCapsuleController.cpp.o
[ 20%] Building CXX object sdk_source_bin/CMakeFiles/PhysXCharacterKinematic.dir/home/juyoung/engine-deps/physx-107.3-omni/physx/source/physxcharacterkinematic/src/CctCharacterController.cpp.o
[ 20%] Building CXX object sdk_source_bin/CMakeFiles/PhysXCommon.dir/home/juyoung/engine-deps/physx-107.3-omni/physx/source/common/src/CmSerialize.cpp.o
[ 20%] Building CUDA object sdk_gpu_source_bin/CMakeFiles/PhysXSimulationControllerGpu.dir/home/juyoung/engine-deps/physx-107.3-omni/physx/source/gpusimulationcontroller/src/CUDA/softBodyGM.cu.o
[ 21%] Building CXX object sdk_source_bin/CMakeFiles/SimulationController.dir/home/juyoung/engine-deps/physx-107.3-omni/physx/source/simulationcontroller/src/ScArticulationTendonCore.cpp.o
[ 21%] Building CUDA object sdk_gpu_source_bin/CMakeFiles/PhysXSolverGpu.dir/home/juyoung/engine-deps/physx-107.3-omni/physx/source/gpusolver/src/CUDA/artiConstraintPrep2.cu.o
[ 21%] Building CXX object sdk_gpu_source_bin/CMakeFiles/PhysXCommonGpu.dir/home/juyoung/engine-deps/physx-107.3-omni/physx/source/gpucommon/src/PxgMemoryManager.cpp.o
[ 21%] Building CXX object sdk_gpu_source_bin/CMakeFiles/PhysXGpuDependencies.dir/home/juyoung/engine-deps/physx-107.3-omni/physx/source/foundation/unix/FdUnixSync.cpp.o
[ 21%] Building CUDA object sdk_gpu_source_bin/CMakeFiles/PhysXNarrowphaseGpu.dir/home/juyoung/engine-deps/physx-107.3-omni/physx/source/gpunarrowphase/src/CUDA/convexMeshOutput.cu.o
[ 21%] Built target SceneQuery
[ 21%] Building CUDA object sdk_gpu_source_bin/CMakeFiles/PhysXSolverGpu.dir/home/juyoung/engine-deps/physx-107.3-omni/physx/source/gpusolver/src/CUDA/integration.cu.o
[ 21%] Building CXX object sdk_source_bin/CMakeFiles/SimulationController.dir/home/juyoung/engine-deps/physx-107.3-omni/physx/source/simulationcontroller/src/ScArticulationJointSim.cpp.o
[ 21%] Building CXX object sdk_gpu_source_bin/CMakeFiles/PhysXCommonGpu.dir/home/juyoung/engine-deps/physx-107.3-omni/physx/source/gpucommon/src/PxgCommon.cpp.o
[ 21%] Building CXX object sdk_gpu_source_bin/CMakeFiles/PhysXGpuDependencies.dir/home/juyoung/engine-deps/physx-107.3-omni/physx/source/foundation/unix/FdUnixThread.cpp.o
[ 21%] Building CUDA object sdk_gpu_source_bin/CMakeFiles/PhysXSolverGpu.dir/home/juyoung/engine-deps/physx-107.3-omni/physx/source/gpusolver/src/CUDA/integrationTGS.cu.o
[ 22%] Building CUDA object sdk_gpu_source_bin/CMakeFiles/PhysXSolverGpu.dir/home/juyoung/engine-deps/physx-107.3-omni/physx/source/gpusolver/src/CUDA/preIntegration.cu.o
[ 22%] Linking CXX static library /home/juyoung/engine-deps/physx-107.3-omni/physx/bin/linux.x86_64/checked/libPhysXCommonGpu_static_64.a
[ 22%] Building CUDA object sdk_gpu_source_bin/CMakeFiles/PhysXSolverGpu.dir/home/juyoung/engine-deps/physx-107.3-omni/physx/source/gpusolver/src/CUDA/preIntegrationTGS.cu.o
[ 23%] Building CXX object sdk_source_bin/CMakeFiles/PhysXCommon.dir/home/juyoung/engine-deps/physx-107.3-omni/physx/source/common/src/CmVisualization.cpp.o
[ 24%] Building CXX object sdk_gpu_source_bin/CMakeFiles/PhysXGpuDependencies.dir/home/juyoung/engine-deps/physx-107.3-omni/physx/source/foundation/unix/FdUnixPrintString.cpp.o
[ 24%] Built target PhysXCommonGpu
[ 24%] Building CXX object sdk_gpu_source_bin/CMakeFiles/PhysXGpuDependencies.dir/home/juyoung/engine-deps/physx-107.3-omni/physx/source/foundation/unix/FdUnixSList.cpp.o
[ 24%] Building CXX object sdk_source_bin/CMakeFiles/LowLevelDynamics.dir/home/juyoung/engine-deps/physx-107.3-omni/physx/source/lowleveldynamics/src/DyContactPrep.cpp.o
[ 24%] Building CXX object sdk_gpu_source_bin/CMakeFiles/PhysXGpuDependencies.dir/home/juyoung/engine-deps/physx-107.3-omni/physx/source/foundation/unix/FdUnixSocket.cpp.o
[ 24%] Building CXX object sdk_source_bin/CMakeFiles/SimulationController.dir/home/juyoung/engine-deps/physx-107.3-omni/physx/source/simulationcontroller/src/ScArticulationSim.cpp.o
[ 24%] Building CXX object sdk_source_bin/CMakeFiles/SimulationController.dir/home/juyoung/engine-deps/physx-107.3-omni/physx/source/simulationcontroller/src/ScArticulationTendonJointCore.cpp.o
[ 24%] Building CXX object sdk_source_bin/CMakeFiles/LowLevelDynamics.dir/home/juyoung/engine-deps/physx-107.3-omni/physx/source/lowleveldynamics/src/DyContactPrep4.cpp.o
[ 24%] Building CXX object sdk_gpu_source_bin/CMakeFiles/PhysXGpuDependencies.dir/home/juyoung/engine-deps/physx-107.3-omni/physx/source/foundation/unix/FdUnixTime.cpp.o
[ 24%] Building CXX object sdk_gpu_source_bin/CMakeFiles/PhysXGpuDependencies.dir/home/juyoung/engine-deps/physx-107.3-omni/physx/source/foundation/unix/FdUnixFPU.cpp.o
[ 24%] Building CUDA object sdk_gpu_source_bin/CMakeFiles/PhysXNarrowphaseGpu.dir/home/juyoung/engine-deps/physx-107.3-omni/physx/source/gpunarrowphase/src/CUDA/cudaGJKEPA.cu.o
[ 24%] Building CXX object sdk_gpu_source_bin/CMakeFiles/PhysXGpuDependencies.dir/home/juyoung/engine-deps/physx-107.3-omni/physx/source/foundation/FdAllocator.cpp.o
[ 25%] Building CXX object sdk_gpu_source_bin/CMakeFiles/PhysXGpuDependencies.dir/home/juyoung/engine-deps/physx-107.3-omni/physx/source/foundation/FdString.cpp.o
[ 25%] Building CXX object sdk_source_bin/CMakeFiles/PhysXCommon.dir/home/juyoung/engine-deps/physx-107.3-omni/physx/source/geomutils/src/GuBox.cpp.o
[ 25%] Building CXX object sdk_gpu_source_bin/CMakeFiles/PhysXGpuDependencies.dir/home/juyoung/engine-deps/physx-107.3-omni/physx/source/foundation/FdTempAllocator.cpp.o
[ 25%] Building CXX object sdk_gpu_source_bin/CMakeFiles/PhysXGpuDependencies.dir/home/juyoung/engine-deps/physx-107.3-omni/physx/source/foundation/FdAssert.cpp.o
[ 25%] Building CXX object sdk_source_bin/CMakeFiles/PhysXCommon.dir/home/juyoung/engine-deps/physx-107.3-omni/physx/source/geomutils/src/GuCapsule.cpp.o
[ 26%] Building CXX object sdk_source_bin/CMakeFiles/LowLevelDynamics.dir/home/juyoung/engine-deps/physx-107.3-omni/physx/source/lowleveldynamics/src/DyDynamicsBase.cpp.o
[ 26%] Building CUDA object sdk_gpu_source_bin/CMakeFiles/PhysXSolverGpu.dir/home/juyoung/engine-deps/physx-107.3-omni/physx/source/gpusolver/src/CUDA/solver.cu.o
[ 26%] Building CUDA object sdk_gpu_source_bin/CMakeFiles/PhysXSolverGpu.dir/home/juyoung/engine-deps/physx-107.3-omni/physx/source/gpusolver/src/CUDA/constraintBlockPrepTGS.cu.o
[ 26%] Building CXX object sdk_source_bin/CMakeFiles/PhysXCommon.dir/home/juyoung/engine-deps/physx-107.3-omni/physx/source/geomutils/src/GuCCTSweepTests.cpp.o
[ 26%] Building CXX object sdk_gpu_source_bin/CMakeFiles/PhysXGpuDependencies.dir/home/juyoung/engine-deps/physx-107.3-omni/physx/source/foundation/FdMathUtils.cpp.o
[ 26%] Building CXX object sdk_gpu_source_bin/CMakeFiles/PhysXSolverGpu.dir/home/juyoung/engine-deps/physx-107.3-omni/physx/source/gpusolver/src/PxgConstraintPartition.cpp.o
[ 27%] Building CUDA object sdk_gpu_source_bin/CMakeFiles/PhysXNarrowphaseGpu.dir/home/juyoung/engine-deps/physx-107.3-omni/physx/source/gpunarrowphase/src/CUDA/convexCoreCollision.cu.o
[ 27%] Building CXX object sdk_source_bin/CMakeFiles/LowLevel.dir/home/juyoung/engine-deps/physx-107.3-omni/physx/source/lowlevel/software/src/PxsContext.cpp.o
[ 27%] Building CXX object sdk_source_bin/CMakeFiles/PhysXCharacterKinematic.dir/home/juyoung/engine-deps/physx-107.3-omni/physx/source/physxcharacterkinematic/src/CctCharacterControllerCallbacks.cpp.o
[ 27%] Building CXX object sdk_gpu_source_bin/CMakeFiles/PhysXGpuDependencies.dir/home/juyoung/engine-deps/physx-107.3-omni/physx/source/foundation/FdFoundation.cpp.o
[ 27%] Building CXX object sdk_source_bin/CMakeFiles/PhysXCharacterKinematic.dir/home/juyoung/engine-deps/physx-107.3-omni/physx/source/physxcharacterkinematic/src/CctCharacterControllerManager.cpp.o
[ 27%] Building CXX object sdk_source_bin/CMakeFiles/SimulationController.dir/home/juyoung/engine-deps/physx-107.3-omni/physx/source/simulationcontroller/src/ScArticulationTendonSim.cpp.o
[ 27%] Building CXX object sdk_source_bin/CMakeFiles/PhysXCommon.dir/home/juyoung/engine-deps/physx-107.3-omni/physx/source/geomutils/src/GuGeometryQuery.cpp.o
[ 27%] Building CXX object sdk_gpu_source_bin/CMakeFiles/PhysXSolverGpu.dir/home/juyoung/engine-deps/physx-107.3-omni/physx/source/gpusolver/src/PxgCudaSolverCore.cpp.o
[ 27%] Building CUDA object sdk_gpu_source_bin/CMakeFiles/PhysXSimulationControllerGpu.dir/home/juyoung/engine-deps/physx-107.3-omni/physx/source/gpusimulationcontroller/src/CUDA/FEMClothConstraintPrep.cu.o
[ 28%] Building CXX object sdk_gpu_source_bin/CMakeFiles/PhysXSolverGpu.dir/home/juyoung/engine-deps/physx-107.3-omni/physx/source/gpusolver/src/PxgTGSCudaSolverCore.cpp.o
[ 28%] Building CXX object sdk_source_bin/CMakeFiles/LowLevelDynamics.dir/home/juyoung/engine-deps/physx-107.3-omni/physx/source/lowleveldynamics/src/DyDynamics.cpp.o
[ 28%] Building CUDA object sdk_gpu_source_bin/CMakeFiles/PhysXSimulationControllerGpu.dir/home/juyoung/engine-deps/physx-107.3-omni/physx/source/gpusimulationcontroller/src/CUDA/FEMCloth.cu.o
[ 28%] Built target PhysXGpuDependencies
[ 28%] Building CUDA object sdk_gpu_source_bin/CMakeFiles/PhysXSimulationControllerGpu.dir/home/juyoung/engine-deps/physx-107.3-omni/physx/source/gpusimulationcontroller/src/CUDA/FEMClothExternalSolve.cu.o
[ 28%] Building CXX object sdk_source_bin/CMakeFiles/PhysXCommon.dir/home/juyoung/engine-deps/physx-107.3-omni/physx/source/geomutils/src/GuInternal.cpp.o
[ 28%] Building CXX object sdk_source_bin/CMakeFiles/PhysXCharacterKinematic.dir/home/juyoung/engine-deps/physx-107.3-omni/physx/source/physxcharacterkinematic/src/CctController.cpp.o
[ 28%] Building CUDA object sdk_gpu_source_bin/CMakeFiles/PhysXNarrowphaseGpu.dir/home/juyoung/engine-deps/physx-107.3-omni/physx/source/gpunarrowphase/src/CUDA/cudaSphere.cu.o
[ 28%] Building CXX object sdk_source_bin/CMakeFiles/SimulationController.dir/home/juyoung/engine-deps/physx-107.3-omni/physx/source/simulationcontroller/src/ScArticulationMimicJointSim.cpp.o
[ 29%] Building CXX object sdk_source_bin/CMakeFiles/SimulationController.dir/home/juyoung/engine-deps/physx-107.3-omni/physx/source/simulationcontroller/src/ScBroadphase.cpp.o
[ 29%] Building CUDA object sdk_gpu_source_bin/CMakeFiles/PhysXNarrowphaseGpu.dir/home/juyoung/engine-deps/physx-107.3-omni/physx/source/gpunarrowphase/src/CUDA/cudaBox.cu.o
[ 30%] Building CXX object sdk_source_bin/CMakeFiles/PhysXCommon.dir/home/juyoung/engine-deps/physx-107.3-omni/physx/source/geomutils/src/GuMeshFactory.cpp.o
[ 30%] Building CUDA object sdk_gpu_source_bin/CMakeFiles/PhysXNarrowphaseGpu.dir/home/juyoung/engine-deps/physx-107.3-omni/physx/source/gpunarrowphase/src/CUDA/compressOutputContacts.cu.o
[ 30%] Building CXX object sdk_gpu_source_bin/CMakeFiles/PhysXSolverGpu.dir/home/juyoung/engine-deps/physx-107.3-omni/physx/source/gpusolver/src/PxgSolverCore.cpp.o
[ 30%] Building CUDA object sdk_gpu_source_bin/CMakeFiles/PhysXNarrowphaseGpu.dir/home/juyoung/engine-deps/physx-107.3-omni/physx/source/gpunarrowphase/src/CUDA/pairManagement.cu.o
[ 30%] Building CUDA object sdk_gpu_source_bin/CMakeFiles/PhysXSimulationControllerGpu.dir/home/juyoung/engine-deps/physx-107.3-omni/physx/source/gpusimulationcontroller/src/CUDA/rigidDeltaAccum.cu.o
[ 30%] Building CXX object sdk_source_bin/CMakeFiles/PhysXCommon.dir/home/juyoung/engine-deps/physx-107.3-omni/physx/source/geomutils/src/GuMTD.cpp.o
[ 31%] Building CXX object sdk_source_bin/CMakeFiles/LowLevel.dir/home/juyoung/engine-deps/physx-107.3-omni/physx/source/lowlevel/software/src/PxsDefaultMemoryManager.cpp.o
[ 31%] Building CXX object sdk_source_bin/CMakeFiles/SimulationController.dir/home/juyoung/engine-deps/physx-107.3-omni/physx/source/simulationcontroller/src/ScDeformableSurfaceCore.cpp.o
[ 31%] Building CXX object sdk_source_bin/CMakeFiles/PhysXCommon.dir/home/juyoung/engine-deps/physx-107.3-omni/physx/source/geomutils/src/GuOverlapTests.cpp.o
[ 31%] Building CXX object sdk_source_bin/CMakeFiles/LowLevel.dir/home/juyoung/engine-deps/physx-107.3-omni/physx/source/lowlevel/software/src/PxsIslandSim.cpp.o
[ 31%] Building CXX object sdk_source_bin/CMakeFiles/PhysXCommon.dir/home/juyoung/engine-deps/physx-107.3-omni/physx/source/geomutils/src/GuRaycastTests.cpp.o
[ 31%] Building CXX object sdk_source_bin/CMakeFiles/LowLevelDynamics.dir/home/juyoung/engine-deps/physx-107.3-omni/physx/source/lowleveldynamics/src/DyFrictionCorrelation.cpp.o
[ 31%] Building CXX object sdk_source_bin/CMakeFiles/PhysXCharacterKinematic.dir/home/juyoung/engine-deps/physx-107.3-omni/physx/source/physxcharacterkinematic/src/CctObstacleContext.cpp.o
[ 31%] Building CXX object sdk_gpu_source_bin/CMakeFiles/PhysXSolverGpu.dir/home/juyoung/engine-deps/physx-107.3-omni/physx/source/gpusolver/src/PxgDynamicsContext.cpp.o
[ 31%] Building CXX object sdk_source_bin/CMakeFiles/SimulationController.dir/home/juyoung/engine-deps/physx-107.3-omni/physx/source/simulationcontroller/src/ScDeformableSurfaceSim.cpp.o
[ 32%] Building CUDA object sdk_gpu_source_bin/CMakeFiles/PhysXSimulationControllerGpu.dir/home/juyoung/engine-deps/physx-107.3-omni/physx/source/gpusimulationcontroller/src/CUDA/diffuseParticles.cu.o
[ 32%] Building CXX object sdk_source_bin/CMakeFiles/SimulationController.dir/home/juyoung/engine-deps/physx-107.3-omni/physx/source/simulationcontroller/src/ScDeformableVolumeCore.cpp.o
[ 32%] Building CXX object sdk_source_bin/CMakeFiles/PhysXCharacterKinematic.dir/home/juyoung/engine-deps/physx-107.3-omni/physx/source/physxcharacterkinematic/src/CctSweptBox.cpp.o
[ 32%] Building CXX object sdk_source_bin/CMakeFiles/PhysXCommon.dir/home/juyoung/engine-deps/physx-107.3-omni/physx/source/geomutils/src/GuSweepMTD.cpp.o
[ 32%] Building CXX object sdk_source_bin/CMakeFiles/LowLevelDynamics.dir/home/juyoung/engine-deps/physx-107.3-omni/physx/source/lowleveldynamics/src/DyRigidBodyToSolverBody.cpp.o
[ 32%] Building CXX object sdk_source_bin/CMakeFiles/LowLevelDynamics.dir/home/juyoung/engine-deps/physx-107.3-omni/physx/source/lowleveldynamics/src/DySolverConstraints.cpp.o
[ 32%] Building CXX object sdk_source_bin/CMakeFiles/LowLevel.dir/home/juyoung/engine-deps/physx-107.3-omni/physx/source/lowlevel/software/src/PxsNphaseImplementationContext.cpp.o
[ 32%] Building CXX object sdk_source_bin/CMakeFiles/LowLevelDynamics.dir/home/juyoung/engine-deps/physx-107.3-omni/physx/source/lowleveldynamics/src/DySolverConstraintsBlock.cpp.o
[ 33%] Building CXX object sdk_source_bin/CMakeFiles/PhysXCharacterKinematic.dir/home/juyoung/engine-deps/physx-107.3-omni/physx/source/physxcharacterkinematic/src/CctSweptCapsule.cpp.o
[ 33%] Building CXX object sdk_source_bin/CMakeFiles/SimulationController.dir/home/juyoung/engine-deps/physx-107.3-omni/physx/source/simulationcontroller/src/ScDeformableVolumeSim.cpp.o
[ 33%] Building CUDA object sdk_gpu_source_bin/CMakeFiles/PhysXNarrowphaseGpu.dir/home/juyoung/engine-deps/physx-107.3-omni/physx/source/gpunarrowphase/src/CUDA/cudaParticleSystem.cu.o
[ 33%] Building CXX object sdk_source_bin/CMakeFiles/SimulationController.dir/home/juyoung/engine-deps/physx-107.3-omni/physx/source/simulationcontroller/src/ScFiltering.cpp.o
[ 33%] Building CXX object sdk_source_bin/CMakeFiles/PhysXCharacterKinematic.dir/home/juyoung/engine-deps/physx-107.3-omni/physx/source/physxcharacterkinematic/src/CctSweptVolume.cpp.o
[ 34%] Building CXX object sdk_source_bin/CMakeFiles/SimulationController.dir/home/juyoung/engine-deps/physx-107.3-omni/physx/source/simulationcontroller/src/ScParticleSystemCore.cpp.o
[ 34%] Building CXX object sdk_source_bin/CMakeFiles/SimulationController.dir/home/juyoung/engine-deps/physx-107.3-omni/physx/source/simulationcontroller/src/ScParticleSystemSim.cpp.o
[ 34%] Building CXX object sdk_source_bin/CMakeFiles/LowLevel.dir/home/juyoung/engine-deps/physx-107.3-omni/physx/source/lowlevel/software/src/PxsSimpleIslandManager.cpp.o
[ 34%] Building CXX object sdk_source_bin/CMakeFiles/SimulationController.dir/home/juyoung/engine-deps/physx-107.3-omni/physx/source/simulationcontroller/src/ScParticleSystemShapeCore.cpp.o
[ 34%] Building CXX object sdk_source_bin/CMakeFiles/SimulationController.dir/home/juyoung/engine-deps/physx-107.3-omni/physx/source/simulationcontroller/src/ScBodyCore.cpp.o
[ 34%] Linking CXX static library /home/juyoung/engine-deps/physx-107.3-omni/physx/bin/linux.x86_64/checked/libPhysXCharacterKinematic_static_64.a
[ 34%] Building CXX object sdk_gpu_source_bin/CMakeFiles/PhysXSolverGpu.dir/home/juyoung/engine-deps/physx-107.3-omni/physx/source/gpusolver/src/PxgTGSDynamicsContext.cpp.o
[ 34%] Built target PhysXCharacterKinematic
[ 34%] Building CXX object sdk_source_bin/CMakeFiles/PhysXCommon.dir/home/juyoung/engine-deps/physx-107.3-omni/physx/source/geomutils/src/GuSweepSharedTests.cpp.o
[ 35%] Building CUDA object sdk_gpu_source_bin/CMakeFiles/PhysXNarrowphaseGpu.dir/home/juyoung/engine-deps/physx-107.3-omni/physx/source/gpunarrowphase/src/CUDA/particleSystemMeshMidphase.cu.o
[ 35%] Building CUDA object sdk_gpu_source_bin/CMakeFiles/PhysXNarrowphaseGpu.dir/home/juyoung/engine-deps/physx-107.3-omni/physx/source/gpunarrowphase/src/CUDA/particleSystemHFMidPhaseCG.cu.o
[ 35%] Building CUDA object sdk_gpu_source_bin/CMakeFiles/PhysXNarrowphaseGpu.dir/home/juyoung/engine-deps/physx-107.3-omni/physx/source/gpunarrowphase/src/CUDA/softbodyMidPhase.cu.o
[ 35%] Building CXX object sdk_source_bin/CMakeFiles/SimulationController.dir/home/juyoung/engine-deps/physx-107.3-omni/physx/source/simulationcontroller/src/ScBodySim.cpp.o
[ 35%] Building CUDA object sdk_gpu_source_bin/CMakeFiles/PhysXSimulationControllerGpu.dir/home/juyoung/engine-deps/physx-107.3-omni/physx/source/gpusimulationcontroller/src/CUDA/isosurfaceExtraction.cu.o
[ 35%] Building CUDA object sdk_gpu_source_bin/CMakeFiles/PhysXSimulationControllerGpu.dir/home/juyoung/engine-deps/physx-107.3-omni/physx/source/gpusimulationcontroller/src/CUDA/anisotropy.cu.o
[ 35%] Building CXX object sdk_source_bin/CMakeFiles/SimulationController.dir/home/juyoung/engine-deps/physx-107.3-omni/physx/source/simulationcontroller/src/ScConstraintBreakage.cpp.o
[ 36%] Building CXX object sdk_source_bin/CMakeFiles/LowLevelDynamics.dir/home/juyoung/engine-deps/physx-107.3-omni/physx/source/lowleveldynamics/src/DySolverControl.cpp.o
[ 36%] Building CXX object sdk_source_bin/CMakeFiles/LowLevelDynamics.dir/home/juyoung/engine-deps/physx-107.3-omni/physx/source/lowleveldynamics/src/DyThreadContext.cpp.o
[ 36%] Building CUDA object sdk_gpu_source_bin/CMakeFiles/PhysXSimulationControllerGpu.dir/home/juyoung/engine-deps/physx-107.3-omni/physx/source/gpusimulationcontroller/src/CUDA/algorithms.cu.o
[ 37%] Building CXX object sdk_source_bin/CMakeFiles/PhysXCommon.dir/home/juyoung/engine-deps/physx-107.3-omni/physx/source/geomutils/src/GuSweepTests.cpp.o
[ 37%] Building CUDA object sdk_gpu_source_bin/CMakeFiles/PhysXNarrowphaseGpu.dir/home/juyoung/engine-deps/physx-107.3-omni/physx/source/gpunarrowphase/src/CUDA/softbodyPrimitives.cu.o
[ 37%] Building CXX object sdk_source_bin/CMakeFiles/LowLevelDynamics.dir/home/juyoung/engine-deps/physx-107.3-omni/physx/source/lowleveldynamics/src/DyThresholdTable.cpp.o
[ 37%] Building CXX object sdk_source_bin/CMakeFiles/LowLevelDynamics.dir/home/juyoung/engine-deps/physx-107.3-omni/physx/source/lowleveldynamics/src/DyTGSDynamics.cpp.o
[ 38%] Building CXX object sdk_source_bin/CMakeFiles/SimulationController.dir/home/juyoung/engine-deps/physx-107.3-omni/physx/source/simulationcontroller/src/ScConstraintCore.cpp.o
[ 38%] Building CXX object sdk_gpu_source_bin/CMakeFiles/PhysXSolverGpu.dir/home/juyoung/engine-deps/physx-107.3-omni/physx/source/gpusolver/src/PxgContext.cpp.o
[ 38%] Building CXX object sdk_source_bin/CMakeFiles/SimulationController.dir/home/juyoung/engine-deps/physx-107.3-omni/physx/source/simulationcontroller/src/ScConstraintInteraction.cpp.o
[ 38%] Building CXX object sdk_source_bin/CMakeFiles/PhysXCommon.dir/home/juyoung/engine-deps/physx-107.3-omni/physx/source/geomutils/src/GuSDF.cpp.o
[ 38%] Building CUDA object sdk_gpu_source_bin/CMakeFiles/PhysXNarrowphaseGpu.dir/home/juyoung/engine-deps/physx-107.3-omni/physx/source/gpunarrowphase/src/CUDA/softbodySoftbodyMidPhase.cu.o
[ 38%] Building CXX object sdk_source_bin/CMakeFiles/PhysXCommon.dir/home/juyoung/engine-deps/physx-107.3-omni/physx/source/geomutils/src/GuGjkQuery.cpp.o
[ 38%] Building CXX object sdk_source_bin/CMakeFiles/LowLevelDynamics.dir/home/juyoung/engine-deps/physx-107.3-omni/physx/source/lowleveldynamics/src/DyTGSContactPrep.cpp.o
[ 38%] Building CXX object sdk_source_bin/CMakeFiles/PhysXCommon.dir/home/juyoung/engine-deps/physx-107.3-omni/physx/source/geomutils/src/GuWindingNumber.cpp.o
[ 38%] Building CXX object sdk_gpu_source_bin/CMakeFiles/PhysXSolverGpu.dir/home/juyoung/engine-deps/physx-107.3-omni/physx/source/gpusolver/src/PxgSolver.cpp.o
[ 38%] Building CXX object sdk_source_bin/CMakeFiles/PhysXCommon.dir/home/juyoung/engine-deps/physx-107.3-omni/physx/source/geomutils/src/GuConvexGeometry.cpp.o
[ 38%] Building CXX object sdk_source_bin/CMakeFiles/PhysXCommon.dir/home/juyoung/engine-deps/physx-107.3-omni/physx/source/geomutils/src/GuConvexSupport.cpp.o
[ 38%] Building CXX object sdk_source_bin/CMakeFiles/SimulationController.dir/home/juyoung/engine-deps/physx-107.3-omni/physx/source/simulationcontroller/src/ScConstraintSim.cpp.o
[ 38%] Building CUDA object sdk_gpu_source_bin/CMakeFiles/PhysXNarrowphaseGpu.dir/home/juyoung/engine-deps/physx-107.3-omni/physx/source/gpunarrowphase/src/CUDA/softbodyHFMidPhase.cu.o
[ 38%] Building CUDA object sdk_gpu_source_bin/CMakeFiles/PhysXSimulationControllerGpu.dir/home/juyoung/engine-deps/physx-107.3-omni/physx/source/gpusimulationcontroller/src/CUDA/sparseGridStandalone.cu.o
[ 38%] Built target LowLevel
[ 38%] Building CUDA object sdk_gpu_source_bin/CMakeFiles/PhysXSimulationControllerGpu.dir/home/juyoung/engine-deps/physx-107.3-omni/physx/source/gpusimulationcontroller/src/CUDA/SDFConstruction.cu.o
[ 39%] Building CXX object sdk_gpu_source_bin/CMakeFiles/PhysXSimulationControllerGpu.dir/home/juyoung/engine-deps/physx-107.3-omni/physx/source/gpusimulationcontroller/src/PxgBodySimManager.cpp.o
[ 39%] Building CXX object sdk_gpu_source_bin/CMakeFiles/PhysXSimulationControllerGpu.dir/home/juyoung/engine-deps/physx-107.3-omni/physx/source/gpusimulationcontroller/src/PxgSimulationCore.cpp.o
[ 40%] Building CUDA object sdk_gpu_source_bin/CMakeFiles/PhysXNarrowphaseGpu.dir/home/juyoung/engine-deps/physx-107.3-omni/physx/source/gpunarrowphase/src/CUDA/femClothMidPhase.cu.o
[ 41%] Building CXX object sdk_source_bin/CMakeFiles/PhysXCommon.dir/home/juyoung/engine-deps/physx-107.3-omni/physx/source/geomutils/src/ccd/GuCCDSweepConvexMesh.cpp.o
[ 41%] Building CXX object sdk_source_bin/CMakeFiles/LowLevelDynamics.dir/home/juyoung/engine-deps/physx-107.3-omni/physx/source/lowleveldynamics/src/DyTGSContactPrepBlock.cpp.o
[ 41%] Building CXX object sdk_source_bin/CMakeFiles/LowLevelDynamics.dir/home/juyoung/engine-deps/physx-107.3-omni/physx/source/lowleveldynamics/src/DySolverCore.cpp.o
[ 41%] Building CXX object sdk_source_bin/CMakeFiles/PhysXCommon.dir/home/juyoung/engine-deps/physx-107.3-omni/physx/source/geomutils/src/ccd/GuCCDSweepPrimitives.cpp.o
[ 41%] Building CXX object sdk_source_bin/CMakeFiles/PhysXCommon.dir/home/juyoung/engine-deps/physx-107.3-omni/physx/source/geomutils/src/common/GuBarycentricCoordinates.cpp.o
[ 42%] Building CXX object sdk_source_bin/CMakeFiles/LowLevelDynamics.dir/home/juyoung/engine-deps/physx-107.3-omni/physx/source/lowleveldynamics/src/DySleep.cpp.o
[ 42%] Building CXX object sdk_source_bin/CMakeFiles/SimulationController.dir/home/juyoung/engine-deps/physx-107.3-omni/physx/source/simulationcontroller/src/ScElementInteractionMarker.cpp.o
[ 42%] Building CXX object sdk_source_bin/CMakeFiles/PhysXCommon.dir/home/juyoung/engine-deps/physx-107.3-omni/physx/source/geomutils/src/common/GuAdjacencies.cpp.o
[ 42%] Building CXX object sdk_source_bin/CMakeFiles/SimulationController.dir/home/juyoung/engine-deps/physx-107.3-omni/physx/source/simulationcontroller/src/ScElementSim.cpp.o
[ 42%] Building CXX object sdk_source_bin/CMakeFiles/SimulationController.dir/home/juyoung/engine-deps/physx-107.3-omni/physx/source/simulationcontroller/src/ScInteraction.cpp.o
[ 42%] Building CXX object sdk_source_bin/CMakeFiles/PhysXCommon.dir/home/juyoung/engine-deps/physx-107.3-omni/physx/source/geomutils/src/common/GuEdgeList.cpp.o
[ 42%] Building CUDA object sdk_gpu_source_bin/CMakeFiles/PhysXNarrowphaseGpu.dir/home/juyoung/engine-deps/physx-107.3-omni/physx/source/gpunarrowphase/src/CUDA/femClothPrimitives.cu.o
[ 42%] Building CXX object sdk_source_bin/CMakeFiles/PhysXCommon.dir/home/juyoung/engine-deps/physx-107.3-omni/physx/source/geomutils/src/common/GuSeparatingAxes.cpp.o
[ 42%] Building CXX object sdk_source_bin/CMakeFiles/PhysXCommon.dir/home/juyoung/engine-deps/physx-107.3-omni/physx/source/geomutils/src/common/GuQuantizer.cpp.o
[ 42%] Building CXX object sdk_gpu_source_bin/CMakeFiles/PhysXSimulationControllerGpu.dir/home/juyoung/engine-deps/physx-107.3-omni/physx/source/gpusimulationcontroller/src/PxgJointManager.cpp.o
[ 43%] Building CXX object sdk_source_bin/CMakeFiles/PhysXCommon.dir/home/juyoung/engine-deps/physx-107.3-omni/physx/source/geomutils/src/common/GuMeshCleaner.cpp.o
[ 43%] Building CXX object sdk_source_bin/CMakeFiles/SimulationController.dir/home/juyoung/engine-deps/physx-107.3-omni/physx/source/simulationcontroller/src/ScIterators.cpp.o
[ 43%] Building CUDA object sdk_gpu_source_bin/CMakeFiles/PhysXNarrowphaseGpu.dir/home/juyoung/engine-deps/physx-107.3-omni/physx/source/gpunarrowphase/src/CUDA/femClothHFMidPhase.cu.o
[ 43%] Building CUDA object sdk_gpu_source_bin/CMakeFiles/PhysXNarrowphaseGpu.dir/home/juyoung/engine-deps/physx-107.3-omni/physx/source/gpunarrowphase/src/CUDA/femClothClothMidPhase.cu.o
[ 43%] Building CXX object sdk_source_bin/CMakeFiles/PhysXCommon.dir/home/juyoung/engine-deps/physx-107.3-omni/physx/source/geomutils/src/common/GuVertexReducer.cpp.o
[ 43%] Building CXX object sdk_gpu_source_bin/CMakeFiles/PhysXSimulationControllerGpu.dir/home/juyoung/engine-deps/physx-107.3-omni/physx/source/gpusimulationcontroller/src/PxgShapeSimManager.cpp.o
[ 43%] Building CXX object sdk_source_bin/CMakeFiles/PhysXCommon.dir/home/juyoung/engine-deps/physx-107.3-omni/physx/source/geomutils/src/common/GuMeshAnalysis.cpp.o
[ 44%] Building CXX object sdk_source_bin/CMakeFiles/SimulationController.dir/home/juyoung/engine-deps/physx-107.3-omni/physx/source/simulationcontroller/src/ScKinematics.cpp.o
[ 44%] Building CXX object sdk_source_bin/CMakeFiles/SimulationController.dir/home/juyoung/engine-deps/physx-107.3-omni/physx/source/simulationcontroller/src/ScNPhaseCore.cpp.o
[ 44%] Building CXX object sdk_source_bin/CMakeFiles/SimulationController.dir/home/juyoung/engine-deps/physx-107.3-omni/physx/source/simulationcontroller/src/ScPhysics.cpp.o
[ 45%] Linking CXX static library /home/juyoung/engine-deps/physx-107.3-omni/physx/bin/linux.x86_64/checked/libPhysXSolverGpu_static_64.a
[ 45%] Building CXX object sdk_source_bin/CMakeFiles/PhysXCommon.dir/home/juyoung/engine-deps/physx-107.3-omni/physx/source/geomutils/src/contact/GuContactBoxBox.cpp.o
[ 45%] Building CXX object sdk_gpu_source_bin/CMakeFiles/PhysXSimulationControllerGpu.dir/home/juyoung/engine-deps/physx-107.3-omni/physx/source/gpusimulationcontroller/src/PxgSimulationController.cpp.o
[ 45%] Built target PhysXSolverGpu
[ 45%] Building CUDA object sdk_gpu_source_bin/CMakeFiles/PhysXNarrowphaseGpu.dir/home/juyoung/engine-deps/physx-107.3-omni/physx/source/gpunarrowphase/src/CUDA/trimeshCollision.cu.o
[ 45%] Building CXX object sdk_gpu_source_bin/CMakeFiles/PhysXNarrowphaseGpu.dir/home/juyoung/engine-deps/physx-107.3-omni/physx/source/gpunarrowphase/src/PxgGeometryManager.cpp.o
[ 45%] Building CXX object sdk_source_bin/CMakeFiles/PhysXCommon.dir/home/juyoung/engine-deps/physx-107.3-omni/physx/source/geomutils/src/contact/GuContactCapsuleBox.cpp.o
[ 45%] Building CXX object sdk_gpu_source_bin/CMakeFiles/PhysXNarrowphaseGpu.dir/home/juyoung/engine-deps/physx-107.3-omni/physx/source/gpunarrowphase/src/PxgNarrowphaseCore.cpp.o
[ 45%] Building CXX object sdk_gpu_source_bin/CMakeFiles/PhysXSimulationControllerGpu.dir/home/juyoung/engine-deps/physx-107.3-omni/physx/source/gpusimulationcontroller/src/PxgParticleSystemCore.cpp.o
[ 45%] Building CXX object sdk_source_bin/CMakeFiles/SimulationController.dir/home/juyoung/engine-deps/physx-107.3-omni/physx/source/simulationcontroller/src/ScRigidCore.cpp.o
[ 45%] Building CXX object sdk_source_bin/CMakeFiles/PhysXCommon.dir/home/juyoung/engine-deps/physx-107.3-omni/physx/source/geomutils/src/contact/GuContactCapsuleCapsule.cpp.o
[ 46%] Building CXX object sdk_gpu_source_bin/CMakeFiles/PhysXNarrowphaseGpu.dir/home/juyoung/engine-deps/physx-107.3-omni/physx/source/gpunarrowphase/src/PxgNarrowphase.cpp.o
[ 46%] Building CXX object sdk_gpu_source_bin/CMakeFiles/PhysXNarrowphaseGpu.dir/home/juyoung/engine-deps/physx-107.3-omni/physx/source/gpunarrowphase/src/PxgNphaseImplementationContext.cpp.o
[ 47%] Building CXX object sdk_source_bin/CMakeFiles/PhysXCommon.dir/home/juyoung/engine-deps/physx-107.3-omni/physx/source/geomutils/src/contact/GuContactCapsuleConvex.cpp.o
[ 48%] Building CXX object sdk_gpu_source_bin/CMakeFiles/PhysXSimulationControllerGpu.dir/home/juyoung/engine-deps/physx-107.3-omni/physx/source/gpusimulationcontroller/src/PxgPBDParticleSystemCore.cpp.o
[ 48%] Building CXX object sdk_source_bin/CMakeFiles/PhysXCommon.dir/home/juyoung/engine-deps/physx-107.3-omni/physx/source/geomutils/src/contact/GuContactCapsuleMesh.cpp.o
[ 48%] Building CXX object sdk_source_bin/CMakeFiles/SimulationController.dir/home/juyoung/engine-deps/physx-107.3-omni/physx/source/simulationcontroller/src/ScRigidSim.cpp.o
[ 48%] Building CXX object sdk_source_bin/CMakeFiles/SimulationController.dir/home/juyoung/engine-deps/physx-107.3-omni/physx/source/simulationcontroller/src/ScScene.cpp.o
[ 48%] Building CXX object sdk_source_bin/CMakeFiles/PhysXCommon.dir/home/juyoung/engine-deps/physx-107.3-omni/physx/source/geomutils/src/contact/GuContactConvexConvex.cpp.o
[ 48%] Building CXX object sdk_gpu_source_bin/CMakeFiles/PhysXNarrowphaseGpu.dir/home/juyoung/engine-deps/physx-107.3-omni/physx/source/gpunarrowphase/src/PxgShapeManager.cpp.o
[ 49%] Building CXX object sdk_source_bin/CMakeFiles/SimulationController.dir/home/juyoung/engine-deps/physx-107.3-omni/physx/source/simulationcontroller/src/ScCCD.cpp.o
[ 49%] Building CXX object sdk_gpu_source_bin/CMakeFiles/PhysXSimulationControllerGpu.dir/home/juyoung/engine-deps/physx-107.3-omni/physx/source/gpusimulationcontroller/src/PxgSoftBodyCore.cpp.o
[ 49%] Building CXX object sdk_gpu_source_bin/CMakeFiles/PhysXSimulationControllerGpu.dir/home/juyoung/engine-deps/physx-107.3-omni/physx/source/gpusimulationcontroller/src/PxgSoftBody.cpp.o
[ 49%] Building CXX object sdk_gpu_source_bin/CMakeFiles/PhysXSimulationControllerGpu.dir/home/juyoung/engine-deps/physx-107.3-omni/physx/source/gpusimulationcontroller/src/PxgFEMClothCore.cpp.o
[ 49%] Building CXX object sdk_source_bin/CMakeFiles/SimulationController.dir/home/juyoung/engine-deps/physx-107.3-omni/physx/source/simulationcontroller/src/ScShapeCore.cpp.o
[ 49%] Building CXX object sdk_source_bin/CMakeFiles/PhysXCommon.dir/home/juyoung/engine-deps/physx-107.3-omni/physx/source/geomutils/src/contact/GuContactConvexMesh.cpp.o
[ 49%] Built target LowLevelDynamics
[ 49%] Building CXX object sdk_source_bin/CMakeFiles/PhysXCommon.dir/home/juyoung/engine-deps/physx-107.3-omni/physx/source/geomutils/src/contact/GuContactConvexCoreMesh.cpp.o
[ 49%] Building CXX object sdk_source_bin/CMakeFiles/PhysXCommon.dir/home/juyoung/engine-deps/physx-107.3-omni/physx/source/geomutils/src/contact/GuContactConvexCoreConvex.cpp.o
[ 49%] Building CXX object sdk_gpu_source_bin/CMakeFiles/PhysXSimulationControllerGpu.dir/home/juyoung/engine-deps/physx-107.3-omni/physx/source/gpusimulationcontroller/src/PxgFEMCloth.cpp.o
[ 50%] Building CXX object sdk_source_bin/CMakeFiles/PhysXCommon.dir/home/juyoung/engine-deps/physx-107.3-omni/physx/source/geomutils/src/contact/GuContactPlaneConvexCore.cpp.o
[ 50%] Building CXX object sdk_source_bin/CMakeFiles/SimulationController.dir/home/juyoung/engine-deps/physx-107.3-omni/physx/source/simulationcontroller/src/ScShapeInteraction.cpp.o
[ 50%] Building CXX object sdk_source_bin/CMakeFiles/SimulationController.dir/home/juyoung/engine-deps/physx-107.3-omni/physx/source/simulationcontroller/src/ScShapeSim.cpp.o
[ 50%] Building CXX object sdk_source_bin/CMakeFiles/PhysXCommon.dir/home/juyoung/engine-deps/physx-107.3-omni/physx/source/geomutils/src/contact/GuContactPlaneBox.cpp.o
[ 50%] Building CXX object sdk_gpu_source_bin/CMakeFiles/PhysXSimulationControllerGpu.dir/home/juyoung/engine-deps/physx-107.3-omni/physx/source/gpusimulationcontroller/src/PxgNonRigidCoreCommon.cpp.o
[ 50%] Building CXX object sdk_source_bin/CMakeFiles/SimulationController.dir/home/juyoung/engine-deps/physx-107.3-omni/physx/source/simulationcontroller/src/ScShapeSimBase.cpp.o
[ 50%] Building CXX object sdk_gpu_source_bin/CMakeFiles/PhysXSimulationControllerGpu.dir/home/juyoung/engine-deps/physx-107.3-omni/physx/source/gpusimulationcontroller/src/PxgFEMCore.cpp.o
[ 50%] Building CXX object sdk_source_bin/CMakeFiles/PhysXCommon.dir/home/juyoung/engine-deps/physx-107.3-omni/physx/source/geomutils/src/contact/GuContactPlaneCapsule.cpp.o
[ 50%] Building CXX object sdk_source_bin/CMakeFiles/SimulationController.dir/home/juyoung/engine-deps/physx-107.3-omni/physx/source/simulationcontroller/src/ScSimStats.cpp.o
[ 51%] Building CXX object sdk_source_bin/CMakeFiles/SimulationController.dir/home/juyoung/engine-deps/physx-107.3-omni/physx/source/simulationcontroller/src/ScSimulationController.cpp.o
[ 52%] Building CXX object sdk_gpu_source_bin/CMakeFiles/PhysXSimulationControllerGpu.dir/home/juyoung/engine-deps/physx-107.3-omni/physx/source/gpusimulationcontroller/src/PxgRadixSortCore.cpp.o
[ 52%] Building CXX object sdk_source_bin/CMakeFiles/SimulationController.dir/home/juyoung/engine-deps/physx-107.3-omni/physx/source/simulationcontroller/src/ScSqBoundsManager.cpp.o
[ 52%] Building CXX object sdk_source_bin/CMakeFiles/SimulationController.dir/home/juyoung/engine-deps/physx-107.3-omni/physx/source/simulationcontroller/src/ScStaticCore.cpp.o
[ 52%] Building CXX object sdk_source_bin/CMakeFiles/SimulationController.dir/home/juyoung/engine-deps/physx-107.3-omni/physx/source/simulationcontroller/src/ScTriggerInteraction.cpp.o
[ 52%] Building CXX object sdk_gpu_source_bin/CMakeFiles/PhysXSimulationControllerGpu.dir/home/juyoung/engine-deps/physx-107.3-omni/physx/source/gpusimulationcontroller/src/PxgAlgorithms.cpp.o
[ 52%] Building CXX object sdk_gpu_source_bin/CMakeFiles/PhysXSimulationControllerGpu.dir/home/juyoung/engine-deps/physx-107.3-omni/physx/source/gpusimulationcontroller/src/PxgAnisotropy.cpp.o
[ 52%] Building CXX object sdk_gpu_source_bin/CMakeFiles/PhysXSimulationControllerGpu.dir/home/juyoung/engine-deps/physx-107.3-omni/physx/source/gpusimulationcontroller/src/PxgParticleNeighborhood.cpp.o
[ 52%] Building CXX object sdk_source_bin/CMakeFiles/SimulationController.dir/home/juyoung/engine-deps/physx-107.3-omni/physx/source/simulationcontroller/src/ScVisualize.cpp.o
[ 52%] Building CXX object sdk_source_bin/CMakeFiles/SimulationController.dir/home/juyoung/engine-deps/physx-107.3-omni/physx/source/simulationcontroller/src/ScSleep.cpp.o
[ 52%] Building CXX object sdk_gpu_source_bin/CMakeFiles/PhysXSimulationControllerGpu.dir/home/juyoung/engine-deps/physx-107.3-omni/physx/source/gpusimulationcontroller/src/PxgSmoothing.cpp.o
[ 52%] Building CXX object sdk_source_bin/CMakeFiles/PhysXCommon.dir/home/juyoung/engine-deps/physx-107.3-omni/physx/source/geomutils/src/contact/GuContactPlaneConvex.cpp.o
[ 52%] Building CXX object sdk_gpu_source_bin/CMakeFiles/PhysXSimulationControllerGpu.dir/home/juyoung/engine-deps/physx-107.3-omni/physx/source/gpusimulationcontroller/src/PxgSparseGridStandalone.cpp.o
[ 52%] Building CXX object sdk_source_bin/CMakeFiles/PhysXCommon.dir/home/juyoung/engine-deps/physx-107.3-omni/physx/source/geomutils/src/contact/GuContactPlaneMesh.cpp.o
[ 53%] Building CXX object sdk_gpu_source_bin/CMakeFiles/PhysXSimulationControllerGpu.dir/home/juyoung/engine-deps/physx-107.3-omni/physx/source/gpusimulationcontroller/src/PxgIsosurfaceExtraction.cpp.o
[ 53%] Building CXX object sdk_gpu_source_bin/CMakeFiles/PhysXSimulationControllerGpu.dir/home/juyoung/engine-deps/physx-107.3-omni/physx/source/gpusimulationcontroller/src/PxgArrayConverter.cpp.o
[ 54%] Building CXX object sdk_source_bin/CMakeFiles/SimulationController.dir/home/juyoung/engine-deps/physx-107.3-omni/physx/source/simulationcontroller/src/ScPipeline.cpp.o
[ 54%] Building CXX object sdk_gpu_source_bin/CMakeFiles/PhysXSimulationControllerGpu.dir/home/juyoung/engine-deps/physx-107.3-omni/physx/source/gpusimulationcontroller/src/PxgSDFBuilder.cpp.o
[ 54%] Building CXX object sdk_source_bin/CMakeFiles/PhysXCommon.dir/home/juyoung/engine-deps/physx-107.3-omni/physx/source/geomutils/src/contact/GuContactMeshMesh.cpp.o
[ 54%] Building CXX object sdk_source_bin/CMakeFiles/PhysXCommon.dir/home/juyoung/engine-deps/physx-107.3-omni/physx/source/geomutils/src/contact/GuContactPolygonPolygon.cpp.o
[ 55%] Building CXX object sdk_source_bin/CMakeFiles/PhysXCommon.dir/home/juyoung/engine-deps/physx-107.3-omni/physx/source/geomutils/src/contact/GuContactSphereBox.cpp.o
[ 55%] Building CXX object sdk_source_bin/CMakeFiles/PhysXCommon.dir/home/juyoung/engine-deps/physx-107.3-omni/physx/source/geomutils/src/contact/GuContactSphereCapsule.cpp.o
[ 55%] Building CXX object sdk_source_bin/CMakeFiles/PhysXCommon.dir/home/juyoung/engine-deps/physx-107.3-omni/physx/source/geomutils/src/contact/GuContactSphereMesh.cpp.o
[ 55%] Building CXX object sdk_source_bin/CMakeFiles/PhysXCommon.dir/home/juyoung/engine-deps/physx-107.3-omni/physx/source/geomutils/src/contact/GuContactSpherePlane.cpp.o
[ 55%] Building CXX object sdk_source_bin/CMakeFiles/PhysXCommon.dir/home/juyoung/engine-deps/physx-107.3-omni/physx/source/geomutils/src/contact/GuContactSphereSphere.cpp.o
[ 55%] Building CXX object sdk_gpu_source_bin/CMakeFiles/PhysXSimulationControllerGpu.dir/home/juyoung/engine-deps/physx-107.3-omni/physx/source/gpusimulationcontroller/src/PxgDeformableSkinning.cpp.o
[ 55%] Building CXX object sdk_source_bin/CMakeFiles/PhysXCommon.dir/home/juyoung/engine-deps/physx-107.3-omni/physx/source/geomutils/src/contact/GuContactCustomGeometry.cpp.o
[ 56%] Building CXX object sdk_source_bin/CMakeFiles/PhysXCommon.dir/home/juyoung/engine-deps/physx-107.3-omni/physx/source/geomutils/src/contact/GuFeatureCode.cpp.o
[ 56%] Building CXX object sdk_source_bin/CMakeFiles/PhysXCommon.dir/home/juyoung/engine-deps/physx-107.3-omni/physx/source/geomutils/src/convex/GuBigConvexData.cpp.o
[ 56%] Building CXX object sdk_source_bin/CMakeFiles/PhysXCommon.dir/home/juyoung/engine-deps/physx-107.3-omni/physx/source/geomutils/src/convex/GuConvexHelper.cpp.o
[ 56%] Building CXX object sdk_source_bin/CMakeFiles/PhysXCommon.dir/home/juyoung/engine-deps/physx-107.3-omni/physx/source/geomutils/src/convex/GuConvexMesh.cpp.o
[ 56%] Building CXX object sdk_source_bin/CMakeFiles/PhysXCommon.dir/home/juyoung/engine-deps/physx-107.3-omni/physx/source/geomutils/src/convex/GuConvexSupportTable.cpp.o
[ 56%] Building CXX object sdk_source_bin/CMakeFiles/PhysXCommon.dir/home/juyoung/engine-deps/physx-107.3-omni/physx/source/geomutils/src/convex/GuConvexUtilsInternal.cpp.o
[ 57%] Building CXX object sdk_source_bin/CMakeFiles/PhysXCommon.dir/home/juyoung/engine-deps/physx-107.3-omni/physx/source/geomutils/src/convex/GuHillClimbing.cpp.o
[ 57%] Building CXX object sdk_source_bin/CMakeFiles/PhysXCommon.dir/home/juyoung/engine-deps/physx-107.3-omni/physx/source/geomutils/src/convex/GuShapeConvex.cpp.o
[ 57%] Building CXX object sdk_source_bin/CMakeFiles/PhysXCommon.dir/home/juyoung/engine-deps/physx-107.3-omni/physx/source/geomutils/src/distance/GuDistancePointBox.cpp.o
[ 57%] Building CXX object sdk_source_bin/CMakeFiles/PhysXCommon.dir/home/juyoung/engine-deps/physx-107.3-omni/physx/source/geomutils/src/distance/GuDistancePointTriangle.cpp.o
[ 57%] Building CXX object sdk_source_bin/CMakeFiles/PhysXCommon.dir/home/juyoung/engine-deps/physx-107.3-omni/physx/source/geomutils/src/distance/GuDistanceSegmentBox.cpp.o
[ 57%] Building CXX object sdk_source_bin/CMakeFiles/PhysXCommon.dir/home/juyoung/engine-deps/physx-107.3-omni/physx/source/geomutils/src/distance/GuDistanceSegmentSegment.cpp.o
[ 58%] Building CXX object sdk_source_bin/CMakeFiles/PhysXCommon.dir/home/juyoung/engine-deps/physx-107.3-omni/physx/source/geomutils/src/distance/GuDistanceSegmentTriangle.cpp.o
[ 58%] Building CXX object sdk_source_bin/CMakeFiles/PhysXCommon.dir/home/juyoung/engine-deps/physx-107.3-omni/physx/source/geomutils/src/gjk/GuEPA.cpp.o
[ 58%] Building CXX object sdk_source_bin/CMakeFiles/PhysXCommon.dir/home/juyoung/engine-deps/physx-107.3-omni/physx/source/geomutils/src/distance/GuDistanceTriangleTriangle.cpp.o
[ 58%] Building CXX object sdk_source_bin/CMakeFiles/PhysXCommon.dir/home/juyoung/engine-deps/physx-107.3-omni/physx/source/geomutils/src/distance/GuDistancePointTetrahedron.cpp.o
[ 58%] Building CXX object sdk_source_bin/CMakeFiles/PhysXCommon.dir/home/juyoung/engine-deps/physx-107.3-omni/physx/source/geomutils/src/gjk/GuGJKSimplex.cpp.o
[ 58%] Building CXX object sdk_source_bin/CMakeFiles/PhysXCommon.dir/home/juyoung/engine-deps/physx-107.3-omni/physx/source/geomutils/src/gjk/GuGJKTest.cpp.o
[ 58%] Building CXX object sdk_source_bin/CMakeFiles/PhysXCommon.dir/home/juyoung/engine-deps/physx-107.3-omni/physx/source/geomutils/src/hf/GuHeightField.cpp.o
[ 59%] Building CXX object sdk_source_bin/CMakeFiles/PhysXCommon.dir/home/juyoung/engine-deps/physx-107.3-omni/physx/source/geomutils/src/hf/GuHeightFieldUtil.cpp.o
[ 59%] Building CXX object sdk_source_bin/CMakeFiles/PhysXCommon.dir/home/juyoung/engine-deps/physx-107.3-omni/physx/source/geomutils/src/hf/GuSweepsHF.cpp.o
[ 59%] Building CXX object sdk_source_bin/CMakeFiles/PhysXCommon.dir/home/juyoung/engine-deps/physx-107.3-omni/physx/source/geomutils/src/hf/GuOverlapTestsHF.cpp.o
[ 59%] Building CXX object sdk_source_bin/CMakeFiles/PhysXCommon.dir/home/juyoung/engine-deps/physx-107.3-omni/physx/source/geomutils/src/intersection/GuIntersectionBoxBox.cpp.o
[ 59%] Building CXX object sdk_source_bin/CMakeFiles/PhysXCommon.dir/home/juyoung/engine-deps/physx-107.3-omni/physx/source/geomutils/src/intersection/GuIntersectionCapsuleTriangle.cpp.o
[ 60%] Building CXX object sdk_source_bin/CMakeFiles/PhysXCommon.dir/home/juyoung/engine-deps/physx-107.3-omni/physx/source/geomutils/src/intersection/GuIntersectionRayBox.cpp.o
[ 60%] Building CXX object sdk_source_bin/CMakeFiles/PhysXCommon.dir/home/juyoung/engine-deps/physx-107.3-omni/physx/source/geomutils/src/intersection/GuIntersectionEdgeEdge.cpp.o
[ 60%] Building CXX object sdk_source_bin/CMakeFiles/PhysXCommon.dir/home/juyoung/engine-deps/physx-107.3-omni/physx/source/geomutils/src/intersection/GuIntersectionRayCapsule.cpp.o
[ 60%] Building CXX object sdk_source_bin/CMakeFiles/PhysXCommon.dir/home/juyoung/engine-deps/physx-107.3-omni/physx/source/geomutils/src/intersection/GuIntersectionRaySphere.cpp.o
[ 60%] Building CXX object sdk_source_bin/CMakeFiles/PhysXCommon.dir/home/juyoung/engine-deps/physx-107.3-omni/physx/source/geomutils/src/intersection/GuIntersectionSphereBox.cpp.o
[ 60%] Building CXX object sdk_source_bin/CMakeFiles/PhysXCommon.dir/home/juyoung/engine-deps/physx-107.3-omni/physx/source/geomutils/src/intersection/GuIntersectionTetrahedronBox.cpp.o
[ 60%] Building CXX object sdk_source_bin/CMakeFiles/PhysXCommon.dir/home/juyoung/engine-deps/physx-107.3-omni/physx/source/geomutils/src/intersection/GuIntersectionTriangleBox.cpp.o
[ 61%] Building CXX object sdk_source_bin/CMakeFiles/PhysXCommon.dir/home/juyoung/engine-deps/physx-107.3-omni/physx/source/geomutils/src/intersection/GuIntersectionTriangleTriangle.cpp.o
[ 61%] Building CXX object sdk_source_bin/CMakeFiles/PhysXCommon.dir/home/juyoung/engine-deps/physx-107.3-omni/physx/source/geomutils/src/mesh/GuBV4Build.cpp.o
[ 61%] Building CXX object sdk_source_bin/CMakeFiles/PhysXCommon.dir/home/juyoung/engine-deps/physx-107.3-omni/physx/source/geomutils/src/mesh/GuBV4.cpp.o
[ 61%] Building CXX object sdk_source_bin/CMakeFiles/PhysXCommon.dir/home/juyoung/engine-deps/physx-107.3-omni/physx/source/geomutils/src/mesh/GuBV4_AABBSweep.cpp.o
[ 61%] Building CXX object sdk_source_bin/CMakeFiles/PhysXCommon.dir/home/juyoung/engine-deps/physx-107.3-omni/physx/source/geomutils/src/mesh/GuBV4_BoxOverlap.cpp.o
[ 61%] Building CXX object sdk_source_bin/CMakeFiles/PhysXCommon.dir/home/juyoung/engine-deps/physx-107.3-omni/physx/source/geomutils/src/mesh/GuBV4_CapsuleSweep.cpp.o
[ 61%] Building CXX object sdk_source_bin/CMakeFiles/PhysXCommon.dir/home/juyoung/engine-deps/physx-107.3-omni/physx/source/geomutils/src/mesh/GuBV4_CapsuleSweepAA.cpp.o
[ 62%] Building CXX object sdk_source_bin/CMakeFiles/PhysXCommon.dir/home/juyoung/engine-deps/physx-107.3-omni/physx/source/geomutils/src/mesh/GuBV4_MeshMeshOverlap.cpp.o
[ 62%] Building CXX object sdk_source_bin/CMakeFiles/PhysXCommon.dir/home/juyoung/engine-deps/physx-107.3-omni/physx/source/geomutils/src/mesh/GuBV4_SphereOverlap.cpp.o
[ 62%] Building CXX object sdk_source_bin/CMakeFiles/PhysXCommon.dir/home/juyoung/engine-deps/physx-107.3-omni/physx/source/geomutils/src/mesh/GuBV4_OBBSweep.cpp.o
[ 62%] Building CXX object sdk_source_bin/CMakeFiles/PhysXCommon.dir/home/juyoung/engine-deps/physx-107.3-omni/physx/source/geomutils/src/mesh/GuBV4_Raycast.cpp.o
[ 62%] Building CXX object sdk_source_bin/CMakeFiles/PhysXCommon.dir/home/juyoung/engine-deps/physx-107.3-omni/physx/source/geomutils/src/mesh/GuBV4_SphereSweep.cpp.o
[ 62%] Building CXX object sdk_source_bin/CMakeFiles/PhysXCommon.dir/home/juyoung/engine-deps/physx-107.3-omni/physx/source/geomutils/src/mesh/GuMidphaseBV4.cpp.o
[ 63%] Building CXX object sdk_source_bin/CMakeFiles/PhysXCommon.dir/home/juyoung/engine-deps/physx-107.3-omni/physx/source/geomutils/src/mesh/GuMeshQuery.cpp.o
[ 63%] Building CXX object sdk_source_bin/CMakeFiles/PhysXCommon.dir/home/juyoung/engine-deps/physx-107.3-omni/physx/source/geomutils/src/mesh/GuMidphaseRTree.cpp.o
[ 63%] Building CXX object sdk_source_bin/CMakeFiles/PhysXCommon.dir/home/juyoung/engine-deps/physx-107.3-omni/physx/source/geomutils/src/mesh/GuOverlapTestsMesh.cpp.o
[ 63%] Linking CXX static library /home/juyoung/engine-deps/physx-107.3-omni/physx/bin/linux.x86_64/checked/libPhysXSimulationControllerGpu_static_64.a
[ 63%] Building CXX object sdk_source_bin/CMakeFiles/PhysXCommon.dir/home/juyoung/engine-deps/physx-107.3-omni/physx/source/geomutils/src/mesh/GuRTree.cpp.o
[ 63%] Building CXX object sdk_source_bin/CMakeFiles/PhysXCommon.dir/home/juyoung/engine-deps/physx-107.3-omni/physx/source/geomutils/src/mesh/GuRTreeQueries.cpp.o
[ 63%] Building CXX object sdk_source_bin/CMakeFiles/PhysXCommon.dir/home/juyoung/engine-deps/physx-107.3-omni/physx/source/geomutils/src/mesh/GuSweepsMesh.cpp.o
[ 64%] Building CXX object sdk_source_bin/CMakeFiles/PhysXCommon.dir/home/juyoung/engine-deps/physx-107.3-omni/physx/source/geomutils/src/mesh/GuTriangleMesh.cpp.o
[ 64%] Building CXX object sdk_source_bin/CMakeFiles/PhysXCommon.dir/home/juyoung/engine-deps/physx-107.3-omni/physx/source/geomutils/src/mesh/GuTriangleMeshBV4.cpp.o
[ 64%] Built target PhysXSimulationControllerGpu
[ 64%] Building CXX object sdk_source_bin/CMakeFiles/PhysXCommon.dir/home/juyoung/engine-deps/physx-107.3-omni/physx/source/geomutils/src/mesh/GuTriangleMeshRTree.cpp.o
[ 64%] Building CXX object sdk_source_bin/CMakeFiles/PhysXCommon.dir/home/juyoung/engine-deps/physx-107.3-omni/physx/source/geomutils/src/mesh/GuBV32.cpp.o
[ 64%] Building CXX object sdk_source_bin/CMakeFiles/PhysXCommon.dir/home/juyoung/engine-deps/physx-107.3-omni/physx/source/geomutils/src/mesh/GuBV32Build.cpp.o
[ 64%] Building CXX object sdk_source_bin/CMakeFiles/PhysXCommon.dir/home/juyoung/engine-deps/physx-107.3-omni/physx/source/geomutils/src/mesh/GuTetrahedronMesh.cpp.o
[ 65%] Building CXX object sdk_source_bin/CMakeFiles/PhysXCommon.dir/home/juyoung/engine-deps/physx-107.3-omni/physx/source/geomutils/src/mesh/GuTetrahedronMeshUtils.cpp.o
[ 65%] Building CXX object sdk_source_bin/CMakeFiles/PhysXCommon.dir/home/juyoung/engine-deps/physx-107.3-omni/physx/source/geomutils/src/pcm/GuPCMContactBoxBox.cpp.o
[ 65%] Building CXX object sdk_source_bin/CMakeFiles/PhysXCommon.dir/home/juyoung/engine-deps/physx-107.3-omni/physx/source/geomutils/src/pcm/GuPCMContactBoxConvex.cpp.o
[ 65%] Building CXX object sdk_source_bin/CMakeFiles/PhysXCommon.dir/home/juyoung/engine-deps/physx-107.3-omni/physx/source/geomutils/src/pcm/GuPCMContactCapsuleBox.cpp.o
[ 65%] Building CXX object sdk_source_bin/CMakeFiles/PhysXCommon.dir/home/juyoung/engine-deps/physx-107.3-omni/physx/source/geomutils/src/pcm/GuPCMContactCapsuleCapsule.cpp.o
[ 65%] Building CXX object sdk_source_bin/CMakeFiles/PhysXCommon.dir/home/juyoung/engine-deps/physx-107.3-omni/physx/source/geomutils/src/pcm/GuPCMContactCapsuleConvex.cpp.o
[ 65%] Building CXX object sdk_source_bin/CMakeFiles/PhysXCommon.dir/home/juyoung/engine-deps/physx-107.3-omni/physx/source/geomutils/src/pcm/GuPCMContactCapsuleHeightField.cpp.o
[ 66%] Building CXX object sdk_source_bin/CMakeFiles/PhysXCommon.dir/home/juyoung/engine-deps/physx-107.3-omni/physx/source/geomutils/src/pcm/GuPCMContactCapsuleMesh.cpp.o
[ 66%] Building CXX object sdk_source_bin/CMakeFiles/PhysXCommon.dir/home/juyoung/engine-deps/physx-107.3-omni/physx/source/geomutils/src/pcm/GuPCMContactConvexCommon.cpp.o
[ 66%] Building CXX object sdk_source_bin/CMakeFiles/PhysXCommon.dir/home/juyoung/engine-deps/physx-107.3-omni/physx/source/geomutils/src/pcm/GuPCMContactConvexConvex.cpp.o
[ 66%] Building CXX object sdk_source_bin/CMakeFiles/PhysXCommon.dir/home/juyoung/engine-deps/physx-107.3-omni/physx/source/geomutils/src/pcm/GuPCMContactConvexHeightField.cpp.o
[ 66%] Building CXX object sdk_source_bin/CMakeFiles/PhysXCommon.dir/home/juyoung/engine-deps/physx-107.3-omni/physx/source/geomutils/src/pcm/GuPCMContactConvexMesh.cpp.o
[ 66%] Building CXX object sdk_source_bin/CMakeFiles/PhysXCommon.dir/home/juyoung/engine-deps/physx-107.3-omni/physx/source/geomutils/src/pcm/GuPCMContactGenBoxConvex.cpp.o
[ 67%] Building CXX object sdk_source_bin/CMakeFiles/PhysXCommon.dir/home/juyoung/engine-deps/physx-107.3-omni/physx/source/geomutils/src/pcm/GuPCMContactGenSphereCapsule.cpp.o
[ 67%] Building CXX object sdk_source_bin/CMakeFiles/PhysXCommon.dir/home/juyoung/engine-deps/physx-107.3-omni/physx/source/geomutils/src/pcm/GuPCMContactPlaneBox.cpp.o
[ 67%] Building CXX object sdk_source_bin/CMakeFiles/PhysXCommon.dir/home/juyoung/engine-deps/physx-107.3-omni/physx/source/geomutils/src/pcm/GuPCMContactPlaneCapsule.cpp.o
[ 67%] Building CXX object sdk_source_bin/CMakeFiles/PhysXCommon.dir/home/juyoung/engine-deps/physx-107.3-omni/physx/source/geomutils/src/pcm/GuPCMContactPlaneConvex.cpp.o
[ 67%] Building CXX object sdk_source_bin/CMakeFiles/PhysXCommon.dir/home/juyoung/engine-deps/physx-107.3-omni/physx/source/geomutils/src/pcm/GuPCMContactSphereBox.cpp.o
[ 67%] Building CXX object sdk_source_bin/CMakeFiles/PhysXCommon.dir/home/juyoung/engine-deps/physx-107.3-omni/physx/source/geomutils/src/pcm/GuPCMContactSphereCapsule.cpp.o
[ 68%] Building CXX object sdk_source_bin/CMakeFiles/PhysXCommon.dir/home/juyoung/engine-deps/physx-107.3-omni/physx/source/geomutils/src/pcm/GuPCMContactSphereConvex.cpp.o
[ 68%] Building CXX object sdk_source_bin/CMakeFiles/PhysXCommon.dir/home/juyoung/engine-deps/physx-107.3-omni/physx/source/geomutils/src/pcm/GuPCMContactSphereHeightField.cpp.o
[ 68%] Building CXX object sdk_source_bin/CMakeFiles/PhysXCommon.dir/home/juyoung/engine-deps/physx-107.3-omni/physx/source/geomutils/src/pcm/GuPCMContactSphereMesh.cpp.o
[ 68%] Building CXX object sdk_source_bin/CMakeFiles/PhysXCommon.dir/home/juyoung/engine-deps/physx-107.3-omni/physx/source/geomutils/src/pcm/GuPCMContactSpherePlane.cpp.o
[ 68%] Building CXX object sdk_source_bin/CMakeFiles/PhysXCommon.dir/home/juyoung/engine-deps/physx-107.3-omni/physx/source/geomutils/src/pcm/GuPCMContactSphereSphere.cpp.o
[ 68%] Building CXX object sdk_source_bin/CMakeFiles/PhysXCommon.dir/home/juyoung/engine-deps/physx-107.3-omni/physx/source/geomutils/src/pcm/GuPCMContactCustomGeometry.cpp.o
[ 68%] Building CXX object sdk_source_bin/CMakeFiles/PhysXCommon.dir/home/juyoung/engine-deps/physx-107.3-omni/physx/source/geomutils/src/pcm/GuPCMShapeConvex.cpp.o
[ 69%] Building CXX object sdk_source_bin/CMakeFiles/PhysXCommon.dir/home/juyoung/engine-deps/physx-107.3-omni/physx/source/geomutils/src/pcm/GuPCMTriangleContactGen.cpp.o
[ 69%] Building CXX object sdk_source_bin/CMakeFiles/PhysXCommon.dir/home/juyoung/engine-deps/physx-107.3-omni/physx/source/geomutils/src/pcm/GuPersistentContactManifold.cpp.o
[ 69%] Building CXX object sdk_source_bin/CMakeFiles/PhysXCommon.dir/home/juyoung/engine-deps/physx-107.3-omni/physx/source/geomutils/src/pcm/GuPCMContactGenUtil.cpp.o
[ 69%] Building CXX object sdk_source_bin/CMakeFiles/PhysXCommon.dir/home/juyoung/engine-deps/physx-107.3-omni/physx/source/geomutils/src/sweep/GuSweepBoxBox.cpp.o
[ 69%] Building CXX object sdk_source_bin/CMakeFiles/PhysXCommon.dir/home/juyoung/engine-deps/physx-107.3-omni/physx/source/geomutils/src/sweep/GuSweepBoxSphere.cpp.o
[ 69%] Building CXX object sdk_source_bin/CMakeFiles/PhysXCommon.dir/home/juyoung/engine-deps/physx-107.3-omni/physx/source/geomutils/src/sweep/GuSweepBoxTriangle_FeatureBased.cpp.o
[ 70%] Building CXX object sdk_source_bin/CMakeFiles/PhysXCommon.dir/home/juyoung/engine-deps/physx-107.3-omni/physx/source/geomutils/src/sweep/GuSweepBoxTriangle_SAT.cpp.o
[ 70%] Building CXX object sdk_source_bin/CMakeFiles/PhysXCommon.dir/home/juyoung/engine-deps/physx-107.3-omni/physx/source/geomutils/src/sweep/GuSweepCapsuleBox.cpp.o
[ 70%] Building CXX object sdk_source_bin/CMakeFiles/PhysXCommon.dir/home/juyoung/engine-deps/physx-107.3-omni/physx/source/geomutils/src/sweep/GuSweepCapsuleCapsule.cpp.o
[ 70%] Building CXX object sdk_source_bin/CMakeFiles/PhysXCommon.dir/home/juyoung/engine-deps/physx-107.3-omni/physx/source/geomutils/src/sweep/GuSweepCapsuleTriangle.cpp.o
[ 70%] Building CXX object sdk_source_bin/CMakeFiles/PhysXCommon.dir/home/juyoung/engine-deps/physx-107.3-omni/physx/source/geomutils/src/sweep/GuSweepSphereCapsule.cpp.o
[ 70%] Building CXX object sdk_source_bin/CMakeFiles/PhysXCommon.dir/home/juyoung/engine-deps/physx-107.3-omni/physx/source/geomutils/src/sweep/GuSweepSphereSphere.cpp.o
[ 71%] Building CXX object sdk_source_bin/CMakeFiles/PhysXCommon.dir/home/juyoung/engine-deps/physx-107.3-omni/physx/source/geomutils/src/sweep/GuSweepSphereTriangle.cpp.o
[ 71%] Building CXX object sdk_source_bin/CMakeFiles/PhysXCommon.dir/home/juyoung/engine-deps/physx-107.3-omni/physx/source/geomutils/src/sweep/GuSweepTriangleUtils.cpp.o
[ 71%] Building CXX object sdk_source_bin/CMakeFiles/PhysXCommon.dir/home/juyoung/engine-deps/physx-107.3-omni/physx/source/geomutils/src/GuBounds.cpp.o
[ 71%] Building CXX object sdk_source_bin/CMakeFiles/PhysXCommon.dir/home/juyoung/engine-deps/physx-107.3-omni/physx/source/geomutils/src/GuAABBTree.cpp.o
[ 71%] Building CXX object sdk_source_bin/CMakeFiles/PhysXCommon.dir/home/juyoung/engine-deps/physx-107.3-omni/physx/source/geomutils/src/GuAABBTreeUpdateMap.cpp.o
[ 71%] Building CXX object sdk_source_bin/CMakeFiles/PhysXCommon.dir/home/juyoung/engine-deps/physx-107.3-omni/physx/source/geomutils/src/GuSqInternal.cpp.o
[ 72%] Building CXX object sdk_source_bin/CMakeFiles/PhysXCommon.dir/home/juyoung/engine-deps/physx-107.3-omni/physx/source/geomutils/src/GuIncrementalAABBTree.cpp.o
[ 72%] Building CXX object sdk_source_bin/CMakeFiles/PhysXCommon.dir/home/juyoung/engine-deps/physx-107.3-omni/physx/source/geomutils/src/GuSAH.cpp.o
[ 72%] Building CXX object sdk_source_bin/CMakeFiles/PhysXCommon.dir/home/juyoung/engine-deps/physx-107.3-omni/physx/source/geomutils/src/GuBVH.cpp.o
[ 72%] Building CXX object sdk_source_bin/CMakeFiles/PhysXCommon.dir/home/juyoung/engine-deps/physx-107.3-omni/physx/source/geomutils/src/GuIncrementalAABBPrunerCore.cpp.o
[ 72%] Building CXX object sdk_source_bin/CMakeFiles/PhysXCommon.dir/home/juyoung/engine-deps/physx-107.3-omni/physx/source/geomutils/src/GuIncrementalAABBPruner.cpp.o
[ 72%] Building CXX object sdk_source_bin/CMakeFiles/PhysXCommon.dir/home/juyoung/engine-deps/physx-107.3-omni/physx/source/geomutils/src/GuPruningPool.cpp.o
[ 72%] Building CXX object sdk_source_bin/CMakeFiles/PhysXCommon.dir/home/juyoung/engine-deps/physx-107.3-omni/physx/source/geomutils/src/GuBucketPruner.cpp.o
[ 73%] Building CXX object sdk_source_bin/CMakeFiles/PhysXCommon.dir/home/juyoung/engine-deps/physx-107.3-omni/physx/source/geomutils/src/GuMaverickNode.cpp.o
[ 73%] Building CXX object sdk_source_bin/CMakeFiles/PhysXCommon.dir/home/juyoung/engine-deps/physx-107.3-omni/physx/source/geomutils/src/GuExtendedBucketPruner.cpp.o
[ 73%] Building CXX object sdk_source_bin/CMakeFiles/PhysXCommon.dir/home/juyoung/engine-deps/physx-107.3-omni/physx/source/geomutils/src/GuSecondaryPruner.cpp.o
[ 73%] Building CXX object sdk_source_bin/CMakeFiles/PhysXCommon.dir/home/juyoung/engine-deps/physx-107.3-omni/physx/source/geomutils/src/GuAABBPruner.cpp.o
[ 73%] Building CXX object sdk_source_bin/CMakeFiles/PhysXCommon.dir/home/juyoung/engine-deps/physx-107.3-omni/physx/source/geomutils/src/GuActorShapeMap.cpp.o
[ 73%] Built target SimulationController
[ 73%] Building CXX object sdk_source_bin/CMakeFiles/PhysXCommon.dir/home/juyoung/engine-deps/physx-107.3-omni/physx/source/geomutils/src/GuQuerySystem.cpp.o
[ 74%] Building CXX object sdk_source_bin/CMakeFiles/PhysXCommon.dir/home/juyoung/engine-deps/physx-107.3-omni/physx/source/geomutils/src/GuFactory.cpp.o
[ 74%] Building CXX object sdk_source_bin/CMakeFiles/PhysXCommon.dir/home/juyoung/engine-deps/physx-107.3-omni/physx/source/geomutils/src/cooking/GuRTreeCooking.cpp.o
[ 74%] Building CXX object sdk_source_bin/CMakeFiles/PhysXCommon.dir/home/juyoung/engine-deps/physx-107.3-omni/physx/source/geomutils/src/cooking/GuCookingBVH.cpp.o
[ 74%] Building CXX object sdk_source_bin/CMakeFiles/PhysXCommon.dir/home/juyoung/engine-deps/physx-107.3-omni/physx/source/geomutils/src/cooking/GuCookingHF.cpp.o
[ 74%] Building CXX object sdk_source_bin/CMakeFiles/PhysXCommon.dir/home/juyoung/engine-deps/physx-107.3-omni/physx/source/geomutils/src/cooking/GuCookingConvexMesh.cpp.o
[ 74%] Building CXX object sdk_source_bin/CMakeFiles/PhysXCommon.dir/home/juyoung/engine-deps/physx-107.3-omni/physx/source/geomutils/src/cooking/GuCookingTriangleMesh.cpp.o
[ 75%] Building CXX object sdk_source_bin/CMakeFiles/PhysXCommon.dir/home/juyoung/engine-deps/physx-107.3-omni/physx/source/geomutils/src/cooking/GuCookingTetrahedronMesh.cpp.o
[ 75%] Building CXX object sdk_source_bin/CMakeFiles/PhysXCommon.dir/home/juyoung/engine-deps/physx-107.3-omni/physx/source/geomutils/src/cooking/GuCookingVolumeIntegration.cpp.o
[ 75%] Building CXX object sdk_source_bin/CMakeFiles/PhysXCommon.dir/home/juyoung/engine-deps/physx-107.3-omni/physx/source/geomutils/src/cooking/GuCookingQuickHullConvexHullLib.cpp.o
[ 75%] Building CXX object sdk_source_bin/CMakeFiles/PhysXCommon.dir/home/juyoung/engine-deps/physx-107.3-omni/physx/source/geomutils/src/cooking/GuCookingConvexPolygonsBuilder.cpp.o
[ 75%] Building CXX object sdk_source_bin/CMakeFiles/PhysXCommon.dir/home/juyoung/engine-deps/physx-107.3-omni/physx/source/geomutils/src/cooking/GuCookingConvexMeshBuilder.cpp.o
[ 75%] Building CXX object sdk_source_bin/CMakeFiles/PhysXCommon.dir/home/juyoung/engine-deps/physx-107.3-omni/physx/source/geomutils/src/cooking/GuCookingConvexHullUtils.cpp.o
[ 76%] Building CXX object sdk_source_bin/CMakeFiles/PhysXCommon.dir/home/juyoung/engine-deps/physx-107.3-omni/physx/source/geomutils/src/cooking/GuCookingConvexHullLib.cpp.o
[ 76%] Building CXX object sdk_source_bin/CMakeFiles/PhysXCommon.dir/home/juyoung/engine-deps/physx-107.3-omni/physx/source/geomutils/src/cooking/GuCookingConvexHullBuilder.cpp.o
[ 76%] Building CXX object sdk_source_bin/CMakeFiles/PhysXCommon.dir/home/juyoung/engine-deps/physx-107.3-omni/physx/source/geomutils/src/cooking/GuCookingBigConvexDataBuilder.cpp.o
[ 76%] Building CXX object sdk_source_bin/CMakeFiles/PhysXCommon.dir/home/juyoung/engine-deps/physx-107.3-omni/physx/source/geomutils/src/cooking/GuCookingSDF.cpp.o
[ 76%] Linking CXX static library /home/juyoung/engine-deps/physx-107.3-omni/physx/bin/linux.x86_64/checked/libPhysXArticulationGpu_static_64.a
[ 76%] Built target PhysXArticulationGpu
[ 76%] Linking CXX static library /home/juyoung/engine-deps/physx-107.3-omni/physx/bin/linux.x86_64/checked/libPhysXCommon_static_64.a
[ 76%] Built target PhysXCommon
[ 76%] Building CXX object sdk_source_bin/CMakeFiles/PhysXCooking.dir/home/juyoung/engine-deps/physx-107.3-omni/physx/source/physxcooking/src/Cooking.cpp.o
[ 76%] Building CXX object sdk_source_bin/CMakeFiles/PhysXPvdSDK.dir/home/juyoung/engine-deps/physx-107.3-omni/physx/source/pvd/src/PxPvd.cpp.o
[ 76%] Building CXX object sdk_source_bin/CMakeFiles/PhysXPvdSDK.dir/home/juyoung/engine-deps/physx-107.3-omni/physx/source/pvd/src/PxProfileEventImpl.cpp.o
[ 77%] Building CXX object sdk_source_bin/CMakeFiles/PhysXPvdSDK.dir/home/juyoung/engine-deps/physx-107.3-omni/physx/source/pvd/src/PxPvdDataStream.cpp.o
[ 78%] Building CXX object sdk_source_bin/CMakeFiles/PhysXPvdSDK.dir/home/juyoung/engine-deps/physx-107.3-omni/physx/source/pvd/src/PxPvdMemClient.cpp.o
[ 78%] Building CXX object sdk_source_bin/CMakeFiles/PhysXPvdSDK.dir/home/juyoung/engine-deps/physx-107.3-omni/physx/source/pvd/src/PxPvdObjectRegistrar.cpp.o
[ 78%] Building CXX object sdk_source_bin/CMakeFiles/PhysXPvdSDK.dir/home/juyoung/engine-deps/physx-107.3-omni/physx/source/pvd/src/PxPvdUserRenderer.cpp.o
[ 78%] Building CXX object sdk_source_bin/CMakeFiles/PhysXPvdSDK.dir/home/juyoung/engine-deps/physx-107.3-omni/physx/source/pvd/src/PxPvdProfileZoneClient.cpp.o
[ 78%] Building CXX object sdk_source_bin/CMakeFiles/PhysXPvdSDK.dir/home/juyoung/engine-deps/physx-107.3-omni/physx/source/pvd/src/PxPvdDefaultFileTransport.cpp.o
[ 78%] Building CXX object sdk_source_bin/CMakeFiles/PhysXPvdSDK.dir/home/juyoung/engine-deps/physx-107.3-omni/physx/source/pvd/src/PxPvdDefaultSocketTransport.cpp.o
[ 78%] Building CXX object sdk_source_bin/CMakeFiles/PhysXPvdSDK.dir/home/juyoung/engine-deps/physx-107.3-omni/physx/source/pvd/src/PxPvdImpl.cpp.o
[ 78%] Building CXX object sdk_source_bin/CMakeFiles/PhysXPvdSDK.dir/home/juyoung/engine-deps/physx-107.3-omni/physx/source/pvd/src/PxPvdObjectModelMetaData.cpp.o
[ 78%] Linking CXX static library /home/juyoung/engine-deps/physx-107.3-omni/physx/bin/linux.x86_64/checked/libPhysXCooking_static_64.a
[ 78%] Built target PhysXCooking
[ 78%] Linking CXX static library /home/juyoung/engine-deps/physx-107.3-omni/physx/bin/linux.x86_64/checked/libPhysXPvdSDK_static_64.a
[ 78%] Built target PhysXPvdSDK
[ 79%] Building CXX object sdk_source_bin/CMakeFiles/PhysX.dir/home/juyoung/engine-deps/physx-107.3-omni/physx/source/physx/src/omnipvd/NpOmniPvdRegistrationData.cpp.o
[ 79%] Building CXX object sdk_source_bin/CMakeFiles/PhysX.dir/home/juyoung/engine-deps/physx-107.3-omni/physx/source/physx/src/omnipvd/NpOmniPvdMetaData.cpp.o
[ 79%] Building CXX object sdk_source_bin/CMakeFiles/PhysX.dir/home/juyoung/engine-deps/physx-107.3-omni/physx/source/physx/src/omnipvd/NpOmniPvd.cpp.o
[ 79%] Building CXX object sdk_source_bin/CMakeFiles/PhysX.dir/home/juyoung/engine-deps/physx-107.3-omni/physx/source/physx/src/omnipvd/OmniPvdPxSampler.cpp.o
[ 79%] Building CXX object sdk_source_bin/CMakeFiles/PhysX.dir/home/juyoung/engine-deps/physx-107.3-omni/physx/source/physx/src/omnipvd/OmniPvdChunkAlloc.cpp.o
[ 79%] Building CXX object sdk_source_bin/CMakeFiles/PhysX.dir/home/juyoung/engine-deps/physx-107.3-omni/physx/source/physx/src/PvdMetaDataPvdBinding.cpp.o
[ 79%] Building CXX object sdk_source_bin/CMakeFiles/PhysX.dir/home/juyoung/engine-deps/physx-107.3-omni/physx/source/physxmetadata/core/src/PxAutoGeneratedMetaDataObjects.cpp.o
[ 80%] Building CXX object sdk_source_bin/CMakeFiles/PhysX.dir/home/juyoung/engine-deps/physx-107.3-omni/physx/source/physx/src/omnipvd/NpOmniPvdSimulationControllerCallbacks.cpp.o
[ 80%] Building CXX object sdk_source_bin/CMakeFiles/PhysX.dir/home/juyoung/engine-deps/physx-107.3-omni/physx/source/physx/src/NpPvdSceneClient.cpp.o
[ 80%] Building CXX object sdk_source_bin/CMakeFiles/PhysX.dir/home/juyoung/engine-deps/physx-107.3-omni/physx/source/physx/src/PvdPhysicsClient.cpp.o
[ 80%] Building CXX object sdk_source_bin/CMakeFiles/PhysX.dir/home/juyoung/engine-deps/physx-107.3-omni/physx/source/physxmetadata/core/src/PxMetaDataObjects.cpp.o
[ 80%] Building CXX object sdk_source_bin/CMakeFiles/PhysX.dir/home/juyoung/engine-deps/physx-107.3-omni/physx/source/physx/src/NpPvdSceneQueryCollector.cpp.o
[ 80%] Building CXX object sdk_source_bin/CMakeFiles/PhysX.dir/home/juyoung/engine-deps/physx-107.3-omni/physx/source/physx/src/NpActor.cpp.o
[ 80%] Building CXX object sdk_source_bin/CMakeFiles/PhysX.dir/home/juyoung/engine-deps/physx-107.3-omni/physx/source/physx/src/NpDeformableAttachment.cpp.o
[ 80%] Building CXX object sdk_source_bin/CMakeFiles/PhysX.dir/home/juyoung/engine-deps/physx-107.3-omni/physx/source/physx/src/NpPBDParticleSystem.cpp.o
[ 81%] Building CXX object sdk_source_bin/CMakeFiles/PhysX.dir/home/juyoung/engine-deps/physx-107.3-omni/physx/source/physx/src/NpDeformableElementFilter.cpp.o
[ 81%] Building CXX object sdk_source_bin/CMakeFiles/PhysX.dir/home/juyoung/engine-deps/physx-107.3-omni/physx/source/physx/src/NpAggregate.cpp.o
[ 81%] Building CXX object sdk_source_bin/CMakeFiles/PhysX.dir/home/juyoung/engine-deps/physx-107.3-omni/physx/source/physx/src/NpDeformableSurface.cpp.o
[ 82%] Building CXX object sdk_source_bin/CMakeFiles/PhysX.dir/home/juyoung/engine-deps/physx-107.3-omni/physx/source/physx/src/NpParticleBuffer.cpp.o
[ 82%] Building CXX object sdk_source_bin/CMakeFiles/PhysX.dir/home/juyoung/engine-deps/physx-107.3-omni/physx/source/physx/src/NpDeformableVolume.cpp.o
[ 82%] Building CXX object sdk_source_bin/CMakeFiles/PhysX.dir/home/juyoung/engine-deps/physx-107.3-omni/physx/source/physx/src/NpConstraint.cpp.o
[ 82%] Building CXX object sdk_source_bin/CMakeFiles/PhysX.dir/home/juyoung/engine-deps/physx-107.3-omni/physx/source/physx/src/NpFactory.cpp.o
[ 82%] Building CXX object sdk_source_bin/CMakeFiles/PhysX.dir/home/juyoung/engine-deps/physx-107.3-omni/physx/source/physx/src/NpPhysics.cpp.o
[ 82%] Building CXX object sdk_source_bin/CMakeFiles/PhysX.dir/home/juyoung/engine-deps/physx-107.3-omni/physx/source/physx/src/NpRigidStatic.cpp.o
[ 83%] Building CXX object sdk_source_bin/CMakeFiles/PhysX.dir/home/juyoung/engine-deps/physx-107.3-omni/physx/source/physx/src/NpPruningStructure.cpp.o
[ 83%] Building CXX object sdk_source_bin/CMakeFiles/PhysX.dir/home/juyoung/engine-deps/physx-107.3-omni/physx/source/physx/src/NpCheck.cpp.o
[ 83%] Building CXX object sdk_source_bin/CMakeFiles/PhysX.dir/home/juyoung/engine-deps/physx-107.3-omni/physx/source/physx/src/NpRigidDynamic.cpp.o
[ 83%] Building CXX object sdk_source_bin/CMakeFiles/PhysX.dir/home/juyoung/engine-deps/physx-107.3-omni/physx/source/physx/src/NpBounds.cpp.o
[ 83%] Building CXX object sdk_source_bin/CMakeFiles/PhysX.dir/home/juyoung/engine-deps/physx-107.3-omni/physx/source/physx/src/NpScene.cpp.o
[ 83%] Building CXX object sdk_source_bin/CMakeFiles/PhysX.dir/home/juyoung/engine-deps/physx-107.3-omni/physx/source/physx/src/NpSceneFetchResults.cpp.o
[ 83%] Building CXX object sdk_source_bin/CMakeFiles/PhysX.dir/home/juyoung/engine-deps/physx-107.3-omni/physx/source/physx/src/NpSceneQueries.cpp.o
[ 83%] Building CXX object sdk_source_bin/CMakeFiles/PhysX.dir/home/juyoung/engine-deps/physx-107.3-omni/physx/source/physx/src/NpSerializerAdapter.cpp.o
[ 84%] Building CXX object sdk_source_bin/CMakeFiles/PhysX.dir/home/juyoung/engine-deps/physx-107.3-omni/physx/source/physx/src/NpShape.cpp.o
[ 84%] Building CXX object sdk_source_bin/CMakeFiles/PhysX.dir/home/juyoung/engine-deps/physx-107.3-omni/physx/source/physx/src/NpShapeManager.cpp.o
[ 84%] Building CXX object sdk_source_bin/CMakeFiles/PhysX.dir/home/juyoung/engine-deps/physx-107.3-omni/physx/source/physx/src/NpDebugViz.cpp.o
[ 84%] Building CXX object sdk_source_bin/CMakeFiles/PhysX.dir/home/juyoung/engine-deps/physx-107.3-omni/physx/source/physx/src/NpDirectGPUAPI.cpp.o
[ 84%] Building CXX object sdk_source_bin/CMakeFiles/PhysX.dir/home/juyoung/engine-deps/physx-107.3-omni/physx/source/immediatemode/src/NpImmediateMode.cpp.o
[ 84%] Building CXX object sdk_source_bin/CMakeFiles/PhysX.dir/home/juyoung/engine-deps/physx-107.3-omni/physx/source/physx/src/NpMaterial.cpp.o
[ 85%] Building CXX object sdk_source_bin/CMakeFiles/PhysX.dir/home/juyoung/engine-deps/physx-107.3-omni/physx/source/physx/src/NpDeformableSurfaceMaterial.cpp.o
[ 85%] Building CXX object sdk_source_bin/CMakeFiles/PhysX.dir/home/juyoung/engine-deps/physx-107.3-omni/physx/source/physx/src/NpDeformableVolumeMaterial.cpp.o
[ 85%] Building CXX object sdk_source_bin/CMakeFiles/PhysX.dir/home/juyoung/engine-deps/physx-107.3-omni/physx/source/physx/src/NpPBDMaterial.cpp.o
[ 85%] Building CXX object sdk_source_bin/CMakeFiles/PhysX.dir/home/juyoung/engine-deps/physx-107.3-omni/physx/source/physx/src/NpArticulationReducedCoordinate.cpp.o
[ 85%] Building CXX object sdk_source_bin/CMakeFiles/PhysX.dir/home/juyoung/engine-deps/physx-107.3-omni/physx/source/physx/src/NpArticulationJointReducedCoordinate.cpp.o
[ 85%] Building CXX object sdk_source_bin/CMakeFiles/PhysX.dir/home/juyoung/engine-deps/physx-107.3-omni/physx/source/physx/src/NpArticulationLink.cpp.o
[ 86%] Building CXX object sdk_source_bin/CMakeFiles/PhysX.dir/home/juyoung/engine-deps/physx-107.3-omni/physx/source/physx/src/NpArticulationTendon.cpp.o
[ 86%] Building CXX object sdk_source_bin/CMakeFiles/PhysX.dir/home/juyoung/engine-deps/physx-107.3-omni/physx/source/physx/src/NpArticulationMimicJoint.cpp.o
[ 86%] Building CXX object sdk_source_bin/CMakeFiles/PhysX.dir/home/juyoung/engine-deps/physx-107.3-omni/physx/source/physx/src/gpu/PxGpu.cpp.o
[ 86%] Building CXX object sdk_source_bin/CMakeFiles/PhysX.dir/home/juyoung/engine-deps/physx-107.3-omni/physx/source/physx/src/gpu/PxPhysXGpuModuleLoader.cpp.o
[ 86%] Linking CXX static library /home/juyoung/engine-deps/physx-107.3-omni/physx/bin/linux.x86_64/checked/libPhysX_static_64.a
[ 86%] Built target PhysX
[ 87%] Building CXX object sdk_source_bin/CMakeFiles/PhysXExtensions.dir/home/juyoung/engine-deps/physx-107.3-omni/physx/source/physxextensions/src/ExtBroadPhase.cpp.o
[ 87%] Building CXX object sdk_source_bin/CMakeFiles/PhysXExtensions.dir/home/juyoung/engine-deps/physx-107.3-omni/physx/source/physxextensions/src/ExtDefaultErrorCallback.cpp.o
[ 87%] Building CXX object sdk_source_bin/CMakeFiles/PhysXExtensions.dir/home/juyoung/engine-deps/physx-107.3-omni/physx/source/physxextensions/src/ExtCpuWorkerThread.cpp.o
[ 87%] Building CXX object sdk_source_bin/CMakeFiles/PhysXExtensions.dir/home/juyoung/engine-deps/physx-107.3-omni/physx/source/physxextensions/src/ExtConvexMeshExt.cpp.o
[ 87%] Building CXX object sdk_source_bin/CMakeFiles/PhysXExtensions.dir/home/juyoung/engine-deps/physx-107.3-omni/physx/source/physxextensions/src/ExtDefaultCpuDispatcher.cpp.o
[ 87%] Building CXX object sdk_source_bin/CMakeFiles/PhysXExtensions.dir/home/juyoung/engine-deps/physx-107.3-omni/physx/source/physxextensions/src/ExtDefaultSimulationFilterShader.cpp.o
[ 88%] Building CXX object sdk_source_bin/CMakeFiles/PhysXExtensions.dir/home/juyoung/engine-deps/physx-107.3-omni/physx/source/physxextensions/src/ExtRigidBodyExt.cpp.o
[ 88%] Building CXX object sdk_source_bin/CMakeFiles/PhysXExtensions.dir/home/juyoung/engine-deps/physx-107.3-omni/physx/source/physxextensions/src/ExtPvd.cpp.o
[ 88%] Building CXX object sdk_source_bin/CMakeFiles/PhysXExtensions.dir/home/juyoung/engine-deps/physx-107.3-omni/physx/source/physxextensions/src/ExtPxStringTable.cpp.o
[ 88%] Building CXX object sdk_source_bin/CMakeFiles/PhysXExtensions.dir/home/juyoung/engine-deps/physx-107.3-omni/physx/source/physxextensions/src/ExtExtensions.cpp.o
[ 88%] Building CXX object sdk_source_bin/CMakeFiles/PhysXExtensions.dir/home/juyoung/engine-deps/physx-107.3-omni/physx/source/physxextensions/src/ExtDefaultStreams.cpp.o
[ 88%] Building CXX object sdk_source_bin/CMakeFiles/PhysXExtensions.dir/home/juyoung/engine-deps/physx-107.3-omni/physx/source/physxextensions/src/ExtDefaultProfiler.cpp.o
[ 88%] Building CXX object sdk_source_bin/CMakeFiles/PhysXExtensions.dir/home/juyoung/engine-deps/physx-107.3-omni/physx/source/physxextensions/src/ExtRaycastCCD.cpp.o
[ 89%] Building CXX object sdk_source_bin/CMakeFiles/PhysXExtensions.dir/home/juyoung/engine-deps/physx-107.3-omni/physx/source/physxextensions/src/ExtCustomSceneQuerySystem.cpp.o
[ 89%] Building CXX object sdk_source_bin/CMakeFiles/PhysXExtensions.dir/home/juyoung/engine-deps/physx-107.3-omni/physx/source/physxextensions/src/ExtRigidActorExt.cpp.o
[ 89%] Building CXX object sdk_source_bin/CMakeFiles/PhysXExtensions.dir/home/juyoung/engine-deps/physx-107.3-omni/physx/source/physxextensions/src/ExtSceneQueryExt.cpp.o
[ 89%] Building CXX object sdk_source_bin/CMakeFiles/PhysXExtensions.dir/home/juyoung/engine-deps/physx-107.3-omni/physx/source/physxextensions/src/ExtSceneQuerySystem.cpp.o
[ 89%] Building CXX object sdk_source_bin/CMakeFiles/PhysXExtensions.dir/home/juyoung/engine-deps/physx-107.3-omni/physx/source/physxextensions/src/ExtSqQuery.cpp.o
[ 89%] Building CXX object sdk_source_bin/CMakeFiles/PhysXExtensions.dir/home/juyoung/engine-deps/physx-107.3-omni/physx/source/physxextensions/src/ExtSimpleFactory.cpp.o
[ 90%] Building CXX object sdk_source_bin/CMakeFiles/PhysXExtensions.dir/home/juyoung/engine-deps/physx-107.3-omni/physx/source/physxextensions/src/ExtDeformableSurfaceExt.cpp.o
[ 90%] Building CXX object sdk_source_bin/CMakeFiles/PhysXExtensions.dir/home/juyoung/engine-deps/physx-107.3-omni/physx/source/physxextensions/src/ExtDeformableVolumeExt.cpp.o
[ 90%] Building CXX object sdk_source_bin/CMakeFiles/PhysXExtensions.dir/home/juyoung/engine-deps/physx-107.3-omni/physx/source/physxextensions/src/ExtSmoothNormals.cpp.o
[ 90%] Building CXX object sdk_source_bin/CMakeFiles/PhysXExtensions.dir/home/juyoung/engine-deps/physx-107.3-omni/physx/source/physxextensions/src/ExtCollection.cpp.o
[ 90%] Building CXX object sdk_source_bin/CMakeFiles/PhysXExtensions.dir/home/juyoung/engine-deps/physx-107.3-omni/physx/source/physxextensions/src/ExtSqManager.cpp.o
[ 90%] Building CXX object sdk_source_bin/CMakeFiles/PhysXExtensions.dir/home/juyoung/engine-deps/physx-107.3-omni/physx/source/physxextensions/src/ExtTetrahedronMeshExt.cpp.o
[ 90%] Building CXX object sdk_source_bin/CMakeFiles/PhysXExtensions.dir/home/juyoung/engine-deps/physx-107.3-omni/physx/source/physxextensions/src/ExtTriangleMeshExt.cpp.o
[ 90%] Building CXX object sdk_source_bin/CMakeFiles/PhysXExtensions.dir/home/juyoung/engine-deps/physx-107.3-omni/physx/source/physxextensions/src/ExtRemeshingExt.cpp.o
[ 90%] Building CXX object sdk_source_bin/CMakeFiles/PhysXExtensions.dir/home/juyoung/engine-deps/physx-107.3-omni/physx/source/physxextensions/src/ExtSampling.cpp.o
[ 90%] Building CXX object sdk_source_bin/CMakeFiles/PhysXExtensions.dir/home/juyoung/engine-deps/physx-107.3-omni/physx/source/physxextensions/src/ExtTetMakerExt.cpp.o
[ 91%] Building CXX object sdk_source_bin/CMakeFiles/PhysXExtensions.dir/home/juyoung/engine-deps/physx-107.3-omni/physx/source/physxextensions/src/ExtGjkQueryExt.cpp.o
[ 91%] Building CXX object sdk_source_bin/CMakeFiles/PhysXExtensions.dir/home/juyoung/engine-deps/physx-107.3-omni/physx/source/physxextensions/src/ExtCustomGeometryExt.cpp.o
[ 91%] Building CXX object sdk_source_bin/CMakeFiles/PhysXExtensions.dir/home/juyoung/engine-deps/physx-107.3-omni/physx/source/physxextensions/src/ExtConvexCoreExt.cpp.o
[ 91%] Building CXX object sdk_source_bin/CMakeFiles/PhysXExtensions.dir/home/juyoung/engine-deps/physx-107.3-omni/physx/source/physxextensions/src/ExtDeformableSkinning.cpp.o
[ 91%] Building CXX object sdk_source_bin/CMakeFiles/PhysXExtensions.dir/home/juyoung/engine-deps/physx-107.3-omni/physx/source/physxextensions/src/ExtParticleExt.cpp.o
[ 91%] Building CXX object sdk_source_bin/CMakeFiles/PhysXExtensions.dir/home/juyoung/engine-deps/physx-107.3-omni/physx/source/physxextensions/src/ExtParticleClothCooker.cpp.o
[ 92%] Building CXX object sdk_source_bin/CMakeFiles/PhysXExtensions.dir/home/juyoung/engine-deps/physx-107.3-omni/physx/source/physxextensions/src/tet/ExtUtilities.cpp.o
[ 92%] Building CXX object sdk_source_bin/CMakeFiles/PhysXExtensions.dir/home/juyoung/engine-deps/physx-107.3-omni/physx/source/physxextensions/src/tet/ExtTetUnionFind.cpp.o
[ 92%] Building CXX object sdk_source_bin/CMakeFiles/PhysXExtensions.dir/home/juyoung/engine-deps/physx-107.3-omni/physx/source/physxextensions/src/tet/ExtDelaunayBoundaryInserter.cpp.o
[ 92%] Building CXX object sdk_source_bin/CMakeFiles/PhysXExtensions.dir/home/juyoung/engine-deps/physx-107.3-omni/physx/source/physxextensions/src/tet/ExtDelaunayTetrahedralizer.cpp.o
[ 92%] Building CXX object sdk_source_bin/CMakeFiles/PhysXExtensions.dir/home/juyoung/engine-deps/physx-107.3-omni/physx/source/physxextensions/src/tet/ExtTetSplitting.cpp.o
[ 92%] Building CXX object sdk_source_bin/CMakeFiles/PhysXExtensions.dir/home/juyoung/engine-deps/physx-107.3-omni/physx/source/physxextensions/src/tet/ExtFastWindingNumber.cpp.o
[ 93%] Building CXX object sdk_source_bin/CMakeFiles/PhysXExtensions.dir/home/juyoung/engine-deps/physx-107.3-omni/physx/source/physxextensions/src/tet/ExtMeshSimplificator.cpp.o
[ 93%] Building CXX object sdk_source_bin/CMakeFiles/PhysXExtensions.dir/home/juyoung/engine-deps/physx-107.3-omni/physx/source/physxextensions/src/tet/ExtBVH.cpp.o
[ 93%] Building CXX object sdk_source_bin/CMakeFiles/PhysXExtensions.dir/home/juyoung/engine-deps/physx-107.3-omni/physx/source/physxextensions/src/tet/ExtRemesher.cpp.o
[ 93%] Building CXX object sdk_source_bin/CMakeFiles/PhysXExtensions.dir/home/juyoung/engine-deps/physx-107.3-omni/physx/source/physxextensions/src/tet/ExtInsideTester.cpp.o
[ 93%] Building CXX object sdk_source_bin/CMakeFiles/PhysXExtensions.dir/home/juyoung/engine-deps/physx-107.3-omni/physx/source/physxextensions/src/tet/ExtVoxelTetrahedralizer.cpp.o
[ 93%] Building CXX object sdk_source_bin/CMakeFiles/PhysXExtensions.dir/home/juyoung/engine-deps/physx-107.3-omni/physx/source/physxextensions/src/tet/ExtOctreeTetrahedralizer.cpp.o
[ 93%] Building CXX object sdk_source_bin/CMakeFiles/PhysXExtensions.dir/home/juyoung/engine-deps/physx-107.3-omni/physx/source/physxextensions/src/ExtGearJoint.cpp.o
[ 94%] Building CXX object sdk_source_bin/CMakeFiles/PhysXExtensions.dir/home/juyoung/engine-deps/physx-107.3-omni/physx/source/physxextensions/src/ExtRackAndPinionJoint.cpp.o
[ 94%] Building CXX object sdk_source_bin/CMakeFiles/PhysXExtensions.dir/home/juyoung/engine-deps/physx-107.3-omni/physx/source/physxextensions/src/ExtD6Joint.cpp.o
[ 94%] Building CXX object sdk_source_bin/CMakeFiles/PhysXExtensions.dir/home/juyoung/engine-deps/physx-107.3-omni/physx/source/physxextensions/src/ExtD6JointCreate.cpp.o
[ 94%] Building CXX object sdk_source_bin/CMakeFiles/PhysXExtensions.dir/home/juyoung/engine-deps/physx-107.3-omni/physx/source/physxextensions/src/ExtDistanceJoint.cpp.o
[ 94%] Building CXX object sdk_source_bin/CMakeFiles/PhysXExtensions.dir/home/juyoung/engine-deps/physx-107.3-omni/physx/source/physxextensions/src/ExtFixedJoint.cpp.o
[ 94%] Building CXX object sdk_source_bin/CMakeFiles/PhysXExtensions.dir/home/juyoung/engine-deps/physx-107.3-omni/physx/source/physxextensions/src/ExtJoint.cpp.o
[ 95%] Building CXX object sdk_source_bin/CMakeFiles/PhysXExtensions.dir/home/juyoung/engine-deps/physx-107.3-omni/physx/source/physxextensions/src/ExtPrismaticJoint.cpp.o
[ 95%] Building CXX object sdk_source_bin/CMakeFiles/PhysXExtensions.dir/home/juyoung/engine-deps/physx-107.3-omni/physx/source/physxextensions/src/ExtRevoluteJoint.cpp.o
[ 95%] Building CXX object sdk_source_bin/CMakeFiles/PhysXExtensions.dir/home/juyoung/engine-deps/physx-107.3-omni/physx/source/physxextensions/src/ExtSphericalJoint.cpp.o
[ 95%] Building CXX object sdk_source_bin/CMakeFiles/PhysXExtensions.dir/home/juyoung/engine-deps/physx-107.3-omni/physx/source/physxmetadata/extensions/src/PxExtensionAutoGeneratedMetaDataObjects.cpp.o
[ 95%] Building CXX object sdk_source_bin/CMakeFiles/PhysXExtensions.dir/home/juyoung/engine-deps/physx-107.3-omni/physx/source/physxextensions/src/omnipvd/ExtOmniPvdRegistrationData.cpp.o
[ 95%] Building CXX object sdk_source_bin/CMakeFiles/PhysXExtensions.dir/home/juyoung/engine-deps/physx-107.3-omni/physx/source/physxextensions/src/omnipvd/OmniPvdPxExtensionsSampler.cpp.o
[ 96%] Building CXX object sdk_source_bin/CMakeFiles/PhysXExtensions.dir/home/juyoung/engine-deps/physx-107.3-omni/physx/source/physxextensions/src/serialization/SnSerialization.cpp.o
[ 96%] Building CXX object sdk_source_bin/CMakeFiles/PhysXExtensions.dir/home/juyoung/engine-deps/physx-107.3-omni/physx/source/physxextensions/src/serialization/SnSerializationRegistry.cpp.o
[ 96%] Building CXX object sdk_source_bin/CMakeFiles/PhysXExtensions.dir/home/juyoung/engine-deps/physx-107.3-omni/physx/source/physxextensions/src/serialization/SnSerialUtils.cpp.o
[ 96%] Building CXX object sdk_source_bin/CMakeFiles/PhysXExtensions.dir/home/juyoung/engine-deps/physx-107.3-omni/physx/source/physxextensions/src/serialization/Xml/SnJointRepXSerializer.cpp.o
[ 96%] Building CXX object sdk_source_bin/CMakeFiles/PhysXExtensions.dir/home/juyoung/engine-deps/physx-107.3-omni/physx/source/physxextensions/src/serialization/Xml/SnRepXCoreSerializer.cpp.o
[ 96%] Building CXX object sdk_source_bin/CMakeFiles/PhysXExtensions.dir/home/juyoung/engine-deps/physx-107.3-omni/physx/source/physxextensions/src/serialization/Xml/SnRepXUpgrader.cpp.o
[ 97%] Building CXX object sdk_source_bin/CMakeFiles/PhysXExtensions.dir/home/juyoung/engine-deps/physx-107.3-omni/physx/source/physxextensions/src/serialization/Xml/SnXmlSerialization.cpp.o
[ 97%] Building CXX object sdk_source_bin/CMakeFiles/PhysXExtensions.dir/home/juyoung/engine-deps/physx-107.3-omni/physx/source/physxextensions/src/serialization/Xml/PsFastXml.cpp.o
[ 97%] Building CXX object sdk_source_bin/CMakeFiles/PhysXExtensions.dir/home/juyoung/engine-deps/physx-107.3-omni/physx/source/physxextensions/src/serialization/Binary/SnBinaryDeserialization.cpp.o
[ 97%] Building CXX object sdk_source_bin/CMakeFiles/PhysXExtensions.dir/home/juyoung/engine-deps/physx-107.3-omni/physx/source/physxextensions/src/serialization/Binary/SnBinarySerialization.cpp.o
[ 97%] Building CXX object sdk_source_bin/CMakeFiles/PhysXExtensions.dir/home/juyoung/engine-deps/physx-107.3-omni/physx/source/physxextensions/src/serialization/Binary/SnSerializationContext.cpp.o
[ 97%] Linking CXX static library /home/juyoung/engine-deps/physx-107.3-omni/physx/bin/linux.x86_64/checked/libPhysXNarrowphaseGpu_static_64.a
[ 97%] Built target PhysXNarrowphaseGpu
[ 97%] Building CXX object sdk_gpu_source_bin/CMakeFiles/PhysXGpu.dir/home/juyoung/engine-deps/physx-107.3-omni/physx/source/physxgpu/src/PxgPhysXGpu.cpp.o
[ 97%] Linking CXX shared library /home/juyoung/engine-deps/physx-107.3-omni/physx/bin/linux.x86_64/checked/libPhysXGpu_64.so
[ 97%] Built target PhysXGpu
[ 97%] Linking CXX static library /home/juyoung/engine-deps/physx-107.3-omni/physx/bin/linux.x86_64/checked/libPhysXExtensions_static_64.a
[ 97%] Built target PhysXExtensions
[ 98%] Building CXX object sdk_source_bin/CMakeFiles/PhysXVehicle2.dir/home/juyoung/engine-deps/physx-107.3-omni/physx/source/physxvehicle/src/physxActor/VhPhysXActorHelpers.cpp.o
[ 98%] Building CXX object sdk_source_bin/CMakeFiles/PhysXVehicle2.dir/home/juyoung/engine-deps/physx-107.3-omni/physx/source/physxvehicle/src/physxActor/VhPhysXActorFunctions.cpp.o
[ 98%] Building CXX object sdk_source_bin/CMakeFiles/PhysXVehicle2.dir/home/juyoung/engine-deps/physx-107.3-omni/physx/source/physxvehicle/src/commands/VhCommandHelpers.cpp.o
[ 98%] Building CXX object sdk_source_bin/CMakeFiles/PhysXVehicle2.dir/home/juyoung/engine-deps/physx-107.3-omni/physx/source/physxvehicle/src/drivetrain/VhDrivetrainFunctions.cpp.o
[ 98%] Building CXX object sdk_source_bin/CMakeFiles/PhysXVehicle2.dir/home/juyoung/engine-deps/physx-107.3-omni/physx/source/physxvehicle/src/physxConstraints/VhPhysXConstraintHelpers.cpp.o
[ 98%] Building CXX object sdk_source_bin/CMakeFiles/PhysXVehicle2.dir/home/juyoung/engine-deps/physx-107.3-omni/physx/source/physxvehicle/src/drivetrain/VhDrivetrainHelpers.cpp.o
[ 98%] Building CXX object sdk_source_bin/CMakeFiles/PhysXVehicle2.dir/home/juyoung/engine-deps/physx-107.3-omni/physx/source/physxvehicle/src/physxRoadGeometry/VhPhysXRoadGeometryHelpers.cpp.o
[ 98%] Building CXX object sdk_source_bin/CMakeFiles/PhysXVehicle2.dir/home/juyoung/engine-deps/physx-107.3-omni/physx/source/physxvehicle/src/steering/VhSteeringFunctions.cpp.o
[ 99%] Building CXX object sdk_source_bin/CMakeFiles/PhysXVehicle2.dir/home/juyoung/engine-deps/physx-107.3-omni/physx/source/physxvehicle/src/physxConstraints/VhPhysXConstraintFunctions.cpp.o
[ 99%] Building CXX object sdk_source_bin/CMakeFiles/PhysXVehicle2.dir/home/juyoung/engine-deps/physx-107.3-omni/physx/source/physxvehicle/src/suspension/VhSuspensionHelpers.cpp.o
[ 99%] Building CXX object sdk_source_bin/CMakeFiles/PhysXVehicle2.dir/home/juyoung/engine-deps/physx-107.3-omni/physx/source/physxvehicle/src/physxRoadGeometry/VhPhysXRoadGeometryFunctions.cpp.o
[ 99%] Building CXX object sdk_source_bin/CMakeFiles/PhysXVehicle2.dir/home/juyoung/engine-deps/physx-107.3-omni/physx/source/physxvehicle/src/rigidBody/VhRigidBodyFunctions.cpp.o
[ 99%] Building CXX object sdk_source_bin/CMakeFiles/PhysXVehicle2.dir/home/juyoung/engine-deps/physx-107.3-omni/physx/source/physxvehicle/src/suspension/VhSuspensionFunctions.cpp.o
[ 99%] Building CXX object sdk_source_bin/CMakeFiles/PhysXVehicle2.dir/home/juyoung/engine-deps/physx-107.3-omni/physx/source/physxvehicle/src/tire/VhTireFunctions.cpp.o
[ 99%] Building CXX object sdk_source_bin/CMakeFiles/PhysXVehicle2.dir/home/juyoung/engine-deps/physx-107.3-omni/physx/source/physxvehicle/src/wheel/VhWheelFunctions.cpp.o
[ 99%] Building CXX object sdk_source_bin/CMakeFiles/PhysXVehicle2.dir/home/juyoung/engine-deps/physx-107.3-omni/physx/source/physxvehicle/src/tire/VhTireHelpers.cpp.o
[ 99%] Building CXX object sdk_source_bin/CMakeFiles/PhysXVehicle2.dir/home/juyoung/engine-deps/physx-107.3-omni/physx/source/physxvehicle/src/pvd/VhPvdWriter.cpp.o
[ 99%] Building CXX object sdk_source_bin/CMakeFiles/PhysXVehicle2.dir/home/juyoung/engine-deps/physx-107.3-omni/physx/source/physxvehicle/src/pvd/VhPvdHelpers.cpp.o
[100%] Building CXX object sdk_source_bin/CMakeFiles/PhysXVehicle2.dir/home/juyoung/engine-deps/physx-107.3-omni/physx/source/physxvehicle/src/pvd/VhPvdFunctions.cpp.o
[100%] Linking CXX static library /home/juyoung/engine-deps/physx-107.3-omni/physx/bin/linux.x86_64/checked/libPhysXVehicle2_static_64.a
[100%] Built target PhysXVehicle2

real	0m30.469s
user	10m5.934s
sys	0m35.066s
완료: /home/juyoung/engine-deps/physx-107.3-omni/physx/install/linux-carbonite/PhysX
