=== pi05_turning_on_radio (1KojwNUz0HVwU3Ww2SVh3NKt-4asuI3y2) ===
Installed 13 packages in 90ms
Using cookies from C:\Users\user one\.cache/gdown/cookies.txt
Downloading...
From (original): https://drive.google.com/uc?id=1KojwNUz0HVwU3Ww2SVh3NKt-4asuI3y2
From (redirected): https://drive.google.com/uc?id=1KojwNUz0HVwU3Ww2SVh3NKt-4asuI3y2&confirm=t&uuid=bceede1d-2983-4340-b754-9770c5d74d5c
To: C:\behavior-2026\checkpoints\pi05_turning_on_radio\pi05TurningOnRadio.zip
System.Management.Automation.RemoteException
  0%|          | 0.00/17.3G [00:00<?, ?B/s]
  0%|          | 524k/17.3G [00:00<1:29:23, 3.23MB/s]
  0%|          | 3.15M/17.3G [00:00<21:12, 13.6MB/s] 
  0%|          | 5.77M/17.3G [00:00<16:03, 17.9MB/s]
  0%|          | 8.39M/17.3G [00:00<14:53, 19.3MB/s]
  0%|          | 12.6M/17.3G [00:00<10:53, 26.4MB/s]
  0%|          | 15.7M/17.3G [00:00<10:35, 27.2MB/s]
  0%|          | 19.4M/17.3G [00:00<09:55, 29.0MB/s]
  0%|          | 22.5M/17.3G [00:01<15:01, 19.2MB/s]
  0%|          | 25.2M/17.3G [00:01<18:48, 15.3MB/s]
  0%|          | 28.3M/17.3G [00:01<15:52, 18.1MB/s]
  0%|          | 30.9M/17.3G [00:01<14:39, 19.6MB/s]
  0%|          | 34.6M/17.3G [00:01<12:18, 23.4MB/s]
  0%|          | 37.7M/17.3G [00:01<11:37, 24.7MB/s]
  0%|          | 41.4M/17.3G [00:01<10:34, 27.2MB/s]
  0%|          | 44.6M/17.3G [00:02<10:14, 28.1MB/s]
  0%|          | 47.7M/17.3G [00:02<11:17, 25.5MB/s]
  0%|          | 52.4M/17.3G [00:02<09:38, 29.8MB/s]
  0%|          | 56.1M/17.3G [00:02<09:22, 30.7MB/s]
  0%|          | 59.8M/17.3G [00:02<10:07, 28.4MB/s]
  0%|          | 62.9M/17.3G [00:02<10:06, 28.4MB/s]
  0%|          | 66.1M/17.3G [00:02<10:29, 27.4MB/s]
  0%|          | 69.2M/17.3G [00:02<10:32, 27.3MB/s]
  0%|          | 72.4M/17.3G [00:03<10:48, 26.6MB/s]
  0%|          | 75.5M/17.3G [00:03<11:44, 24.4MB/s]
  0%|          | 78.1M/17.3G [00:03<11:45, 24.4MB/s]
  0%|          | 81.3M/17.3G [00:03<11:10, 25.7MB/s]
  0%|          | 83.9M/17.3G [00:03<14:11, 20.2MB/s]
  1%|          | 86.5M/17.3G [00:03<13:33, 21.2MB/s]
  1%|          | 90.7M/17.3G [00:03<11:10, 25.7MB/s]
  1%|          | 94.4M/17.3G [00:03<11:27, 25.0MB/s]
  1%|          | 97.5M/17.3G [00:04<11:43, 24.5MB/s]
  1%|          | 100M/17.3G [00:04<11:45, 24.4MB/s] 
  1%|          | 103M/17.3G [00:04<11:48, 24.3MB/s]
  1%|          | 105M/17.3G [00:04<11:48, 24.3MB/s]
  1%|          | 108M/17.3G [00:04<11:48, 24.3MB/s]
  1%|          | 111M/17.3G [00:04<11:49, 24.2MB/s]
  1%|          | 113M/17.3G [00:04<11:54, 24.1MB/s]
  1%|          | 116M/17.3G [00:04<11:51, 24.1MB/s]
  1%|          | 118M/17.3G [00:04<11:51, 24.1MB/s]
  1%|          | 121M/17.3G [00:05<11:51, 24.2MB/s]
  1%|          | 124M/17.3G [00:05<11:51, 24.1MB/s]
  1%|          | 126M/17.3G [00:05<11:50, 24.2MB/s]
  1%|          | 129M/17.3G [00:05<11:50, 24.2MB/s]
  1%|          | 132M/17.3G [00:05<11:51, 24.1MB/s]
  1%|          | 135M/17.3G [00:05<11:10, 25.6MB/s]
  1%|          | 138M/17.3G [00:05<10:36, 27.0MB/s]
  1%|          | 142M/17.3G [00:05<09:42, 29.5MB/s]
  1%|          | 145M/17.3G [00:05<10:20, 27.6MB/s]
  1%|          | 148M/17.3G [00:06<09:48, 29.2MB/s]
  1%|          | 152M/17.3G [00:06<10:49, 26.4MB/s]
  1%|          | 155M/17.3G [00:06<10:23, 27.5MB/s]
  1%|          | 158M/17.3G [00:06<11:14, 25.4MB/s]
  1%|          | 160M/17.3G [00:06<11:48, 24.2MB/s]
  1%|          | 164M/17.3G [00:06<10:41, 26.7MB/s]
  1%|          | 167M/17.3G [00:06<10:38, 26.8MB/s]
  1%|          | 170M/17.3G [00:06<10:43, 26.6MB/s]
  1%|          | 174M/17.3G [00:07<11:21, 25.1MB/s]
  1%|          | 177M/17.3G [00:07<11:03, 25.8MB/s]
  1%|          | 179M/17.3G [00:07<13:06, 21.8MB/s]
  1%|          | 183M/17.3G [00:07<11:29, 24.8MB/s]
  1%|          | 186M/17.3G [00:07<12:10, 23.4MB/s]
  1%|          | 188M/17.3G [00:07<14:17, 20.0MB/s]
  1%|          | 191M/17.3G [00:07<14:07, 20.2MB/s]
  1%|          | 195M/17.3G [00:08<13:04, 21.8MB/s]
  1%|          | 197M/17.3G [00:08<13:14, 21.5MB/s]
  1%|          | 200M/17.3G [00:08<13:59, 20.4MB/s]
  1%|          | 202M/17.3G [00:08<14:43, 19.4MB/s]
  1%|          | 204M/17.3G [00:08<17:54, 15.9MB/s]
  1%|          | 209M/17.3G [00:08<13:01, 21.9MB/s]
  1%|          | 212M/17.3G [00:08<12:10, 23.4MB/s]
  1%|          | 214M/17.3G [00:09<12:56, 22.0MB/s]
  1%|▏         | 218M/17.3G [00:09<11:59, 23.7MB/s]
  1%|▏         | 220M/17.3G [00:09<14:22, 19.8MB/s]
  1%|▏         | 225M/17.3G [00:09<11:20, 25.1MB/s]
  1%|▏         | 228M/17.3G [00:09<11:37, 24.5MB/s]
  1%|▏         | 231M/17.3G [00:09<11:50, 24.0MB/s]
  1%|▏         | 233M/17.3G [00:09<11:45, 24.2MB/s]
  1%|▏         | 236M/17.3G [00:09<11:45, 24.2MB/s]
  1%|▏         | 239M/17.3G [00:10<11:48, 24.1MB/s]
  1%|▏         | 241M/17.3G [00:10<12:18, 23.1MB/s]
  1%|▏         | 244M/17.3G [00:10<11:44, 24.2MB/s]
  1%|▏         | 247M/17.3G [00:10<15:46, 18.0MB/s]
  1%|▏         | 250M/17.3G [00:10<14:34, 19.5MB/s]
  1%|▏         | 253M/17.3G [00:10<12:56, 22.0MB/s]
  1%|▏         | 255M/17.3G [00:10<12:25, 22.9MB/s]
  1%|▏         | 258M/17.3G [00:10<12:16, 23.2MB/s]
  2%|▏         | 261M/17.3G [00:11<11:40, 24.3MB/s]
  2%|▏         | 264M/17.3G [00:11<13:42, 20.7MB/s]
  2%|▏         | 268M/17.3G [00:11<11:23, 24.9MB/s]
  2%|▏         | 271M/17.3G [00:11<11:42, 24.3MB/s]
  2%|▏         | 274M/17.3G [00:11<11:50, 24.0MB/s]
  2%|▏         | 276M/17.3G [00:11<11:52, 23.9MB/s]
  2%|▏         | 279M/17.3G [00:11<12:34, 22.6MB/s]
  2%|▏         | 282M/17.3G [00:11<13:49, 20.5MB/s]
  2%|▏         | 285M/17.3G [00:12<12:32, 22.6MB/s]
  2%|▏         | 287M/17.3G [00:12<12:52, 22.0MB/s]
  2%|▏         | 290M/17.3G [00:12<13:09, 21.5MB/s]
  2%|▏         | 293M/17.3G [00:12<12:40, 22.4MB/s]
  2%|▏         | 295M/17.3G [00:12<13:01, 21.7MB/s]
  2%|▏         | 298M/17.3G [00:12<14:18, 19.8MB/s]
  2%|▏         | 300M/17.3G [00:12<15:28, 18.3MB/s]
  2%|▏         | 303M/17.3G [00:12<14:10, 20.0MB/s]
  2%|▏         | 305M/17.3G [00:13<14:19, 19.8MB/s]
  2%|▏         | 307M/17.3G [00:13<14:41, 19.3MB/s]
  2%|▏         | 310M/17.3G [00:13<13:49, 20.5MB/s]
  2%|▏         | 312M/17.3G [00:13<15:25, 18.4MB/s]
  2%|▏         | 315M/17.3G [00:13<14:18, 19.8MB/s]
  2%|▏         | 318M/17.3G [00:13<12:53, 22.0MB/s]
  2%|▏         | 321M/17.3G [00:13<13:14, 21.4MB/s]
  2%|▏         | 323M/17.3G [00:14<16:04, 17.6MB/s]
  2%|▏         | 326M/17.3G [00:14<15:51, 17.8MB/s]
  2%|▏         | 328M/17.3G [00:14<15:20, 18.4MB/s]
  2%|▏         | 330M/17.3G [00:14<15:16, 18.5MB/s]
  2%|▏         | 332M/17.3G [00:14<14:58, 18.9MB/s]
  2%|▏         | 334M/17.3G [00:14<14:47, 19.1MB/s]
  2%|▏         | 337M/17.3G [00:14<14:38, 19.3MB/s]
  2%|▏         | 339M/17.3G [00:14<14:35, 19.4MB/s]
  2%|▏         | 341M/17.3G [00:14<14:32, 19.4MB/s]
  2%|▏         | 343M/17.3G [00:15<14:26, 19.6MB/s]
  2%|▏         | 345M/17.3G [00:15<14:23, 19.6MB/s]
  2%|▏         | 347M/17.3G [00:15<14:22, 19.7MB/s]
  2%|▏         | 349M/17.3G [00:15<14:21, 19.7MB/s]
  2%|▏         | 351M/17.3G [00:15<14:19, 19.7MB/s]
  2%|▏         | 354M/17.3G [00:15<12:39, 22.3MB/s]
  2%|▏         | 358M/17.3G [00:15<10:55, 25.8MB/s]
  2%|▏         | 362M/17.3G [00:15<10:02, 28.1MB/s]
  2%|▏         | 365M/17.3G [00:16<12:05, 23.3MB/s]
  2%|▏         | 368M/17.3G [00:16<14:01, 20.1MB/s]
  2%|▏         | 370M/17.3G [00:16<14:05, 20.0MB/s]
  2%|▏         | 374M/17.3G [00:16<17:07, 16.5MB/s]
  2%|▏         | 378M/17.3G [00:16<13:22, 21.1MB/s]
  2%|▏         | 381M/17.3G [00:16<12:57, 21.8MB/s]
  2%|▏         | 383M/17.3G [00:16<12:57, 21.8MB/s]
  2%|▏         | 386M/17.3G [00:17<14:48, 19.0MB/s]
  2%|▏         | 389M/17.3G [00:17<13:16, 21.2MB/s]
  2%|▏         | 392M/17.3G [00:17<13:30, 20.9MB/s]
  2%|▏         | 394M/17.3G [00:17<13:16, 21.2MB/s]
  2%|▏         | 397M/17.3G [00:17<13:39, 20.6MB/s]
  2%|▏         | 400M/17.3G [00:17<13:15, 21.2MB/s]
  2%|▏         | 402M/17.3G [00:17<13:17, 21.2MB/s]
  2%|▏         | 405M/17.3G [00:18<13:26, 21.0MB/s]
  2%|▏         | 407M/17.3G [00:18<13:18, 21.2MB/s]
  2%|▏         | 410M/17.3G [00:18<13:57, 20.2MB/s]
  2%|▏         | 413M/17.3G [00:18<14:01, 20.1MB/s]
  2%|▏         | 415M/17.3G [00:18<14:04, 20.0MB/s]
  2%|▏         | 417M/17.3G [00:18<15:00, 18.7MB/s]
  2%|▏         | 419M/17.3G [00:18<16:35, 17.0MB/s]
  2%|▏         | 423M/17.3G [00:18<14:18, 19.7MB/s]
  2%|▏         | 425M/17.3G [00:19<17:25, 16.1MB/s]
  2%|▏         | 428M/17.3G [00:19<14:30, 19.4MB/s]
  2%|▏         | 430M/17.3G [00:19<14:16, 19.7MB/s]
  3%|▎         | 433M/17.3G [00:19<14:11, 19.8MB/s]
  3%|▎         | 436M/17.3G [00:19<12:37, 22.3MB/s]
  3%|▎         | 439M/17.3G [00:19<12:39, 22.2MB/s]
  3%|▎         | 442M/17.3G [00:19<12:06, 23.2MB/s]
  3%|▎         | 445M/17.3G [00:19<11:57, 23.5MB/s]
  3%|▎         | 447M/17.3G [00:20<11:54, 23.6MB/s]
  3%|▎         | 450M/17.3G [00:20<11:56, 23.5MB/s]
  3%|▎         | 452M/17.3G [00:20<11:48, 23.8MB/s]
  3%|▎         | 455M/17.3G [00:20<14:01, 20.0MB/s]
  3%|▎         | 458M/17.3G [00:20<13:22, 21.0MB/s]
  3%|▎         | 460M/17.3G [00:20<13:34, 20.7MB/s]
  3%|▎         | 463M/17.3G [00:20<12:50, 21.8MB/s]
  3%|▎         | 466M/17.3G [00:20<12:30, 22.4MB/s]
  3%|▎         | 468M/17.3G [00:21<12:16, 22.9MB/s]
  3%|▎         | 471M/17.3G [00:21<12:06, 23.2MB/s]
  3%|▎         | 473M/17.3G [00:21<11:59, 23.4MB/s]
  3%|▎         | 476M/17.3G [00:21<11:54, 23.5MB/s]
  3%|▎         | 479M/17.3G [00:21<11:37, 24.1MB/s]
  3%|▎         | 482M/17.3G [00:21<10:08, 27.6MB/s]
  3%|▎         | 487M/17.3G [00:21<08:51, 31.7MB/s]
  3%|▎         | 491M/17.3G [00:21<08:14, 34.0MB/s]
  3%|▎         | 495M/17.3G [00:21<08:16, 33.9MB/s]
  3%|▎         | 499M/17.3G [00:22<10:18, 27.2MB/s]
  3%|▎         | 504M/17.3G [00:22<08:41, 32.2MB/s]
  3%|▎         | 508M/17.3G [00:22<11:04, 25.3MB/s]
  3%|▎         | 512M/17.3G [00:22<10:17, 27.2MB/s]
  3%|▎         | 515M/17.3G [00:22<13:40, 20.4MB/s]
  3%|▎         | 518M/17.3G [00:22<13:33, 20.6MB/s]
  3%|▎         | 521M/17.3G [00:23<15:01, 18.6MB/s]
  3%|▎         | 523M/17.3G [00:23<15:19, 18.2MB/s]
  3%|▎         | 525M/17.3G [00:23<15:15, 18.3MB/s]
  3%|▎         | 529M/17.3G [00:23<12:16, 22.8MB/s]
  3%|▎         | 532M/17.3G [00:23<11:43, 23.8MB/s]
  3%|▎         | 535M/17.3G [00:23<11:57, 23.4MB/s]
  3%|▎         | 537M/17.3G [00:23<12:23, 22.6MB/s]
  3%|▎         | 540M/17.3G [00:23<12:12, 22.9MB/s]
  3%|▎         | 543M/17.3G [00:24<12:17, 22.7MB/s]
  3%|▎         | 545M/17.3G [00:24<12:21, 22.6MB/s]
  3%|▎         | 548M/17.3G [00:24<12:47, 21.8MB/s]
  3%|▎         | 551M/17.3G [00:24<12:29, 22.4MB/s]
  3%|▎         | 553M/17.3G [00:24<12:21, 22.6MB/s]
  3%|▎         | 556M/17.3G [00:24<12:25, 22.5MB/s]
  3%|▎         | 558M/17.3G [00:24<12:28, 22.4MB/s]
  3%|▎         | 561M/17.3G [00:24<12:29, 22.3MB/s]
  3%|▎         | 564M/17.3G [00:25<13:14, 21.1MB/s]
  3%|▎         | 566M/17.3G [00:25<12:36, 22.1MB/s]
  3%|▎         | 569M/17.3G [00:25<12:46, 21.8MB/s]
  3%|▎         | 571M/17.3G [00:25<13:54, 20.0MB/s]
  3%|▎         | 574M/17.3G [00:25<13:50, 20.1MB/s]
  3%|▎         | 577M/17.3G [00:25<12:21, 22.5MB/s]
  3%|▎         | 580M/17.3G [00:25<14:16, 19.5MB/s]
  3%|▎         | 584M/17.3G [00:25<12:04, 23.1MB/s]
  3%|▎         | 586M/17.3G [00:26<12:21, 22.5MB/s]
  3%|▎         | 589M/17.3G [00:26<12:21, 22.5MB/s]
  3%|▎         | 591M/17.3G [00:26<12:25, 22.4MB/s]
  3%|▎         | 594M/17.3G [00:26<12:26, 22.4MB/s]
  3%|▎         | 597M/17.3G [00:26<12:31, 22.2MB/s]
  3%|▎         | 599M/17.3G [00:26<12:57, 21.5MB/s]
  3%|▎         | 602M/17.3G [00:26<13:21, 20.8MB/s]
  3%|▎         | 605M/17.3G [00:26<13:35, 20.5MB/s]
  4%|▎         | 607M/17.3G [00:27<13:50, 20.1MB/s]
  4%|▎         | 609M/17.3G [00:27<14:01, 19.8MB/s]
  4%|▎         | 611M/17.3G [00:27<14:09, 19.7MB/s]
  4%|▎         | 613M/17.3G [00:27<14:13, 19.6MB/s]
  4%|▎         | 615M/17.3G [00:27<14:17, 19.5MB/s]
  4%|▎         | 617M/17.3G [00:27<14:20, 19.4MB/s]
  4%|▎         | 619M/17.3G [00:27<14:08, 19.7MB/s]
  4%|▎         | 623M/17.3G [00:27<11:27, 24.3MB/s]
  4%|▎         | 626M/17.3G [00:27<10:49, 25.7MB/s]
  4%|▎         | 629M/17.3G [00:28<10:50, 25.6MB/s]
  4%|▎         | 632M/17.3G [00:28<12:58, 21.4MB/s]
  4%|▎         | 636M/17.3G [00:28<10:03, 27.6MB/s]
  4%|▎         | 640M/17.3G [00:28<12:40, 21.9MB/s]
  4%|▎         | 644M/17.3G [00:28<11:37, 23.9MB/s]
  4%|▎         | 647M/17.3G [00:28<11:50, 23.4MB/s]
  4%|▍         | 652M/17.3G [00:28<09:42, 28.6MB/s]
  4%|▍         | 655M/17.3G [00:29<11:28, 24.2MB/s]
  4%|▍         | 660M/17.3G [00:29<09:45, 28.4MB/s]
  4%|▍         | 663M/17.3G [00:29<11:01, 25.1MB/s]
  4%|▍         | 666M/17.3G [00:29<11:05, 25.0MB/s]
  4%|▍         | 669M/17.3G [00:29<11:02, 25.1MB/s]
  4%|▍         | 672M/17.3G [00:29<13:55, 19.9MB/s]
  4%|▍         | 675M/17.3G [00:30<16:20, 17.0MB/s]
  4%|▍         | 678M/17.3G [00:30<13:34, 20.4MB/s]
  4%|▍         | 681M/17.3G [00:30<13:59, 19.8MB/s]
  4%|▍         | 684M/17.3G [00:30<14:54, 18.6MB/s]
  4%|▍         | 686M/17.3G [00:30<16:36, 16.7MB/s]
  4%|▍         | 690M/17.3G [00:30<13:29, 20.5MB/s]
  4%|▍         | 695M/17.3G [00:30<11:03, 25.0MB/s]
  4%|▍         | 698M/17.3G [00:31<10:28, 26.4MB/s]
  4%|▍         | 701M/17.3G [00:31<10:29, 26.4MB/s]
  4%|▍         | 705M/17.3G [00:31<11:11, 24.7MB/s]
  4%|▍         | 708M/17.3G [00:31<10:42, 25.8MB/s]
  4%|▍         | 711M/17.3G [00:31<10:57, 25.2MB/s]
  4%|▍         | 714M/17.3G [00:31<11:07, 24.9MB/s]
  4%|▍         | 716M/17.3G [00:31<11:14, 24.6MB/s]
  4%|▍         | 719M/17.3G [00:32<12:58, 21.3MB/s]
  4%|▍         | 721M/17.3G [00:32<12:59, 21.3MB/s]
  4%|▍         | 724M/17.3G [00:32<13:41, 20.2MB/s]
  4%|▍         | 727M/17.3G [00:32<13:04, 21.1MB/s]
  4%|▍         | 729M/17.3G [00:32<16:47, 16.4MB/s]
  4%|▍         | 732M/17.3G [00:32<15:11, 18.2MB/s]
  4%|▍         | 734M/17.3G [00:32<14:46, 18.7MB/s]
  4%|▍         | 736M/17.3G [00:32<15:26, 17.9MB/s]
  4%|▍         | 739M/17.3G [00:33<13:57, 19.8MB/s]
  4%|▍         | 742M/17.3G [00:33<11:41, 23.6MB/s]
  4%|▍         | 746M/17.3G [00:33<10:50, 25.5MB/s]
  4%|▍         | 749M/17.3G [00:33<09:43, 28.4MB/s]
  4%|▍         | 753M/17.3G [00:33<09:09, 30.1MB/s]
  4%|▍         | 757M/17.3G [00:33<08:45, 31.5MB/s]
  4%|▍         | 760M/17.3G [00:33<08:37, 32.0MB/s]
  4%|▍         | 764M/17.3G [00:33<11:38, 23.7MB/s]
  4%|▍         | 768M/17.3G [00:34<10:25, 26.4MB/s]
  4%|▍         | 771M/17.3G [00:34<10:06, 27.3MB/s]
  4%|▍         | 774M/17.3G [00:34<09:50, 28.0MB/s]
  4%|▍         | 778M/17.3G [00:34<09:15, 29.7MB/s]
  5%|▍         | 781M/17.3G [00:34<09:01, 30.5MB/s]
  5%|▍         | 785M/17.3G [00:34<08:43, 31.5MB/s]
  5%|▍         | 789M/17.3G [00:34<08:48, 31.2MB/s]
  5%|▍         | 792M/17.3G [00:34<08:40, 31.7MB/s]
  5%|▍         | 796M/17.3G [00:34<08:39, 31.8MB/s]
  5%|▍         | 800M/17.3G [00:35<08:28, 32.5MB/s]
  5%|▍         | 803M/17.3G [00:35<08:20, 32.9MB/s]
  5%|▍         | 807M/17.3G [00:35<09:56, 27.7MB/s]
  5%|▍         | 810M/17.3G [00:35<09:43, 28.3MB/s]
  5%|▍         | 814M/17.3G [00:35<08:56, 30.7MB/s]
  5%|▍         | 818M/17.3G [00:35<09:13, 29.8MB/s]
  5%|▍         | 821M/17.3G [00:35<10:42, 25.7MB/s]
  5%|▍         | 824M/17.3G [00:36<11:59, 22.9MB/s]
  5%|▍         | 827M/17.3G [00:36<11:26, 24.0MB/s]
  5%|▍         | 830M/17.3G [00:36<10:51, 25.3MB/s]
  5%|▍         | 834M/17.3G [00:36<10:36, 25.9MB/s]
  5%|▍         | 837M/17.3G [00:36<11:05, 24.7MB/s]
  5%|▍         | 839M/17.3G [00:36<12:42, 21.6MB/s]
  5%|▍         | 842M/17.3G [00:36<13:28, 20.4MB/s]
  5%|▍         | 845M/17.3G [00:36<13:58, 19.6MB/s]
  5%|▍         | 847M/17.3G [00:37<15:57, 17.2MB/s]
  5%|▍         | 849M/17.3G [00:37<14:42, 18.6MB/s]
  5%|▍         | 852M/17.3G [00:37<16:26, 16.7MB/s]
  5%|▍         | 855M/17.3G [00:37<14:30, 18.9MB/s]
  5%|▍         | 857M/17.3G [00:37<14:36, 18.8MB/s]
  5%|▍         | 859M/17.3G [00:37<15:00, 18.3MB/s]
  5%|▍         | 861M/17.3G [00:37<15:10, 18.0MB/s]
  5%|▍         | 864M/17.3G [00:38<15:21, 17.8MB/s]
  5%|▌         | 866M/17.3G [00:38<15:40, 17.5MB/s]
  5%|▌         | 868M/17.3G [00:38<15:34, 17.6MB/s]
  5%|▌         | 870M/17.3G [00:38<16:01, 17.1MB/s]
  5%|▌         | 873M/17.3G [00:38<13:32, 20.2MB/s]
  5%|▌         | 876M/17.3G [00:38<14:01, 19.5MB/s]
  5%|▌         | 879M/17.3G [00:38<11:31, 23.7MB/s]
  5%|▌         | 882M/17.3G [00:38<11:00, 24.8MB/s]
  5%|▌         | 885M/17.3G [00:39<12:37, 21.7MB/s]
  5%|▌         | 888M/17.3G [00:39<12:23, 22.1MB/s]
  5%|▌         | 890M/17.3G [00:39<15:53, 17.2MB/s]
  5%|▌         | 893M/17.3G [00:39<13:50, 19.7MB/s]
  5%|▌         | 896M/17.3G [00:39<14:14, 19.2MB/s]
  5%|▌         | 899M/17.3G [00:39<13:31, 20.2MB/s]
  5%|▌         | 901M/17.3G [00:39<12:50, 21.3MB/s]
  5%|▌         | 904M/17.3G [00:40<15:19, 17.8MB/s]
  5%|▌         | 906M/17.3G [00:40<14:13, 19.2MB/s]
  5%|▌         | 909M/17.3G [00:40<15:32, 17.6MB/s]
  5%|▌         | 911M/17.3G [00:40<14:18, 19.1MB/s]
  5%|▌         | 913M/17.3G [00:40<14:08, 19.3MB/s]
  5%|▌         | 916M/17.3G [00:40<13:21, 20.4MB/s]
  5%|▌         | 919M/17.3G [00:40<12:49, 21.3MB/s]
  5%|▌         | 921M/17.3G [00:40<12:05, 22.6MB/s]
  5%|▌         | 925M/17.3G [00:41<11:00, 24.8MB/s]
  5%|▌         | 928M/17.3G [00:41<10:26, 26.2MB/s]
  5%|▌         | 932M/17.3G [00:41<09:33, 28.5MB/s]
  5%|▌         | 936M/17.3G [00:41<08:57, 30.5MB/s]
  5%|▌         | 940M/17.3G [00:41<08:15, 33.0MB/s]
  5%|▌         | 944M/17.3G [00:41<07:49, 34.8MB/s]
  5%|▌         | 948M/17.3G [00:41<07:39, 35.6MB/s]
  6%|▌         | 953M/17.3G [00:41<07:24, 36.8MB/s]
  6%|▌         | 957M/17.3G [00:41<07:06, 38.3MB/s]
  6%|▌         | 962M/17.3G [00:42<07:09, 38.0MB/s]
  6%|▌         | 966M/17.3G [00:42<09:40, 28.1MB/s]
  6%|▌         | 969M/17.3G [00:42<09:26, 28.8MB/s]
  6%|▌         | 973M/17.3G [00:42<11:33, 23.5MB/s]
  6%|▌         | 976M/17.3G [00:42<11:38, 23.4MB/s]
  6%|▌         | 979M/17.3G [00:42<12:06, 22.5MB/s]
  6%|▌         | 981M/17.3G [00:42<12:15, 22.2MB/s]
  6%|▌         | 984M/17.3G [00:43<14:55, 18.2MB/s]
  6%|▌         | 986M/17.3G [00:43<20:23, 13.3MB/s]
  6%|▌         | 989M/17.3G [00:43<18:11, 14.9MB/s]
  6%|▌         | 991M/17.3G [00:43<17:34, 15.5MB/s]
  6%|▌         | 994M/17.3G [00:43<16:06, 16.9MB/s]
  6%|▌         | 996M/17.3G [00:43<15:22, 17.7MB/s]
  6%|▌         | 998M/17.3G [00:44<14:47, 18.4MB/s]
  6%|▌         | 1.00G/17.3G [00:44<14:26, 18.8MB/s]
  6%|▌         | 1.00G/17.3G [00:44<14:07, 19.2MB/s]
  6%|▌         | 1.00G/17.3G [00:44<13:55, 19.5MB/s]
  6%|▌         | 1.01G/17.3G [00:44<13:46, 19.7MB/s]
  6%|▌         | 1.01G/17.3G [00:44<13:51, 19.6MB/s]
  6%|▌         | 1.01G/17.3G [00:44<13:27, 20.2MB/s]
  6%|▌         | 1.01G/17.3G [00:44<13:26, 20.2MB/s]
  6%|▌         | 1.02G/17.3G [00:44<13:25, 20.2MB/s]
  6%|▌         | 1.02G/17.3G [00:45<13:23, 20.3MB/s]
  6%|▌         | 1.02G/17.3G [00:45<13:24, 20.2MB/s]
  6%|▌         | 1.02G/17.3G [00:45<13:22, 20.3MB/s]
  6%|▌         | 1.02G/17.3G [00:45<13:22, 20.3MB/s]
  6%|▌         | 1.03G/17.3G [00:45<13:23, 20.3MB/s]
  6%|▌         | 1.03G/17.3G [00:45<13:23, 20.2MB/s]
  6%|▌         | 1.03G/17.3G [00:45<13:21, 20.3MB/s]
  6%|▌         | 1.03G/17.3G [00:45<13:21, 20.3MB/s]
  6%|▌         | 1.03G/17.3G [00:45<12:34, 21.6MB/s]
  6%|▌         | 1.04G/17.3G [00:46<16:38, 16.3MB/s]
  6%|▌         | 1.04G/17.3G [00:46<11:15, 24.1MB/s]
  6%|▌         | 1.05G/17.3G [00:46<13:07, 20.6MB/s]
  6%|▌         | 1.05G/17.3G [00:46<13:41, 19.8MB/s]
  6%|▌         | 1.05G/17.3G [00:46<10:18, 26.3MB/s]
  6%|▌         | 1.06G/17.3G [00:47<14:13, 19.0MB/s]
  6%|▌         | 1.06G/17.3G [00:47<12:59, 20.8MB/s]
  6%|▌         | 1.07G/17.3G [00:47<10:35, 25.6MB/s]
  6%|▌         | 1.07G/17.3G [00:47<12:29, 21.7MB/s]
  6%|▌         | 1.07G/17.3G [00:47<11:16, 24.0MB/s]
  6%|▌         | 1.08G/17.3G [00:47<17:22, 15.6MB/s]
  6%|▌         | 1.08G/17.3G [00:48<16:01, 16.9MB/s]
  6%|▌         | 1.08G/17.3G [00:48<14:48, 18.3MB/s]
  6%|▋         | 1.08G/17.3G [00:48<14:21, 18.8MB/s]
  6%|▋         | 1.09G/17.3G [00:48<13:14, 20.4MB/s]
  6%|▋         | 1.09G/17.3G [00:48<12:56, 20.9MB/s]
  6%|▋         | 1.09G/17.3G [00:48<12:21, 21.9MB/s]
  6%|▋         | 1.09G/17.3G [00:48<12:56, 20.9MB/s]
  6%|▋         | 1.10G/17.3G [00:48<13:18, 20.3MB/s]
  6%|▋         | 1.10G/17.3G [00:49<14:05, 19.2MB/s]
  6%|▋         | 1.10G/17.3G [00:49<14:25, 18.7MB/s]
  6%|▋         | 1.10G/17.3G [00:49<14:15, 18.9MB/s]
  6%|▋         | 1.11G/17.3G [00:49<14:16, 18.9MB/s]
  6%|▋         | 1.11G/17.3G [00:49<13:56, 19.3MB/s]
  6%|▋         | 1.11G/17.3G [00:49<16:14, 16.6MB/s]
  6%|▋         | 1.11G/17.3G [00:49<12:41, 21.2MB/s]
  6%|▋         | 1.12G/17.3G [00:49<09:47, 27.5MB/s]
  6%|▋         | 1.12G/17.3G [00:50<08:15, 32.7MB/s]
  7%|▋         | 1.13G/17.3G [00:50<09:11, 29.3MB/s]
  7%|▋         | 1.13G/17.3G [00:50<10:40, 25.3MB/s]
  7%|▋         | 1.14G/17.3G [00:50<09:25, 28.6MB/s]
  7%|▋         | 1.14G/17.3G [00:50<13:12, 20.4MB/s]
  7%|▋         | 1.14G/17.3G [00:50<10:23, 25.9MB/s]
  7%|▋         | 1.15G/17.3G [00:51<11:09, 24.1MB/s]
  7%|▋         | 1.15G/17.3G [00:51<09:25, 28.5MB/s]
  7%|▋         | 1.16G/17.3G [00:51<11:25, 23.5MB/s]
  7%|▋         | 1.16G/17.3G [00:51<09:21, 28.7MB/s]
  7%|▋         | 1.17G/17.3G [00:51<08:15, 32.5MB/s]
  7%|▋         | 1.17G/17.3G [00:51<08:27, 31.8MB/s]
  7%|▋         | 1.17G/17.3G [00:51<07:47, 34.5MB/s]
  7%|▋         | 1.18G/17.3G [00:51<07:37, 35.3MB/s]
  7%|▋         | 1.18G/17.3G [00:52<07:19, 36.7MB/s]
  7%|▋         | 1.19G/17.3G [00:52<08:19, 32.2MB/s]
  7%|▋         | 1.19G/17.3G [00:52<07:05, 37.8MB/s]
  7%|▋         | 1.20G/17.3G [00:52<06:50, 39.3MB/s]
  7%|▋         | 1.20G/17.3G [00:52<06:46, 39.6MB/s]
  7%|▋         | 1.21G/17.3G [00:52<06:49, 39.3MB/s]
  7%|▋         | 1.21G/17.3G [00:52<07:09, 37.5MB/s]
  7%|▋         | 1.21G/17.3G [00:52<06:57, 38.6MB/s]
  7%|▋         | 1.22G/17.3G [00:53<06:58, 38.5MB/s]
  7%|▋         | 1.22G/17.3G [00:53<06:47, 39.4MB/s]
  7%|▋         | 1.23G/17.3G [00:53<07:51, 34.1MB/s]
  7%|▋         | 1.23G/17.3G [00:53<07:51, 34.1MB/s]
  7%|▋         | 1.24G/17.3G [00:53<07:52, 34.0MB/s]
  7%|▋         | 1.24G/17.3G [00:53<07:54, 33.9MB/s]
  7%|▋         | 1.24G/17.3G [00:53<07:54, 33.8MB/s]
  7%|▋         | 1.25G/17.3G [00:53<08:01, 33.3MB/s]
  7%|▋         | 1.25G/17.3G [00:53<08:00, 33.4MB/s]
  7%|▋         | 1.25G/17.3G [00:54<07:59, 33.5MB/s]
  7%|▋         | 1.26G/17.3G [00:54<07:51, 34.0MB/s]
  7%|▋         | 1.26G/17.3G [00:54<08:31, 31.3MB/s]
  7%|▋         | 1.26G/17.3G [00:54<08:16, 32.3MB/s]
  7%|▋         | 1.27G/17.3G [00:54<08:17, 32.2MB/s]
  7%|▋         | 1.27G/17.3G [00:54<08:10, 32.6MB/s]
  7%|▋         | 1.28G/17.3G [00:54<08:17, 32.2MB/s]
  7%|▋         | 1.28G/17.3G [00:54<08:18, 32.1MB/s]
  7%|▋         | 1.28G/17.3G [00:54<08:14, 32.4MB/s]
  7%|▋         | 1.29G/17.3G [00:55<08:23, 31.8MB/s]
  7%|▋         | 1.29G/17.3G [00:55<09:33, 27.9MB/s]
  7%|▋         | 1.29G/17.3G [00:55<09:22, 28.4MB/s]
  7%|▋         | 1.30G/17.3G [00:55<10:04, 26.5MB/s]
  8%|▊         | 1.30G/17.3G [00:55<09:20, 28.6MB/s]
  8%|▊         | 1.30G/17.3G [00:55<09:12, 28.9MB/s]
  8%|▊         | 1.31G/17.3G [00:55<09:11, 29.0MB/s]
  8%|▊         | 1.31G/17.3G [00:55<09:12, 28.9MB/s]
  8%|▊         | 1.31G/17.3G [00:56<09:23, 28.4MB/s]
  8%|▊         | 1.32G/17.3G [00:56<09:41, 27.5MB/s]
  8%|▊         | 1.32G/17.3G [00:56<09:44, 27.3MB/s]
  8%|▊         | 1.32G/17.3G [00:56<09:46, 27.2MB/s]
  8%|▊         | 1.33G/17.3G [00:56<10:00, 26.6MB/s]
  8%|▊         | 1.33G/17.3G [00:56<09:47, 27.2MB/s]
  8%|▊         | 1.33G/17.3G [00:56<10:18, 25.8MB/s]
  8%|▊         | 1.34G/17.3G [00:56<09:34, 27.8MB/s]
  8%|▊         | 1.34G/17.3G [00:57<09:35, 27.8MB/s]
  8%|▊         | 1.34G/17.3G [00:57<09:22, 28.4MB/s]
  8%|▊         | 1.35G/17.3G [00:57<08:36, 30.9MB/s]
  8%|▊         | 1.35G/17.3G [00:57<09:09, 29.0MB/s]
  8%|▊         | 1.35G/17.3G [00:57<09:02, 29.4MB/s]
  8%|▊         | 1.36G/17.3G [00:57<08:30, 31.2MB/s]
  8%|▊         | 1.36G/17.3G [00:57<08:54, 29.8MB/s]
  8%|▊         | 1.36G/17.3G [00:57<10:06, 26.3MB/s]
  8%|▊         | 1.37G/17.3G [00:58<08:40, 30.6MB/s]
  8%|▊         | 1.37G/17.3G [00:58<08:50, 30.0MB/s]
  8%|▊         | 1.38G/17.3G [00:58<09:10, 28.9MB/s]
  8%|▊         | 1.38G/17.3G [00:58<07:55, 33.5MB/s]
  8%|▊         | 1.38G/17.3G [00:58<10:38, 24.9MB/s]
  8%|▊         | 1.39G/17.3G [00:58<10:29, 25.3MB/s]
  8%|▊         | 1.39G/17.3G [00:58<09:12, 28.8MB/s]
  8%|▊         | 1.40G/17.3G [00:58<08:04, 32.8MB/s]
  8%|▊         | 1.40G/17.3G [00:59<07:54, 33.5MB/s]
  8%|▊         | 1.40G/17.3G [00:59<07:43, 34.3MB/s]
  8%|▊         | 1.41G/17.3G [00:59<08:39, 30.6MB/s]
  8%|▊         | 1.41G/17.3G [00:59<09:30, 27.9MB/s]
  8%|▊         | 1.42G/17.3G [00:59<08:22, 31.6MB/s]
  8%|▊         | 1.42G/17.3G [00:59<09:25, 28.1MB/s]
  8%|▊         | 1.42G/17.3G [00:59<08:30, 31.1MB/s]
  8%|▊         | 1.43G/17.3G [00:59<08:41, 30.4MB/s]
  8%|▊         | 1.43G/17.3G [01:00<08:37, 30.6MB/s]
  8%|▊         | 1.43G/17.3G [01:00<08:49, 29.9MB/s]
  8%|▊         | 1.44G/17.3G [01:00<18:36, 14.2MB/s]
  8%|▊         | 1.45G/17.3G [01:00<09:50, 26.9MB/s]
  8%|▊         | 1.45G/17.3G [01:01<09:02, 29.2MB/s]
  8%|▊         | 1.46G/17.3G [01:01<08:27, 31.2MB/s]
  8%|▊         | 1.46G/17.3G [01:01<08:05, 32.6MB/s]
  8%|▊         | 1.47G/17.3G [01:01<07:50, 33.7MB/s]
  9%|▊         | 1.47G/17.3G [01:01<07:40, 34.3MB/s]
  9%|▊         | 1.47G/17.3G [01:01<10:52, 24.3MB/s]
  9%|▊         | 1.48G/17.3G [01:01<09:47, 26.9MB/s]
  9%|▊         | 1.48G/17.3G [01:02<08:33, 30.8MB/s]
  9%|▊         | 1.49G/17.3G [01:02<08:00, 32.9MB/s]
  9%|▊         | 1.49G/17.3G [01:02<07:14, 36.4MB/s]
  9%|▊         | 1.50G/17.3G [01:02<08:18, 31.7MB/s]
  9%|▊         | 1.50G/17.3G [01:02<06:41, 39.3MB/s]
  9%|▊         | 1.51G/17.3G [01:02<06:52, 38.3MB/s]
  9%|▊         | 1.51G/17.3G [01:02<07:02, 37.3MB/s]
  9%|▉         | 1.52G/17.3G [01:02<07:13, 36.4MB/s]
  9%|▉         | 1.52G/17.3G [01:02<06:59, 37.6MB/s]
  9%|▉         | 1.53G/17.3G [01:03<06:57, 37.8MB/s]
  9%|▉         | 1.53G/17.3G [01:03<08:05, 32.5MB/s]
  9%|▉         | 1.53G/17.3G [01:03<07:04, 37.1MB/s]
  9%|▉         | 1.54G/17.3G [01:03<07:21, 35.7MB/s]
  9%|▉         | 1.54G/17.3G [01:03<07:30, 35.0MB/s]
  9%|▉         | 1.55G/17.3G [01:03<07:38, 34.4MB/s]
  9%|▉         | 1.55G/17.3G [01:03<08:56, 29.4MB/s]
  9%|▉         | 1.55G/17.3G [01:04<25:32, 10.3MB/s]
  9%|▉         | 1.56G/17.3G [01:04<13:02, 20.1MB/s]
  9%|▉         | 1.57G/17.3G [01:05<12:59, 20.2MB/s]
  9%|▉         | 1.57G/17.3G [01:05<11:38, 22.5MB/s]
  9%|▉         | 1.58G/17.3G [01:05<10:52, 24.1MB/s]
  9%|▉         | 1.58G/17.3G [01:05<10:46, 24.3MB/s]
  9%|▉         | 1.59G/17.3G [01:05<09:59, 26.2MB/s]
  9%|▉         | 1.59G/17.3G [01:05<09:14, 28.3MB/s]
  9%|▉         | 1.59G/17.3G [01:05<08:34, 30.5MB/s]
  9%|▉         | 1.60G/17.3G [01:06<10:03, 26.0MB/s]
  9%|▉         | 1.60G/17.3G [01:06<10:06, 25.9MB/s]
  9%|▉         | 1.60G/17.3G [01:06<09:10, 28.5MB/s]
  9%|▉         | 1.61G/17.3G [01:06<08:11, 31.9MB/s]
  9%|▉         | 1.61G/17.3G [01:07<20:47, 12.6MB/s]
  9%|▉         | 1.62G/17.3G [01:07<15:53, 16.5MB/s]
  9%|▉         | 1.62G/17.3G [01:07<15:26, 16.9MB/s]
  9%|▉         | 1.62G/17.3G [01:07<14:41, 17.8MB/s]
  9%|▉         | 1.63G/17.3G [01:07<18:48, 13.9MB/s]
  9%|▉         | 1.63G/17.3G [01:08<10:42, 24.4MB/s]
  9%|▉         | 1.64G/17.3G [01:08<10:06, 25.8MB/s]
  9%|▉         | 1.64G/17.3G [01:08<11:39, 22.4MB/s]
 10%|▉         | 1.65G/17.3G [01:08<10:55, 23.9MB/s]
 10%|▉         | 1.65G/17.3G [01:08<10:04, 25.9MB/s]
 10%|▉         | 1.65G/17.3G [01:08<10:09, 25.7MB/s]
 10%|▉         | 1.66G/17.3G [01:08<09:46, 26.7MB/s]
 10%|▉         | 1.66G/17.3G [01:09<13:13, 19.7MB/s]
 10%|▉         | 1.66G/17.3G [01:09<12:54, 20.2MB/s]
 10%|▉         | 1.66G/17.3G [01:09<12:11, 21.4MB/s]
 10%|▉         | 1.67G/17.3G [01:09<12:25, 21.0MB/s]
 10%|▉         | 1.67G/17.3G [01:09<12:47, 20.4MB/s]
 10%|▉         | 1.67G/17.3G [01:09<13:02, 20.0MB/s]
 10%|▉         | 1.67G/17.3G [01:09<13:21, 19.5MB/s]
 10%|▉         | 1.68G/17.3G [01:10<12:39, 20.6MB/s]
 10%|▉         | 1.68G/17.3G [01:10<10:48, 24.1MB/s]
 10%|▉         | 1.68G/17.3G [01:10<09:51, 26.4MB/s]
 10%|▉         | 1.69G/17.3G [01:10<09:25, 27.6MB/s]
 10%|▉         | 1.69G/17.3G [01:10<09:09, 28.4MB/s]
 10%|▉         | 1.69G/17.3G [01:10<08:56, 29.1MB/s]
 10%|▉         | 1.70G/17.3G [01:10<08:34, 30.3MB/s]
 10%|▉         | 1.70G/17.3G [01:10<08:15, 31.5MB/s]
 10%|▉         | 1.70G/17.3G [01:10<08:07, 32.0MB/s]
 10%|▉         | 1.71G/17.3G [01:11<25:00, 10.4MB/s]
 10%|▉         | 1.72G/17.3G [01:11<13:14, 19.6MB/s]
 10%|▉         | 1.72G/17.3G [01:12<12:34, 20.7MB/s]
 10%|▉         | 1.73G/17.3G [01:12<11:20, 22.9MB/s]
 10%|█         | 1.73G/17.3G [01:12<10:40, 24.3MB/s]
 10%|█         | 1.73G/17.3G [01:12<10:10, 25.5MB/s]
 10%|█         | 1.74G/17.3G [01:12<09:45, 26.6MB/s]
 10%|█         | 1.74G/17.3G [01:12<09:49, 26.4MB/s]
 10%|█         | 1.74G/17.3G [01:12<09:31, 27.2MB/s]
 10%|█         | 1.75G/17.3G [01:12<09:19, 27.8MB/s]
 10%|█         | 1.75G/17.3G [01:13<10:07, 25.6MB/s]
 10%|█         | 1.75G/17.3G [01:13<09:42, 26.7MB/s]
 10%|█         | 1.76G/17.3G [01:13<10:33, 24.6MB/s]
 10%|█         | 1.76G/17.3G [01:13<09:59, 25.9MB/s]
 10%|█         | 1.76G/17.3G [01:13<09:37, 26.9MB/s]
 10%|█         | 1.77G/17.3G [01:13<13:23, 19.3MB/s]
 10%|█         | 1.77G/17.3G [01:13<11:59, 21.6MB/s]
 10%|█         | 1.77G/17.3G [01:14<11:14, 23.0MB/s]
 10%|█         | 1.78G/17.3G [01:14<10:56, 23.6MB/s]
 10%|█         | 1.78G/17.3G [01:14<10:15, 25.2MB/s]
 10%|█         | 1.78G/17.3G [01:14<10:23, 24.9MB/s]
 10%|█         | 1.79G/17.3G [01:14<12:40, 20.4MB/s]
 10%|█         | 1.79G/17.3G [01:14<12:45, 20.3MB/s]
 10%|█         | 1.79G/17.3G [01:14<13:14, 19.5MB/s]
 10%|█         | 1.79G/17.3G [01:14<13:13, 19.5MB/s]
 10%|█         | 1.80G/17.3G [01:15<11:11, 23.1MB/s]
 10%|█         | 1.80G/17.3G [01:15<09:21, 27.6MB/s]
 10%|█         | 1.80G/17.3G [01:15<08:42, 29.7MB/s]
 10%|█         | 1.81G/17.3G [01:15<09:49, 26.3MB/s]
 10%|█         | 1.81G/17.3G [01:15<09:25, 27.4MB/s]
 10%|█         | 1.81G/17.3G [01:15<12:57, 19.9MB/s]
 10%|█         | 1.82G/17.3G [01:15<13:52, 18.6MB/s]
 11%|█         | 1.82G/17.3G [01:16<18:13, 14.2MB/s]
 11%|█         | 1.82G/17.3G [01:16<19:47, 13.0MB/s]
 11%|█         | 1.82G/17.3G [01:16<17:55, 14.4MB/s]
 11%|█         | 1.83G/17.3G [01:16<16:48, 15.3MB/s]
 11%|█         | 1.83G/17.3G [01:16<15:39, 16.5MB/s]
 11%|█         | 1.83G/17.3G [01:16<14:12, 18.1MB/s]
 11%|█         | 1.83G/17.3G [01:17<13:26, 19.2MB/s]
 11%|█         | 1.84G/17.3G [01:17<12:43, 20.3MB/s]
 11%|█         | 1.84G/17.3G [01:17<12:18, 20.9MB/s]
 11%|█         | 1.84G/17.3G [01:17<11:56, 21.6MB/s]
 11%|█         | 1.84G/17.3G [01:17<11:42, 22.0MB/s]
 11%|█         | 1.85G/17.3G [01:17<11:35, 22.2MB/s]
 11%|█         | 1.85G/17.3G [01:17<11:27, 22.5MB/s]
 11%|█         | 1.85G/17.3G [01:17<11:22, 22.6MB/s]
 11%|█         | 1.85G/17.3G [01:17<11:20, 22.7MB/s]
 11%|█         | 1.86G/17.3G [01:18<11:17, 22.8MB/s]
 11%|█         | 1.86G/17.3G [01:18<11:15, 22.9MB/s]
 11%|█         | 1.86G/17.3G [01:18<11:15, 22.8MB/s]
 11%|█         | 1.86G/17.3G [01:18<10:49, 23.8MB/s]
 11%|█         | 1.87G/17.3G [01:18<08:40, 29.6MB/s]
 11%|█         | 1.87G/17.3G [01:18<08:03, 31.9MB/s]
 11%|█         | 1.88G/17.3G [01:18<08:15, 31.1MB/s]
 11%|█         | 1.88G/17.3G [01:19<13:28, 19.1MB/s]
 11%|█         | 1.88G/17.3G [01:19<11:10, 23.0MB/s]
 11%|█         | 1.89G/17.3G [01:19<11:06, 23.1MB/s]
 11%|█         | 1.89G/17.3G [01:19<10:53, 23.6MB/s]
 11%|█         | 1.89G/17.3G [01:19<11:19, 22.7MB/s]
 11%|█         | 1.90G/17.3G [01:19<11:12, 22.9MB/s]
 11%|█         | 1.90G/17.3G [01:19<11:42, 21.9MB/s]
 11%|█         | 1.90G/17.3G [01:20<11:43, 21.9MB/s]
 11%|█         | 1.90G/17.3G [01:20<11:39, 22.0MB/s]
 11%|█         | 1.91G/17.3G [01:20<12:23, 20.7MB/s]
 11%|█         | 1.91G/17.3G [01:20<11:41, 21.9MB/s]
 11%|█         | 1.91G/17.3G [01:20<12:11, 21.0MB/s]
 11%|█         | 1.91G/17.3G [01:20<16:53, 15.2MB/s]
 11%|█         | 1.92G/17.3G [01:20<13:57, 18.4MB/s]
 11%|█         | 1.92G/17.3G [01:21<14:29, 17.7MB/s]
 11%|█         | 1.92G/17.3G [01:21<15:09, 16.9MB/s]
 11%|█         | 1.92G/17.3G [01:21<17:18, 14.8MB/s]
 11%|█         | 1.93G/17.3G [01:21<14:22, 17.8MB/s]
 11%|█         | 1.93G/17.3G [01:21<13:13, 19.4MB/s]
 11%|█         | 1.93G/17.3G [01:21<13:39, 18.8MB/s]
 11%|█         | 1.94G/17.3G [01:21<13:52, 18.5MB/s]
 11%|█         | 1.94G/17.3G [01:22<14:04, 18.2MB/s]
 11%|█         | 1.94G/17.3G [01:22<14:16, 17.9MB/s]
 11%|█         | 1.94G/17.3G [01:22<14:20, 17.9MB/s]
 11%|█         | 1.94G/17.3G [01:22<14:24, 17.8MB/s]
 11%|█         | 1.95G/17.3G [01:22<14:27, 17.7MB/s]
 11%|█▏        | 1.95G/17.3G [01:22<14:31, 17.6MB/s]
 11%|█▏        | 1.95G/17.3G [01:22<14:33, 17.6MB/s]
 11%|█▏        | 1.95G/17.3G [01:22<14:32, 17.6MB/s]
 11%|█▏        | 1.95G/17.3G [01:22<15:08, 16.9MB/s]
 11%|█▏        | 1.96G/17.3G [01:23<14:56, 17.1MB/s]
 11%|█▏        | 1.96G/17.3G [01:23<14:50, 17.2MB/s]
 11%|█▏        | 1.96G/17.3G [01:23<14:44, 17.4MB/s]
 11%|█▏        | 1.96G/17.3G [01:23<14:43, 17.4MB/s]
 11%|█▏        | 1.96G/17.3G [01:23<14:41, 17.4MB/s]
 11%|█▏        | 1.97G/17.3G [01:23<14:48, 17.3MB/s]
 11%|█▏        | 1.97G/17.3G [01:23<14:28, 17.6MB/s]
 11%|█▏        | 1.97G/17.3G [01:23<16:22, 15.6MB/s]
 11%|█▏        | 1.97G/17.3G [01:24<13:50, 18.5MB/s]
 11%|█▏        | 1.98G/17.3G [01:24<14:02, 18.2MB/s]
 11%|█▏        | 1.98G/17.3G [01:24<14:24, 17.7MB/s]
 11%|█▏        | 1.98G/17.3G [01:24<14:54, 17.1MB/s]
 11%|█▏        | 1.98G/17.3G [01:24<15:17, 16.7MB/s]
 11%|█▏        | 1.98G/17.3G [01:24<15:14, 16.7MB/s]
 11%|█▏        | 1.99G/17.3G [01:24<15:55, 16.0MB/s]
 11%|█▏        | 1.99G/17.3G [01:25<17:28, 14.6MB/s]
 12%|█▏        | 1.99G/17.3G [01:25<18:11, 14.0MB/s]
 12%|█▏        | 1.99G/17.3G [01:25<18:24, 13.9MB/s]
 12%|█▏        | 1.99G/17.3G [01:25<19:38, 13.0MB/s]
 12%|█▏        | 1.99G/17.3G [01:25<20:22, 12.5MB/s]
 12%|█▏        | 2.00G/17.3G [01:25<21:13, 12.0MB/s]
 12%|█▏        | 2.00G/17.3G [01:25<19:47, 12.9MB/s]
 12%|█▏        | 2.00G/17.3G [01:25<15:52, 16.1MB/s]
 12%|█▏        | 2.00G/17.3G [01:26<13:49, 18.4MB/s]
 12%|█▏        | 2.01G/17.3G [01:26<11:47, 21.6MB/s]
 12%|█▏        | 2.01G/17.3G [01:26<11:11, 22.8MB/s]
 12%|█▏        | 2.01G/17.3G [01:26<09:46, 26.1MB/s]
 12%|█▏        | 2.02G/17.3G [01:26<12:34, 20.3MB/s]
 12%|█▏        | 2.02G/17.3G [01:26<15:28, 16.5MB/s]
 12%|█▏        | 2.02G/17.3G [01:26<14:48, 17.2MB/s]
 12%|█▏        | 2.02G/17.3G [01:27<19:07, 13.3MB/s]
 12%|█▏        | 2.03G/17.3G [01:27<18:37, 13.7MB/s]
 12%|█▏        | 2.03G/17.3G [01:27<14:36, 17.4MB/s]
 12%|█▏        | 2.03G/17.3G [01:27<16:55, 15.0MB/s]
 12%|█▏        | 2.03G/17.3G [01:28<19:06, 13.3MB/s]
 12%|█▏        | 2.04G/17.3G [01:28<19:25, 13.1MB/s]
 12%|█▏        | 2.04G/17.3G [01:28<16:25, 15.5MB/s]
 12%|█▏        | 2.04G/17.3G [01:28<15:43, 16.2MB/s]
 12%|█▏        | 2.05G/17.3G [01:28<15:13, 16.7MB/s]
 12%|█▏        | 2.05G/17.3G [01:28<18:26, 13.8MB/s]
 12%|█▏        | 2.05G/17.3G [01:28<16:16, 15.6MB/s]
 12%|█▏        | 2.05G/17.3G [01:29<14:35, 17.4MB/s]
 12%|█▏        | 2.05G/17.3G [01:29<14:39, 17.3MB/s]
 12%|█▏        | 2.06G/17.3G [01:29<14:03, 18.1MB/s]
 12%|█▏        | 2.06G/17.3G [01:29<13:07, 19.4MB/s]
 12%|█▏        | 2.06G/17.3G [01:29<12:33, 20.2MB/s]
 12%|█▏        | 2.06G/17.3G [01:29<12:38, 20.1MB/s]
 12%|█▏        | 2.07G/17.3G [01:29<13:22, 19.0MB/s]
 12%|█▏        | 2.07G/17.3G [01:29<12:40, 20.0MB/s]
 12%|█▏        | 2.07G/17.3G [01:29<12:42, 20.0MB/s]
 12%|█▏        | 2.07G/17.3G [01:30<11:49, 21.5MB/s]
 12%|█▏        | 2.08G/17.3G [01:30<11:41, 21.7MB/s]
 12%|█▏        | 2.08G/17.3G [01:30<11:28, 22.1MB/s]
 12%|█▏        | 2.08G/17.3G [01:30<11:18, 22.4MB/s]
 12%|█▏        | 2.08G/17.3G [01:30<11:09, 22.7MB/s]
 12%|█▏        | 2.09G/17.3G [01:30<10:46, 23.5MB/s]
 12%|█▏        | 2.09G/17.3G [01:30<09:28, 26.7MB/s]
 12%|█▏        | 2.09G/17.3G [01:30<09:03, 28.0MB/s]
 12%|█▏        | 2.10G/17.3G [01:31<10:36, 23.9MB/s]
 12%|█▏        | 2.10G/17.3G [01:31<13:51, 18.3MB/s]
 12%|█▏        | 2.10G/17.3G [01:31<13:13, 19.2MB/s]
 12%|█▏        | 2.10G/17.3G [01:31<12:59, 19.5MB/s]
 12%|█▏        | 2.11G/17.3G [01:31<13:35, 18.6MB/s]
 12%|█▏        | 2.11G/17.3G [01:31<14:04, 18.0MB/s]
 12%|█▏        | 2.11G/17.3G [01:31<14:23, 17.6MB/s]
 12%|█▏        | 2.11G/17.3G [01:32<14:39, 17.3MB/s]
 12%|█▏        | 2.11G/17.3G [01:32<14:58, 16.9MB/s]
 12%|█▏        | 2.12G/17.3G [01:32<15:06, 16.8MB/s]
 12%|█▏        | 2.12G/17.3G [01:32<15:09, 16.7MB/s]
 12%|█▏        | 2.12G/17.3G [01:32<15:13, 16.6MB/s]
 12%|█▏        | 2.12G/17.3G [01:32<15:15, 16.6MB/s]
 12%|█▏        | 2.13G/17.3G [01:32<15:23, 16.4MB/s]
 12%|█▏        | 2.13G/17.3G [01:32<15:18, 16.5MB/s]
 12%|█▏        | 2.13G/17.3G [01:33<15:20, 16.5MB/s]
 12%|█▏        | 2.13G/17.3G [01:33<15:03, 16.8MB/s]
 12%|█▏        | 2.14G/17.3G [01:33<11:36, 21.8MB/s]
 12%|█▏        | 2.14G/17.3G [01:33<10:05, 25.0MB/s]
 12%|█▏        | 2.14G/17.3G [01:33<11:59, 21.1MB/s]
 12%|█▏        | 2.14G/17.3G [01:33<18:56, 13.3MB/s]
 12%|█▏        | 2.15G/17.3G [01:34<15:22, 16.4MB/s]
 12%|█▏        | 2.15G/17.3G [01:34<14:50, 17.0MB/s]
 12%|█▏        | 2.15G/17.3G [01:34<19:20, 13.0MB/s]
 12%|█▏        | 2.15G/17.3G [01:34<17:51, 14.1MB/s]
 12%|█▏        | 2.16G/17.3G [01:34<23:11, 10.9MB/s]
 12%|█▏        | 2.16G/17.3G [01:35<22:27, 11.2MB/s]
 13%|█▎        | 2.16G/17.3G [01:35<17:09, 14.7MB/s]
 13%|█▎        | 2.16G/17.3G [01:35<18:12, 13.8MB/s]
 13%|█▎        | 2.17G/17.3G [01:35<18:25, 13.7MB/s]
 13%|█▎        | 2.17G/17.3G [01:35<18:16, 13.8MB/s]
 13%|█▎        | 2.17G/17.3G [01:35<20:47, 12.1MB/s]
 13%|█▎        | 2.17G/17.3G [01:36<18:15, 13.8MB/s]
 13%|█▎        | 2.17G/17.3G [01:36<23:30, 10.7MB/s]
 13%|█▎        | 2.18G/17.3G [01:36<28:00, 9.00MB/s]
 13%|█▎        | 2.18G/17.3G [01:36<23:51, 10.6MB/s]
 13%|█▎        | 2.18G/17.3G [01:36<29:57, 8.41MB/s]
 13%|█▎        | 2.18G/17.3G [01:37<26:54, 9.36MB/s]
 13%|█▎        | 2.18G/17.3G [01:37<26:23, 9.55MB/s]
 13%|█▎        | 2.19G/17.3G [01:37<25:35, 9.85MB/s]
 13%|█▎        | 2.19G/17.3G [01:37<21:11, 11.9MB/s]
 13%|█▎        | 2.19G/17.3G [01:37<18:35, 13.6MB/s]
 13%|█▎        | 2.19G/17.3G [01:37<20:04, 12.5MB/s]
 13%|█▎        | 2.19G/17.3G [01:37<17:21, 14.5MB/s]
 13%|█▎        | 2.20G/17.3G [01:38<16:51, 14.9MB/s]
 13%|█▎        | 2.20G/17.3G [01:38<19:49, 12.7MB/s]
 13%|█▎        | 2.20G/17.3G [01:38<18:44, 13.4MB/s]
 13%|█▎        | 2.20G/17.3G [01:38<18:45, 13.4MB/s]
 13%|█▎        | 2.20G/17.3G [01:38<19:14, 13.1MB/s]
 13%|█▎        | 2.20G/17.3G [01:38<19:27, 12.9MB/s]
 13%|█▎        | 2.21G/17.3G [01:38<20:19, 12.4MB/s]
 13%|█▎        | 2.21G/17.3G [01:39<20:41, 12.2MB/s]
 13%|█▎        | 2.21G/17.3G [01:39<24:01, 10.5MB/s]
 13%|█▎        | 2.21G/17.3G [01:39<21:45, 11.6MB/s]
 13%|█▎        | 2.21G/17.3G [01:39<22:32, 11.2MB/s]
 13%|█▎        | 2.21G/17.3G [01:39<21:30, 11.7MB/s]
 13%|█▎        | 2.22G/17.3G [01:39<20:21, 12.4MB/s]
 13%|█▎        | 2.22G/17.3G [01:39<19:33, 12.9MB/s]
 13%|█▎        | 2.22G/17.3G [01:40<19:53, 12.6MB/s]
 13%|█▎        | 2.22G/17.3G [01:40<18:00, 14.0MB/s]
 13%|█▎        | 2.22G/17.3G [01:40<18:28, 13.6MB/s]
 13%|█▎        | 2.23G/17.3G [01:40<20:43, 12.1MB/s]
 13%|█▎        | 2.23G/17.3G [01:40<26:28, 9.49MB/s]
 13%|█▎        | 2.23G/17.3G [01:40<28:24, 8.84MB/s]
 13%|█▎        | 2.23G/17.3G [01:41<26:13, 9.57MB/s]
 13%|█▎        | 2.23G/17.3G [01:41<31:57, 7.86MB/s]
 13%|█▎        | 2.23G/17.3G [01:41<32:21, 7.76MB/s]
 13%|█▎        | 2.23G/17.3G [01:41<31:18, 8.02MB/s]
 13%|█▎        | 2.23G/17.3G [01:41<33:03, 7.60MB/s]
 13%|█▎        | 2.24G/17.3G [01:41<31:29, 7.97MB/s]
 13%|█▎        | 2.24G/17.3G [01:42<29:19, 8.56MB/s]
 13%|█▎        | 2.24G/17.3G [01:42<21:01, 11.9MB/s]
 13%|█▎        | 2.24G/17.3G [01:42<21:54, 11.5MB/s]
 13%|█▎        | 2.24G/17.3G [01:42<21:33, 11.6MB/s]
 13%|█▎        | 2.24G/17.3G [01:42<22:25, 11.2MB/s]
 13%|█▎        | 2.25G/17.3G [01:42<22:49, 11.0MB/s]
 13%|█▎        | 2.25G/17.3G [01:42<26:25, 9.49MB/s]
 13%|█▎        | 2.25G/17.3G [01:43<34:04, 7.36MB/s]
 13%|█▎        | 2.25G/17.3G [01:43<27:04, 9.26MB/s]
 13%|█▎        | 2.25G/17.3G [01:43<27:27, 9.14MB/s]
 13%|█▎        | 2.25G/17.3G [01:43<27:38, 9.07MB/s]
 13%|█▎        | 2.25G/17.3G [01:43<33:49, 7.41MB/s]
 13%|█▎        | 2.26G/17.3G [01:43<27:49, 9.01MB/s]
 13%|█▎        | 2.26G/17.3G [01:44<31:22, 7.99MB/s]
 13%|█▎        | 2.26G/17.3G [01:44<27:51, 9.00MB/s]
 13%|█▎        | 2.26G/17.3G [01:44<31:32, 7.95MB/s]
 13%|█▎        | 2.26G/17.3G [01:44<28:50, 8.69MB/s]
 13%|█▎        | 2.26G/17.3G [01:44<30:40, 8.17MB/s]
 13%|█▎        | 2.26G/17.3G [01:44<25:58, 9.65MB/s]
 13%|█▎        | 2.27G/17.3G [01:44<22:50, 11.0MB/s]
 13%|█▎        | 2.27G/17.3G [01:45<19:01, 13.2MB/s]
 13%|█▎        | 2.27G/17.3G [01:45<17:25, 14.4MB/s]
 13%|█▎        | 2.27G/17.3G [01:45<17:31, 14.3MB/s]
 13%|█▎        | 2.27G/17.3G [01:45<20:24, 12.3MB/s]
 13%|█▎        | 2.27G/17.3G [01:45<18:00, 13.9MB/s]
 13%|█▎        | 2.28G/17.3G [01:45<17:54, 14.0MB/s]
 13%|█▎        | 2.28G/17.3G [01:45<21:50, 11.5MB/s]
 13%|█▎        | 2.28G/17.3G [01:46<20:39, 12.1MB/s]
 13%|█▎        | 2.28G/17.3G [01:46<22:44, 11.0MB/s]
 13%|█▎        | 2.28G/17.3G [01:46<31:08, 8.03MB/s]
 13%|█▎        | 2.28G/17.3G [01:46<31:11, 8.02MB/s]
 13%|█▎        | 2.29G/17.3G [01:46<32:06, 7.80MB/s]
 13%|█▎        | 2.29G/17.3G [01:47<31:59, 7.82MB/s]
 13%|█▎        | 2.29G/17.3G [01:47<32:56, 7.59MB/s]
 13%|█▎        | 2.29G/17.3G [01:47<32:25, 7.72MB/s]
 13%|█▎        | 2.29G/17.3G [01:47<34:43, 7.21MB/s]
 13%|█▎        | 2.29G/17.3G [01:47<25:26, 9.83MB/s]
 13%|█▎        | 2.29G/17.3G [01:47<26:29, 9.44MB/s]
 13%|█▎        | 2.29G/17.3G [01:47<27:17, 9.16MB/s]
 13%|█▎        | 2.30G/17.3G [01:48<30:41, 8.15MB/s]
 13%|█▎        | 2.30G/17.3G [01:48<33:48, 7.40MB/s]
 13%|█▎        | 2.30G/17.3G [01:48<31:34, 7.92MB/s]
 13%|█▎        | 2.30G/17.3G [01:48<36:51, 6.78MB/s]
 13%|█▎        | 2.30G/17.3G [01:48<45:27, 5.50MB/s]
 13%|█▎        | 2.30G/17.3G [01:49<46:38, 5.36MB/s]
 13%|█▎        | 2.30G/17.3G [01:49<1:01:57, 4.03MB/s]
 13%|█▎        | 2.30G/17.3G [01:49<1:01:13, 4.08MB/s]
 13%|█▎        | 2.30G/17.3G [01:49<59:43, 4.18MB/s]  
 13%|█▎        | 2.30G/17.3G [01:50<54:27, 4.59MB/s]
 13%|█▎        | 2.31G/17.3G [01:50<50:20, 4.96MB/s]
 13%|█▎        | 2.31G/17.3G [01:50<48:26, 5.16MB/s]
 13%|█▎        | 2.31G/17.3G [01:50<50:41, 4.93MB/s]
 13%|█▎        | 2.31G/17.3G [01:50<49:22, 5.06MB/s]
 13%|█▎        | 2.31G/17.3G [01:50<50:37, 4.93MB/s]
 13%|█▎        | 2.31G/17.3G [01:51<51:15, 4.87MB/s]
 13%|█▎        | 2.31G/17.3G [01:51<52:22, 4.77MB/s]
 13%|█▎        | 2.31G/17.3G [01:51<54:05, 4.62MB/s]
 13%|█▎        | 2.31G/17.3G [01:51<55:35, 4.49MB/s]
 13%|█▎        | 2.31G/17.3G [01:51<1:08:33, 3.64MB/s]
 13%|█▎        | 2.31G/17.3G [01:51<1:05:41, 3.80MB/s]
 13%|█▎        | 2.31G/17.3G [01:52<1:08:40, 3.64MB/s]
 13%|█▎        | 2.31G/17.3G [01:52<1:03:41, 3.92MB/s]
 13%|█▎        | 2.32G/17.3G [01:52<45:59, 5.43MB/s]  
 13%|█▎        | 2.32G/17.3G [01:52<31:36, 7.90MB/s]
 13%|█▎        | 2.32G/17.3G [01:52<29:34, 8.44MB/s]
 13%|█▎        | 2.32G/17.3G [01:52<28:33, 8.74MB/s]
 13%|█▎        | 2.32G/17.3G [01:52<27:48, 8.98MB/s]
 13%|█▎        | 2.32G/17.3G [01:53<31:06, 8.02MB/s]
 13%|█▎        | 2.32G/17.3G [01:53<31:53, 7.83MB/s]
 13%|█▎        | 2.32G/17.3G [01:53<31:42, 7.87MB/s]
 13%|█▎        | 2.33G/17.3G [01:53<32:25, 7.70MB/s]
 13%|█▎        | 2.33G/17.3G [01:53<31:36, 7.90MB/s]
 13%|█▎        | 2.33G/17.3G [01:53<32:45, 7.62MB/s]
 13%|█▎        | 2.33G/17.3G [01:53<34:22, 7.26MB/s]
 13%|█▎        | 2.33G/17.3G [01:54<41:57, 5.95MB/s]
 13%|█▎        | 2.33G/17.3G [01:54<38:14, 6.53MB/s]
 13%|█▎        | 2.33G/17.3G [01:54<44:12, 5.64MB/s]
 13%|█▎        | 2.33G/17.3G [01:54<44:53, 5.56MB/s]
 13%|█▎        | 2.33G/17.3G [01:54<41:38, 5.99MB/s]
 13%|█▎        | 2.33G/17.3G [01:54<39:11, 6.36MB/s]
 14%|█▎        | 2.34G/17.3G [01:55<38:27, 6.49MB/s]
 14%|█▎        | 2.34G/17.3G [01:55<41:16, 6.04MB/s]
 14%|█▎        | 2.34G/17.3G [01:55<37:01, 6.73MB/s]
 14%|█▎        | 2.34G/17.3G [01:55<38:02, 6.56MB/s]
 14%|█▎        | 2.34G/17.3G [01:55<44:57, 5.55MB/s]
 14%|█▎        | 2.34G/17.3G [01:55<39:53, 6.25MB/s]
 14%|█▎        | 2.34G/17.3G [01:56<41:59, 5.94MB/s]
 14%|█▎        | 2.34G/17.3G [01:56<44:53, 5.55MB/s]
 14%|█▎        | 2.34G/17.3G [01:56<45:10, 5.52MB/s]
 14%|█▎        | 2.35G/17.3G [01:56<46:11, 5.40MB/s]
 14%|█▎        | 2.35G/17.3G [01:57<48:18, 5.16MB/s]
 14%|█▎        | 2.35G/17.3G [01:57<41:24, 6.02MB/s]
 14%|█▎        | 2.35G/17.3G [01:57<36:07, 6.90MB/s]
 14%|█▎        | 2.35G/17.3G [01:57<33:45, 7.38MB/s]
 14%|█▎        | 2.35G/17.3G [01:57<27:39, 9.01MB/s]
 14%|█▎        | 2.35G/17.3G [01:57<29:37, 8.41MB/s]
 14%|█▎        | 2.35G/17.3G [01:57<26:58, 9.24MB/s]
 14%|█▎        | 2.35G/17.3G [01:57<29:37, 8.41MB/s]
 14%|█▎        | 2.36G/17.3G [01:58<27:07, 9.18MB/s]
 14%|█▎        | 2.36G/17.3G [01:58<31:23, 7.93MB/s]
 14%|█▎        | 2.36G/17.3G [01:58<32:35, 7.64MB/s]
 14%|█▎        | 2.36G/17.3G [01:58<38:08, 6.53MB/s]
 14%|█▎        | 2.36G/17.3G [01:58<38:34, 6.46MB/s]
 14%|█▎        | 2.36G/17.3G [01:58<32:45, 7.60MB/s]
 14%|█▎        | 2.36G/17.3G [01:59<37:21, 6.67MB/s]
 14%|█▎        | 2.36G/17.3G [01:59<36:15, 6.87MB/s]
 14%|█▎        | 2.37G/17.3G [01:59<32:49, 7.58MB/s]
 14%|█▎        | 2.37G/17.3G [01:59<36:29, 6.82MB/s]
 14%|█▎        | 2.37G/17.3G [01:59<35:59, 6.92MB/s]
 14%|█▎        | 2.37G/17.3G [02:00<40:10, 6.19MB/s]
 14%|█▎        | 2.37G/17.3G [02:00<42:59, 5.79MB/s]
 14%|█▎        | 2.37G/17.3G [02:00<43:06, 5.77MB/s]
 14%|█▎        | 2.37G/17.3G [02:00<42:22, 5.87MB/s]
 14%|█▎        | 2.37G/17.3G [02:00<37:09, 6.69MB/s]
 14%|█▎        | 2.38G/17.3G [02:00<34:51, 7.14MB/s]
 14%|█▎        | 2.38G/17.3G [02:01<29:57, 8.30MB/s]
 14%|█▎        | 2.38G/17.3G [02:01<33:40, 7.39MB/s]
 14%|█▍        | 2.38G/17.3G [02:01<35:39, 6.97MB/s]
 14%|█▍        | 2.38G/17.3G [02:01<32:33, 7.64MB/s]
 14%|█▍        | 2.38G/17.3G [02:01<34:11, 7.27MB/s]
 14%|█▍        | 2.38G/17.3G [02:01<32:56, 7.55MB/s]
 14%|█▍        | 2.38G/17.3G [02:02<33:55, 7.33MB/s]
 14%|█▍        | 2.38G/17.3G [02:02<35:02, 7.09MB/s]
 14%|█▍        | 2.39G/17.3G [02:02<35:35, 6.98MB/s]
 14%|█▍        | 2.39G/17.3G [02:02<35:52, 6.93MB/s]
 14%|█▍        | 2.39G/17.3G [02:02<35:58, 6.91MB/s]
 14%|█▍        | 2.39G/17.3G [02:02<36:06, 6.88MB/s]
 14%|█▍        | 2.39G/17.3G [02:03<36:09, 6.87MB/s]
 14%|█▍        | 2.39G/17.3G [02:03<36:13, 6.86MB/s]
 14%|█▍        | 2.39G/17.3G [02:03<30:10, 8.24MB/s]
 14%|█▍        | 2.39G/17.3G [02:03<25:30, 9.74MB/s]
 14%|█▍        | 2.40G/17.3G [02:03<22:14, 11.2MB/s]
 14%|█▍        | 2.40G/17.3G [02:03<18:39, 13.3MB/s]
 14%|█▍        | 2.40G/17.3G [02:03<14:12, 17.5MB/s]
 14%|█▍        | 2.40G/17.3G [02:03<17:08, 14.5MB/s]
 14%|█▍        | 2.41G/17.3G [02:04<23:28, 10.6MB/s]
 14%|█▍        | 2.41G/17.3G [02:04<19:06, 13.0MB/s]
 14%|█▍        | 2.41G/17.3G [02:04<19:44, 12.6MB/s]
 14%|█▍        | 2.41G/17.3G [02:04<19:53, 12.5MB/s]
 14%|█▍        | 2.42G/17.3G [02:05<16:04, 15.4MB/s]
 14%|█▍        | 2.42G/17.3G [02:05<17:08, 14.5MB/s]
 14%|█▍        | 2.42G/17.3G [02:05<18:19, 13.5MB/s]
 14%|█▍        | 2.42G/17.3G [02:05<17:29, 14.2MB/s]
 14%|█▍        | 2.43G/17.3G [02:05<14:24, 17.2MB/s]
 14%|█▍        | 2.43G/17.3G [02:05<19:12, 12.9MB/s]
 14%|█▍        | 2.43G/17.3G [02:06<14:49, 16.7MB/s]
 14%|█▍        | 2.44G/17.3G [02:06<16:24, 15.1MB/s]
 14%|█▍        | 2.44G/17.3G [02:06<18:14, 13.6MB/s]
 14%|█▍        | 2.44G/17.3G [02:06<13:56, 17.8MB/s]
 14%|█▍        | 2.44G/17.3G [02:06<14:38, 16.9MB/s]
 14%|█▍        | 2.45G/17.3G [02:06<13:20, 18.5MB/s]
 14%|█▍        | 2.45G/17.3G [02:07<15:24, 16.1MB/s]
 14%|█▍        | 2.45G/17.3G [02:07<17:30, 14.1MB/s]
 14%|█▍        | 2.45G/17.3G [02:07<16:07, 15.3MB/s]
 14%|█▍        | 2.46G/17.3G [02:07<14:02, 17.6MB/s]
 14%|█▍        | 2.46G/17.3G [02:07<13:51, 17.8MB/s]
 14%|█▍        | 2.46G/17.3G [02:07<10:48, 22.9MB/s]
 14%|█▍        | 2.47G/17.3G [02:07<12:38, 19.5MB/s]
 14%|█▍        | 2.47G/17.3G [02:08<11:08, 22.2MB/s]
 14%|█▍        | 2.47G/17.3G [02:08<09:43, 25.4MB/s]
 14%|█▍        | 2.48G/17.3G [02:08<08:51, 27.9MB/s]
 14%|█▍        | 2.48G/17.3G [02:08<08:00, 30.8MB/s]
 14%|█▍        | 2.48G/17.3G [02:08<09:24, 26.3MB/s]
 14%|█▍        | 2.49G/17.3G [02:08<08:36, 28.7MB/s]
 14%|█▍        | 2.49G/17.3G [02:08<08:25, 29.3MB/s]
 14%|█▍        | 2.50G/17.3G [02:08<07:41, 32.1MB/s]
 14%|█▍        | 2.50G/17.3G [02:08<07:24, 33.3MB/s]
 14%|█▍        | 2.50G/17.3G [02:09<06:57, 35.4MB/s]
 14%|█▍        | 2.51G/17.3G [02:09<07:06, 34.6MB/s]
 15%|█▍        | 2.51G/17.3G [02:09<07:03, 34.9MB/s]
 15%|█▍        | 2.52G/17.3G [02:09<06:58, 35.3MB/s]
 15%|█▍        | 2.52G/17.3G [02:09<06:57, 35.4MB/s]
 15%|█▍        | 2.52G/17.3G [02:09<07:24, 33.3MB/s]
 15%|█▍        | 2.53G/17.3G [02:09<11:32, 21.3MB/s]
 15%|█▍        | 2.53G/17.3G [02:10<09:51, 25.0MB/s]
 15%|█▍        | 2.53G/17.3G [02:10<08:57, 27.4MB/s]
 15%|█▍        | 2.54G/17.3G [02:10<08:00, 30.7MB/s]
 15%|█▍        | 2.54G/17.3G [02:10<07:31, 32.7MB/s]
 15%|█▍        | 2.55G/17.3G [02:10<08:54, 27.6MB/s]
 15%|█▍        | 2.55G/17.3G [02:10<07:54, 31.1MB/s]
 15%|█▍        | 2.55G/17.3G [02:10<08:00, 30.7MB/s]
 15%|█▍        | 2.56G/17.3G [02:10<09:06, 27.0MB/s]
 15%|█▍        | 2.56G/17.3G [02:11<07:39, 32.1MB/s]
 15%|█▍        | 2.57G/17.3G [02:11<06:59, 35.1MB/s]
 15%|█▍        | 2.57G/17.3G [02:11<06:22, 38.5MB/s]
 15%|█▍        | 2.58G/17.3G [02:11<05:58, 41.1MB/s]
 15%|█▍        | 2.58G/17.3G [02:11<05:53, 41.7MB/s]
 15%|█▍        | 2.59G/17.3G [02:11<06:40, 36.7MB/s]
 15%|█▍        | 2.59G/17.3G [02:11<06:48, 36.0MB/s]
 15%|█▌        | 2.60G/17.3G [02:11<06:28, 37.9MB/s]
 15%|█▌        | 2.60G/17.3G [02:12<06:09, 39.8MB/s]
 15%|█▌        | 2.61G/17.3G [02:12<06:06, 40.1MB/s]
 15%|█▌        | 2.61G/17.3G [02:12<06:05, 40.2MB/s]
 15%|█▌        | 2.61G/17.3G [02:12<06:06, 40.1MB/s]
 15%|█▌        | 2.62G/17.3G [02:12<06:00, 40.7MB/s]
 15%|█▌        | 2.62G/17.3G [02:12<05:47, 42.2MB/s]
 15%|█▌        | 2.63G/17.3G [02:12<06:11, 39.5MB/s]
 15%|█▌        | 2.63G/17.3G [02:12<08:01, 30.4MB/s]
 15%|█▌        | 2.64G/17.3G [02:13<07:03, 34.7MB/s]
 15%|█▌        | 2.64G/17.3G [02:13<06:33, 37.3MB/s]
 15%|█▌        | 2.65G/17.3G [02:13<06:29, 37.6MB/s]
 15%|█▌        | 2.65G/17.3G [02:13<06:45, 36.1MB/s]
 15%|█▌        | 2.66G/17.3G [02:13<06:19, 38.6MB/s]
 15%|█▌        | 2.66G/17.3G [02:13<05:49, 41.9MB/s]
 15%|█▌        | 2.67G/17.3G [02:13<07:12, 33.9MB/s]
 15%|█▌        | 2.67G/17.3G [02:13<06:49, 35.7MB/s]
 15%|█▌        | 2.67G/17.3G [02:13<06:24, 38.1MB/s]
 15%|█▌        | 2.68G/17.3G [02:14<07:52, 30.9MB/s]
 16%|█▌        | 2.68G/17.3G [02:14<07:09, 34.0MB/s]
 16%|█▌        | 2.69G/17.3G [02:14<12:28, 19.5MB/s]
 16%|█▌        | 2.69G/17.3G [02:14<10:25, 23.3MB/s]
 16%|█▌        | 2.70G/17.3G [02:15<10:23, 23.4MB/s]
 16%|█▌        | 2.70G/17.3G [02:15<09:12, 26.4MB/s]
 16%|█▌        | 2.71G/17.3G [02:15<07:58, 30.5MB/s]
 16%|█▌        | 2.71G/17.3G [02:15<07:25, 32.8MB/s]
 16%|█▌        | 2.71G/17.3G [02:15<07:07, 34.1MB/s]
 16%|█▌        | 2.72G/17.3G [02:15<07:56, 30.6MB/s]
 16%|█▌        | 2.72G/17.3G [02:15<06:10, 39.3MB/s]
 16%|█▌        | 2.73G/17.3G [02:15<06:09, 39.5MB/s]
 16%|█▌        | 2.73G/17.3G [02:15<06:04, 40.0MB/s]
 16%|█▌        | 2.74G/17.3G [02:16<05:56, 40.8MB/s]
 16%|█▌        | 2.74G/17.3G [02:16<05:35, 43.4MB/s]
 16%|█▌        | 2.75G/17.3G [02:16<05:24, 44.9MB/s]
 16%|█▌        | 2.75G/17.3G [02:16<05:16, 46.0MB/s]
 16%|█▌        | 2.76G/17.3G [02:16<05:31, 43.8MB/s]
 16%|█▌        | 2.76G/17.3G [02:16<05:44, 42.2MB/s]
 16%|█▌        | 2.77G/17.3G [02:16<05:57, 40.7MB/s]
 16%|█▌        | 2.77G/17.3G [02:16<05:58, 40.6MB/s]
 16%|█▌        | 2.78G/17.3G [02:17<06:52, 35.2MB/s]
 16%|█▌        | 2.78G/17.3G [02:17<06:43, 36.0MB/s]
 16%|█▌        | 2.79G/17.3G [02:17<06:31, 37.0MB/s]
 16%|█▌        | 2.79G/17.3G [02:17<06:38, 36.4MB/s]
 16%|█▌        | 2.79G/17.3G [02:17<06:36, 36.6MB/s]
 16%|█▌        | 2.80G/17.3G [02:17<06:30, 37.1MB/s]
 16%|█▌        | 2.80G/17.3G [02:17<06:38, 36.4MB/s]
 16%|█▌        | 2.81G/17.3G [02:17<06:41, 36.1MB/s]
 16%|█▌        | 2.81G/17.3G [02:17<06:32, 37.0MB/s]
 16%|█▋        | 2.81G/17.3G [02:18<06:34, 36.7MB/s]
 16%|█▋        | 2.82G/17.3G [02:18<06:29, 37.2MB/s]
 16%|█▋        | 2.82G/17.3G [02:18<06:31, 37.0MB/s]
 16%|█▋        | 2.83G/17.3G [02:18<06:39, 36.2MB/s]
 16%|█▋        | 2.83G/17.3G [02:18<06:33, 36.8MB/s]
 16%|█▋        | 2.84G/17.3G [02:18<06:42, 36.0MB/s]
 16%|█▋        | 2.84G/17.3G [02:18<08:23, 28.7MB/s]
 16%|█▋        | 2.84G/17.3G [02:18<07:59, 30.2MB/s]
 16%|█▋        | 2.85G/17.3G [02:19<08:44, 27.5MB/s]
 16%|█▋        | 2.85G/17.3G [02:19<06:59, 34.5MB/s]
 17%|█▋        | 2.86G/17.3G [02:19<06:44, 35.7MB/s]
 17%|█▋        | 2.86G/17.3G [02:19<06:51, 35.1MB/s]
 17%|█▋        | 2.86G/17.3G [02:19<06:59, 34.4MB/s]
 17%|█▋        | 2.87G/17.3G [02:19<07:18, 32.9MB/s]
 17%|█▋        | 2.87G/17.3G [02:19<07:19, 32.8MB/s]
 17%|█▋        | 2.88G/17.3G [02:19<08:00, 30.0MB/s]
 17%|█▋        | 2.88G/17.3G [02:20<07:39, 31.4MB/s]
 17%|█▋        | 2.88G/17.3G [02:20<07:33, 31.8MB/s]
 17%|█▋        | 2.89G/17.3G [02:20<07:43, 31.1MB/s]
 17%|█▋        | 2.89G/17.3G [02:20<12:07, 19.8MB/s]
 17%|█▋        | 2.89G/17.3G [02:20<10:12, 23.5MB/s]
 17%|█▋        | 2.90G/17.3G [02:20<09:53, 24.3MB/s]
 17%|█▋        | 2.90G/17.3G [02:21<15:01, 16.0MB/s]
 17%|█▋        | 2.90G/17.3G [02:21<13:49, 17.4MB/s]
 17%|█▋        | 2.91G/17.3G [02:21<11:00, 21.8MB/s]
 17%|█▋        | 2.91G/17.3G [02:21<11:50, 20.3MB/s]
 17%|█▋        | 2.92G/17.3G [02:21<09:11, 26.1MB/s]
 17%|█▋        | 2.92G/17.3G [02:21<09:06, 26.3MB/s]
 17%|█▋        | 2.92G/17.3G [02:22<09:56, 24.1MB/s]
 17%|█▋        | 2.93G/17.3G [02:22<08:15, 29.0MB/s]
 17%|█▋        | 2.93G/17.3G [02:22<07:50, 30.5MB/s]
 17%|█▋        | 2.94G/17.3G [02:22<08:57, 26.7MB/s]
 17%|█▋        | 2.94G/17.3G [02:22<07:44, 30.9MB/s]
 17%|█▋        | 2.95G/17.3G [02:22<06:58, 34.3MB/s]
 17%|█▋        | 2.95G/17.3G [02:22<07:01, 34.1MB/s]
 17%|█▋        | 2.95G/17.3G [02:22<06:34, 36.4MB/s]
 17%|█▋        | 2.96G/17.3G [02:23<07:31, 31.8MB/s]
 17%|█▋        | 2.97G/17.3G [02:23<06:16, 38.0MB/s]
 17%|█▋        | 2.97G/17.3G [02:23<06:13, 38.3MB/s]
 17%|█▋        | 2.97G/17.3G [02:23<06:27, 36.9MB/s]
 17%|█▋        | 2.98G/17.3G [02:23<06:31, 36.6MB/s]
 17%|█▋        | 2.98G/17.3G [02:23<06:46, 35.3MB/s]
 17%|█▋        | 2.99G/17.3G [02:23<06:48, 35.0MB/s]
 17%|█▋        | 2.99G/17.3G [02:24<09:13, 25.9MB/s]
 17%|█▋        | 2.99G/17.3G [02:24<08:19, 28.6MB/s]
 17%|█▋        | 3.00G/17.3G [02:24<07:36, 31.4MB/s]
 17%|█▋        | 3.00G/17.3G [02:24<07:15, 32.8MB/s]
 17%|█▋        | 3.01G/17.3G [02:24<07:05, 33.6MB/s]
 17%|█▋        | 3.01G/17.3G [02:24<06:34, 36.2MB/s]
 17%|█▋        | 3.02G/17.3G [02:24<06:09, 38.7MB/s]
 17%|█▋        | 3.02G/17.3G [02:24<06:33, 36.3MB/s]
 17%|█▋        | 3.03G/17.3G [02:24<05:33, 42.8MB/s]
 18%|█▊        | 3.03G/17.3G [02:25<05:46, 41.1MB/s]
 18%|█▊        | 3.04G/17.3G [02:25<06:11, 38.4MB/s]
 18%|█▊        | 3.04G/17.3G [02:25<06:48, 34.9MB/s]
 18%|█▊        | 3.04G/17.3G [02:25<06:55, 34.4MB/s]
 18%|█▊        | 3.05G/17.3G [02:25<06:25, 37.0MB/s]
 18%|█▊        | 3.05G/17.3G [02:25<06:28, 36.7MB/s]
 18%|█▊        | 3.06G/17.3G [02:25<06:35, 36.0MB/s]
 18%|█▊        | 3.06G/17.3G [02:25<06:34, 36.1MB/s]
 18%|█▊        | 3.06G/17.3G [02:25<06:32, 36.3MB/s]
 18%|█▊        | 3.07G/17.3G [02:26<06:37, 35.8MB/s]
 18%|█▊        | 3.07G/17.3G [02:26<06:53, 34.4MB/s]
 18%|█▊        | 3.07G/17.3G [02:26<09:54, 23.9MB/s]
 18%|█▊        | 3.08G/17.3G [02:26<10:18, 23.0MB/s]
 18%|█▊        | 3.08G/17.3G [02:26<07:18, 32.5MB/s]
 18%|█▊        | 3.09G/17.3G [02:26<06:51, 34.5MB/s]
 18%|█▊        | 3.09G/17.3G [02:26<06:51, 34.5MB/s]
 18%|█▊        | 3.10G/17.3G [02:27<07:09, 33.1MB/s]
 18%|█▊        | 3.10G/17.3G [02:27<07:18, 32.4MB/s]
 18%|█▊        | 3.10G/17.3G [02:27<07:31, 31.4MB/s]
 18%|█▊        | 3.11G/17.3G [02:27<07:28, 31.6MB/s]
 18%|█▊        | 3.11G/17.3G [02:27<07:51, 30.1MB/s]
 18%|█▊        | 3.12G/17.3G [02:27<08:22, 28.2MB/s]
 18%|█▊        | 3.12G/17.3G [02:27<08:26, 28.0MB/s]
 18%|█▊        | 3.12G/17.3G [02:27<08:17, 28.5MB/s]
 18%|█▊        | 3.12G/17.3G [02:28<08:10, 28.9MB/s]
 18%|█▊        | 3.13G/17.3G [02:28<08:28, 27.9MB/s]
 18%|█▊        | 3.13G/17.3G [02:28<08:31, 27.7MB/s]
 18%|█▊        | 3.14G/17.3G [02:28<07:44, 30.5MB/s]
 18%|█▊        | 3.14G/17.3G [02:28<06:53, 34.2MB/s]
 18%|█▊        | 3.14G/17.3G [02:28<06:20, 37.2MB/s]
 18%|█▊        | 3.15G/17.3G [02:28<06:13, 37.8MB/s]
 18%|█▊        | 3.15G/17.3G [02:28<07:11, 32.8MB/s]
 18%|█▊        | 3.16G/17.3G [02:29<06:24, 36.8MB/s]
 18%|█▊        | 3.16G/17.3G [02:29<09:16, 25.4MB/s]
 18%|█▊        | 3.17G/17.3G [02:29<09:15, 25.4MB/s]
 18%|█▊        | 3.17G/17.3G [02:29<08:14, 28.6MB/s]
 18%|█▊        | 3.17G/17.3G [02:29<09:14, 25.5MB/s]
 18%|█▊        | 3.18G/17.3G [02:29<07:54, 29.8MB/s]
 18%|█▊        | 3.18G/17.3G [02:30<09:35, 24.5MB/s]
 18%|█▊        | 3.19G/17.3G [02:30<08:06, 29.0MB/s]
 18%|█▊        | 3.19G/17.3G [02:30<07:07, 33.0MB/s]
 18%|█▊        | 3.20G/17.3G [02:30<07:53, 29.8MB/s]
 18%|█▊        | 3.20G/17.3G [02:30<08:53, 26.5MB/s]
 19%|█▊        | 3.20G/17.3G [02:30<07:58, 29.5MB/s]
 19%|█▊        | 3.21G/17.3G [02:30<08:21, 28.1MB/s]
 19%|█▊        | 3.21G/17.3G [02:30<08:43, 26.9MB/s]
 19%|█▊        | 3.21G/17.3G [02:31<09:04, 25.8MB/s]
 19%|█▊        | 3.22G/17.3G [02:31<09:13, 25.4MB/s]
 19%|█▊        | 3.22G/17.3G [02:31<09:37, 24.4MB/s]
 19%|█▊        | 3.22G/17.3G [02:31<19:48, 11.9MB/s]
 19%|█▊        | 3.22G/17.3G [02:32<16:22, 14.3MB/s]
 19%|█▊        | 3.23G/17.3G [02:32<11:50, 19.8MB/s]
 19%|█▊        | 3.23G/17.3G [02:32<10:59, 21.3MB/s]
 19%|█▊        | 3.24G/17.3G [02:32<10:07, 23.2MB/s]
 19%|█▊        | 3.24G/17.3G [02:32<07:56, 29.5MB/s]
 19%|█▉        | 3.25G/17.3G [02:32<07:19, 32.0MB/s]
 19%|█▉        | 3.25G/17.3G [02:32<08:42, 26.9MB/s]
 19%|█▉        | 3.25G/17.3G [02:32<08:54, 26.3MB/s]
 19%|█▉        | 3.26G/17.3G [02:33<07:08, 32.8MB/s]
 19%|█▉        | 3.26G/17.3G [02:33<08:25, 27.8MB/s]
 19%|█▉        | 3.27G/17.3G [02:33<06:57, 33.6MB/s]
 19%|█▉        | 3.27G/17.3G [02:33<06:50, 34.2MB/s]
 19%|█▉        | 3.28G/17.3G [02:33<07:06, 32.9MB/s]
 19%|█▉        | 3.28G/17.3G [02:33<07:04, 33.0MB/s]
 19%|█▉        | 3.28G/17.3G [02:33<07:15, 32.2MB/s]
 19%|█▉        | 3.29G/17.3G [02:33<07:10, 32.6MB/s]
 19%|█▉        | 3.29G/17.3G [02:34<06:59, 33.4MB/s]
 19%|█▉        | 3.29G/17.3G [02:34<06:58, 33.5MB/s]
 19%|█▉        | 3.30G/17.3G [02:34<07:01, 33.2MB/s]
 19%|█▉        | 3.30G/17.3G [02:34<07:18, 31.9MB/s]
 19%|█▉        | 3.31G/17.3G [02:34<07:13, 32.3MB/s]
 19%|█▉        | 3.31G/17.3G [02:34<07:13, 32.3MB/s]
 19%|█▉        | 3.31G/17.3G [02:34<07:06, 32.8MB/s]
 19%|█▉        | 3.32G/17.3G [02:34<06:48, 34.2MB/s]
 19%|█▉        | 3.32G/17.3G [02:34<07:30, 31.0MB/s]
 19%|█▉        | 3.33G/17.3G [02:35<06:57, 33.5MB/s]
 19%|█▉        | 3.33G/17.3G [02:35<06:34, 35.4MB/s]
 19%|█▉        | 3.33G/17.3G [02:35<06:41, 34.8MB/s]
 19%|█▉        | 3.34G/17.3G [02:35<06:20, 36.7MB/s]
 19%|█▉        | 3.34G/17.3G [02:35<06:21, 36.6MB/s]
 19%|█▉        | 3.35G/17.3G [02:35<06:15, 37.2MB/s]
 19%|█▉        | 3.35G/17.3G [02:35<06:10, 37.6MB/s]
 19%|█▉        | 3.35G/17.3G [02:35<06:08, 37.8MB/s]
 19%|█▉        | 3.36G/17.3G [02:35<06:40, 34.8MB/s]
 19%|█▉        | 3.36G/17.3G [02:36<06:27, 36.0MB/s]
 19%|█▉        | 3.37G/17.3G [02:36<06:22, 36.5MB/s]
 19%|█▉        | 3.37G/17.3G [02:36<06:17, 36.9MB/s]
 20%|█▉        | 3.37G/17.3G [02:36<06:20, 36.6MB/s]
 20%|█▉        | 3.38G/17.3G [02:36<06:14, 37.2MB/s]
 20%|█▉        | 3.38G/17.3G [02:36<06:12, 37.3MB/s]
 20%|█▉        | 3.39G/17.3G [02:36<06:11, 37.5MB/s]
 20%|█▉        | 3.39G/17.3G [02:36<06:10, 37.5MB/s]
 20%|█▉        | 3.40G/17.3G [02:36<06:09, 37.6MB/s]
 20%|█▉        | 3.40G/17.3G [02:37<06:05, 38.1MB/s]
 20%|█▉        | 3.40G/17.3G [02:37<06:22, 36.4MB/s]
 20%|█▉        | 3.41G/17.3G [02:37<06:12, 37.3MB/s]
 20%|█▉        | 3.41G/17.3G [02:37<05:47, 39.9MB/s]
 20%|█▉        | 3.42G/17.3G [02:37<05:57, 38.8MB/s]
 20%|█▉        | 3.42G/17.3G [02:37<06:49, 33.9MB/s]
 20%|█▉        | 3.43G/17.3G [02:37<06:27, 35.8MB/s]
 20%|█▉        | 3.43G/17.3G [02:37<06:35, 35.1MB/s]
 20%|█▉        | 3.43G/17.3G [02:38<07:03, 32.8MB/s]
 20%|█▉        | 3.44G/17.3G [02:38<07:19, 31.5MB/s]
 20%|█▉        | 3.44G/17.3G [02:38<07:45, 29.8MB/s]
 20%|█▉        | 3.44G/17.3G [02:38<08:07, 28.4MB/s]
 20%|█▉        | 3.45G/17.3G [02:38<08:17, 27.9MB/s]
 20%|█▉        | 3.45G/17.3G [02:38<08:27, 27.3MB/s]
 20%|█▉        | 3.45G/17.3G [02:38<10:16, 22.5MB/s]
 20%|█▉        | 3.46G/17.3G [02:38<10:03, 22.9MB/s]
 20%|█▉        | 3.46G/17.3G [02:39<10:11, 22.6MB/s]
 20%|██        | 3.46G/17.3G [02:39<09:29, 24.3MB/s]
 20%|██        | 3.47G/17.3G [02:39<10:16, 22.4MB/s]
 20%|██        | 3.47G/17.3G [02:39<09:55, 23.2MB/s]
 20%|██        | 3.47G/17.3G [02:39<10:41, 21.5MB/s]
 20%|██        | 3.47G/17.3G [02:39<10:28, 22.0MB/s]
 20%|██        | 3.48G/17.3G [02:39<09:02, 25.5MB/s]
 20%|██        | 3.48G/17.3G [02:39<08:31, 27.0MB/s]
 20%|██        | 3.48G/17.3G [02:40<08:11, 28.1MB/s]
 20%|██        | 3.49G/17.3G [02:40<07:56, 29.0MB/s]
 20%|██        | 3.49G/17.3G [02:40<07:34, 30.4MB/s]
 20%|██        | 3.49G/17.3G [02:40<07:42, 29.9MB/s]
 20%|██        | 3.50G/17.3G [02:40<07:33, 30.5MB/s]
 20%|██        | 3.50G/17.3G [02:40<08:14, 27.9MB/s]
 20%|██        | 3.50G/17.3G [02:40<07:35, 30.3MB/s]
 20%|██        | 3.51G/17.3G [02:40<10:05, 22.8MB/s]
 20%|██        | 3.51G/17.3G [02:41<09:08, 25.2MB/s]
 20%|██        | 3.52G/17.3G [02:41<11:27, 20.0MB/s]
 20%|██        | 3.52G/17.3G [02:41<12:18, 18.7MB/s]
 20%|██        | 3.52G/17.3G [02:41<10:07, 22.7MB/s]
 20%|██        | 3.53G/17.3G [02:41<09:38, 23.8MB/s]
 20%|██        | 3.53G/17.3G [02:41<09:17, 24.7MB/s]
 20%|██        | 3.53G/17.3G [02:41<08:58, 25.6MB/s]
 20%|██        | 3.53G/17.3G [02:42<08:49, 26.0MB/s]
 20%|██        | 3.54G/17.3G [02:42<08:38, 26.5MB/s]
 20%|██        | 3.54G/17.3G [02:42<08:32, 26.8MB/s]
 20%|██        | 3.54G/17.3G [02:42<08:30, 26.9MB/s]
 21%|██        | 3.55G/17.3G [02:42<08:25, 27.2MB/s]
 21%|██        | 3.55G/17.3G [02:42<08:23, 27.3MB/s]
 21%|██        | 3.55G/17.3G [02:42<08:23, 27.3MB/s]
 21%|██        | 3.56G/17.3G [02:42<10:11, 22.5MB/s]
 21%|██        | 3.56G/17.3G [02:43<09:38, 23.8MB/s]
 21%|██        | 3.56G/17.3G [02:43<09:13, 24.8MB/s]
 21%|██        | 3.57G/17.3G [02:43<17:03, 13.4MB/s]
 21%|██        | 3.57G/17.3G [02:43<13:21, 17.1MB/s]
 21%|██        | 3.57G/17.3G [02:43<14:13, 16.1MB/s]
 21%|██        | 3.57G/17.3G [02:44<13:43, 16.7MB/s]
 21%|██        | 3.58G/17.3G [02:44<14:30, 15.8MB/s]
 21%|██        | 3.58G/17.3G [02:44<13:21, 17.1MB/s]
 21%|██        | 3.58G/17.3G [02:44<14:57, 15.3MB/s]
 21%|██        | 3.59G/17.3G [02:44<12:35, 18.1MB/s]
 21%|██        | 3.59G/17.3G [02:44<11:51, 19.3MB/s]
 21%|██        | 3.59G/17.3G [02:44<11:30, 19.9MB/s]
 21%|██        | 3.59G/17.3G [02:45<10:31, 21.7MB/s]
 21%|██        | 3.60G/17.3G [02:45<10:07, 22.6MB/s]
 21%|██        | 3.60G/17.3G [02:45<11:14, 20.3MB/s]
 21%|██        | 3.60G/17.3G [02:45<11:23, 20.0MB/s]
 21%|██        | 3.60G/17.3G [02:45<10:49, 21.1MB/s]
 21%|██        | 3.61G/17.3G [02:45<10:42, 21.3MB/s]
 21%|██        | 3.61G/17.3G [02:45<10:45, 21.2MB/s]
 21%|██        | 3.61G/17.3G [02:45<11:02, 20.7MB/s]
 21%|██        | 3.61G/17.3G [02:46<11:18, 20.2MB/s]
 21%|██        | 3.62G/17.3G [02:46<11:13, 20.3MB/s]
 21%|██        | 3.62G/17.3G [02:46<11:37, 19.6MB/s]
 21%|██        | 3.62G/17.3G [02:46<12:08, 18.8MB/s]
 21%|██        | 3.62G/17.3G [02:46<12:16, 18.6MB/s]
 21%|██        | 3.62G/17.3G [02:46<12:42, 17.9MB/s]
 21%|██        | 3.63G/17.3G [02:46<14:11, 16.1MB/s]
 21%|██        | 3.63G/17.3G [02:46<13:26, 17.0MB/s]
 21%|██        | 3.63G/17.3G [02:47<13:44, 16.6MB/s]
 21%|██        | 3.63G/17.3G [02:47<11:20, 20.1MB/s]
 21%|██        | 3.64G/17.3G [02:47<10:00, 22.8MB/s]
 21%|██        | 3.64G/17.3G [02:47<09:10, 24.8MB/s]
 21%|██        | 3.64G/17.3G [02:47<08:24, 27.1MB/s]
 21%|██        | 3.65G/17.3G [02:47<09:17, 24.5MB/s]
 21%|██        | 3.65G/17.3G [02:47<08:28, 26.8MB/s]
 21%|██        | 3.66G/17.3G [02:47<07:33, 30.1MB/s]
 21%|██        | 3.66G/17.3G [02:48<08:56, 25.4MB/s]
 21%|██        | 3.66G/17.3G [02:48<08:30, 26.7MB/s]
 21%|██        | 3.66G/17.3G [02:48<09:13, 24.6MB/s]
 21%|██        | 3.67G/17.3G [02:48<09:06, 24.9MB/s]
 21%|██        | 3.67G/17.3G [02:48<09:00, 25.2MB/s]
 21%|██        | 3.67G/17.3G [02:48<10:06, 22.5MB/s]
 21%|██        | 3.68G/17.3G [02:48<12:25, 18.3MB/s]
 21%|██▏       | 3.68G/17.3G [02:49<15:36, 14.5MB/s]
 21%|██▏       | 3.68G/17.3G [02:49<10:57, 20.7MB/s]
 21%|██▏       | 3.69G/17.3G [02:49<10:03, 22.6MB/s]
 21%|██▏       | 3.69G/17.3G [02:49<08:11, 27.7MB/s]
 21%|██▏       | 3.69G/17.3G [02:49<07:53, 28.7MB/s]
 21%|██▏       | 3.70G/17.3G [02:49<07:43, 29.4MB/s]
 21%|██▏       | 3.70G/17.3G [02:49<07:09, 31.6MB/s]
 21%|██▏       | 3.70G/17.3G [02:49<07:54, 28.7MB/s]
 21%|██▏       | 3.71G/17.3G [02:50<06:55, 32.7MB/s]
 21%|██▏       | 3.71G/17.3G [02:50<06:45, 33.5MB/s]
 21%|██▏       | 3.72G/17.3G [02:50<06:24, 35.4MB/s]
 22%|██▏       | 3.72G/17.3G [02:50<06:39, 34.0MB/s]
 22%|██▏       | 3.72G/17.3G [02:50<07:30, 30.2MB/s]
 22%|██▏       | 3.73G/17.3G [02:50<07:46, 29.1MB/s]
 22%|██▏       | 3.73G/17.3G [02:50<07:47, 29.0MB/s]
 22%|██▏       | 3.73G/17.3G [02:50<07:56, 28.5MB/s]
 22%|██▏       | 3.74G/17.3G [02:51<08:57, 25.2MB/s]
 22%|██▏       | 3.74G/17.3G [02:51<09:01, 25.1MB/s]
 22%|██▏       | 3.74G/17.3G [02:51<08:22, 27.0MB/s]
 22%|██▏       | 3.75G/17.3G [02:51<08:21, 27.0MB/s]
 22%|██▏       | 3.75G/17.3G [02:51<08:36, 26.2MB/s]
 22%|██▏       | 3.75G/17.3G [02:51<09:11, 24.6MB/s]
 22%|██▏       | 3.76G/17.3G [02:51<09:14, 24.4MB/s]
 22%|██▏       | 3.76G/17.3G [02:51<09:33, 23.6MB/s]
 22%|██▏       | 3.76G/17.3G [02:52<12:30, 18.0MB/s]
 22%|██▏       | 3.76G/17.3G [02:52<11:12, 20.1MB/s]
 22%|██▏       | 3.77G/17.3G [02:52<10:44, 21.0MB/s]
 22%|██▏       | 3.77G/17.3G [02:52<10:25, 21.6MB/s]
 22%|██▏       | 3.77G/17.3G [02:52<13:05, 17.2MB/s]
 22%|██▏       | 3.77G/17.3G [02:52<11:14, 20.0MB/s]
 22%|██▏       | 3.78G/17.3G [02:52<08:46, 25.7MB/s]
 22%|██▏       | 3.78G/17.3G [02:52<08:03, 27.9MB/s]
 22%|██▏       | 3.79G/17.3G [02:53<06:52, 32.8MB/s]
 22%|██▏       | 3.79G/17.3G [02:53<06:57, 32.4MB/s]
 22%|██▏       | 3.80G/17.3G [02:53<06:26, 34.9MB/s]
 22%|██▏       | 3.80G/17.3G [02:53<06:36, 34.0MB/s]
 22%|██▏       | 3.80G/17.3G [02:53<08:09, 27.6MB/s]
 22%|██▏       | 3.81G/17.3G [02:53<07:04, 31.8MB/s]
 22%|██▏       | 3.81G/17.3G [02:53<08:38, 26.0MB/s]
 22%|██▏       | 3.82G/17.3G [02:54<07:14, 31.0MB/s]
 22%|██▏       | 3.82G/17.3G [02:54<09:09, 24.5MB/s]
 22%|██▏       | 3.83G/17.3G [02:54<07:43, 29.1MB/s]
 22%|██▏       | 3.83G/17.3G [02:54<07:08, 31.4MB/s]
 22%|██▏       | 3.83G/17.3G [02:54<06:37, 33.9MB/s]
 22%|██▏       | 3.84G/17.3G [02:54<06:19, 35.5MB/s]
 22%|██▏       | 3.84G/17.3G [02:54<05:49, 38.5MB/s]
 22%|██▏       | 3.85G/17.3G [02:54<05:39, 39.6MB/s]
 22%|██▏       | 3.85G/17.3G [02:55<05:21, 41.9MB/s]
 22%|██▏       | 3.86G/17.3G [02:55<05:16, 42.5MB/s]
 22%|██▏       | 3.86G/17.3G [02:55<05:39, 39.6MB/s]
 22%|██▏       | 3.87G/17.3G [02:55<05:31, 40.6MB/s]
 22%|██▏       | 3.87G/17.3G [02:55<05:21, 41.7MB/s]
 22%|██▏       | 3.88G/17.3G [02:55<05:12, 43.0MB/s]
 22%|██▏       | 3.88G/17.3G [02:55<06:15, 35.7MB/s]
 22%|██▏       | 3.89G/17.3G [02:55<05:44, 38.9MB/s]
 22%|██▏       | 3.89G/17.3G [02:55<05:57, 37.5MB/s]
 23%|██▎       | 3.89G/17.3G [02:56<06:19, 35.3MB/s]
 23%|██▎       | 3.90G/17.3G [02:56<06:25, 34.8MB/s]
 23%|██▎       | 3.90G/17.3G [02:56<06:37, 33.7MB/s]
 23%|██▎       | 3.91G/17.3G [02:56<06:45, 33.0MB/s]
 23%|██▎       | 3.91G/17.3G [02:56<07:32, 29.6MB/s]
 23%|██▎       | 3.91G/17.3G [02:56<07:22, 30.3MB/s]
 23%|██▎       | 3.92G/17.3G [02:56<08:35, 26.0MB/s]
 23%|██▎       | 3.92G/17.3G [02:57<08:16, 27.0MB/s]
 23%|██▎       | 3.92G/17.3G [02:57<07:45, 28.8MB/s]
 23%|██▎       | 3.93G/17.3G [02:57<07:36, 29.3MB/s]
 23%|██▎       | 3.93G/17.3G [02:57<07:20, 30.4MB/s]
 23%|██▎       | 3.93G/17.3G [02:57<08:14, 27.0MB/s]
 23%|██▎       | 3.94G/17.3G [02:57<08:04, 27.6MB/s]
 23%|██▎       | 3.94G/17.3G [02:57<08:11, 27.2MB/s]
 23%|██▎       | 3.94G/17.3G [02:57<08:50, 25.2MB/s]
 23%|██▎       | 3.95G/17.3G [02:57<08:44, 25.4MB/s]
 23%|██▎       | 3.95G/17.3G [02:58<08:55, 25.0MB/s]
 23%|██▎       | 3.95G/17.3G [02:58<08:49, 25.2MB/s]
 23%|██▎       | 3.95G/17.3G [02:58<08:58, 24.8MB/s]
 23%|██▎       | 3.96G/17.3G [02:58<09:10, 24.2MB/s]
 23%|██▎       | 3.96G/17.3G [02:58<09:31, 23.4MB/s]
 23%|██▎       | 3.96G/17.3G [02:58<12:18, 18.1MB/s]
 23%|██▎       | 3.97G/17.3G [02:58<09:44, 22.8MB/s]
 23%|██▎       | 3.97G/17.3G [02:59<10:47, 20.6MB/s]
 23%|██▎       | 3.97G/17.3G [02:59<08:23, 26.5MB/s]
 23%|██▎       | 3.98G/17.3G [02:59<08:30, 26.1MB/s]
 23%|██▎       | 3.98G/17.3G [02:59<08:32, 26.0MB/s]
 23%|██▎       | 3.98G/17.3G [02:59<08:37, 25.7MB/s]
 23%|██▎       | 3.99G/17.3G [02:59<08:11, 27.1MB/s]
 23%|██▎       | 3.99G/17.3G [02:59<08:02, 27.6MB/s]
 23%|██▎       | 3.99G/17.3G [02:59<07:57, 27.9MB/s]
 23%|██▎       | 4.00G/17.3G [02:59<07:51, 28.2MB/s]
 23%|██▎       | 4.00G/17.3G [03:00<07:49, 28.4MB/s]
 23%|██▎       | 4.00G/17.3G [03:00<07:46, 28.5MB/s]
 23%|██▎       | 4.01G/17.3G [03:00<07:46, 28.5MB/s]
 23%|██▎       | 4.01G/17.3G [03:00<07:43, 28.7MB/s]
 23%|██▎       | 4.01G/17.3G [03:00<07:43, 28.7MB/s]
 23%|██▎       | 4.01G/17.3G [03:00<07:43, 28.7MB/s]
 23%|██▎       | 4.02G/17.3G [03:00<07:41, 28.8MB/s]
 23%|██▎       | 4.02G/17.3G [03:00<07:40, 28.8MB/s]
 23%|██▎       | 4.02G/17.3G [03:00<07:39, 28.9MB/s]
 23%|██▎       | 4.03G/17.3G [03:01<07:40, 28.8MB/s]
 23%|██▎       | 4.03G/17.3G [03:01<07:39, 28.9MB/s]
 23%|██▎       | 4.03G/17.3G [03:01<07:41, 28.7MB/s]
 23%|██▎       | 4.04G/17.3G [03:01<07:39, 28.8MB/s]
 23%|██▎       | 4.04G/17.3G [03:01<07:51, 28.1MB/s]
 23%|██▎       | 4.04G/17.3G [03:01<07:48, 28.3MB/s]
 23%|██▎       | 4.05G/17.3G [03:01<06:53, 32.1MB/s]
 23%|██▎       | 4.05G/17.3G [03:01<06:21, 34.8MB/s]
 23%|██▎       | 4.06G/17.3G [03:02<07:28, 29.5MB/s]
 23%|██▎       | 4.06G/17.3G [03:02<06:20, 34.8MB/s]
 23%|██▎       | 4.07G/17.3G [03:02<06:42, 32.9MB/s]
 24%|██▎       | 4.07G/17.3G [03:02<07:06, 31.0MB/s]
 24%|██▎       | 4.07G/17.3G [03:02<07:06, 31.0MB/s]
 24%|██▎       | 4.08G/17.3G [03:02<07:06, 31.0MB/s]
 24%|██▎       | 4.08G/17.3G [03:02<07:07, 30.9MB/s]
 24%|██▎       | 4.08G/17.3G [03:02<07:33, 29.1MB/s]
 24%|██▎       | 4.09G/17.3G [03:03<07:52, 28.0MB/s]
 24%|██▎       | 4.09G/17.3G [03:03<08:04, 27.3MB/s]
 24%|██▎       | 4.09G/17.3G [03:03<08:27, 26.0MB/s]
 24%|██▎       | 4.10G/17.3G [03:03<07:50, 28.1MB/s]
 24%|██▎       | 4.10G/17.3G [03:03<07:17, 30.2MB/s]
 24%|██▎       | 4.10G/17.3G [03:03<06:55, 31.7MB/s]
 24%|██▎       | 4.11G/17.3G [03:03<06:40, 33.0MB/s]
 24%|██▍       | 4.11G/17.3G [03:03<06:33, 33.5MB/s]
 24%|██▍       | 4.11G/17.3G [03:03<06:42, 32.7MB/s]
 24%|██▍       | 4.12G/17.3G [03:04<06:45, 32.5MB/s]
 24%|██▍       | 4.12G/17.3G [03:04<07:36, 28.8MB/s]
 24%|██▍       | 4.13G/17.3G [03:04<07:15, 30.3MB/s]
 24%|██▍       | 4.13G/17.3G [03:04<06:59, 31.4MB/s]
 24%|██▍       | 4.13G/17.3G [03:04<09:34, 22.9MB/s]
 24%|██▍       | 4.14G/17.3G [03:04<08:09, 26.9MB/s]
 24%|██▍       | 4.14G/17.3G [03:04<08:06, 27.1MB/s]
 24%|██▍       | 4.14G/17.3G [03:04<07:39, 28.6MB/s]
 24%|██▍       | 4.15G/17.3G [03:05<07:50, 28.0MB/s]
 24%|██▍       | 4.15G/17.3G [03:05<08:21, 26.2MB/s]
 24%|██▍       | 4.15G/17.3G [03:05<08:38, 25.3MB/s]
 24%|██▍       | 4.16G/17.3G [03:05<09:11, 23.8MB/s]
 24%|██▍       | 4.16G/17.3G [03:05<10:07, 21.6MB/s]
 24%|██▍       | 4.16G/17.3G [03:05<11:24, 19.2MB/s]
 24%|██▍       | 4.16G/17.3G [03:05<11:37, 18.8MB/s]
 24%|██▍       | 4.17G/17.3G [03:06<10:55, 20.0MB/s]
 24%|██▍       | 4.17G/17.3G [03:06<09:38, 22.7MB/s]
 24%|██▍       | 4.17G/17.3G [03:06<08:57, 24.4MB/s]
 24%|██▍       | 4.18G/17.3G [03:06<08:32, 25.6MB/s]
 24%|██▍       | 4.18G/17.3G [03:06<08:16, 26.4MB/s]
 24%|██▍       | 4.18G/17.3G [03:06<08:08, 26.8MB/s]
 24%|██▍       | 4.19G/17.3G [03:06<08:26, 25.9MB/s]
 24%|██▍       | 4.19G/17.3G [03:06<08:17, 26.4MB/s]
 24%|██▍       | 4.19G/17.3G [03:06<07:58, 27.4MB/s]
 24%|██▍       | 4.20G/17.3G [03:07<07:45, 28.1MB/s]
 24%|██▍       | 4.20G/17.3G [03:07<07:31, 29.0MB/s]
 24%|██▍       | 4.20G/17.3G [03:07<07:26, 29.3MB/s]
 24%|██▍       | 4.21G/17.3G [03:07<07:04, 30.9MB/s]
 24%|██▍       | 4.21G/17.3G [03:07<06:49, 32.0MB/s]
 24%|██▍       | 4.21G/17.3G [03:07<07:38, 28.6MB/s]
 24%|██▍       | 4.22G/17.3G [03:07<07:45, 28.1MB/s]
 24%|██▍       | 4.22G/17.3G [03:07<07:53, 27.6MB/s]
 24%|██▍       | 4.22G/17.3G [03:08<08:59, 24.2MB/s]
 24%|██▍       | 4.23G/17.3G [03:08<08:45, 24.9MB/s]
 24%|██▍       | 4.23G/17.3G [03:08<14:42, 14.8MB/s]
 24%|██▍       | 4.23G/17.3G [03:08<11:29, 18.9MB/s]
 24%|██▍       | 4.24G/17.3G [03:08<11:37, 18.7MB/s]
 25%|██▍       | 4.24G/17.3G [03:09<09:47, 22.2MB/s]
 25%|██▍       | 4.24G/17.3G [03:09<11:53, 18.3MB/s]
 25%|██▍       | 4.25G/17.3G [03:09<09:47, 22.2MB/s]
 25%|██▍       | 4.25G/17.3G [03:09<08:18, 26.2MB/s]
 25%|██▍       | 4.26G/17.3G [03:09<09:14, 23.5MB/s]
 25%|██▍       | 4.26G/17.3G [03:09<08:24, 25.9MB/s]
 25%|██▍       | 4.26G/17.3G [03:10<09:41, 22.4MB/s]
 25%|██▍       | 4.27G/17.3G [03:10<08:05, 26.8MB/s]
 25%|██▍       | 4.27G/17.3G [03:10<08:21, 26.0MB/s]
 25%|██▍       | 4.27G/17.3G [03:10<08:47, 24.7MB/s]
 25%|██▍       | 4.28G/17.3G [03:10<09:16, 23.4MB/s]
 25%|██▍       | 4.28G/17.3G [03:10<08:32, 25.4MB/s]
 25%|██▍       | 4.28G/17.3G [03:10<08:00, 27.1MB/s]
 25%|██▍       | 4.29G/17.3G [03:10<07:44, 28.0MB/s]
 25%|██▍       | 4.29G/17.3G [03:11<07:32, 28.8MB/s]
 25%|██▍       | 4.29G/17.3G [03:11<08:50, 24.5MB/s]
 25%|██▍       | 4.30G/17.3G [03:11<14:55, 14.5MB/s]
 25%|██▍       | 4.30G/17.3G [03:11<13:27, 16.1MB/s]
 25%|██▍       | 4.30G/17.3G [03:11<12:38, 17.1MB/s]
 25%|██▍       | 4.30G/17.3G [03:11<12:05, 17.9MB/s]
 25%|██▍       | 4.31G/17.3G [03:12<11:22, 19.0MB/s]
 25%|██▍       | 4.31G/17.3G [03:12<11:27, 18.9MB/s]
 25%|██▍       | 4.31G/17.3G [03:12<11:38, 18.6MB/s]
 25%|██▍       | 4.31G/17.3G [03:12<11:24, 19.0MB/s]
 25%|██▍       | 4.32G/17.3G [03:12<11:07, 19.5MB/s]
 25%|██▍       | 4.32G/17.3G [03:12<11:17, 19.2MB/s]
 25%|██▍       | 4.32G/17.3G [03:12<10:10, 21.2MB/s]
 25%|██▍       | 4.32G/17.3G [03:12<10:48, 20.0MB/s]
 25%|██▌       | 4.33G/17.3G [03:13<08:14, 26.2MB/s]
 25%|██▌       | 4.33G/17.3G [03:13<07:30, 28.8MB/s]
 25%|██▌       | 4.34G/17.3G [03:13<08:08, 26.5MB/s]
 25%|██▌       | 4.34G/17.3G [03:13<09:01, 23.9MB/s]
 25%|██▌       | 4.34G/17.3G [03:13<07:36, 28.4MB/s]
 25%|██▌       | 4.35G/17.3G [03:13<06:54, 31.3MB/s]
 25%|██▌       | 4.35G/17.3G [03:13<06:56, 31.1MB/s]
 25%|██▌       | 4.36G/17.3G [03:13<07:01, 30.7MB/s]
 25%|██▌       | 4.36G/17.3G [03:14<06:34, 32.8MB/s]
 25%|██▌       | 4.36G/17.3G [03:14<07:31, 28.7MB/s]
 25%|██▌       | 4.37G/17.3G [03:14<07:23, 29.2MB/s]
 25%|██▌       | 4.37G/17.3G [03:14<07:15, 29.7MB/s]
 25%|██▌       | 4.38G/17.3G [03:14<07:27, 28.9MB/s]
 25%|██▌       | 4.38G/17.3G [03:14<07:01, 30.7MB/s]
 25%|██▌       | 4.38G/17.3G [03:14<06:16, 34.3MB/s]
 25%|██▌       | 4.39G/17.3G [03:14<05:54, 36.4MB/s]
 25%|██▌       | 4.39G/17.3G [03:15<07:03, 30.5MB/s]
 25%|██▌       | 4.40G/17.3G [03:15<08:32, 25.2MB/s]
 25%|██▌       | 4.40G/17.3G [03:15<07:31, 28.6MB/s]
 25%|██▌       | 4.41G/17.3G [03:15<06:53, 31.2MB/s]
 25%|██▌       | 4.41G/17.3G [03:15<06:34, 32.7MB/s]
 26%|██▌       | 4.41G/17.3G [03:15<05:59, 35.9MB/s]
 26%|██▌       | 4.42G/17.3G [03:16<07:47, 27.5MB/s]
 26%|██▌       | 4.42G/17.3G [03:16<06:52, 31.3MB/s]
 26%|██▌       | 4.43G/17.3G [03:16<08:15, 26.0MB/s]
 26%|██▌       | 4.43G/17.3G [03:16<08:10, 26.3MB/s]
 26%|██▌       | 4.43G/17.3G [03:16<07:31, 28.5MB/s]
 26%|██▌       | 4.44G/17.3G [03:16<08:44, 24.5MB/s]
 26%|██▌       | 4.44G/17.3G [03:16<08:56, 24.0MB/s]
 26%|██▌       | 4.44G/17.3G [03:17<12:17, 17.4MB/s]
 26%|██▌       | 4.45G/17.3G [03:17<10:56, 19.6MB/s]
 26%|██▌       | 4.45G/17.3G [03:17<10:01, 21.4MB/s]
 26%|██▌       | 4.45G/17.3G [03:17<07:40, 27.9MB/s]
 26%|██▌       | 4.46G/17.3G [03:17<06:24, 33.4MB/s]
 26%|██▌       | 4.46G/17.3G [03:17<07:11, 29.8MB/s]
 26%|██▌       | 4.47G/17.3G [03:17<07:32, 28.3MB/s]
 26%|██▌       | 4.47G/17.3G [03:18<06:42, 31.9MB/s]
 26%|██▌       | 4.48G/17.3G [03:18<09:46, 21.9MB/s]
 26%|██▌       | 4.48G/17.3G [03:18<08:20, 25.6MB/s]
 26%|██▌       | 4.48G/17.3G [03:18<07:59, 26.7MB/s]
 26%|██▌       | 4.49G/17.3G [03:18<07:45, 27.6MB/s]
 26%|██▌       | 4.49G/17.3G [03:18<07:38, 27.9MB/s]
 26%|██▌       | 4.49G/17.3G [03:18<07:12, 29.6MB/s]
 26%|██▌       | 4.50G/17.3G [03:19<07:04, 30.2MB/s]
 26%|██▌       | 4.50G/17.3G [03:19<06:59, 30.5MB/s]
 26%|██▌       | 4.50G/17.3G [03:19<06:56, 30.7MB/s]
 26%|██▌       | 4.51G/17.3G [03:19<06:52, 31.0MB/s]
 26%|██▌       | 4.51G/17.3G [03:19<07:17, 29.3MB/s]
 26%|██▌       | 4.51G/17.3G [03:19<07:31, 28.3MB/s]
 26%|██▌       | 4.52G/17.3G [03:19<08:11, 26.0MB/s]
 26%|██▌       | 4.52G/17.3G [03:19<08:21, 25.5MB/s]
 26%|██▌       | 4.53G/17.3G [03:20<08:28, 25.1MB/s]
 26%|██▌       | 4.53G/17.3G [03:20<08:14, 25.8MB/s]
 26%|██▌       | 4.53G/17.3G [03:20<08:18, 25.6MB/s]
 26%|██▌       | 4.54G/17.3G [03:20<06:54, 30.8MB/s]
 26%|██▋       | 4.54G/17.3G [03:20<06:05, 34.9MB/s]
 26%|██▋       | 4.55G/17.3G [03:20<05:51, 36.3MB/s]
 26%|██▋       | 4.55G/17.3G [03:20<06:35, 32.3MB/s]
 26%|██▋       | 4.56G/17.3G [03:20<06:16, 33.8MB/s]
 26%|██▋       | 4.56G/17.3G [03:21<05:57, 35.6MB/s]
 26%|██▋       | 4.56G/17.3G [03:21<05:47, 36.7MB/s]
 26%|██▋       | 4.57G/17.3G [03:21<06:10, 34.4MB/s]
 26%|██▋       | 4.57G/17.3G [03:21<07:00, 30.3MB/s]
 26%|██▋       | 4.58G/17.3G [03:21<06:53, 30.7MB/s]
 26%|██▋       | 4.58G/17.3G [03:21<06:25, 33.0MB/s]
 27%|██▋       | 4.58G/17.3G [03:21<06:07, 34.6MB/s]
 27%|██▋       | 4.59G/17.3G [03:21<06:28, 32.8MB/s]
 27%|██▋       | 4.59G/17.3G [03:22<06:39, 31.8MB/s]
 27%|██▋       | 4.60G/17.3G [03:22<06:41, 31.6MB/s]
 27%|██▋       | 4.60G/17.3G [03:22<07:49, 27.1MB/s]
 27%|██▋       | 4.60G/17.3G [03:22<09:13, 22.9MB/s]
 27%|██▋       | 4.61G/17.3G [03:22<07:55, 26.7MB/s]
 27%|██▋       | 4.61G/17.3G [03:22<07:51, 26.9MB/s]
 27%|██▋       | 4.61G/17.3G [03:22<08:25, 25.1MB/s]
 27%|██▋       | 4.62G/17.3G [03:23<08:53, 23.8MB/s]
 27%|██▋       | 4.62G/17.3G [03:23<09:17, 22.7MB/s]
 27%|██▋       | 4.62G/17.3G [03:23<09:41, 21.8MB/s]
 27%|██▋       | 4.62G/17.3G [03:23<09:56, 21.3MB/s]
 27%|██▋       | 4.63G/17.3G [03:23<10:11, 20.7MB/s]
 27%|██▋       | 4.63G/17.3G [03:23<10:32, 20.0MB/s]
 27%|██▋       | 4.63G/17.3G [03:23<11:45, 18.0MB/s]
 27%|██▋       | 4.63G/17.3G [03:24<10:00, 21.1MB/s]
 27%|██▋       | 4.64G/17.3G [03:24<10:13, 20.6MB/s]
 27%|██▋       | 4.64G/17.3G [03:24<09:49, 21.5MB/s]
 27%|██▋       | 4.64G/17.3G [03:24<10:19, 20.4MB/s]
 27%|██▋       | 4.65G/17.3G [03:24<09:51, 21.4MB/s]
 27%|██▋       | 4.65G/17.3G [03:24<07:57, 26.5MB/s]
 27%|██▋       | 4.65G/17.3G [03:24<06:45, 31.2MB/s]
 27%|██▋       | 4.66G/17.3G [03:24<05:51, 35.9MB/s]
 27%|██▋       | 4.66G/17.3G [03:24<05:28, 38.4MB/s]
 27%|██▋       | 4.67G/17.3G [03:25<07:30, 28.1MB/s]
 27%|██▋       | 4.67G/17.3G [03:25<08:12, 25.6MB/s]
 27%|██▋       | 4.68G/17.3G [03:25<08:09, 25.8MB/s]
 27%|██▋       | 4.68G/17.3G [03:25<07:29, 28.1MB/s]
 27%|██▋       | 4.68G/17.3G [03:25<08:17, 25.4MB/s]
 27%|██▋       | 4.69G/17.3G [03:25<07:32, 27.9MB/s]
 27%|██▋       | 4.69G/17.3G [03:25<07:23, 28.4MB/s]
 27%|██▋       | 4.69G/17.3G [03:26<07:11, 29.2MB/s]
 27%|██▋       | 4.70G/17.3G [03:26<06:57, 30.2MB/s]
 27%|██▋       | 4.70G/17.3G [03:26<06:34, 31.9MB/s]
 27%|██▋       | 4.70G/17.3G [03:26<06:33, 32.0MB/s]
 27%|██▋       | 4.71G/17.3G [03:26<07:11, 29.1MB/s]
 27%|██▋       | 4.71G/17.3G [03:26<06:25, 32.6MB/s]
 27%|██▋       | 4.72G/17.3G [03:26<07:15, 28.9MB/s]
 27%|██▋       | 4.72G/17.3G [03:27<08:50, 23.7MB/s]
 27%|██▋       | 4.73G/17.3G [03:27<07:16, 28.8MB/s]
 27%|██▋       | 4.73G/17.3G [03:27<07:18, 28.7MB/s]
 27%|██▋       | 4.73G/17.3G [03:27<07:24, 28.2MB/s]
 27%|██▋       | 4.74G/17.3G [03:27<09:00, 23.3MB/s]
 27%|██▋       | 4.74G/17.3G [03:27<08:28, 24.7MB/s]
 27%|██▋       | 4.74G/17.3G [03:27<07:42, 27.2MB/s]
 27%|██▋       | 4.75G/17.3G [03:27<07:10, 29.1MB/s]
 27%|██▋       | 4.75G/17.3G [03:28<06:40, 31.3MB/s]
 27%|██▋       | 4.75G/17.3G [03:28<08:26, 24.8MB/s]
 28%|██▊       | 4.76G/17.3G [03:28<07:37, 27.4MB/s]
 28%|██▊       | 4.76G/17.3G [03:28<07:13, 28.9MB/s]
 28%|██▊       | 4.76G/17.3G [03:28<07:30, 27.8MB/s]
 28%|██▊       | 4.77G/17.3G [03:28<07:58, 26.2MB/s]
 28%|██▊       | 4.77G/17.3G [03:28<08:26, 24.8MB/s]
 28%|██▊       | 4.77G/17.3G [03:29<09:03, 23.0MB/s]
 28%|██▊       | 4.78G/17.3G [03:29<09:27, 22.1MB/s]
 28%|██▊       | 4.78G/17.3G [03:29<09:41, 21.5MB/s]
 28%|██▊       | 4.78G/17.3G [03:29<09:47, 21.3MB/s]
 28%|██▊       | 4.78G/17.3G [03:29<09:52, 21.1MB/s]
 28%|██▊       | 4.79G/17.3G [03:29<10:14, 20.4MB/s]
 28%|██▊       | 4.79G/17.3G [03:29<10:21, 20.1MB/s]
 28%|██▊       | 4.79G/17.3G [03:29<10:22, 20.1MB/s]
 28%|██▊       | 4.79G/17.3G [03:30<09:37, 21.7MB/s]
 28%|██▊       | 4.80G/17.3G [03:30<08:34, 24.3MB/s]
 28%|██▊       | 4.80G/17.3G [03:30<07:57, 26.2MB/s]
 28%|██▊       | 4.80G/17.3G [03:30<07:14, 28.8MB/s]
 28%|██▊       | 4.81G/17.3G [03:30<06:45, 30.8MB/s]
 28%|██▊       | 4.81G/17.3G [03:30<10:48, 19.3MB/s]
 28%|██▊       | 4.81G/17.3G [03:30<08:46, 23.7MB/s]
 28%|██▊       | 4.82G/17.3G [03:31<09:24, 22.1MB/s]
 28%|██▊       | 4.82G/17.3G [03:31<09:30, 21.9MB/s]
 28%|██▊       | 4.83G/17.3G [03:31<08:02, 25.9MB/s]
 28%|██▊       | 4.83G/17.3G [03:31<08:32, 24.4MB/s]
 28%|██▊       | 4.83G/17.3G [03:31<12:46, 16.3MB/s]
 28%|██▊       | 4.84G/17.3G [03:31<11:10, 18.6MB/s]
 28%|██▊       | 4.84G/17.3G [03:32<13:02, 15.9MB/s]
 28%|██▊       | 4.84G/17.3G [03:32<10:24, 19.9MB/s]
 28%|██▊       | 4.85G/17.3G [03:32<09:04, 22.9MB/s]
 28%|██▊       | 4.85G/17.3G [03:32<08:47, 23.6MB/s]
 28%|██▊       | 4.85G/17.3G [03:32<07:39, 27.1MB/s]
 28%|██▊       | 4.86G/17.3G [03:32<08:49, 23.5MB/s]
 28%|██▊       | 4.86G/17.3G [03:32<07:36, 27.3MB/s]
 28%|██▊       | 4.86G/17.3G [03:33<07:36, 27.2MB/s]
 28%|██▊       | 4.87G/17.3G [03:33<07:59, 25.9MB/s]
 28%|██▊       | 4.87G/17.3G [03:33<08:26, 24.6MB/s]
 28%|██▊       | 4.87G/17.3G [03:33<08:46, 23.6MB/s]
 28%|██▊       | 4.88G/17.3G [03:33<09:18, 22.2MB/s]
 28%|██▊       | 4.88G/17.3G [03:33<09:51, 21.0MB/s]
 28%|██▊       | 4.88G/17.3G [03:33<09:57, 20.8MB/s]
 28%|██▊       | 4.88G/17.3G [03:34<09:34, 21.6MB/s]
 28%|██▊       | 4.89G/17.3G [03:34<09:15, 22.3MB/s]
 28%|██▊       | 4.89G/17.3G [03:34<08:52, 23.3MB/s]
 28%|██▊       | 4.89G/17.3G [03:34<08:10, 25.3MB/s]
 28%|██▊       | 4.90G/17.3G [03:34<07:02, 29.4MB/s]
 28%|██▊       | 4.90G/17.3G [03:34<06:21, 32.5MB/s]
 28%|██▊       | 4.90G/17.3G [03:34<09:07, 22.6MB/s]
 28%|██▊       | 4.91G/17.3G [03:35<09:54, 20.8MB/s]
 28%|██▊       | 4.91G/17.3G [03:35<08:14, 25.0MB/s]
 28%|██▊       | 4.92G/17.3G [03:35<07:58, 25.9MB/s]
 28%|██▊       | 4.92G/17.3G [03:35<08:23, 24.6MB/s]
 28%|██▊       | 4.92G/17.3G [03:35<11:05, 18.6MB/s]
 28%|██▊       | 4.92G/17.3G [03:35<10:05, 20.4MB/s]
 28%|██▊       | 4.93G/17.3G [03:35<10:35, 19.5MB/s]
 28%|██▊       | 4.93G/17.3G [03:36<11:31, 17.9MB/s]
 29%|██▊       | 4.93G/17.3G [03:36<17:12, 12.0MB/s]
 29%|██▊       | 4.94G/17.3G [03:36<12:58, 15.9MB/s]
 29%|██▊       | 4.94G/17.3G [03:36<11:21, 18.1MB/s]
 29%|██▊       | 4.94G/17.3G [03:36<11:11, 18.4MB/s]
 29%|██▊       | 4.94G/17.3G [03:36<11:03, 18.6MB/s]
 29%|██▊       | 4.95G/17.3G [03:37<09:11, 22.4MB/s]
 29%|██▊       | 4.95G/17.3G [03:37<07:37, 27.0MB/s]
 29%|██▊       | 4.96G/17.3G [03:37<08:46, 23.5MB/s]
 29%|██▊       | 4.96G/17.3G [03:37<10:13, 20.1MB/s]
 29%|██▊       | 4.96G/17.3G [03:37<10:27, 19.7MB/s]
 29%|██▊       | 4.97G/17.3G [03:37<08:16, 24.8MB/s]
 29%|██▊       | 4.97G/17.3G [03:38<09:05, 22.6MB/s]
 29%|██▉       | 4.97G/17.3G [03:38<08:20, 24.6MB/s]
 29%|██▉       | 4.98G/17.3G [03:38<09:01, 22.8MB/s]
 29%|██▉       | 4.98G/17.3G [03:38<07:57, 25.8MB/s]
 29%|██▉       | 4.99G/17.3G [03:38<07:56, 25.9MB/s]
 29%|██▉       | 4.99G/17.3G [03:38<06:30, 31.5MB/s]
 29%|██▉       | 4.99G/17.3G [03:38<06:38, 30.9MB/s]
 29%|██▉       | 5.00G/17.3G [03:39<07:12, 28.4MB/s]
 29%|██▉       | 5.00G/17.3G [03:39<06:41, 30.6MB/s]
 29%|██▉       | 5.01G/17.3G [03:39<05:56, 34.4MB/s]
 29%|██▉       | 5.01G/17.3G [03:39<07:16, 28.2MB/s]
 29%|██▉       | 5.02G/17.3G [03:39<06:44, 30.4MB/s]
 29%|██▉       | 5.02G/17.3G [03:39<09:04, 22.6MB/s]
 29%|██▉       | 5.02G/17.3G [03:39<09:44, 21.0MB/s]
 29%|██▉       | 5.03G/17.3G [03:40<09:03, 22.6MB/s]
 29%|██▉       | 5.03G/17.3G [03:40<08:00, 25.5MB/s]
 29%|██▉       | 5.03G/17.3G [03:40<08:06, 25.2MB/s]
 29%|██▉       | 5.04G/17.3G [03:40<08:14, 24.8MB/s]
 29%|██▉       | 5.04G/17.3G [03:40<08:29, 24.1MB/s]
 29%|██▉       | 5.04G/17.3G [03:40<08:20, 24.5MB/s]
 29%|██▉       | 5.04G/17.3G [03:40<08:19, 24.5MB/s]
 29%|██▉       | 5.05G/17.3G [03:40<08:40, 23.6MB/s]
 29%|██▉       | 5.05G/17.3G [03:41<07:27, 27.4MB/s]
 29%|██▉       | 5.05G/17.3G [03:41<08:13, 24.8MB/s]
 29%|██▉       | 5.06G/17.3G [03:41<07:24, 27.6MB/s]
 29%|██▉       | 5.06G/17.3G [03:41<07:13, 28.2MB/s]
 29%|██▉       | 5.06G/17.3G [03:41<07:37, 26.7MB/s]
 29%|██▉       | 5.07G/17.3G [03:41<07:47, 26.1MB/s]
 29%|██▉       | 5.07G/17.3G [03:41<08:31, 23.9MB/s]
 29%|██▉       | 5.07G/17.3G [03:41<08:31, 23.9MB/s]
 29%|██▉       | 5.08G/17.3G [03:42<10:57, 18.6MB/s]
 29%|██▉       | 5.08G/17.3G [03:42<12:48, 15.9MB/s]
 29%|██▉       | 5.08G/17.3G [03:42<08:33, 23.8MB/s]
 29%|██▉       | 5.09G/17.3G [03:42<07:53, 25.8MB/s]
 29%|██▉       | 5.09G/17.3G [03:42<07:34, 26.8MB/s]
 29%|██▉       | 5.09G/17.3G [03:42<07:16, 28.0MB/s]
 29%|██▉       | 5.10G/17.3G [03:42<07:03, 28.8MB/s]
 29%|██▉       | 5.10G/17.3G [03:43<06:57, 29.2MB/s]
 29%|██▉       | 5.10G/17.3G [03:43<08:41, 23.4MB/s]
 30%|██▉       | 5.11G/17.3G [03:43<09:11, 22.1MB/s]
 30%|██▉       | 5.11G/17.3G [03:43<09:32, 21.3MB/s]
 30%|██▉       | 5.11G/17.3G [03:43<09:18, 21.8MB/s]
 30%|██▉       | 5.11G/17.3G [03:43<08:28, 24.0MB/s]
 30%|██▉       | 5.12G/17.3G [03:43<10:00, 20.3MB/s]
 30%|██▉       | 5.12G/17.3G [03:44<08:58, 22.6MB/s]
 30%|██▉       | 5.12G/17.3G [03:44<08:20, 24.4MB/s]
 30%|██▉       | 5.13G/17.3G [03:44<07:49, 25.9MB/s]
 30%|██▉       | 5.13G/17.3G [03:44<07:28, 27.1MB/s]
 30%|██▉       | 5.13G/17.3G [03:44<07:13, 28.0MB/s]
 30%|██▉       | 5.14G/17.3G [03:44<07:03, 28.7MB/s]
 30%|██▉       | 5.14G/17.3G [03:44<06:56, 29.2MB/s]
 30%|██▉       | 5.14G/17.3G [03:44<06:13, 32.5MB/s]
 30%|██▉       | 5.15G/17.3G [03:44<06:01, 33.6MB/s]
 30%|██▉       | 5.15G/17.3G [03:45<06:58, 29.0MB/s]
 30%|██▉       | 5.16G/17.3G [03:45<06:24, 31.6MB/s]
 30%|██▉       | 5.16G/17.3G [03:45<07:13, 28.0MB/s]
 30%|██▉       | 5.16G/17.3G [03:45<06:15, 32.3MB/s]
 30%|██▉       | 5.17G/17.3G [03:45<06:21, 31.8MB/s]
 30%|██▉       | 5.17G/17.3G [03:45<06:26, 31.4MB/s]
 30%|██▉       | 5.18G/17.3G [03:45<06:22, 31.7MB/s]
 30%|██▉       | 5.18G/17.3G [03:45<05:48, 34.8MB/s]
 30%|██▉       | 5.18G/17.3G [03:46<06:07, 33.0MB/s]
 30%|██▉       | 5.19G/17.3G [03:46<06:40, 30.3MB/s]
 30%|███       | 5.19G/17.3G [03:46<06:46, 29.8MB/s]
 30%|███       | 5.19G/17.3G [03:46<06:25, 31.4MB/s]
 30%|███       | 5.20G/17.3G [03:46<06:44, 29.9MB/s]
 30%|███       | 5.20G/17.3G [03:46<05:58, 33.7MB/s]
 30%|███       | 5.21G/17.3G [03:46<05:53, 34.2MB/s]
 30%|███       | 5.21G/17.3G [03:46<05:56, 33.9MB/s]
 30%|███       | 5.21G/17.3G [03:46<05:53, 34.2MB/s]
 30%|███       | 5.22G/17.3G [03:47<05:57, 33.8MB/s]
 30%|███       | 5.22G/17.3G [03:47<05:58, 33.7MB/s]
 30%|███       | 5.22G/17.3G [03:47<05:55, 34.0MB/s]
 30%|███       | 5.23G/17.3G [03:47<05:54, 34.1MB/s]
 30%|███       | 5.23G/17.3G [03:47<05:55, 33.9MB/s]
 30%|███       | 5.24G/17.3G [03:47<05:57, 33.8MB/s]
 30%|███       | 5.24G/17.3G [03:47<05:57, 33.7MB/s]
 30%|███       | 5.24G/17.3G [03:47<05:35, 36.0MB/s]
 30%|███       | 5.25G/17.3G [03:47<05:23, 37.3MB/s]
 30%|███       | 5.25G/17.3G [03:48<05:21, 37.5MB/s]
 30%|███       | 5.26G/17.3G [03:48<05:38, 35.6MB/s]
 30%|███       | 5.26G/17.3G [03:48<05:40, 35.3MB/s]
 30%|███       | 5.26G/17.3G [03:48<05:35, 35.9MB/s]
 30%|███       | 5.27G/17.3G [03:48<05:28, 36.6MB/s]
 30%|███       | 5.27G/17.3G [03:48<05:25, 36.9MB/s]
 31%|███       | 5.28G/17.3G [03:48<05:34, 36.0MB/s]
 31%|███       | 5.28G/17.3G [03:48<05:40, 35.3MB/s]
 31%|███       | 5.28G/17.3G [03:48<05:57, 33.6MB/s]
 31%|███       | 5.29G/17.3G [03:49<07:45, 25.8MB/s]
 31%|███       | 5.29G/17.3G [03:49<07:29, 26.7MB/s]
 31%|███       | 5.29G/17.3G [03:49<07:04, 28.3MB/s]
 31%|███       | 5.30G/17.3G [03:49<07:24, 27.0MB/s]
 31%|███       | 5.30G/17.3G [03:49<06:54, 28.9MB/s]
 31%|███       | 5.30G/17.3G [03:49<06:53, 29.0MB/s]
 31%|███       | 5.31G/17.3G [03:49<06:57, 28.7MB/s]
 31%|███       | 5.31G/17.3G [03:50<08:39, 23.1MB/s]
 31%|███       | 5.31G/17.3G [03:50<07:59, 25.0MB/s]
 31%|███       | 5.32G/17.3G [03:50<07:42, 25.9MB/s]
 31%|███       | 5.32G/17.3G [03:50<08:01, 24.9MB/s]
 31%|███       | 5.32G/17.3G [03:50<08:21, 23.9MB/s]
 31%|███       | 5.33G/17.3G [03:50<07:35, 26.3MB/s]
 31%|███       | 5.33G/17.3G [03:50<07:33, 26.4MB/s]
 31%|███       | 5.33G/17.3G [03:50<07:59, 25.0MB/s]
 31%|███       | 5.34G/17.3G [03:51<08:02, 24.8MB/s]
 31%|███       | 5.34G/17.3G [03:51<08:06, 24.6MB/s]
 31%|███       | 5.34G/17.3G [03:51<08:26, 23.6MB/s]
 31%|███       | 5.34G/17.3G [03:51<08:28, 23.5MB/s]
 31%|███       | 5.35G/17.3G [03:51<07:32, 26.4MB/s]
 31%|███       | 5.35G/17.3G [03:51<07:00, 28.4MB/s]
 31%|███       | 5.36G/17.3G [03:51<06:40, 29.8MB/s]
 31%|███       | 5.36G/17.3G [03:51<06:47, 29.3MB/s]
 31%|███       | 5.36G/17.3G [03:51<06:41, 29.8MB/s]
 31%|███       | 5.36G/17.3G [03:52<07:05, 28.0MB/s]
 31%|███       | 5.37G/17.3G [03:52<06:55, 28.7MB/s]
 31%|███       | 5.37G/17.3G [03:52<12:45, 15.6MB/s]
 31%|███       | 5.37G/17.3G [03:52<11:03, 18.0MB/s]
 31%|███       | 5.38G/17.3G [03:52<12:53, 15.4MB/s]
 31%|███       | 5.38G/17.3G [03:53<11:37, 17.1MB/s]
 31%|███       | 5.38G/17.3G [03:53<13:15, 15.0MB/s]
 31%|███       | 5.39G/17.3G [03:53<12:00, 16.5MB/s]
 31%|███       | 5.39G/17.3G [03:53<14:18, 13.9MB/s]
 31%|███       | 5.39G/17.3G [03:53<12:35, 15.8MB/s]
 31%|███       | 5.39G/17.3G [03:53<12:06, 16.4MB/s]
 31%|███       | 5.39G/17.3G [03:54<12:11, 16.3MB/s]
 31%|███       | 5.40G/17.3G [03:54<12:01, 16.5MB/s]
 31%|███       | 5.40G/17.3G [03:54<16:45, 11.8MB/s]
 31%|███       | 5.40G/17.3G [03:54<13:52, 14.3MB/s]
 31%|███       | 5.40G/17.3G [03:54<14:59, 13.2MB/s]
 31%|███       | 5.41G/17.3G [03:55<19:46, 10.0MB/s]
 31%|███▏      | 5.41G/17.3G [03:55<14:16, 13.9MB/s]
 31%|███▏      | 5.41G/17.3G [03:55<15:14, 13.0MB/s]
 31%|███▏      | 5.41G/17.3G [03:55<13:26, 14.7MB/s]
 31%|███▏      | 5.42G/17.3G [03:55<14:21, 13.8MB/s]
 31%|███▏      | 5.42G/17.3G [03:55<15:46, 12.6MB/s]
 31%|███▏      | 5.42G/17.3G [03:56<17:00, 11.6MB/s]
 31%|███▏      | 5.42G/17.3G [03:56<17:02, 11.6MB/s]
 31%|███▏      | 5.42G/17.3G [03:56<17:43, 11.2MB/s]
 31%|███▏      | 5.42G/17.3G [03:56<18:26, 10.7MB/s]
 31%|███▏      | 5.43G/17.3G [03:56<18:50, 10.5MB/s]
 31%|███▏      | 5.43G/17.3G [03:56<21:52, 9.05MB/s]
 31%|███▏      | 5.43G/17.3G [03:57<22:57, 8.62MB/s]
 31%|███▏      | 5.43G/17.3G [03:57<19:58, 9.90MB/s]
 31%|███▏      | 5.43G/17.3G [03:57<21:04, 9.39MB/s]
 31%|███▏      | 5.43G/17.3G [03:57<21:38, 9.14MB/s]
 31%|███▏      | 5.43G/17.3G [03:57<22:07, 8.94MB/s]
 31%|███▏      | 5.43G/17.3G [03:57<22:19, 8.86MB/s]
 31%|███▏      | 5.44G/17.3G [03:57<17:44, 11.1MB/s]
 31%|███▏      | 5.44G/17.3G [03:58<17:53, 11.0MB/s]
 31%|███▏      | 5.44G/17.3G [03:58<15:23, 12.8MB/s]
 31%|███▏      | 5.44G/17.3G [03:58<14:39, 13.5MB/s]
 31%|███▏      | 5.44G/17.3G [03:58<14:19, 13.8MB/s]
 31%|███▏      | 5.45G/17.3G [03:58<14:11, 13.9MB/s]
 31%|███▏      | 5.45G/17.3G [03:58<13:57, 14.2MB/s]
 31%|███▏      | 5.45G/17.3G [03:58<14:05, 14.0MB/s]
 32%|███▏      | 5.45G/17.3G [03:58<17:10, 11.5MB/s]
 32%|███▏      | 5.45G/17.3G [03:58<15:26, 12.8MB/s]
 32%|███▏      | 5.45G/17.3G [03:59<15:29, 12.7MB/s]
 32%|███▏      | 5.46G/17.3G [03:59<14:26, 13.7MB/s]
 32%|███▏      | 5.46G/17.3G [03:59<13:43, 14.4MB/s]
 32%|███▏      | 5.46G/17.3G [03:59<13:17, 14.8MB/s]
 32%|███▏      | 5.46G/17.3G [03:59<14:39, 13.5MB/s]
 32%|███▏      | 5.46G/17.3G [03:59<13:55, 14.2MB/s]
 32%|███▏      | 5.47G/17.3G [03:59<14:06, 14.0MB/s]
 32%|███▏      | 5.47G/17.3G [04:00<13:33, 14.6MB/s]
 32%|███▏      | 5.47G/17.3G [04:00<15:30, 12.7MB/s]
 32%|███▏      | 5.47G/17.3G [04:00<12:56, 15.2MB/s]
 32%|███▏      | 5.47G/17.3G [04:00<12:03, 16.3MB/s]
 32%|███▏      | 5.48G/17.3G [04:00<10:24, 18.9MB/s]
 32%|███▏      | 5.48G/17.3G [04:00<08:18, 23.7MB/s]
 32%|███▏      | 5.48G/17.3G [04:00<09:19, 21.1MB/s]
 32%|███▏      | 5.49G/17.3G [04:01<08:45, 22.5MB/s]
 32%|███▏      | 5.49G/17.3G [04:01<08:40, 22.7MB/s]
 32%|███▏      | 5.49G/17.3G [04:01<09:33, 20.6MB/s]
 32%|███▏      | 5.50G/17.3G [04:01<13:09, 14.9MB/s]
 32%|███▏      | 5.50G/17.3G [04:01<12:36, 15.6MB/s]
 32%|███▏      | 5.50G/17.3G [04:01<10:34, 18.6MB/s]
 32%|███▏      | 5.50G/17.3G [04:01<09:52, 19.9MB/s]
 32%|███▏      | 5.51G/17.3G [04:02<09:06, 21.6MB/s]
 32%|███▏      | 5.51G/17.3G [04:02<08:47, 22.4MB/s]
 32%|███▏      | 5.51G/17.3G [04:02<08:59, 21.9MB/s]
 32%|███▏      | 5.51G/17.3G [04:02<09:01, 21.8MB/s]
 32%|███▏      | 5.52G/17.3G [04:02<09:05, 21.6MB/s]
 32%|███▏      | 5.52G/17.3G [04:02<09:10, 21.4MB/s]
 32%|███▏      | 5.52G/17.3G [04:02<09:38, 20.4MB/s]
 32%|███▏      | 5.52G/17.3G [04:02<09:13, 21.3MB/s]
 32%|███▏      | 5.53G/17.3G [04:03<09:05, 21.6MB/s]
 32%|███▏      | 5.53G/17.3G [04:03<09:02, 21.7MB/s]
 32%|███▏      | 5.53G/17.3G [04:03<08:22, 23.4MB/s]
 32%|███▏      | 5.54G/17.3G [04:03<08:51, 22.1MB/s]
 32%|███▏      | 5.54G/17.3G [04:03<08:46, 22.4MB/s]
 32%|███▏      | 5.54G/17.3G [04:03<08:37, 22.7MB/s]
 32%|███▏      | 5.54G/17.3G [04:03<08:19, 23.5MB/s]
 32%|███▏      | 5.55G/17.3G [04:03<08:07, 24.1MB/s]
 32%|███▏      | 5.55G/17.3G [04:03<08:00, 24.4MB/s]
 32%|███▏      | 5.55G/17.3G [04:04<07:51, 24.9MB/s]
 32%|███▏      | 5.55G/17.3G [04:04<07:53, 24.8MB/s]
 32%|███▏      | 5.56G/17.3G [04:04<07:31, 26.0MB/s]
 32%|███▏      | 5.56G/17.3G [04:04<07:35, 25.8MB/s]
 32%|███▏      | 5.56G/17.3G [04:04<06:50, 28.6MB/s]
 32%|███▏      | 5.57G/17.3G [04:04<06:30, 30.0MB/s]
 32%|███▏      | 5.57G/17.3G [04:04<06:12, 31.5MB/s]
 32%|███▏      | 5.58G/17.3G [04:04<06:33, 29.8MB/s]
 32%|███▏      | 5.58G/17.3G [04:04<05:45, 33.9MB/s]
 32%|███▏      | 5.58G/17.3G [04:05<05:48, 33.6MB/s]
 32%|███▏      | 5.59G/17.3G [04:05<05:42, 34.2MB/s]
 32%|███▏      | 5.59G/17.3G [04:05<07:03, 27.7MB/s]
 32%|███▏      | 5.60G/17.3G [04:05<06:20, 30.7MB/s]
 32%|███▏      | 5.60G/17.3G [04:05<08:24, 23.2MB/s]
 32%|███▏      | 5.60G/17.3G [04:05<06:57, 28.0MB/s]
 32%|███▏      | 5.61G/17.3G [04:05<06:04, 32.0MB/s]
 32%|███▏      | 5.61G/17.3G [04:06<05:57, 32.7MB/s]
 32%|███▏      | 5.62G/17.3G [04:06<05:23, 36.1MB/s]
 33%|███▎      | 5.62G/17.3G [04:06<06:18, 30.8MB/s]
 33%|███▎      | 5.63G/17.3G [04:06<06:25, 30.3MB/s]
 33%|███▎      | 5.63G/17.3G [04:06<05:44, 33.9MB/s]
 33%|███▎      | 5.64G/17.3G [04:06<05:48, 33.5MB/s]
 33%|███▎      | 5.64G/17.3G [04:06<07:26, 26.1MB/s]
 33%|███▎      | 5.64G/17.3G [04:07<08:25, 23.1MB/s]
 33%|███▎      | 5.65G/17.3G [04:07<07:38, 25.4MB/s]
 33%|███▎      | 5.65G/17.3G [04:07<05:28, 35.5MB/s]
 33%|███▎      | 5.66G/17.3G [04:07<05:22, 36.1MB/s]
 33%|███▎      | 5.66G/17.3G [04:07<05:26, 35.6MB/s]
 33%|███▎      | 5.67G/17.3G [04:07<06:37, 29.3MB/s]
 33%|███▎      | 5.67G/17.3G [04:07<06:12, 31.2MB/s]
 33%|███▎      | 5.67G/17.3G [04:08<06:15, 31.0MB/s]
 33%|███▎      | 5.68G/17.3G [04:08<07:06, 27.3MB/s]
 33%|███▎      | 5.68G/17.3G [04:08<07:03, 27.4MB/s]
 33%|███▎      | 5.68G/17.3G [04:08<06:14, 31.0MB/s]
 33%|███▎      | 5.69G/17.3G [04:08<06:00, 32.2MB/s]
 33%|███▎      | 5.69G/17.3G [04:08<05:57, 32.5MB/s]
 33%|███▎      | 5.70G/17.3G [04:08<05:54, 32.8MB/s]
 33%|███▎      | 5.70G/17.3G [04:08<05:59, 32.3MB/s]
 33%|███▎      | 5.70G/17.3G [04:08<05:35, 34.6MB/s]
 33%|███▎      | 5.71G/17.3G [04:09<06:10, 31.3MB/s]
 33%|███▎      | 5.71G/17.3G [04:09<06:53, 28.0MB/s]
 33%|███▎      | 5.72G/17.3G [04:09<05:45, 33.5MB/s]
 33%|███▎      | 5.72G/17.3G [04:09<05:16, 36.6MB/s]
 33%|███▎      | 5.73G/17.3G [04:09<06:43, 28.7MB/s]
 33%|███▎      | 5.73G/17.3G [04:09<05:08, 37.5MB/s]
 33%|███▎      | 5.74G/17.3G [04:09<05:10, 37.2MB/s]
 33%|███▎      | 5.74G/17.3G [04:10<05:26, 35.4MB/s]
 33%|███▎      | 5.75G/17.3G [04:10<05:35, 34.5MB/s]
 33%|███▎      | 5.75G/17.3G [04:10<06:01, 31.9MB/s]
 33%|███▎      | 5.75G/17.3G [04:10<05:56, 32.4MB/s]
 33%|███▎      | 5.76G/17.3G [04:10<06:02, 31.8MB/s]
 33%|███▎      | 5.76G/17.3G [04:10<06:09, 31.2MB/s]
 33%|███▎      | 5.77G/17.3G [04:10<06:11, 31.1MB/s]
 33%|███▎      | 5.77G/17.3G [04:10<06:19, 30.4MB/s]
 33%|███▎      | 5.77G/17.3G [04:11<06:10, 31.1MB/s]
 33%|███▎      | 5.78G/17.3G [04:11<06:25, 29.9MB/s]
 33%|███▎      | 5.78G/17.3G [04:11<06:36, 29.1MB/s]
 33%|███▎      | 5.78G/17.3G [04:11<06:32, 29.4MB/s]
 33%|███▎      | 5.79G/17.3G [04:11<06:33, 29.3MB/s]
 33%|███▎      | 5.79G/17.3G [04:11<06:40, 28.8MB/s]
 33%|███▎      | 5.79G/17.3G [04:11<06:08, 31.3MB/s]
 34%|███▎      | 5.80G/17.3G [04:11<05:25, 35.4MB/s]
 34%|███▎      | 5.80G/17.3G [04:12<05:49, 32.9MB/s]
 34%|███▎      | 5.81G/17.3G [04:12<06:29, 29.5MB/s]
 34%|███▎      | 5.81G/17.3G [04:12<05:45, 33.2MB/s]
 34%|███▎      | 5.81G/17.3G [04:12<05:36, 34.1MB/s]
 34%|███▎      | 5.82G/17.3G [04:12<06:34, 29.1MB/s]
 34%|███▎      | 5.82G/17.3G [04:12<06:39, 28.7MB/s]
 34%|███▎      | 5.83G/17.3G [04:12<06:21, 30.1MB/s]
 34%|███▎      | 5.83G/17.3G [04:12<05:52, 32.6MB/s]
 34%|███▎      | 5.84G/17.3G [04:13<05:32, 34.4MB/s]
 34%|███▍      | 5.84G/17.3G [04:13<05:19, 35.8MB/s]
 34%|███▍      | 5.84G/17.3G [04:13<05:09, 37.1MB/s]
 34%|███▍      | 5.85G/17.3G [04:13<05:02, 37.8MB/s]
 34%|███▍      | 5.85G/17.3G [04:13<04:58, 38.3MB/s]
 34%|███▍      | 5.86G/17.3G [04:13<05:24, 35.2MB/s]
 34%|███▍      | 5.86G/17.3G [04:14<09:56, 19.2MB/s]
 34%|███▍      | 5.86G/17.3G [04:14<08:42, 21.9MB/s]
 34%|███▍      | 5.87G/17.3G [04:14<07:28, 25.5MB/s]
 34%|███▍      | 5.87G/17.3G [04:14<06:27, 29.5MB/s]
 34%|███▍      | 5.88G/17.3G [04:14<06:08, 31.0MB/s]
 34%|███▍      | 5.88G/17.3G [04:14<05:50, 32.6MB/s]
 34%|███▍      | 5.88G/17.3G [04:14<05:48, 32.8MB/s]
 34%|███▍      | 5.89G/17.3G [04:14<05:43, 33.2MB/s]
 34%|███▍      | 5.89G/17.3G [04:14<05:00, 38.0MB/s]
 34%|███▍      | 5.90G/17.3G [04:15<05:08, 37.0MB/s]
 34%|███▍      | 5.90G/17.3G [04:15<05:16, 36.0MB/s]
 34%|███▍      | 5.91G/17.3G [04:15<08:52, 21.4MB/s]
 34%|███▍      | 5.91G/17.3G [04:15<07:55, 23.9MB/s]
 34%|███▍      | 5.91G/17.3G [04:15<07:00, 27.1MB/s]
 34%|███▍      | 5.92G/17.3G [04:16<08:27, 22.4MB/s]
 34%|███▍      | 5.92G/17.3G [04:16<07:43, 24.6MB/s]
 34%|███▍      | 5.92G/17.3G [04:16<07:21, 25.8MB/s]
 34%|███▍      | 5.93G/17.3G [04:16<07:44, 24.5MB/s]
 34%|███▍      | 5.93G/17.3G [04:16<07:04, 26.8MB/s]
 34%|███▍      | 5.93G/17.3G [04:16<07:16, 26.1MB/s]
 34%|███▍      | 5.94G/17.3G [04:16<07:31, 25.2MB/s]
 34%|███▍      | 5.94G/17.3G [04:16<07:26, 25.4MB/s]
 34%|███▍      | 5.94G/17.3G [04:17<07:42, 24.5MB/s]
 34%|███▍      | 5.95G/17.3G [04:17<07:48, 24.2MB/s]
 34%|███▍      | 5.95G/17.3G [04:17<08:01, 23.6MB/s]
 34%|███▍      | 5.95G/17.3G [04:17<07:49, 24.2MB/s]
 34%|███▍      | 5.95G/17.3G [04:17<07:48, 24.2MB/s]
 34%|███▍      | 5.96G/17.3G [04:17<07:38, 24.7MB/s]
 34%|███▍      | 5.96G/17.3G [04:17<07:35, 24.9MB/s]
 34%|███▍      | 5.96G/17.3G [04:17<07:36, 24.8MB/s]
 34%|███▍      | 5.96G/17.3G [04:17<07:41, 24.6MB/s]
 34%|███▍      | 5.97G/17.3G [04:17<07:42, 24.5MB/s]
 35%|███▍      | 5.97G/17.3G [04:18<10:13, 18.5MB/s]
 35%|███▍      | 5.97G/17.3G [04:18<08:32, 22.1MB/s]
 35%|███▍      | 5.98G/17.3G [04:18<07:07, 26.5MB/s]
 35%|███▍      | 5.98G/17.3G [04:18<06:53, 27.4MB/s]
 35%|███▍      | 5.99G/17.3G [04:18<06:04, 31.0MB/s]
 35%|███▍      | 5.99G/17.3G [04:18<05:39, 33.4MB/s]
 35%|███▍      | 5.99G/17.3G [04:18<06:07, 30.8MB/s]
 35%|███▍      | 6.00G/17.3G [04:18<05:57, 31.6MB/s]
 35%|███▍      | 6.00G/17.3G [04:19<06:07, 30.8MB/s]
 35%|███▍      | 6.00G/17.3G [04:19<06:28, 29.1MB/s]
 35%|███▍      | 6.01G/17.3G [04:19<06:05, 30.9MB/s]
 35%|███▍      | 6.01G/17.3G [04:19<05:45, 32.7MB/s]
 35%|███▍      | 6.02G/17.3G [04:19<05:55, 31.7MB/s]
 35%|███▍      | 6.02G/17.3G [04:19<05:32, 33.9MB/s]
 35%|███▍      | 6.03G/17.3G [04:19<06:00, 31.3MB/s]
 35%|███▍      | 6.03G/17.3G [04:20<05:56, 31.6MB/s]
 35%|███▍      | 6.03G/17.3G [04:20<05:45, 32.6MB/s]
 35%|███▍      | 6.04G/17.3G [04:20<10:26, 18.0MB/s]
 35%|███▍      | 6.04G/17.3G [04:20<10:01, 18.7MB/s]
 35%|███▍      | 6.04G/17.3G [04:20<08:39, 21.7MB/s]
 35%|███▍      | 6.05G/17.3G [04:20<07:45, 24.2MB/s]
