[gpu_lock] 잡음: pi05_native (pi05 native: gpu cpuplant verify) ~ 02:33:24
=== gpu 02:13:24
[gpu] policy loaded in 10.0s on [CudaDevice(id=0)]
[gpu] sample 0: steps=10 |chain - official| max 0.0132
[gpu] sample 1: steps=10 |chain - official| max 0.0146
[gpu] sample 2: steps=10 |chain - official| max 0.082
[gpu] sample 3: steps=10 |chain - official| max 0.0361
[gpu] sample 4: steps=10 |chain - official| max 0.111
[gpu] sample 5: steps=10 |chain - official| max 0.0312
[gpu] sample 6: steps=10 |chain - official| max 0.0212
[gpu] sample 7: steps=10 |chain - official| max 0.0717
[gpu] sample 8: steps=10 |chain - official| max 0.032
[gpu] sample 9: steps=10 |chain - official| max 0.0317
[gpu] sample 10: steps=10 |chain - official| max 0.00684
[gpu] sample 11: steps=10 |chain - official| max 0.0109
[gpu] sample 12: steps=10 |chain - official| max 0.00586
[gpu] sample 13: steps=10 |chain - official| max 0.0352
[gpu] sample 14: steps=10 |chain - official| max 0.0125
[gpu] sample 15: steps=10 |chain - official| max 0.00977
[gpu] bench {'infer_total_ms_median': 100.74733500005095, 'model_ms_median': 82.2900190000837, 'infer_total_ms_min': 100.45871700003772, 'n': 20, 'peak_bytes_in_use': 7262730240, 'bytes_in_use': 7006326784, 'device': 'cuda:0'}
=== cpuplant 02:14:03
[cpu_planted] policy loaded in 3.5s on [CpuDevice(id=0)]
[cpu_planted] sample 0: steps=10 |chain - official| max 0.00917
[cpu_planted] sample 1: steps=10 |chain - official| max 0.0289
[cpu_planted] sample 2: steps=10 |chain - official| max 0.0352
[cpu_planted] sample 3: steps=10 |chain - official| max 0.0499
=== verify 02:15:34
weights on GPU 5.05 GiB, activations 0.15 GiB
sample 0: tokens 108 (match), state rel 0.00e+00 eq 1.000
sample 1: tokens 110 (match), state rel 0.00e+00 eq 1.000
sample 2: tokens 108 (match), state rel 0.00e+00 eq 1.000
sample 3: tokens 96 (match), state rel 0.00e+00 eq 1.000

== final actions (worst over samples) ==
point                            rel_ours    rel_floor     max_ours    max_floor  eq_ours     ok
actions_raw (normalized)        2.240e-02          nan    1.191e-01          nan   0.0703     ok
actions (robot units)           3.139e-03          nan    9.947e-03          nan   0.0530     ok
jax per-layer vs jax fused      1.697e-02          nan    8.203e-02          nan   0.0791     ok

== chain: engine end-to-end vs JAX (floor: JAX other platform) ==
point                            rel_ours    rel_floor     max_ours    max_floor  eq_ours     ok
img.stem                        1.505e-04          nan    3.444e-03          nan   0.0003     ok
img.posemb                      5.174e-04          nan    6.250e-02          nan   0.9015     ok
img.l0.res1                     2.174e-03          nan    2.500e-01          nan   0.6940     ok
img.l0.out                      3.538e-03          nan    2.500e-01          nan   0.5023     ok
img.l1.out                      7.329e-03          nan    5.000e-01          nan   0.2651     ok
img.l2.out                      1.143e-02          nan    5.000e-01          nan   0.1623     ok
img.l3.out                      1.514e-02          nan    5.000e-01          nan   0.1216     ok
img.l4.out                      1.612e-02          nan    5.000e-01          nan   0.1073     ok
img.l5.out                      1.758e-02          nan    5.000e-01          nan   0.0990     ok
img.l6.out                      1.814e-02          nan    6.250e-01          nan   0.0946     ok
img.l7.out                      1.853e-02          nan    6.250e-01          nan   0.0921     ok
img.l8.out                      1.886e-02          nan    7.500e-01          nan   0.0900     ok
img.l9.out                      1.930e-02          nan    7.500e-01          nan   0.0903     ok
img.l10.out                     1.970e-02          nan    7.500e-01          nan   0.0919     ok
img.l11.out                     2.011e-02          nan    8.750e-01          nan   0.0899     ok
img.l12.out                     2.033e-02          nan    1.250e+00          nan   0.0881     ok
img.l13.res1                    2.028e-02          nan    1.250e+00          nan   0.0900     ok
img.l13.out                     2.055e-02          nan    1.500e+00          nan   0.0885     ok
img.l14.out                     2.059e-02          nan    2.125e+00          nan   0.0876     ok
img.l15.out                     2.122e-02          nan    4.250e+00          nan   0.0840     ok
img.l16.out                     2.097e-02          nan    7.250e+00          nan   0.0841     ok
img.l17.out                     2.006e-02          nan    9.875e+00          nan   0.0834     ok
img.l18.out                     1.894e-02          nan    1.025e+01          nan   0.0849     ok
img.l19.out                     1.844e-02          nan    1.050e+01          nan   0.0862     ok
img.l20.out                     1.827e-02          nan    1.062e+01          nan   0.0860     ok
img.l21.out                     1.792e-02          nan    1.062e+01          nan   0.0899     ok
img.l22.out                     1.740e-02          nan    1.050e+01          nan   0.0932     ok
img.l23.out                     1.694e-02          nan    1.062e+01          nan   0.0977     ok
img.l24.out                     1.665e-02          nan    1.200e+01          nan   0.0969     ok
img.l25.out                     1.573e-02          nan    1.600e+01          nan   0.0895     ok
img.l26.res1                    1.381e-02          nan    2.000e+01          nan   0.0942     ok
img.l26.out                     1.404e-02          nan    2.200e+01          nan   0.0956     ok
img.encoded                     2.142e-02          nan    1.734e+00          nan   0.0916     ok
img.tokens                      7.138e-03          nan    2.000e+00          nan   0.1408     ok
txt.emb                         0.000e+00          nan    0.000e+00          nan   1.0000     ok
pre.l0.norm1                    1.234e-02          nan    4.766e-01          nan   0.3181     ok
pre.l0.k                        1.273e-02          nan    4.219e-01          nan   0.2645     ok
pre.l0.v                        1.614e-02          nan    2.812e-01          nan   0.2400     ok
pre.l0.norm2                    6.791e-03          nan    3.750e-01          nan   0.2527     ok
pre.l0.out                      4.021e-03          nan    4.000e+00          nan   0.1941     ok
pre.l1.norm1                    1.386e-02          nan    6.094e-01          nan   0.1982     ok
pre.l1.k                        1.013e-02          nan    4.688e-01          nan   0.2408     ok
pre.l1.v                        1.823e-02          nan    2.969e-01          nan   0.1527     ok
pre.l1.norm2                    1.626e-02          nan    3.203e-01          nan   0.1736     ok
pre.l1.out                      4.398e-03          nan    8.000e+00          nan   0.1460     ok
pre.l2.norm1                    1.512e-02          nan    6.562e-01          nan   0.1534     ok
pre.l2.k                        1.164e-02          nan    4.219e-01          nan   0.2082     ok
pre.l2.v                        1.933e-02          nan    2.402e-01          nan   0.1319     ok
pre.l2.norm2                    1.597e-02          nan    3.906e-01          nan   0.1426     ok
pre.l2.out                      4.829e-03          nan    8.000e+00          nan   0.1312     ok
pre.l3.norm1                    1.492e-02          nan    7.812e-01          nan   0.1346     ok
pre.l3.k                        1.430e-02          nan    7.539e-01          nan   0.1941     ok
pre.l3.v                        2.108e-02          nan    3.906e-01          nan   0.1159     ok
pre.l3.norm2                    2.023e-02          nan    3.750e-01          nan   0.1275     ok
pre.l3.out                      5.451e-03          nan    8.000e+00          nan   0.1218     ok
pre.l4.norm1                    1.699e-02          nan    9.688e-01          nan   0.1221     ok
pre.l4.k                        1.523e-02          nan    6.875e-01          nan   0.1781     ok
pre.l4.v                        2.326e-02          nan    4.739e-01          nan   0.1072     ok
pre.l4.norm2                    2.249e-02          nan    3.672e-01          nan   0.1175     ok
pre.l4.out                      5.671e-03          nan    8.000e+00          nan   0.1113     ok
pre.l5.norm1                    1.952e-02          nan    8.750e-01          nan   0.1118     ok
pre.l5.k                        1.489e-02          nan    6.562e-01          nan   0.1759     ok
pre.l5.v                        2.501e-02          nan    4.023e-01          nan   0.0994     ok
pre.l5.norm2                    2.453e-02          nan    4.219e-01          nan   0.1079     ok
pre.l5.out                      6.484e-03          nan    1.000e+01          nan   0.1026     ok
pre.l6.norm1                    2.237e-02          nan    1.188e+00          nan   0.1015     ok
pre.l6.k                        1.760e-02          nan    1.250e+00          nan   0.1420     ok
pre.l6.v                        2.858e-02          nan    6.855e-01          nan   0.0793     ok
pre.l6.norm2                    2.384e-02          nan    4.375e-01          nan   0.1063     ok
pre.l6.out                      7.391e-03          nan    1.200e+01          nan   0.0973     ok
pre.l7.norm1                    2.364e-02          nan    1.500e+00          nan   0.0952     ok
pre.l7.k                        1.982e-02          nan    1.172e+00          nan   0.1238     ok
pre.l7.v                        3.051e-02          nan    8.008e-01          nan   0.0811     ok
pre.l7.norm2                    2.852e-02          nan    4.375e-01          nan   0.0909     ok
pre.l7.out                      8.969e-03          nan    1.600e+01          nan   0.0859     ok
pre.l8.norm1                    2.887e-02          nan    1.406e+00          nan   0.0838     ok
pre.l8.k                        2.332e-02          nan    1.375e+00          nan   0.1019     ok
pre.l8.v                        3.489e-02          nan    8.594e-01          nan   0.0701     ok
pre.l8.norm2                    3.331e-02          nan    4.844e-01          nan   0.0814     ok
pre.l8.out                      1.147e-02          nan    2.000e+01          nan   0.0763     ok
pre.l9.norm1                    2.886e-02          nan    2.312e+00          nan   0.0734     ok
pre.l9.k                        2.525e-02          nan    1.812e+00          nan   0.0944     ok
pre.l9.v                        4.269e-02          nan    7.852e-01          nan   0.0599     ok
pre.l9.norm2                    3.643e-02          nan    6.172e-01          nan   0.0740     ok
pre.l9.out                      1.306e-02          nan    1.600e+01          nan   0.0706     ok
pre.l10.norm1                   3.419e-02          nan    1.750e+00          nan   0.0676     ok
pre.l10.k                       2.611e-02          nan    1.188e+00          nan   0.0892     ok
pre.l10.v                       4.221e-02          nan    9.775e-01          nan   0.0592     ok
pre.l10.norm2                   4.022e-02          nan    6.406e-01          nan   0.0648     ok
pre.l10.out                     1.501e-02          nan    2.000e+01          nan   0.0626     ok
pre.l11.norm1                   3.388e-02          nan    2.375e+00          nan   0.0592     ok
pre.l11.k                       2.113e-02          nan    1.875e+00          nan   0.0866     ok
pre.l11.v                       4.896e-02          nan    1.004e+00          nan   0.0476     ok
pre.l11.norm2                   4.433e-02          nan    8.359e-01          nan   0.0566     ok
pre.l11.out                     1.862e-02          nan    2.400e+01          nan   0.0554     ok
pre.l12.norm1                   4.066e-02          nan    2.812e+00          nan   0.0508     ok
pre.l12.k                       2.913e-02          nan    2.188e+00          nan   0.0639     ok
pre.l12.v                       5.090e-02          nan    2.234e+00          nan   0.0467     ok
pre.l12.norm2                   4.881e-02          nan    1.105e+00          nan   0.0503     ok
pre.l12.out                     2.265e-02          nan    3.200e+01          nan   0.0486     ok
pre.l13.norm1                   4.217e-02          nan    3.062e+00          nan   0.0438     ok
pre.l13.k                       3.176e-02          nan    1.500e+00          nan   0.0641     ok
pre.l13.v                       6.236e-02          nan    2.797e+00          nan   0.0392     ok
pre.l13.norm2                   5.437e-02          nan    1.516e+00          nan   0.0422     ok
pre.l13.out                     3.266e-02          nan    4.800e+01          nan   0.0420     ok
pre.l14.norm1                   4.890e-02          nan    3.129e+00          nan   0.0383     ok
pre.l14.k                       4.575e-02          nan    2.261e+00          nan   0.0445     ok
pre.l14.v                       6.342e-02          nan    5.988e+00          nan   0.0410     ok
pre.l14.norm2                   6.541e-02          nan    3.031e+00          nan   0.0373     ok
pre.l14.out                     3.927e-02          nan    8.800e+01          nan   0.0366     ok
pre.l15.norm1                   5.527e-02          nan    4.125e+00          nan   0.0334     ok
pre.l15.k                       4.605e-02          nan    2.862e+00          nan   0.0426     ok
pre.l15.v                       7.379e-02          nan    6.289e+00          nan   0.0331     ok
pre.l15.norm2                   7.384e-02          nan    2.992e+00          nan   0.0323     ok
pre.l15.out                     4.347e-02          nan    1.040e+02          nan   0.0322     ok
pre.l16.norm1                   5.922e-02          nan    6.000e+00          nan   0.0292     ok
pre.l16.k                       4.535e-02          nan    3.000e+00          nan   0.0417     ok
pre.l16.v                       7.788e-02          nan    5.850e+00          nan   0.0319     ok
pre.l16.norm2                   7.704e-02          nan    3.875e+00          nan   0.0289     ok
pre.l16.out                     5.071e-02          nan    1.840e+02          nan   0.0268     ok
pre.l17.norm1                   5.399e-02          nan    6.625e+00          nan   0.0260     ok
pre.l17.k                       6.394e-02          nan    3.250e+00          nan   0.0353     ok
pre.l17.v                       6.379e-02          nan    1.462e+01          nan   0.0336     ok
pre.l17.norm2                   8.662e-02          nan    1.338e+01          nan   0.0242     ok
pre.l17.out                     9.347e-02          nan    2.704e+03          nan   0.0217     ok
suf.s0.in                       1.460e-03          nan    3.125e-02          nan   0.8640     ok
suf.s0.l0.norm1                 6.492e-03          nan    4.102e-02          nan   0.7637     ok
suf.s0.l0.norm2                 4.840e-03          nan    1.875e-01          nan   0.6064     ok
suf.s0.l0.out                   5.053e-03          nan    1.000e+00          nan   0.7041     ok
suf.s0.l1.norm1                 5.994e-03          nan    7.031e-02          nan   0.5555     ok
suf.s0.l1.norm2                 4.939e-03          nan    6.250e-02          nan   0.5699     ok
suf.s0.l1.out                   4.999e-03          nan    1.500e+00          nan   0.5540     ok
suf.s0.l2.norm1                 5.999e-03          nan    7.031e-02          nan   0.5313     ok
suf.s0.l2.norm2                 7.619e-03          nan    9.375e-02          nan   0.4984     ok
suf.s0.l2.out                   4.983e-03          nan    1.500e+00          nan   0.4019     ok
suf.s0.l3.norm1                 6.997e-03          nan    6.250e-02          nan   0.4050     ok
suf.s0.l3.norm2                 7.667e-03          nan    4.688e-02          nan   0.3677     ok
suf.s0.l3.out                   4.894e-03          nan    2.000e+00          nan   0.3151     ok
suf.s0.l4.norm1                 6.050e-03          nan    7.812e-02          nan   0.3558     ok
suf.s0.l4.norm2                 9.415e-03          nan    8.203e-02          nan   0.3276     ok
suf.s0.l4.out                   4.801e-03          nan    2.000e+00          nan   0.2824     ok
suf.s0.l5.norm1                 6.517e-03          nan    6.250e-02          nan   0.3148     ok
suf.s0.l5.norm2                 9.507e-03          nan    7.812e-02          nan   0.3002     ok
suf.s0.l5.out                   4.734e-03          nan    2.000e+00          nan   0.2603     ok
suf.s0.l6.norm1                 8.667e-03          nan    7.227e-02          nan   0.2926     ok
suf.s0.l6.norm2                 1.120e-02          nan    4.932e-02          nan   0.2709     ok
suf.s0.l6.out                   4.851e-03          nan    2.000e+00          nan   0.2398     ok
suf.s0.l7.norm1                 9.624e-03          nan    7.617e-02          nan   0.2704     ok
suf.s0.l7.norm2                 1.046e-02          nan    6.250e-02          nan   0.2645     ok
suf.s0.l7.out                   4.890e-03          nan    2.000e+00          nan   0.2366     ok
suf.s0.l8.norm1                 7.442e-03          nan    7.812e-02          nan   0.2558     ok
suf.s0.l8.norm2                 1.152e-02          nan    6.250e-02          nan   0.2445     ok
suf.s0.l8.out                   4.993e-03          nan    3.000e+00          nan   0.2294     ok
suf.s0.l9.norm1                 1.009e-02          nan    4.785e-02          nan   0.2538     ok
suf.s0.l9.norm2                 1.198e-02          nan    4.980e-02          nan   0.2434     ok
suf.s0.l9.out                   5.038e-03          nan    3.000e+00          nan   0.2164     ok
suf.s0.l10.norm1                8.618e-03          nan    6.250e-02          nan   0.2228     ok
suf.s0.l10.norm2                1.377e-02          nan    5.078e-02          nan   0.2114     ok
suf.s0.l10.out                  5.446e-03          nan    3.000e+00          nan   0.1943     ok
suf.s0.l11.norm1                6.549e-03          nan    1.250e-01          nan   0.2350     ok
suf.s0.l11.norm2                1.375e-02          nan    5.469e-02          nan   0.2056     ok
suf.s0.l11.out                  5.581e-03          nan    3.000e+00          nan   0.1901     ok
suf.s0.l12.norm1                1.237e-02          nan    6.250e-02          nan   0.2361     ok
suf.s0.l12.norm2                1.759e-02          nan    7.812e-02          nan   0.1897     ok
suf.s0.l12.out                  7.396e-03          nan    3.000e+00          nan   0.1654     ok
suf.s0.l13.norm1                1.594e-02          nan    8.594e-02          nan   0.1786     ok
suf.s0.l13.norm2                1.745e-02          nan    8.203e-02          nan   0.1805     ok
suf.s0.l13.out                  8.337e-03          nan    4.000e+00          nan   0.1680     ok
suf.s0.l14.norm1                1.528e-02          nan    6.250e-02          nan   0.1926     ok
suf.s0.l14.norm2                1.653e-02          nan    7.812e-02          nan   0.1680     ok
suf.s0.l14.out                  1.035e-02          nan    4.000e+00          nan   0.1620     ok
suf.s0.l15.norm1                1.687e-02          nan    9.375e-02          nan   0.1769     ok
suf.s0.l15.norm2                1.652e-02          nan    7.812e-02          nan   0.1593     ok
suf.s0.l15.out                  1.132e-02          nan    4.000e+00          nan   0.1600     ok
suf.s0.l16.norm1                1.517e-02          nan    1.484e-01          nan   0.1795     ok
suf.s0.l16.norm2                1.508e-02          nan    7.812e-02          nan   0.1576     ok
suf.s0.l16.out                  1.078e-02          nan    4.000e+00          nan   0.1569     ok
suf.s0.l17.norm1                1.509e-02          nan    1.406e-01          nan   0.1569     ok
suf.s0.l17.norm2                1.073e-02          nan    1.250e-01          nan   0.1629     ok
suf.s0.l17.out                  7.177e-03          nan    8.000e+00          nan   0.1569     ok
suf.s0.final                    9.993e-03          nan    9.375e-02          nan   0.1432     ok
suf.s0.v                        6.674e-03          nan    9.375e-02          nan   0.3281     ok
suf.s0.x                        1.045e-03          nan    9.766e-03          nan   0.3701     ok
suf.s1.in                       2.096e-03          nan    3.125e-02          nan   0.6866     ok
suf.s1.l0.norm1                 7.002e-03          nan    2.985e-02          nan   0.7085     ok
suf.s1.l0.norm2                 4.518e-03          nan    1.875e-01          nan   0.5398     ok
suf.s1.l0.out                   4.983e-03          nan    1.000e+00          nan   0.5971     ok
suf.s1.l1.norm1                 6.318e-03          nan    7.812e-02          nan   0.5342     ok
suf.s1.l1.norm2                 6.130e-03          nan    6.250e-02          nan   0.5332     ok
suf.s1.l1.out                   4.992e-03          nan    1.500e+00          nan   0.4961     ok
suf.s1.l2.norm1                 6.076e-03          nan    5.273e-02          nan   0.4677     ok
suf.s1.l2.norm2                 6.916e-03          nan    9.375e-02          nan   0.4507     ok
suf.s1.l2.out                   5.049e-03          nan    2.000e+00          nan   0.3785     ok
suf.s1.l3.norm1                 7.529e-03          nan    7.812e-02          nan   0.3913     ok
suf.s1.l3.norm2                 8.938e-03          nan    7.031e-02          nan   0.3521     ok
suf.s1.l3.out                   5.251e-03          nan    2.500e+00          nan   0.3088     ok
suf.s1.l4.norm1                 7.225e-03          nan    1.250e-01          nan   0.3325     ok
suf.s1.l4.norm2                 9.522e-03          nan    7.031e-02          nan   0.3089     ok
suf.s1.l4.out                   5.428e-03          nan    2.500e+00          nan   0.2709     ok
suf.s1.l5.norm1                 6.423e-03          nan    6.250e-02          nan   0.2872     ok
suf.s1.l5.norm2                 8.737e-03          nan    4.688e-02          nan   0.2929     ok
suf.s1.l5.out                   5.254e-03          nan    2.500e+00          nan   0.2567     ok
suf.s1.l6.norm1                 8.102e-03          nan    4.688e-02          nan   0.2845     ok
suf.s1.l6.norm2                 1.419e-02          nan    9.375e-02          nan   0.2701     ok
suf.s1.l6.out                   5.137e-03          nan    2.000e+00          nan   0.2313     ok
suf.s1.l7.norm1                 9.364e-03          nan    4.688e-02          nan   0.2469     ok
suf.s1.l7.norm2                 1.093e-02          nan    5.078e-02          nan   0.2509     ok
suf.s1.l7.out                   5.259e-03          nan    2.000e+00          nan   0.2237     ok
suf.s1.l8.norm1                 7.668e-03          nan    6.250e-02          nan   0.2438     ok
suf.s1.l8.norm2                 1.130e-02          nan    5.859e-02          nan   0.2438     ok
suf.s1.l8.out                   5.328e-03          nan    2.000e+00          nan   0.2243     ok
suf.s1.l9.norm1                 9.853e-03          nan    6.250e-02          nan   0.2344     ok
suf.s1.l9.norm2                 1.225e-02          nan    4.736e-02          nan   0.2393     ok
suf.s1.l9.out                   5.636e-03          nan    3.000e+00          nan   0.2130     ok
suf.s1.l10.norm1                8.786e-03          nan    6.250e-02          nan   0.2108     ok
suf.s1.l10.norm2                1.386e-02          nan    5.762e-02          nan   0.2093     ok
suf.s1.l10.out                  5.545e-03          nan    3.000e+00          nan   0.1923     ok
suf.s1.l11.norm1                6.598e-03          nan    1.250e-01          nan   0.2148     ok
suf.s1.l11.norm2                1.376e-02          nan    6.250e-02          nan   0.2000     ok
suf.s1.l11.out                  5.793e-03          nan    3.000e+00          nan   0.1892     ok
suf.s1.l12.norm1                1.233e-02          nan    6.641e-02          nan   0.2353     ok
suf.s1.l12.norm2                1.831e-02          nan    7.812e-02          nan   0.1757     ok
suf.s1.l12.out                  7.804e-03          nan    2.000e+00          nan   0.1595     ok
suf.s1.l13.norm1                1.651e-02          nan    9.375e-02          nan   0.1666     ok
suf.s1.l13.norm2                1.770e-02          nan    8.594e-02          nan   0.1626     ok
suf.s1.l13.out                  8.434e-03          nan    4.000e+00          nan   0.1626     ok
suf.s1.l14.norm1                1.531e-02          nan    7.031e-02          nan   0.1931     ok
suf.s1.l14.norm2                1.675e-02          nan    7.812e-02          nan   0.1681     ok
suf.s1.l14.out                  1.052e-02          nan    4.000e+00          nan   0.1605     ok
suf.s1.l15.norm1                1.752e-02          nan    9.375e-02          nan   0.1755     ok
suf.s1.l15.norm2                1.660e-02          nan    7.812e-02          nan   0.1580     ok
suf.s1.l15.out                  1.142e-02          nan    4.000e+00          nan   0.1548     ok
suf.s1.l16.norm1                1.525e-02          nan    1.641e-01          nan   0.1726     ok
suf.s1.l16.norm2                1.506e-02          nan    6.885e-02          nan   0.1533     ok
suf.s1.l16.out                  1.095e-02          nan    6.000e+00          nan   0.1522     ok
suf.s1.l17.norm1                1.484e-02          nan    1.390e-01          nan   0.1527     ok
suf.s1.l17.norm2                1.105e-02          nan    1.875e-01          nan   0.1559     ok
suf.s1.l17.out                  7.457e-03          nan    8.000e+00          nan   0.1518     ok
suf.s1.final                    1.016e-02          nan    6.250e-02          nan   0.1410     ok
suf.s1.v                        6.766e-03          nan    6.250e-02          nan   0.3047     ok
suf.s1.x                        1.975e-03          nan    1.367e-02          nan   0.2207     ok
suf.s2.in                       2.835e-03          nan    1.562e-02          nan   0.5616     ok
suf.s2.l0.norm1                 8.146e-03          nan    5.078e-02          nan   0.6475     ok
suf.s2.l0.norm2                 4.893e-03          nan    1.250e-01          nan   0.4663     ok
suf.s2.l0.out                   5.056e-03          nan    1.000e+00          nan   0.5013     ok
suf.s2.l1.norm1                 6.428e-03          nan    6.250e-02          nan   0.4821     ok
suf.s2.l1.norm2                 6.002e-03          nan    6.250e-02          nan   0.4744     ok
suf.s2.l1.out                   4.957e-03          nan    1.500e+00          nan   0.4282     ok
suf.s2.l2.norm1                 6.378e-03          nan    6.250e-02          nan   0.4298     ok
suf.s2.l2.norm2                 6.926e-03          nan    7.812e-02          nan   0.3986     ok
suf.s2.l2.out                   4.850e-03          nan    1.500e+00          nan   0.3485     ok
suf.s2.l3.norm1                 7.518e-03          nan    6.250e-02          nan   0.3744     ok
suf.s2.l3.norm2                 9.711e-03          nan    6.445e-02          nan   0.3227     ok
suf.s2.l3.out                   4.831e-03          nan    2.000e+00          nan   0.2947     ok
suf.s2.l4.norm1                 6.047e-03          nan    4.688e-02          nan   0.3261     ok
suf.s2.l4.norm2                 1.005e-02          nan    6.641e-02          nan   0.3160     ok
suf.s2.l4.out                   4.804e-03          nan    1.500e+00          nan   0.2731     ok
suf.s2.l5.norm1                 6.552e-03          nan    4.688e-02          nan   0.2911     ok
suf.s2.l5.norm2                 8.110e-03          nan    4.688e-02          nan   0.2990     ok
suf.s2.l5.out                   4.809e-03          nan    1.500e+00          nan   0.2604     ok
suf.s2.l6.norm1                 8.590e-03          nan    5.078e-02          nan   0.2902     ok
suf.s2.l6.norm2                 1.052e-02          nan    6.342e-02          nan   0.2804     ok
suf.s2.l6.out                   4.795e-03          nan    2.000e+00          nan   0.2428     ok
suf.s2.l7.norm1                 8.934e-03          nan    7.812e-02          nan   0.2515     ok
suf.s2.l7.norm2                 1.109e-02          nan    5.859e-02          nan   0.2575     ok
suf.s2.l7.out                   4.682e-03          nan    2.000e+00          nan   0.2371     ok
suf.s2.l8.norm1                 7.875e-03          nan    7.422e-02          nan   0.2505     ok
suf.s2.l8.norm2                 1.060e-02          nan    5.469e-02          nan   0.2518     ok
suf.s2.l8.out                   4.684e-03          nan    2.000e+00          nan   0.2351     ok
suf.s2.l9.norm1                 9.284e-03          nan    6.250e-02          nan   0.2495     ok
suf.s2.l9.norm2                 1.185e-02          nan    4.639e-02          nan   0.2522     ok
suf.s2.l9.out                   4.706e-03          nan    2.000e+00          nan   0.2231     ok
suf.s2.l10.norm1                8.855e-03          nan    6.250e-02          nan   0.2326     ok
suf.s2.l10.norm2                1.258e-02          nan    5.078e-02          nan   0.2271     ok
suf.s2.l10.out                  5.018e-03          nan    2.000e+00          nan   0.2024     ok
suf.s2.l11.norm1                6.738e-03          nan    9.375e-02          nan   0.2372     ok
suf.s2.l11.norm2                1.258e-02          nan    4.810e-02          nan   0.2186     ok
suf.s2.l11.out                  5.168e-03          nan    2.000e+00          nan   0.1981     ok
suf.s2.l12.norm1                1.134e-02          nan    4.883e-02          nan   0.2546     ok
suf.s2.l12.norm2                2.228e-02          nan    2.031e-01          nan   0.1859     ok
suf.s2.l12.out                  7.550e-03          nan    2.000e+00          nan   0.1604     ok
suf.s2.l13.norm1                1.659e-02          nan    9.766e-02          nan   0.1763     ok
suf.s2.l13.norm2                1.764e-02          nan    8.594e-02          nan   0.1762     ok
suf.s2.l13.out                  8.293e-03          nan    2.000e+00          nan   0.1629     ok
suf.s2.l14.norm1                1.532e-02          nan    6.250e-02          nan   0.1949     ok
suf.s2.l14.norm2                1.649e-02          nan    9.375e-02          nan   0.1693     ok
suf.s2.l14.out                  1.052e-02          nan    4.000e+00          nan   0.1579     ok
suf.s2.l15.norm1                1.686e-02          nan    1.250e-01          nan   0.1777     ok
suf.s2.l15.norm2                1.641e-02          nan    8.594e-02          nan   0.1586     ok
suf.s2.l15.out                  1.123e-02          nan    4.000e+00          nan   0.1546     ok
suf.s2.l16.norm1                1.510e-02          nan    1.523e-01          nan   0.1648     ok
suf.s2.l16.norm2                1.491e-02          nan    1.094e-01          nan   0.1505     ok
suf.s2.l16.out                  1.064e-02          nan    4.000e+00          nan   0.1504     ok
suf.s2.l17.norm1                1.482e-02          nan    1.562e-01          nan   0.1458     ok
suf.s2.l17.norm2                1.096e-02          nan    1.250e-01          nan   0.1513     ok
suf.s2.l17.out                  7.469e-03          nan    8.000e+00          nan   0.1524     ok
suf.s2.final                    1.040e-02          nan    6.250e-02          nan   0.1418     ok
suf.s2.v                        6.712e-03          nan    7.031e-02          nan   0.2832     ok
suf.s2.x                        2.956e-03          nan    1.953e-02          nan   0.1689     ok
suf.s3.in                       3.693e-03          nan    1.562e-02          nan   0.4609     ok
suf.s3.l0.norm1                 8.186e-03          nan    6.250e-02          nan   0.6066     ok
suf.s3.l0.norm2                 5.557e-03          nan    1.875e-01          nan   0.4205     ok
suf.s3.l0.out                   5.215e-03          nan    1.000e+00          nan   0.4289     ok
suf.s3.l1.norm1                 6.386e-03          nan    6.250e-02          nan   0.4528     ok
suf.s3.l1.norm2                 5.864e-03          nan    6.445e-02          nan   0.4478     ok
suf.s3.l1.out                   5.206e-03          nan    1.500e+00          nan   0.3805     ok
suf.s3.l2.norm1                 6.509e-03          nan    4.688e-02          nan   0.3881     ok
suf.s3.l2.norm2                 7.679e-03          nan    7.812e-02          nan   0.3590     ok
suf.s3.l2.out                   5.417e-03          nan    1.500e+00          nan   0.3099     ok
suf.s3.l3.norm1                 7.097e-03          nan    6.250e-02          nan   0.3524     ok
suf.s3.l3.norm2                 8.219e-03          nan    6.250e-02          nan   0.3029     ok
suf.s3.l3.out                   5.334e-03          nan    2.000e+00          nan   0.2711     ok
suf.s3.l4.norm1                 6.619e-03          nan    6.250e-02          nan   0.3120     ok
suf.s3.l4.norm2                 1.030e-02          nan    6.250e-02          nan   0.3055     ok
suf.s3.l4.out                   5.319e-03          nan    2.000e+00          nan   0.2600     ok
suf.s3.l5.norm1                 7.392e-03          nan    4.688e-02          nan   0.2829     ok
suf.s3.l5.norm2                 8.425e-03          nan    5.664e-02          nan   0.2842     ok
suf.s3.l5.out                   5.247e-03          nan    2.000e+00          nan   0.2498     ok
suf.s3.l6.norm1                 8.709e-03          nan    4.688e-02          nan   0.2715     ok
suf.s3.l6.norm2                 9.821e-03          nan    3.516e-02          nan   0.2718     ok
suf.s3.l6.out                   5.181e-03          nan    2.000e+00          nan   0.2389     ok
suf.s3.l7.norm1                 8.869e-03          nan    7.812e-02          nan   0.2419     ok
suf.s3.l7.norm2                 1.021e-02          nan    5.859e-02          nan   0.2429     ok
suf.s3.l7.out                   5.035e-03          nan    2.000e+00          nan   0.2383     ok
suf.s3.l8.norm1                 8.220e-03          nan    4.688e-02          nan   0.2493     ok
suf.s3.l8.norm2                 1.090e-02          nan    5.518e-02          nan   0.2444     ok
suf.s3.l8.out                   5.036e-03          nan    2.000e+00          nan   0.2277     ok
suf.s3.l9.norm1                 9.768e-03          nan    6.250e-02          nan   0.2460     ok
suf.s3.l9.norm2                 1.113e-02          nan    5.078e-02          nan   0.2459     ok
suf.s3.l9.out                   5.025e-03          nan    2.000e+00          nan   0.2182     ok
suf.s3.l10.norm1                9.099e-03          nan    6.250e-02          nan   0.2234     ok
suf.s3.l10.norm2                1.225e-02          nan    4.688e-02          nan   0.2166     ok
suf.s3.l10.out                  5.423e-03          nan    4.000e+00          nan   0.1993     ok
suf.s3.l11.norm1                7.420e-03          nan    7.812e-02          nan   0.2386     ok
suf.s3.l11.norm2                1.226e-02          nan    4.688e-02          nan   0.2153     ok
suf.s3.l11.out                  5.751e-03          nan    4.000e+00          nan   0.1960     ok
suf.s3.l12.norm1                1.141e-02          nan    7.812e-02          nan   0.2452     ok
suf.s3.l12.norm2                1.879e-02          nan    8.594e-02          nan   0.1864     ok
suf.s3.l12.out                  7.787e-03          nan    4.000e+00          nan   0.1536     ok
suf.s3.l13.norm1                1.678e-02          nan    1.016e-01          nan   0.1721     ok
suf.s3.l13.norm2                1.880e-02          nan    1.025e-01          nan   0.1691     ok
suf.s3.l13.out                  8.392e-03          nan    4.000e+00          nan   0.1604     ok
suf.s3.l14.norm1                1.553e-02          nan    6.250e-02          nan   0.1956     ok
suf.s3.l14.norm2                1.654e-02          nan    7.812e-02          nan   0.1712     ok
suf.s3.l14.out                  1.020e-02          nan    4.000e+00          nan   0.1574     ok
suf.s3.l15.norm1                1.690e-02          nan    9.375e-02          nan   0.1760     ok
suf.s3.l15.norm2                1.636e-02          nan    9.375e-02          nan   0.1553     ok
suf.s3.l15.out                  1.119e-02          nan    4.000e+00          nan   0.1562     ok
suf.s3.l16.norm1                1.509e-02          nan    1.562e-01          nan   0.1709     ok
suf.s3.l16.norm2                1.467e-02          nan    7.812e-02          nan   0.1543     ok
suf.s3.l16.out                  1.079e-02          nan    4.000e+00          nan   0.1495     ok
suf.s3.l17.norm1                1.428e-02          nan    1.250e-01          nan   0.1491     ok
suf.s3.l17.norm2                1.117e-02          nan    1.250e-01          nan   0.1432     ok
suf.s3.l17.out                  7.803e-03          nan    8.000e+00          nan   0.1505     ok
suf.s3.final                    1.075e-02          nan    9.375e-02          nan   0.1364     ok
suf.s3.v                        7.414e-03          nan    6.250e-02          nan   0.2656     ok
suf.s3.x                        4.009e-03          nan    2.539e-02          nan   0.1484     ok
suf.s4.in                       4.510e-03          nan    1.660e-02          nan   0.3912     ok
suf.s4.l0.norm1                 9.490e-03          nan    4.883e-02          nan   0.5454     ok
suf.s4.l0.norm2                 5.258e-03          nan    1.875e-01          nan   0.3609     ok
suf.s4.l0.out                   5.651e-03          nan    1.000e+00          nan   0.3712     ok
suf.s4.l1.norm1                 6.572e-03          nan    4.688e-02          nan   0.4146     ok
suf.s4.l1.norm2                 6.756e-03          nan    7.422e-02          nan   0.4000     ok
suf.s4.l1.out                   5.358e-03          nan    1.000e+00          nan   0.3367     ok
suf.s4.l2.norm1                 8.099e-03          nan    6.250e-02          nan   0.3635     ok
suf.s4.l2.norm2                 9.974e-03          nan    1.250e-01          nan   0.3267     ok
suf.s4.l2.out                   5.534e-03          nan    2.000e+00          nan   0.2713     ok
suf.s4.l3.norm1                 8.699e-03          nan    6.250e-02          nan   0.3211     ok
suf.s4.l3.norm2                 8.360e-03          nan    5.078e-02          nan   0.2740     ok
suf.s4.l3.out                   5.393e-03          nan    2.000e+00          nan   0.2474     ok
suf.s4.l4.norm1                 6.887e-03          nan    6.250e-02          nan   0.3052     ok
suf.s4.l4.norm2                 7.876e-03          nan    6.250e-02          nan   0.2954     ok
suf.s4.l4.out                   5.344e-03          nan    2.000e+00          nan   0.2459     ok
suf.s4.l5.norm1                 7.582e-03          nan    6.250e-02          nan   0.2654     ok
suf.s4.l5.norm2                 1.240e-02          nan    1.094e-01          nan   0.2707     ok
suf.s4.l5.out                   5.523e-03          nan    2.000e+00          nan   0.2288     ok
suf.s4.l6.norm1                 9.907e-03          nan    6.250e-02          nan   0.2484     ok
suf.s4.l6.norm2                 9.536e-03          nan    6.250e-02          nan   0.2781     ok
suf.s4.l6.out                   5.452e-03          nan    2.000e+00          nan   0.2355     ok
suf.s4.l7.norm1                 9.460e-03          nan    1.250e-01          nan   0.2461     ok
suf.s4.l7.norm2                 1.045e-02          nan    1.094e-01          nan   0.2323     ok
suf.s4.l7.out                   5.373e-03          nan    2.000e+00          nan   0.2183     ok
suf.s4.l8.norm1                 9.245e-03          nan    1.094e-01          nan   0.2356     ok
suf.s4.l8.norm2                 9.907e-03          nan    6.641e-02          nan   0.2449     ok
suf.s4.l8.out                   5.281e-03          nan    2.000e+00          nan   0.2195     ok
suf.s4.l9.norm1                 1.042e-02          nan    9.375e-02          nan   0.2454     ok
suf.s4.l9.norm2                 1.098e-02          nan    4.688e-02          nan   0.2424     ok
suf.s4.l9.out                   5.962e-03          nan    4.000e+00          nan   0.2078     ok
suf.s4.l10.norm1                9.732e-03          nan    6.250e-02          nan   0.2184     ok
suf.s4.l10.norm2                1.150e-02          nan    6.250e-02          nan   0.2229     ok
suf.s4.l10.out                  5.994e-03          nan    4.000e+00          nan   0.2057     ok
suf.s4.l11.norm1                1.326e-02          nan    2.188e-01          nan   0.2433     ok
suf.s4.l11.norm2                1.403e-02          nan    1.055e-01          nan   0.2068     ok
suf.s4.l11.out                  6.306e-03          nan    4.000e+00          nan   0.1863     ok
suf.s4.l12.norm1                1.174e-02          nan    6.250e-02          nan   0.2340     ok
suf.s4.l12.norm2                1.857e-02          nan    6.250e-02          nan   0.1779     ok
suf.s4.l12.out                  7.614e-03          nan    4.000e+00          nan   0.1524     ok
suf.s4.l13.norm1                1.652e-02          nan    7.812e-02          nan   0.1664     ok
suf.s4.l13.norm2                1.859e-02          nan    1.045e-01          nan   0.1671     ok
suf.s4.l13.out                  8.340e-03          nan    4.000e+00          nan   0.1538     ok
suf.s4.l14.norm1                1.524e-02          nan    7.617e-02          nan   0.1859     ok
suf.s4.l14.norm2                1.623e-02          nan    6.250e-02          nan   0.1695     ok
suf.s4.l14.out                  1.004e-02          nan    4.000e+00          nan   0.1550     ok
suf.s4.l15.norm1                1.640e-02          nan    9.375e-02          nan   0.1728     ok
suf.s4.l15.norm2                1.588e-02          nan    7.031e-02          nan   0.1549     ok
suf.s4.l15.out                  1.114e-02          nan    6.000e+00          nan   0.1507     ok
suf.s4.l16.norm1                1.493e-02          nan    1.992e-01          nan   0.1577     ok
suf.s4.l16.norm2                1.428e-02          nan    1.074e-01          nan   0.1490     ok
suf.s4.l16.out                  1.083e-02          nan    6.000e+00          nan   0.1473     ok
suf.s4.l17.norm1                1.526e-02          nan    2.344e-01          nan   0.1489     ok
suf.s4.l17.norm2                1.145e-02          nan    1.875e-01          nan   0.1498     ok
suf.s4.l17.out                  8.025e-03          nan    8.000e+00          nan   0.1445     ok
suf.s4.final                    1.161e-02          nan    9.375e-02          nan   0.1400     ok
suf.s4.v                        9.021e-03          nan    1.123e-01          nan   0.2529     ok
suf.s4.x                        5.544e-03          nan    3.711e-02          nan   0.1279     ok
suf.s5.in                       5.841e-03          nan    3.125e-02          nan   0.3153     ok
suf.s5.l0.norm1                 7.832e-03          nan    2.930e-02          nan   0.5112     ok
suf.s5.l0.norm2                 5.485e-03          nan    1.875e-01          nan   0.3193     ok
suf.s5.l0.out                   5.582e-03          nan    1.000e+00          nan   0.3113     ok
suf.s5.l1.norm1                 1.131e-02          nan    1.250e-01          nan   0.3735     ok
suf.s5.l1.norm2                 6.648e-03          nan    6.250e-02          nan   0.3559     ok
suf.s5.l1.out                   5.944e-03          nan    1.000e+00          nan   0.2919     ok
suf.s5.l2.norm1                 9.065e-03          nan    7.031e-02          nan   0.3123     ok
suf.s5.l2.norm2                 7.672e-03          nan    9.375e-02          nan   0.2805     ok
suf.s5.l2.out                   5.961e-03          nan    2.000e+00          nan   0.2592     ok
suf.s5.l3.norm1                 8.108e-03          nan    6.250e-02          nan   0.3112     ok
suf.s5.l3.norm2                 1.384e-02          nan    1.250e-01          nan   0.2582     ok
suf.s5.l3.out                   5.976e-03          nan    2.000e+00          nan   0.2283     ok
suf.s5.l4.norm1                 7.638e-03          nan    6.250e-02          nan   0.2708     ok
suf.s5.l4.norm2                 9.626e-03          nan    8.203e-02          nan   0.2653     ok
suf.s5.l4.out                   5.854e-03          nan    2.000e+00          nan   0.2340     ok
suf.s5.l5.norm1                 8.158e-03          nan    6.250e-02          nan   0.2459     ok
suf.s5.l5.norm2                 8.928e-03          nan    5.664e-02          nan   0.2364     ok
suf.s5.l5.out                   5.901e-03          nan    2.000e+00          nan   0.2176     ok
suf.s5.l6.norm1                 1.009e-02          nan    6.250e-02          nan   0.2280     ok
suf.s5.l6.norm2                 9.717e-03          nan    4.688e-02          nan   0.2479     ok
suf.s5.l6.out                   5.798e-03          nan    2.000e+00          nan   0.2137     ok
suf.s5.l7.norm1                 1.043e-02          nan    1.406e-01          nan   0.2120     ok
suf.s5.l7.norm2                 1.438e-02          nan    1.016e-01          nan   0.1978     ok
suf.s5.l7.out                   5.812e-03          nan    2.000e+00          nan   0.1923     ok
suf.s5.l8.norm1                 1.050e-02          nan    6.250e-02          nan   0.2023     ok
suf.s5.l8.norm2                 1.107e-02          nan    6.250e-02          nan   0.2021     ok
suf.s5.l8.out                   5.886e-03          nan    2.000e+00          nan   0.1872     ok
suf.s5.l9.norm1                 1.174e-02          nan    9.375e-02          nan   0.1959     ok
suf.s5.l9.norm2                 1.217e-02          nan    5.371e-02          nan   0.2048     ok
suf.s5.l9.out                   5.811e-03          nan    2.000e+00          nan   0.1810     ok
suf.s5.l10.norm1                1.092e-02          nan    9.375e-02          nan   0.1927     ok
suf.s5.l10.norm2                1.192e-02          nan    6.250e-02          nan   0.1924     ok
suf.s5.l10.out                  6.313e-03          nan    2.000e+00          nan   0.1787     ok
suf.s5.l11.norm1                9.542e-03          nan    9.375e-02          nan   0.2063     ok
suf.s5.l11.norm2                1.236e-02          nan    7.812e-02          nan   0.1831     ok
suf.s5.l11.out                  6.485e-03          nan    2.000e+00          nan   0.1762     ok
suf.s5.l12.norm1                1.186e-02          nan    6.250e-02          nan   0.2160     ok
suf.s5.l12.norm2                1.764e-02          nan    7.812e-02          nan   0.1840     ok
suf.s5.l12.out                  7.380e-03          nan    4.000e+00          nan   0.1569     ok
suf.s5.l13.norm1                1.554e-02          nan    8.203e-02          nan   0.1692     ok
suf.s5.l13.norm2                1.676e-02          nan    6.250e-02          nan   0.1633     ok
suf.s5.l13.out                  8.445e-03          nan    4.000e+00          nan   0.1537     ok
suf.s5.l14.norm1                1.490e-02          nan    6.250e-02          nan   0.1729     ok
suf.s5.l14.norm2                1.631e-02          nan    7.031e-02          nan   0.1624     ok
suf.s5.l14.out                  1.016e-02          nan    4.000e+00          nan   0.1485     ok
suf.s5.l15.norm1                1.595e-02          nan    1.094e-01          nan   0.1571     ok
suf.s5.l15.norm2                1.599e-02          nan    7.812e-02          nan   0.1515     ok
suf.s5.l15.out                  1.127e-02          nan    4.000e+00          nan   0.1455     ok
suf.s5.l16.norm1                1.480e-02          nan    1.738e-01          nan   0.1528     ok
suf.s5.l16.norm2                1.383e-02          nan    8.936e-02          nan   0.1447     ok
suf.s5.l16.out                  1.111e-02          nan    6.000e+00          nan   0.1442     ok
suf.s5.l17.norm1                1.523e-02          nan    2.656e-01          nan   0.1409     ok
suf.s5.l17.norm2                1.161e-02          nan    1.367e-01          nan   0.1409     ok
suf.s5.l17.out                  8.265e-03          nan    8.000e+00          nan   0.1408     ok
suf.s5.final                    1.372e-02          nan    1.562e-01          nan   0.1310     ok
suf.s5.v                        7.973e-03          nan    9.912e-02          nan   0.2100     ok
suf.s5.x                        6.484e-03          nan    4.492e-02          nan   0.1064     ok
suf.s6.in                       6.662e-03          nan    3.125e-02          nan   0.2666     ok
suf.s6.l0.norm1                 7.753e-03          nan    3.516e-02          nan   0.4775     ok
suf.s6.l0.norm2                 5.742e-03          nan    1.875e-01          nan   0.2898     ok
suf.s6.l0.out                   5.997e-03          nan    1.000e+00          nan   0.2682     ok
suf.s6.l1.norm1                 7.442e-03          nan    4.688e-02          nan   0.3448     ok
suf.s6.l1.norm2                 7.360e-03          nan    6.250e-02          nan   0.3336     ok
suf.s6.l1.out                   6.270e-03          nan    1.500e+00          nan   0.2610     ok
suf.s6.l2.norm1                 7.951e-03          nan    6.250e-02          nan   0.2826     ok
suf.s6.l2.norm2                 7.701e-03          nan    9.375e-02          nan   0.2538     ok
suf.s6.l2.out                   6.241e-03          nan    2.000e+00          nan   0.2330     ok
suf.s6.l3.norm1                 8.278e-03          nan    6.250e-02          nan   0.2917     ok
suf.s6.l3.norm2                 9.361e-03          nan    5.762e-02          nan   0.2490     ok
suf.s6.l3.out                   6.132e-03          nan    2.000e+00          nan   0.2237     ok
suf.s6.l4.norm1                 7.883e-03          nan    4.688e-02          nan   0.2770     ok
suf.s6.l4.norm2                 9.177e-03          nan    6.250e-02          nan   0.2657     ok
suf.s6.l4.out                   6.059e-03          nan    2.000e+00          nan   0.2257     ok
suf.s6.l5.norm1                 8.461e-03          nan    6.250e-02          nan   0.2487     ok
suf.s6.l5.norm2                 9.053e-03          nan    6.250e-02          nan   0.2444     ok
suf.s6.l5.out                   6.170e-03          nan    2.000e+00          nan   0.2069     ok
suf.s6.l6.norm1                 1.065e-02          nan    9.180e-02          nan   0.2255     ok
suf.s6.l6.norm2                 1.025e-02          nan    6.250e-02          nan   0.2411     ok
suf.s6.l6.out                   6.289e-03          nan    2.000e+00          nan   0.2033     ok
suf.s6.l7.norm1                 1.121e-02          nan    1.172e-01          nan   0.2087     ok
suf.s6.l7.norm2                 1.209e-02          nan    6.250e-02          nan   0.1916     ok
suf.s6.l7.out                   6.162e-03          nan    2.000e+00          nan   0.1880     ok
suf.s6.l8.norm1                 1.324e-02          nan    1.094e-01          nan   0.2008     ok
suf.s6.l8.norm2                 1.183e-02          nan    5.078e-02          nan   0.2000     ok
suf.s6.l8.out                   6.539e-03          nan    2.000e+00          nan   0.1817     ok
suf.s6.l9.norm1                 1.259e-02          nan    1.172e-01          nan   0.1905     ok
suf.s6.l9.norm2                 1.304e-02          nan    8.203e-02          nan   0.1913     ok
suf.s6.l9.out                   6.596e-03          nan    4.000e+00          nan   0.1751     ok
suf.s6.l10.norm1                1.178e-02          nan    7.422e-02          nan   0.1882     ok
suf.s6.l10.norm2                1.241e-02          nan    5.469e-02          nan   0.1889     ok
suf.s6.l10.out                  6.985e-03          nan    4.000e+00          nan   0.1698     ok
suf.s6.l11.norm1                1.075e-02          nan    9.375e-02          nan   0.2041     ok
suf.s6.l11.norm2                1.286e-02          nan    5.469e-02          nan   0.1779     ok
suf.s6.l11.out                  7.394e-03          nan    4.000e+00          nan   0.1639     ok
suf.s6.l12.norm1                1.298e-02          nan    9.375e-02          nan   0.2027     ok
suf.s6.l12.norm2                1.761e-02          nan    7.031e-02          nan   0.1733     ok
suf.s6.l12.out                  7.892e-03          nan    4.000e+00          nan   0.1564     ok
suf.s6.l13.norm1                1.546e-02          nan    7.812e-02          nan   0.1581     ok
suf.s6.l13.norm2                1.676e-02          nan    6.250e-02          nan   0.1595     ok
suf.s6.l13.out                  8.725e-03          nan    4.000e+00          nan   0.1447     ok
suf.s6.l14.norm1                1.496e-02          nan    7.031e-02          nan   0.1648     ok
suf.s6.l14.norm2                1.650e-02          nan    7.031e-02          nan   0.1546     ok
suf.s6.l14.out                  1.026e-02          nan    4.000e+00          nan   0.1472     ok
suf.s6.l15.norm1                1.594e-02          nan    1.172e-01          nan   0.1526     ok
suf.s6.l15.norm2                1.607e-02          nan    7.812e-02          nan   0.1443     ok
suf.s6.l15.out                  1.150e-02          nan    4.000e+00          nan   0.1415     ok
suf.s6.l16.norm1                1.507e-02          nan    1.914e-01          nan   0.1446     ok
suf.s6.l16.norm2                1.399e-02          nan    9.424e-02          nan   0.1427     ok
suf.s6.l16.out                  1.123e-02          nan    6.000e+00          nan   0.1396     ok
suf.s6.l17.norm1                1.564e-02          nan    2.500e-01          nan   0.1368     ok
suf.s6.l17.norm2                1.190e-02          nan    1.387e-01          nan   0.1433     ok
suf.s6.l17.out                  8.790e-03          nan    8.000e+00          nan   0.1451     ok
suf.s6.final                    1.230e-02          nan    1.094e-01          nan   0.1361     ok
suf.s6.v                        9.595e-03          nan    1.250e-01          nan   0.2148     ok
suf.s6.x                        7.389e-03          nan    5.292e-02          nan   0.0869     ok
suf.s7.in                       7.508e-03          nan    3.516e-02          nan   0.2342     ok
suf.s7.l0.norm1                 8.751e-03          nan    4.102e-02          nan   0.4617     ok
suf.s7.l0.norm2                 5.968e-03          nan    1.250e-01          nan   0.2772     ok
suf.s7.l0.out                   6.703e-03          nan    7.500e-01          nan   0.2458     ok
suf.s7.l1.norm1                 7.967e-03          nan    4.688e-02          nan   0.3065     ok
suf.s7.l1.norm2                 7.366e-03          nan    4.688e-02          nan   0.3074     ok
suf.s7.l1.out                   7.208e-03          nan    1.000e+00          nan   0.2380     ok
suf.s7.l2.norm1                 8.779e-03          nan    5.859e-02          nan   0.2616     ok
suf.s7.l2.norm2                 1.134e-02          nan    1.250e-01          nan   0.2430     ok
suf.s7.l2.out                   7.098e-03          nan    1.000e+00          nan   0.2165     ok
suf.s7.l3.norm1                 1.160e-02          nan    1.094e-01          nan   0.2638     ok
suf.s7.l3.norm2                 9.265e-03          nan    4.688e-02          nan   0.2272     ok
suf.s7.l3.out                   6.800e-03          nan    2.000e+00          nan   0.2085     ok
suf.s7.l4.norm1                 1.170e-02          nan    1.250e-01          nan   0.2560     ok
suf.s7.l4.norm2                 1.286e-02          nan    1.094e-01          nan   0.2459     ok
suf.s7.l4.out                   6.620e-03          nan    2.000e+00          nan   0.2077     ok
suf.s7.l5.norm1                 9.627e-03          nan    6.250e-02          nan   0.2217     ok
suf.s7.l5.norm2                 9.319e-03          nan    7.812e-02          nan   0.2213     ok
suf.s7.l5.out                   6.744e-03          nan    2.000e+00          nan   0.1889     ok
suf.s7.l6.norm1                 1.150e-02          nan    9.375e-02          nan   0.1971     ok
suf.s7.l6.norm2                 1.106e-02          nan    6.250e-02          nan   0.2031     ok
suf.s7.l6.out                   6.863e-03          nan    2.000e+00          nan   0.1817     ok
suf.s7.l7.norm1                 1.240e-02          nan    1.797e-01          nan   0.1807     ok
suf.s7.l7.norm2                 1.282e-02          nan    1.172e-01          nan   0.1688     ok
suf.s7.l7.out                   6.811e-03          nan    2.000e+00          nan   0.1664     ok
suf.s7.l8.norm1                 1.261e-02          nan    1.133e-01          nan   0.1795     ok
suf.s7.l8.norm2                 1.254e-02          nan    7.031e-02          nan   0.1758     ok
suf.s7.l8.out                   7.093e-03          nan    4.000e+00          nan   0.1613     ok
suf.s7.l9.norm1                 1.312e-02          nan    9.375e-02          nan   0.1735     ok
suf.s7.l9.norm2                 1.324e-02          nan    5.469e-02          nan   0.1710     ok
suf.s7.l9.out                   6.911e-03          nan    4.000e+00          nan   0.1596     ok
suf.s7.l10.norm1                1.233e-02          nan    1.250e-01          nan   0.1691     ok
suf.s7.l10.norm2                1.272e-02          nan    7.812e-02          nan   0.1751     ok
suf.s7.l10.out                  7.251e-03          nan    4.000e+00          nan   0.1588     ok
suf.s7.l11.norm1                1.199e-02          nan    1.562e-01          nan   0.1893     ok
suf.s7.l11.norm2                1.325e-02          nan    7.812e-02          nan   0.1680     ok
suf.s7.l11.out                  7.499e-03          nan    4.000e+00          nan   0.1588     ok
suf.s7.l12.norm1                1.372e-02          nan    1.094e-01          nan   0.1964     ok
suf.s7.l12.norm2                1.681e-02          nan    7.812e-02          nan   0.1602     ok
suf.s7.l12.out                  8.224e-03          nan    4.000e+00          nan   0.1465     ok
suf.s7.l13.norm1                1.477e-02          nan    8.594e-02          nan   0.1533     ok
suf.s7.l13.norm2                1.609e-02          nan    7.812e-02          nan   0.1552     ok
suf.s7.l13.out                  9.045e-03          nan    4.000e+00          nan   0.1439     ok
suf.s7.l14.norm1                1.466e-02          nan    7.812e-02          nan   0.1614     ok
suf.s7.l14.norm2                1.678e-02          nan    1.016e-01          nan   0.1501     ok
suf.s7.l14.out                  1.064e-02          nan    4.000e+00          nan   0.1388     ok
suf.s7.l15.norm1                1.635e-02          nan    1.562e-01          nan   0.1467     ok
suf.s7.l15.norm2                1.629e-02          nan    8.789e-02          nan   0.1417     ok
suf.s7.l15.out                  1.168e-02          nan    4.000e+00          nan   0.1347     ok
suf.s7.l16.norm1                1.585e-02          nan    2.422e-01          nan   0.1359     ok
suf.s7.l16.norm2                1.421e-02          nan    1.211e-01          nan   0.1376     ok
suf.s7.l16.out                  1.150e-02          nan    6.000e+00          nan   0.1347     ok
suf.s7.l17.norm1                1.663e-02          nan    2.500e-01          nan   0.1315     ok
suf.s7.l17.norm2                1.261e-02          nan    1.484e-01          nan   0.1325     ok
suf.s7.l17.out                  9.596e-03          nan    8.000e+00          nan   0.1345     ok
suf.s7.final                    1.357e-02          nan    1.562e-01          nan   0.1285     ok
suf.s7.v                        9.830e-03          nan    1.582e-01          nan   0.1904     ok
suf.s7.x                        8.959e-03          nan    6.854e-02          nan   0.1006     ok
suf.s8.in                       9.081e-03          nan    4.492e-02          nan   0.2223     ok
suf.s8.l0.norm1                 7.337e-03          nan    2.344e-02          nan   0.4598     ok
suf.s8.l0.norm2                 6.401e-03          nan    1.250e-01          nan   0.2579     ok
suf.s8.l0.out                   7.273e-03          nan    7.500e-01          nan   0.2318     ok
suf.s8.l1.norm1                 9.201e-03          nan    7.812e-02          nan   0.2856     ok
suf.s8.l1.norm2                 8.379e-03          nan    6.250e-02          nan   0.2936     ok
suf.s8.l1.out                   7.689e-03          nan    1.500e+00          nan   0.2264     ok
suf.s8.l2.norm1                 8.845e-03          nan    6.250e-02          nan   0.2462     ok
suf.s8.l2.norm2                 1.243e-02          nan    1.250e-01          nan   0.2276     ok
suf.s8.l2.out                   7.799e-03          nan    2.000e+00          nan   0.2095     ok
suf.s8.l3.norm1                 9.931e-03          nan    6.250e-02          nan   0.2475     ok
suf.s8.l3.norm2                 9.557e-03          nan    5.664e-02          nan   0.2164     ok
suf.s8.l3.out                   7.709e-03          nan    2.000e+00          nan   0.1985     ok
suf.s8.l4.norm1                 9.855e-03          nan    9.375e-02          nan   0.2369     ok
suf.s8.l4.norm2                 1.023e-02          nan    5.713e-02          nan   0.2334     ok
suf.s8.l4.out                   7.487e-03          nan    2.000e+00          nan   0.2018     ok
suf.s8.l5.norm1                 9.931e-03          nan    6.250e-02          nan   0.2135     ok
suf.s8.l5.norm2                 9.839e-03          nan    6.250e-02          nan   0.2066     ok
suf.s8.l5.out                   7.843e-03          nan    2.000e+00          nan   0.1819     ok
suf.s8.l6.norm1                 1.214e-02          nan    6.250e-02          nan   0.1811     ok
suf.s8.l6.norm2                 1.143e-02          nan    4.688e-02          nan   0.1865     ok
suf.s8.l6.out                   7.928e-03          nan    2.000e+00          nan   0.1685     ok
suf.s8.l7.norm1                 1.304e-02          nan    2.344e-01          nan   0.1631     ok
suf.s8.l7.norm2                 1.323e-02          nan    9.375e-02          nan   0.1566     ok
suf.s8.l7.out                   7.783e-03          nan    2.000e+00          nan   0.1553     ok
suf.s8.l8.norm1                 1.382e-02          nan    1.523e-01          nan   0.1668     ok
suf.s8.l8.norm2                 1.363e-02          nan    7.422e-02          nan   0.1590     ok
suf.s8.l8.out                   7.856e-03          nan    2.000e+00          nan   0.1498     ok
suf.s8.l9.norm1                 1.437e-02          nan    8.789e-02          nan   0.1625     ok
suf.s8.l9.norm2                 1.397e-02          nan    7.812e-02          nan   0.1653     ok
suf.s8.l9.out                   7.611e-03          nan    2.000e+00          nan   0.1505     ok
suf.s8.l10.norm1                1.365e-02          nan    1.250e-01          nan   0.1620     ok
suf.s8.l10.norm2                1.359e-02          nan    5.664e-02          nan   0.1654     ok
suf.s8.l10.out                  8.047e-03          nan    2.000e+00          nan   0.1501     ok
suf.s8.l11.norm1                1.366e-02          nan    1.562e-01          nan   0.1823     ok
suf.s8.l11.norm2                1.376e-02          nan    6.250e-02          nan   0.1583     ok
suf.s8.l11.out                  8.346e-03          nan    2.000e+00          nan   0.1474     ok
suf.s8.l12.norm1                1.405e-02          nan    1.562e-01          nan   0.1798     ok
suf.s8.l12.norm2                2.164e-02          nan    2.188e-01          nan   0.1555     ok
suf.s8.l12.out                  9.096e-03          nan    4.000e+00          nan   0.1341     ok
suf.s8.l13.norm1                1.524e-02          nan    1.328e-01          nan   0.1455     ok
suf.s8.l13.norm2                1.595e-02          nan    6.250e-02          nan   0.1426     ok
suf.s8.l13.out                  9.529e-03          nan    4.000e+00          nan   0.1306     ok
suf.s8.l14.norm1                1.501e-02          nan    9.375e-02          nan   0.1495     ok
suf.s8.l14.norm2                1.711e-02          nan    9.375e-02          nan   0.1371     ok
suf.s8.l14.out                  1.125e-02          nan    4.000e+00          nan   0.1290     ok
suf.s8.l15.norm1                1.660e-02          nan    1.562e-01          nan   0.1312     ok
suf.s8.l15.norm2                1.638e-02          nan    7.812e-02          nan   0.1326     ok
suf.s8.l15.out                  1.197e-02          nan    4.000e+00          nan   0.1219     ok
suf.s8.l16.norm1                1.603e-02          nan    1.875e-01          nan   0.1288     ok
suf.s8.l16.norm2                1.456e-02          nan    9.375e-02          nan   0.1286     ok
suf.s8.l16.out                  1.207e-02          nan    4.000e+00          nan   0.1219     ok
suf.s8.l17.norm1                1.671e-02          nan    1.895e-01          nan   0.1233     ok
suf.s8.l17.norm2                1.365e-02          nan    1.250e-01          nan   0.1286     ok
suf.s8.l17.out                  1.018e-02          nan    6.000e+00          nan   0.1264     ok
suf.s8.final                    1.560e-02          nan    1.562e-01          nan   0.1094     ok
suf.s8.v                        1.183e-02          nan    1.719e-01          nan   0.1406     ok
suf.s8.x                        9.854e-03          nan    8.563e-02          nan   0.0947     ok
suf.s9.in                       9.976e-03          nan    5.469e-02          nan   0.2072     ok
suf.s9.l0.norm1                 9.460e-03          nan    2.539e-02          nan   0.4399     ok
suf.s9.l0.norm2                 6.582e-03          nan    1.250e-01          nan   0.2596     ok
suf.s9.l0.out                   7.375e-03          nan    7.500e-01          nan   0.2178     ok
suf.s9.l1.norm1                 9.899e-03          nan    9.375e-02          nan   0.2725     ok
suf.s9.l1.norm2                 8.513e-03          nan    6.250e-02          nan   0.2703     ok
suf.s9.l1.out                   8.804e-03          nan    1.500e+00          nan   0.2205     ok
suf.s9.l2.norm1                 1.088e-02          nan    7.812e-02          nan   0.2455     ok
suf.s9.l2.norm2                 9.447e-03          nan    9.375e-02          nan   0.2278     ok
suf.s9.l2.out                   9.404e-03          nan    2.000e+00          nan   0.2085     ok
suf.s9.l3.norm1                 1.165e-02          nan    8.594e-02          nan   0.2407     ok
suf.s9.l3.norm2                 1.088e-02          nan    7.812e-02          nan   0.2169     ok
suf.s9.l3.out                   8.965e-03          nan    2.000e+00          nan   0.1935     ok
suf.s9.l4.norm1                 1.148e-02          nan    9.375e-02          nan   0.2292     ok
suf.s9.l4.norm2                 1.048e-02          nan    5.078e-02          nan   0.2269     ok
suf.s9.l4.out                   8.685e-03          nan    2.000e+00          nan   0.1977     ok
suf.s9.l5.norm1                 1.173e-02          nan    9.375e-02          nan   0.2068     ok
suf.s9.l5.norm2                 1.092e-02          nan    5.078e-02          nan   0.2000     ok
suf.s9.l5.out                   8.797e-03          nan    2.000e+00          nan   0.1744     ok
suf.s9.l6.norm1                 1.305e-02          nan    9.375e-02          nan   0.1691     ok
suf.s9.l6.norm2                 1.208e-02          nan    4.688e-02          nan   0.1745     ok
suf.s9.l6.out                   8.947e-03          nan    3.000e+00          nan   0.1585     ok
suf.s9.l7.norm1                 1.496e-02          nan    3.594e-01          nan   0.1515     ok
suf.s9.l7.norm2                 1.395e-02          nan    1.226e-01          nan   0.1451     ok
suf.s9.l7.out                   8.969e-03          nan    2.000e+00          nan   0.1419     ok
suf.s9.l8.norm1                 1.570e-02          nan    1.641e-01          nan   0.1487     ok
suf.s9.l8.norm2                 1.527e-02          nan    7.812e-02          nan   0.1391     ok
suf.s9.l8.out                   8.978e-03          nan    3.000e+00          nan   0.1328     ok
suf.s9.l9.norm1                 1.959e-02          nan    2.227e-01          nan   0.1335     ok
suf.s9.l9.norm2                 1.548e-02          nan    1.250e-01          nan   0.1364     ok
suf.s9.l9.out                   8.916e-03          nan    3.000e+00          nan   0.1396     ok
suf.s9.l10.norm1                1.610e-02          nan    1.250e-01          nan   0.1439     ok
suf.s9.l10.norm2                1.520e-02          nan    6.250e-02          nan   0.1443     ok
suf.s9.l10.out                  9.468e-03          nan    3.000e+00          nan   0.1395     ok
suf.s9.l11.norm1                1.980e-02          nan    2.500e-01          nan   0.1614     ok
suf.s9.l11.norm2                1.555e-02          nan    8.618e-02          nan   0.1359     ok
suf.s9.l11.out                  9.646e-03          nan    3.000e+00          nan   0.1292     ok
suf.s9.l12.norm1                1.954e-02          nan    2.188e-01          nan   0.1452     ok
suf.s9.l12.norm2                1.711e-02          nan    9.375e-02          nan   0.1358     ok
suf.s9.l12.out                  9.897e-03          nan    4.000e+00          nan   0.1252     ok
suf.s9.l13.norm1                1.680e-02          nan    1.172e-01          nan   0.1354     ok
suf.s9.l13.norm2                1.617e-02          nan    6.641e-02          nan   0.1302     ok
suf.s9.l13.out                  1.030e-02          nan    4.000e+00          nan   0.1223     ok
suf.s9.l14.norm1                1.617e-02          nan    1.094e-01          nan   0.1352     ok
suf.s9.l14.norm2                1.656e-02          nan    7.812e-02          nan   0.1313     ok
suf.s9.l14.out                  1.120e-02          nan    4.000e+00          nan   0.1215     ok
suf.s9.l15.norm1                1.687e-02          nan    1.094e-01          nan   0.1234     ok
suf.s9.l15.norm2                1.634e-02          nan    7.812e-02          nan   0.1216     ok
suf.s9.l15.out                  1.224e-02          nan    4.000e+00          nan   0.1158     ok
suf.s9.l16.norm1                1.668e-02          nan    2.031e-01          nan   0.1210     ok
suf.s9.l16.norm2                1.632e-02          nan    1.094e-01          nan   0.1166     ok
suf.s9.l16.out                  1.284e-02          nan    4.000e+00          nan   0.1121     ok
suf.s9.l17.norm1                1.823e-02          nan    2.188e-01          nan   0.1151     ok
suf.s9.l17.norm2                1.561e-02          nan    1.016e-01          nan   0.1100     ok
suf.s9.l17.out                  1.133e-02          nan    4.000e+00          nan   0.1122     ok
suf.s9.final                    1.986e-02          nan    1.768e-01          nan   0.1080     ok
suf.s9.v                        1.695e-02          nan    1.562e-01          nan   0.1104     ok
suf.s9.x                        1.041e-02          nan    9.686e-02          nan   0.0957     ok
suf.s0.cond                     5.902e-06          nan    4.157e-06          nan   0.0137     ok

== single layer (teacher forced) vs JAX (floor: JAX other platform, same inputs) ==
point                            rel_ours    rel_floor     max_ours    max_floor  eq_ours     ok
img.l0.res1                     1.925e-03    1.966e-03    2.500e-01    2.500e-01   0.7245     ok
img.l0.out                      3.089e-03    4.027e-03    5.000e-01    5.000e-01   0.5268     ok
img.l1.out                      2.909e-03    3.271e-03    5.000e-01    5.000e-01   0.5293     ok
img.l2.out                      2.823e-03    2.916e-03    5.000e-01    5.000e-01   0.5116     ok
img.l3.out                      2.542e-03    2.650e-03    2.500e-01    2.500e-01   0.5099     ok
img.l4.out                      2.510e-03    2.670e-03    2.500e-01    2.500e-01   0.5157     ok
img.l5.out                      2.489e-03    2.620e-03    2.500e-01    2.500e-01   0.5081     ok
img.l6.out                      2.580e-03    2.767e-03    2.500e-01    2.500e-01   0.5068     ok
img.l7.out                      2.583e-03    2.696e-03    2.500e-01    2.500e-01   0.5090     ok
img.l8.out                      2.568e-03    2.712e-03    2.500e-01    2.500e-01   0.5189     ok
img.l9.out                      2.611e-03    2.738e-03    5.000e-01    2.500e-01   0.5314     ok
img.l10.out                     2.891e-03    3.013e-03    2.500e-01    5.000e-01   0.5119     ok
img.l11.out                     2.613e-03    2.804e-03    5.000e-01    5.000e-01   0.5560     ok
img.l12.out                     2.538e-03    2.641e-03    5.000e-01    5.000e-01   0.5655     ok
img.l13.res1                    2.061e-03    2.070e-03    5.000e-01    5.000e-01   0.6623     ok
img.l13.out                     2.721e-03    2.817e-03    5.000e-01    1.000e+00   0.5404     ok
img.l14.out                     2.627e-03    2.717e-03    2.000e+00    1.000e+00   0.5656     ok
img.l15.out                     2.438e-03    2.511e-03    1.000e+00    1.000e+00   0.5840     ok
img.l16.out                     2.236e-03    2.303e-03    1.000e+00    1.000e+00   0.6135     ok
img.l17.out                     1.995e-03    2.040e-03    2.000e+00    2.000e+00   0.6584     ok
img.l18.out                     1.858e-03    1.967e-03    2.000e+00    2.000e+00   0.6668     ok
img.l19.out                     1.898e-03    2.027e-03    1.000e+00    1.000e+00   0.6833     ok
img.l20.out                     1.562e-03    1.647e-03    2.000e+00    2.000e+00   0.7328     ok
img.l21.out                     1.529e-03    1.618e-03    2.000e+00    2.000e+00   0.7568     ok
img.l22.out                     1.545e-03    1.647e-03    2.000e+00    2.000e+00   0.7531     ok
img.l23.out                     1.583e-03    1.733e-03    4.000e+00    4.000e+00   0.7538     ok
img.l24.out                     1.825e-03    1.979e-03    4.000e+00    2.000e+00   0.7322     ok
img.l25.out                     1.651e-03    1.948e-03    4.000e+00    4.000e+00   0.7204     ok
img.l26.res1                    1.124e-03    1.124e-03    2.000e+00    2.000e+00   0.8475     ok
img.l26.out                     1.831e-03    2.150e-03    4.000e+00    4.000e+00   0.7394     ok
img.encoded                     1.663e-05    2.462e-05    7.812e-03    1.562e-02   0.9999     ok
img.tokens                      1.688e-04    6.553e-05    5.000e-01    1.250e-01   0.9993   FAIL
pre.l0.norm1                    1.926e-05    3.374e-03    7.812e-03    1.250e-01   1.0000     ok
pre.l0.k                        1.031e-04    2.770e-03    3.125e-02    6.250e-02   0.9986     ok
pre.l0.v                        6.015e-05    2.808e-03    1.562e-02    3.125e-02   0.9992     ok
pre.l0.norm2                    5.125e-04    4.719e-03    3.750e-01    2.500e-01   0.9754     ok
pre.l0.out                      7.129e-04    2.466e-03    4.000e+00    4.000e+00   0.8472     ok
pre.l1.norm1                    1.611e-05    1.913e-03    7.812e-03    3.125e-02   1.0000     ok
pre.l1.k                        6.534e-05    1.921e-03    3.125e-02    6.250e-02   0.9989     ok
pre.l1.v                        6.939e-05    2.577e-03    7.812e-03    1.562e-02   0.9994     ok
pre.l1.norm2                    6.487e-04    4.059e-03    6.250e-02    6.250e-02   0.9696     ok
pre.l1.out                      4.330e-04    1.201e-03    4.000e+00    4.000e+00   0.7728     ok
pre.l2.norm1                    1.138e-04    2.321e-03    6.250e-02    6.250e-02   1.0000     ok
pre.l2.k                        1.289e-04    2.413e-03    6.250e-02    1.250e-01   0.9985     ok
pre.l2.v                        8.334e-05    2.919e-03    7.812e-03    1.562e-02   0.9992     ok
pre.l2.norm2                    5.372e-04    3.605e-03    3.125e-02    6.250e-02   0.9691     ok
pre.l2.out                      4.959e-04    1.383e-03    2.000e+00    6.000e+00   0.7790     ok
pre.l3.norm1                    1.476e-05    2.508e-03    7.812e-03    1.250e-01   1.0000     ok
pre.l3.k                        8.285e-05    2.734e-03    1.562e-02    1.250e-01   0.9991     ok
pre.l3.v                        5.359e-05    2.926e-03    7.812e-03    3.125e-02   0.9994     ok
pre.l3.norm2                    6.303e-04    3.995e-03    3.125e-02    6.250e-02   0.9744     ok
pre.l3.out                      6.174e-04    1.514e-03    4.000e+00    4.000e+00   0.7740     ok
pre.l4.norm1                    5.898e-06    2.062e-03    1.953e-03    1.250e-01   1.0000     ok
pre.l4.k                        6.207e-05    2.274e-03    3.125e-02    6.250e-02   0.9991     ok
pre.l4.v                        5.512e-05    2.787e-03    7.812e-03    3.125e-02   0.9995     ok
pre.l4.norm2                    5.933e-04    3.982e-03    3.125e-02    1.250e-01   0.9759     ok
pre.l4.out                      5.614e-04    1.467e-03    4.000e+00    4.000e+00   0.7831     ok
pre.l5.norm1                    1.761e-05    2.486e-03    7.812e-03    6.250e-02   1.0000     ok
pre.l5.k                        8.307e-05    2.728e-03    1.562e-02    6.250e-02   0.9987     ok
pre.l5.v                        7.764e-05    2.755e-03    7.812e-03    3.125e-02   0.9992     ok
pre.l5.norm2                    5.934e-04    3.973e-03    3.125e-02    1.250e-01   0.9761     ok
pre.l5.out                      6.042e-04    1.773e-03    4.000e+00    4.000e+00   0.7811     ok
pre.l6.norm1                    1.353e-05    2.561e-03    7.812e-03    1.250e-01   1.0000     ok
pre.l6.k                        7.282e-05    2.781e-03    1.562e-02    1.250e-01   0.9989     ok
pre.l6.v                        6.636e-05    2.724e-03    1.562e-02    3.125e-02   0.9992     ok
pre.l6.norm2                    6.740e-04    4.381e-03    3.125e-02    2.500e-01   0.9731     ok
pre.l6.out                      7.237e-04    1.884e-03    4.000e+00    4.000e+00   0.7575     ok
pre.l7.norm1                    1.747e-05    2.503e-03    7.812e-03    1.250e-01   1.0000     ok
pre.l7.k                        7.093e-05    2.797e-03    1.562e-02    1.250e-01   0.9987     ok
pre.l7.v                        8.164e-05    2.842e-03    1.562e-02    3.125e-02   0.9988     ok
pre.l7.norm2                    6.646e-04    4.185e-03    3.125e-02    2.500e-01   0.9698     ok
pre.l7.out                      8.245e-04    1.938e-03    4.000e+00    8.000e+00   0.7342     ok
pre.l8.norm1                    1.550e-05    2.524e-03    7.812e-03    1.250e-01   1.0000     ok
pre.l8.k                        6.122e-05    2.721e-03    1.562e-02    1.250e-01   0.9988     ok
pre.l8.v                        5.952e-05    2.675e-03    7.812e-03    3.125e-02   0.9992     ok
pre.l8.norm2                    5.798e-04    3.993e-03    3.125e-02    2.500e-01   0.9791     ok
pre.l8.out                      7.586e-04    1.925e-03    4.000e+00    4.000e+00   0.7578     ok
pre.l9.norm1                    5.992e-05    1.801e-03    6.250e-02    1.250e-01   1.0000     ok
pre.l9.k                        9.260e-05    2.378e-03    1.562e-02    1.250e-01   0.9987     ok
pre.l9.v                        8.719e-05    2.888e-03    1.562e-02    3.125e-02   0.9991     ok
pre.l9.norm2                    6.432e-04    4.045e-03    3.125e-02    2.500e-01   0.9741     ok
pre.l9.out                      7.235e-04    2.081e-03    4.000e+00    4.000e+00   0.7318     ok
pre.l10.norm1                   1.390e-05    2.279e-03    7.812e-03    1.250e-01   1.0000     ok
pre.l10.k                       6.990e-05    2.632e-03    1.562e-02    1.250e-01   0.9986     ok
pre.l10.v                       7.993e-05    2.790e-03    1.562e-02    3.125e-02   0.9990     ok
pre.l10.norm2                   5.990e-04    3.826e-03    6.250e-02    2.500e-01   0.9744     ok
pre.l10.out                     7.860e-04    1.990e-03    4.000e+00    8.000e+00   0.7620     ok
pre.l11.norm1                   4.911e-05    2.331e-03    6.250e-02    2.500e-01   1.0000     ok
pre.l11.k                       7.861e-05    2.485e-03    3.125e-02    1.250e-01   0.9987     ok
pre.l11.v                       7.674e-05    2.925e-03    3.125e-02    3.125e-02   0.9992     ok
pre.l11.norm2                   6.387e-04    3.900e-03    3.125e-02    2.500e-01   0.9667     ok
pre.l11.out                     8.848e-04    2.186e-03    4.000e+00    8.000e+00   0.7513     ok
pre.l12.norm1                   1.657e-05    2.640e-03    1.562e-02    1.250e-01   1.0000     ok
pre.l12.k                       5.764e-05    3.012e-03    1.562e-02    1.250e-01   0.9987     ok
pre.l12.v                       7.895e-05    3.063e-03    3.125e-02    6.250e-02   0.9991     ok
pre.l12.norm2                   7.551e-04    4.390e-03    6.250e-02    2.500e-01   0.9677     ok
pre.l12.out                     9.793e-04    2.616e-03    4.000e+00    8.000e+00   0.7202     ok
pre.l13.norm1                   2.327e-05    2.583e-03    3.125e-02    1.250e-01   1.0000     ok
pre.l13.k                       6.807e-05    3.013e-03    1.562e-02    1.875e-01   0.9988     ok
pre.l13.v                       6.717e-05    3.174e-03    3.125e-02    6.250e-02   0.9993     ok
pre.l13.norm2                   5.523e-04    3.785e-03    6.250e-02    2.500e-01   0.9722     ok
pre.l13.out                     1.038e-03    2.882e-03    4.000e+00    8.000e+00   0.7611     ok
pre.l14.norm1                   1.086e-05    2.152e-03    1.562e-02    6.250e-02   1.0000     ok
pre.l14.k                       5.506e-05    2.399e-03    1.562e-02    1.250e-01   0.9989     ok
pre.l14.v                       4.088e-05    3.180e-03    3.125e-02    1.250e-01   0.9996     ok
pre.l14.norm2                   7.993e-04    4.044e-03    6.250e-02    2.500e-01   0.9611     ok
pre.l14.out                     1.226e-03    2.848e-03    8.000e+00    8.000e+00   0.7456     ok
pre.l15.norm1                   1.265e-05    1.693e-03    1.562e-02    3.125e-02   1.0000     ok
pre.l15.k                       6.298e-05    2.177e-03    3.125e-02    1.250e-01   0.9988     ok
pre.l15.v                       6.809e-05    2.669e-03    6.250e-02    1.250e-01   0.9994     ok
pre.l15.norm2                   7.826e-04    3.839e-03    6.250e-02    1.250e-01   0.9517     ok
pre.l15.out                     1.166e-03    2.704e-03    8.000e+00    1.600e+01   0.7507     ok
pre.l16.norm1                   1.278e-05    2.445e-03    1.562e-02    2.500e-01   1.0000     ok
pre.l16.k                       6.484e-05    2.763e-03    3.125e-02    1.250e-01   0.9988     ok
pre.l16.v                       7.372e-05    2.807e-03    3.125e-02    1.250e-01   0.9991     ok
pre.l16.norm2                   7.895e-04    4.043e-03    2.500e-01    3.125e-01   0.9593     ok
pre.l16.out                     1.163e-03    3.531e-03    1.600e+01    3.200e+01   0.7554     ok
pre.l17.norm1                   8.069e-06    2.575e-03    1.562e-02    2.500e-01   1.0000     ok
pre.l17.k                       4.842e-05    3.419e-03    1.562e-02    1.250e-01   0.9990     ok
pre.l17.v                       4.591e-05    2.264e-03    1.250e-01    5.000e-01   0.9996     ok
pre.l17.norm2                   6.176e-04    4.370e-03    2.500e-01    3.125e-01   0.9688     ok
pre.l17.out                     1.378e-03    5.798e-03    1.280e+02    2.560e+02   0.7830     ok
suf.s0.in                       1.460e-03    1.460e-03    3.125e-02    3.125e-02   0.8640     ok
suf.s0.l0.norm1                 6.396e-03    6.636e-03    4.102e-02    4.102e-02   0.8485     ok
suf.s0.l0.norm2                 4.878e-03    5.057e-03    1.875e-01    1.250e-01   0.6498     ok
suf.s0.l0.out                   5.181e-03    5.505e-03    1.000e+00    1.000e+00   0.7711     ok
suf.s0.l1.norm1                 1.789e-03    2.693e-03    3.125e-02    3.125e-02   0.8947     ok
suf.s0.l1.norm2                 1.933e-03    3.555e-03    2.344e-02    2.344e-02   0.8970     ok
suf.s0.l1.out                   2.984e-03    3.068e-03    5.000e-01    5.000e-01   0.7430     ok
suf.s0.l2.norm1                 3.625e-03    4.154e-03    6.641e-02    6.641e-02   0.9029     ok
suf.s0.l2.norm2                 5.225e-03    5.919e-03    7.227e-02    7.227e-02   0.8477     ok
suf.s0.l2.out                   1.745e-03    1.805e-03    5.000e-01    5.000e-01   0.6659     ok
suf.s0.l3.norm1                 2.347e-03    3.382e-03    4.102e-02    4.102e-02   0.8858     ok
suf.s0.l3.norm2                 3.575e-03    4.570e-03    4.297e-02    4.297e-02   0.7630     ok
suf.s0.l3.out                   1.246e-03    1.322e-03    5.000e-01    5.000e-01   0.6278     ok
suf.s0.l4.norm1                 2.902e-03    3.644e-03    6.250e-02    6.250e-02   0.8716     ok
suf.s0.l4.norm2                 5.253e-03    5.807e-03    7.812e-02    7.812e-02   0.7784     ok
suf.s0.l4.out                   9.865e-04    1.021e-03    1.000e+00    1.000e+00   0.6731     ok
suf.s0.l5.norm1                 2.820e-03    3.412e-03    4.688e-02    3.516e-02   0.8779     ok
suf.s0.l5.norm2                 5.564e-03    6.454e-03    8.008e-02    8.008e-02   0.7868     ok
suf.s0.l5.out                   8.661e-04    9.006e-04    1.000e+00    1.000e+00   0.6735     ok
suf.s0.l6.norm1                 4.057e-03    4.523e-03    7.227e-02    7.227e-02   0.8958     ok
suf.s0.l6.norm2                 5.641e-03    6.081e-03    4.932e-02    3.516e-02   0.6558     ok
suf.s0.l6.out                   1.158e-03    1.325e-03    1.000e+00    1.000e+00   0.5657     ok
suf.s0.l7.norm1                 4.414e-03    5.072e-03    7.715e-02    7.715e-02   0.9041     ok
suf.s0.l7.norm2                 4.666e-03    5.381e-03    6.641e-02    6.641e-02   0.7447     ok
suf.s0.l7.out                   1.043e-03    1.121e-03    1.000e+00    1.000e+00   0.6492     ok
suf.s0.l8.norm1                 1.495e-03    2.637e-03    2.344e-02    3.125e-02   0.9095     ok
suf.s0.l8.norm2                 5.282e-03    5.841e-03    6.250e-02    6.250e-02   0.6606     ok
suf.s0.l8.out                   1.337e-03    1.490e-03    1.000e+00    1.000e+00   0.5765     ok
suf.s0.l9.norm1                 3.275e-03    4.161e-03    4.883e-02    4.883e-02   0.9101     ok
suf.s0.l9.norm2                 4.690e-03    5.417e-03    4.980e-02    4.980e-02   0.6755     ok
suf.s0.l9.out                   1.640e-03    1.670e-03    1.000e+00    1.000e+00   0.5757     ok
suf.s0.l10.norm1                1.397e-03    2.868e-03    3.125e-02    3.125e-02   0.9161     ok
suf.s0.l10.norm2                3.724e-03    4.543e-03    3.906e-02    3.906e-02   0.6897     ok
suf.s0.l10.out                  1.310e-03    1.324e-03    1.000e+00    1.000e+00   0.5828     ok
suf.s0.l11.norm1                9.412e-04    2.801e-03    3.125e-02    6.250e-02   0.9011     ok
suf.s0.l11.norm2                3.619e-03    4.722e-03    4.688e-02    4.883e-02   0.7205     ok
suf.s0.l11.out                  1.601e-03    1.640e-03    2.000e+00    2.000e+00   0.6285     ok
suf.s0.l12.norm1                2.797e-03    3.764e-03    5.859e-02    5.859e-02   0.9192     ok
suf.s0.l12.norm2                4.634e-03    5.495e-03    4.688e-02    4.492e-02   0.6271     ok
suf.s0.l12.out                  1.982e-03    2.011e-03    2.000e+00    2.000e+00   0.5452     ok
suf.s0.l13.norm1                1.359e-03    2.907e-03    3.125e-02    3.125e-02   0.9308     ok
suf.s0.l13.norm2                4.221e-03    5.029e-03    3.906e-02    3.906e-02   0.6805     ok
suf.s0.l13.out                  2.404e-03    2.620e-03    2.000e+00    2.000e+00   0.5661     ok
suf.s0.l14.norm1                1.924e-03    3.293e-03    4.102e-02    4.102e-02   0.9326     ok
suf.s0.l14.norm2                4.508e-03    5.086e-03    3.125e-02    3.125e-02   0.6075     ok
suf.s0.l14.out                  3.528e-03    3.663e-03    2.000e+00    2.000e+00   0.5166     ok
suf.s0.l15.norm1                1.191e-03    2.926e-03    3.125e-02    3.125e-02   0.9334     ok
suf.s0.l15.norm2                3.548e-03    4.362e-03    3.125e-02    3.125e-02   0.6888     ok
suf.s0.l15.out                  3.478e-03    3.612e-03    2.000e+00    2.000e+00   0.5763     ok
suf.s0.l16.norm1                1.204e-03    2.988e-03    3.125e-02    3.125e-02   0.9363     ok
suf.s0.l16.norm2                3.197e-03    3.950e-03    3.125e-02    3.125e-02   0.6821     ok
suf.s0.l16.out                  2.955e-03    3.086e-03    4.000e+00    4.000e+00   0.6247     ok
suf.s0.l17.norm1                2.308e-03    3.419e-03    6.250e-02    6.250e-02   0.9492     ok
suf.s0.l17.norm2                2.754e-03    3.875e-03    6.250e-02    6.250e-02   0.7022     ok
suf.s0.l17.out                  3.088e-03    3.482e-03    8.000e+00    8.000e+00   0.5978     ok
suf.s0.final                    1.665e-03    3.056e-03    6.250e-02    3.125e-02   0.9291     ok
suf.s0.v                        1.291e-03    1.361e-05    1.562e-02    4.883e-04   0.8164   FAIL
suf.s0.x                        2.184e-04    2.394e-04    1.953e-03    1.358e-03   0.8330     ok
suf.s1.in                       1.459e-03    1.459e-03    3.125e-02    3.125e-02   0.8651     ok
suf.s1.l0.norm1                 6.881e-03    7.044e-03    3.009e-02    3.009e-02   0.8394     ok
suf.s1.l0.norm2                 4.549e-03    5.101e-03    1.875e-01    1.875e-01   0.6609     ok
suf.s1.l0.out                   4.741e-03    5.085e-03    1.000e+00    1.000e+00   0.7746     ok
suf.s1.l1.norm1                 3.282e-03    3.838e-03    8.203e-02    8.203e-02   0.9058     ok
suf.s1.l1.norm2                 4.163e-03    5.084e-03    6.250e-02    6.250e-02   0.8854     ok
suf.s1.l1.out                   2.974e-03    3.124e-03    5.000e-01    5.000e-01   0.7185     ok
suf.s1.l2.norm1                 3.308e-03    3.849e-03    5.664e-02    5.664e-02   0.9194     ok
suf.s1.l2.norm2                 4.296e-03    5.239e-03    9.375e-02    9.375e-02   0.8324     ok
suf.s1.l2.out                   1.817e-03    1.899e-03    1.000e+00    1.000e+00   0.6666     ok
suf.s1.l3.norm1                 3.664e-03    4.164e-03    5.371e-02    5.371e-02   0.8930     ok
suf.s1.l3.norm2                 5.631e-03    6.302e-03    7.031e-02    7.031e-02   0.7641     ok
suf.s1.l3.out                   1.417e-03    1.378e-03    1.000e+00    1.000e+00   0.6352     ok
suf.s1.l4.norm1                 4.835e-03    5.252e-03    9.375e-02    9.375e-02   0.9015     ok
suf.s1.l4.norm2                 6.081e-03    6.521e-03    7.031e-02    7.031e-02   0.6636     ok
suf.s1.l4.out                   1.183e-03    1.217e-03    1.000e+00    1.000e+00   0.5821     ok
suf.s1.l5.norm1                 1.569e-03    2.932e-03    4.688e-02    4.688e-02   0.9228     ok
suf.s1.l5.norm2                 3.568e-03    4.697e-03    3.711e-02    3.711e-02   0.8157     ok
suf.s1.l5.out                   1.038e-03    1.063e-03    1.000e+00    1.000e+00   0.6930     ok
suf.s1.l6.norm1                 2.562e-03    3.293e-03    3.125e-02    3.125e-02   0.9254     ok
suf.s1.l6.norm2                 1.062e-02    1.089e-02    8.594e-02    8.594e-02   0.6591     ok
suf.s1.l6.out                   1.643e-03    1.778e-03    1.000e+00    1.000e+00   0.5278     ok
suf.s1.l7.norm1                 2.105e-03    3.292e-03    3.125e-02    3.125e-02   0.9181     ok
suf.s1.l7.norm2                 4.555e-03    5.338e-03    5.078e-02    5.078e-02   0.7546     ok
suf.s1.l7.out                   1.494e-03    1.524e-03    2.000e+00    2.000e+00   0.6606     ok
suf.s1.l8.norm1                 1.385e-03    2.569e-03    3.906e-02    3.906e-02   0.9202     ok
suf.s1.l8.norm2                 5.398e-03    6.039e-03    5.762e-02    5.762e-02   0.6614     ok
suf.s1.l8.out                   1.369e-03    1.400e-03    1.000e+00    1.000e+00   0.5797     ok
suf.s1.l9.norm1                 2.378e-03    3.426e-03    4.102e-02    4.102e-02   0.9229     ok
suf.s1.l9.norm2                 4.660e-03    5.260e-03    4.736e-02    4.688e-02   0.6426     ok
suf.s1.l9.out                   1.959e-03    1.540e-03    2.000e+00    1.000e+00   0.5669     ok
suf.s1.l10.norm1                1.438e-03    2.640e-03    3.125e-02    3.125e-02   0.9365     ok
suf.s1.l10.norm2                4.317e-03    4.896e-03    5.664e-02    5.762e-02   0.6786     ok
suf.s1.l10.out                  1.463e-03    1.505e-03    1.000e+00    1.000e+00   0.5877     ok
suf.s1.l11.norm1                1.052e-03    2.897e-03    3.125e-02    6.250e-02   0.9265     ok
suf.s1.l11.norm2                3.444e-03    4.402e-03    2.759e-02    2.759e-02   0.7208     ok
suf.s1.l11.out                  1.254e-03    1.605e-03    1.000e+00    2.000e+00   0.6228     ok
suf.s1.l12.norm1                2.804e-03    3.808e-03    6.543e-02    6.543e-02   0.9187     ok
suf.s1.l12.norm2                4.837e-03    5.503e-03    4.590e-02    4.688e-02   0.6100     ok
suf.s1.l12.out                  2.231e-03    2.070e-03    2.000e+00    2.000e+00   0.5446     ok
suf.s1.l13.norm1                1.581e-03    2.987e-03    3.125e-02    3.125e-02   0.9298     ok
suf.s1.l13.norm2                4.022e-03    4.797e-03    5.273e-02    5.273e-02   0.6815     ok
suf.s1.l13.out                  2.513e-03    2.474e-03    2.000e+00    2.000e+00   0.5709     ok
suf.s1.l14.norm1                1.578e-03    2.856e-03    2.295e-02    2.295e-02   0.9386     ok
suf.s1.l14.norm2                4.321e-03    5.121e-03    4.688e-02    3.125e-02   0.6486     ok
suf.s1.l14.out                  3.475e-03    3.580e-03    2.000e+00    2.000e+00   0.5305     ok
suf.s1.l15.norm1                4.177e-03    5.033e-03    8.923e-02    8.923e-02   0.9305     ok
suf.s1.l15.norm2                3.547e-03    4.373e-03    3.125e-02    3.125e-02   0.6732     ok
suf.s1.l15.out                  3.531e-03    3.656e-03    2.000e+00    2.000e+00   0.5597     ok
suf.s1.l16.norm1                1.267e-03    2.882e-03    3.125e-02    3.125e-02   0.9473     ok
suf.s1.l16.norm2                2.835e-03    3.841e-03    3.125e-02    3.125e-02   0.7239     ok
suf.s1.l16.out                  2.983e-03    3.078e-03    4.000e+00    4.000e+00   0.6213     ok
suf.s1.l17.norm1                1.274e-03    2.883e-03    3.125e-02    3.125e-02   0.9570     ok
suf.s1.l17.norm2                3.187e-03    4.044e-03    1.250e-01    1.250e-01   0.6802     ok
suf.s1.l17.out                  3.118e-03    3.236e-03    8.000e+00    8.000e+00   0.5943     ok
suf.s1.final                    1.335e-03    3.065e-03    3.125e-02    3.125e-02   0.9408     ok
suf.s1.v                        1.449e-03    0.000e+00    1.562e-02    0.000e+00   0.7949   FAIL
suf.s1.x                        2.198e-04    2.790e-04    1.953e-03    1.755e-03   0.8154     ok
suf.s2.in                       1.473e-03    1.473e-03    1.562e-02    1.562e-02   0.8674     ok
suf.s2.l0.norm1                 7.991e-03    8.082e-03    5.078e-02    5.078e-02   0.8498     ok
suf.s2.l0.norm2                 4.641e-03    5.123e-03    1.250e-01    1.875e-01   0.6472     ok
suf.s2.l0.out                   4.838e-03    4.725e-03    1.000e+00    1.000e+00   0.7556     ok
suf.s2.l1.norm1                 2.067e-03    2.750e-03    3.125e-02    3.125e-02   0.9054     ok
suf.s2.l1.norm2                 3.318e-03    4.355e-03    5.664e-02    5.469e-02   0.9009     ok
suf.s2.l1.out                   2.825e-03    2.900e-03    5.000e-01    5.000e-01   0.7267     ok
suf.s2.l2.norm1                 3.256e-03    3.833e-03    5.469e-02    5.469e-02   0.9161     ok
suf.s2.l2.norm2                 4.262e-03    5.378e-03    7.031e-02    7.031e-02   0.8212     ok
suf.s2.l2.out                   1.907e-03    1.981e-03    1.000e+00    1.000e+00   0.6595     ok
suf.s2.l3.norm1                 3.194e-03    3.834e-03    4.395e-02    4.395e-02   0.8960     ok
suf.s2.l3.norm2                 6.874e-03    7.400e-03    6.445e-02    6.445e-02   0.7461     ok
suf.s2.l3.out                   1.200e-03    1.453e-03    5.000e-01    1.000e+00   0.6276     ok
suf.s2.l4.norm1                 1.800e-03    2.546e-03    3.125e-02    3.125e-02   0.9090     ok
suf.s2.l4.norm2                 7.054e-03    7.559e-03    6.641e-02    6.641e-02   0.7521     ok
suf.s2.l4.out                   1.031e-03    1.040e-03    1.000e+00    1.000e+00   0.6350     ok
suf.s2.l5.norm1                 1.518e-03    2.504e-03    3.125e-02    3.125e-02   0.9190     ok
suf.s2.l5.norm2                 2.950e-03    4.149e-03    3.027e-02    3.040e-02   0.7973     ok
suf.s2.l5.out                   8.389e-04    7.453e-04    1.000e+00    5.000e-01   0.6834     ok
suf.s2.l6.norm1                 3.730e-03    4.294e-03    3.125e-02    3.125e-02   0.9153     ok
suf.s2.l6.norm2                 5.865e-03    6.274e-03    6.342e-02    6.342e-02   0.6652     ok
suf.s2.l6.out                   1.737e-03    1.620e-03    1.000e+00    1.000e+00   0.5615     ok
suf.s2.l7.norm1                 2.882e-03    3.762e-03    3.870e-02    3.870e-02   0.9186     ok
suf.s2.l7.norm2                 6.168e-03    6.593e-03    5.859e-02    6.055e-02   0.7439     ok
suf.s2.l7.out                   1.150e-03    1.176e-03    1.000e+00    1.000e+00   0.6362     ok
suf.s2.l8.norm1                 1.922e-03    2.775e-03    3.125e-02    3.125e-02   0.9273     ok
suf.s2.l8.norm2                 4.544e-03    5.296e-03    5.566e-02    5.566e-02   0.6810     ok
suf.s2.l8.out                   1.328e-03    1.363e-03    1.000e+00    1.000e+00   0.5914     ok
suf.s2.l9.norm1                 2.276e-03    3.232e-03    4.004e-02    4.004e-02   0.9301     ok
suf.s2.l9.norm2                 5.198e-03    5.803e-03    4.590e-02    4.590e-02   0.6550     ok
suf.s2.l9.out                   1.621e-03    1.738e-03    1.000e+00    1.000e+00   0.5620     ok
suf.s2.l10.norm1                1.421e-03    2.877e-03    2.344e-02    3.125e-02   0.9447     ok
suf.s2.l10.norm2                3.685e-03    4.631e-03    2.734e-02    2.734e-02   0.6968     ok
suf.s2.l10.out                  1.892e-03    1.626e-03    2.000e+00    1.000e+00   0.5812     ok
suf.s2.l11.norm1                3.674e-04    2.982e-03    1.562e-02    6.250e-02   0.9474     ok
suf.s2.l11.norm2                3.424e-03    4.431e-03    2.539e-02    2.539e-02   0.7103     ok
suf.s2.l11.out                  1.744e-03    1.721e-03    2.000e+00    2.000e+00   0.6215     ok
suf.s2.l12.norm1                2.070e-03    3.087e-03    4.980e-02    4.980e-02   0.9198     ok
suf.s2.l12.norm2                1.417e-02    1.445e-02    2.031e-01    2.031e-01   0.6118     ok
suf.s2.l12.out                  2.534e-03    2.433e-03    2.000e+00    2.000e+00   0.4999     ok
suf.s2.l13.norm1                1.121e-03    2.690e-03    1.758e-02    1.758e-02   0.9456     ok
suf.s2.l13.norm2                3.935e-03    4.756e-03    3.711e-02    4.688e-02   0.6854     ok
suf.s2.l13.out                  2.316e-03    2.512e-03    2.000e+00    2.000e+00   0.5732     ok
suf.s2.l14.norm1                2.099e-03    3.279e-03    3.564e-02    3.564e-02   0.9321     ok
suf.s2.l14.norm2                4.615e-03    5.190e-03    4.688e-02    3.906e-02   0.6253     ok
suf.s2.l14.out                  3.342e-03    3.386e-03    2.000e+00    2.000e+00   0.5216     ok
suf.s2.l15.norm1                1.043e-03    2.806e-03    2.271e-02    3.125e-02   0.9487     ok
suf.s2.l15.norm2                3.539e-03    4.387e-03    3.125e-02    3.125e-02   0.7000     ok
suf.s2.l15.out                  3.350e-03    3.521e-03    2.000e+00    2.000e+00   0.5753     ok
suf.s2.l16.norm1                9.739e-04    2.971e-03    2.344e-02    3.125e-02   0.9453     ok
suf.s2.l16.norm2                3.590e-03    4.360e-03    7.812e-02    7.812e-02   0.7467     ok
suf.s2.l16.out                  3.108e-03    3.167e-03    4.000e+00    4.000e+00   0.6117     ok
suf.s2.l17.norm1                3.446e-03    4.167e-03    1.250e-01    1.250e-01   0.9554     ok
suf.s2.l17.norm2                3.377e-03    3.893e-03    1.250e-01    6.250e-02   0.6530     ok
suf.s2.l17.out                  3.271e-03    3.565e-03    8.000e+00    8.000e+00   0.5828     ok
suf.s2.final                    1.341e-03    3.244e-03    1.758e-02    3.125e-02   0.9409     ok
suf.s2.v                        1.210e-03    4.672e-05    1.562e-02    1.953e-03   0.8281   FAIL
suf.s2.x                        2.188e-04    3.121e-04    1.953e-03    1.831e-03   0.8477     ok
suf.s3.in                       1.483e-03    1.483e-03    1.562e-02    1.562e-02   0.8666     ok
suf.s3.l0.norm1                 7.947e-03    8.146e-03    6.250e-02    6.250e-02   0.8611     ok
suf.s3.l0.norm2                 5.546e-03    6.316e-03    1.250e-01    1.875e-01   0.6037     ok
suf.s3.l0.out                   5.378e-03    5.407e-03    1.000e+00    1.000e+00   0.7420     ok
suf.s3.l1.norm1                 2.251e-03    2.883e-03    6.250e-02    6.250e-02   0.9254     ok
suf.s3.l1.norm2                 3.063e-03    4.046e-03    6.445e-02    6.445e-02   0.8977     ok
suf.s3.l1.out                   2.721e-03    2.819e-03    5.000e-01    5.000e-01   0.7230     ok
suf.s3.l2.norm1                 3.158e-03    3.740e-03    4.688e-02    4.688e-02   0.9027     ok
suf.s3.l2.norm2                 4.888e-03    5.771e-03    7.422e-02    7.422e-02   0.7981     ok
suf.s3.l2.out                   1.808e-03    1.922e-03    1.000e+00    1.000e+00   0.6473     ok
suf.s3.l3.norm1                 1.912e-03    2.540e-03    3.125e-02    3.125e-02   0.8970     ok
suf.s3.l3.norm2                 4.195e-03    5.162e-03    5.859e-02    6.055e-02   0.7639     ok
suf.s3.l3.out                   1.150e-03    1.278e-03    1.000e+00    1.000e+00   0.6369     ok
suf.s3.l4.norm1                 2.720e-03    3.174e-03    5.469e-02    5.469e-02   0.9019     ok
suf.s3.l4.norm2                 7.874e-03    8.348e-03    6.250e-02    6.250e-02   0.7368     ok
suf.s3.l4.out                   1.397e-03    1.424e-03    1.000e+00    1.000e+00   0.6140     ok
suf.s3.l5.norm1                 2.740e-03    3.340e-03    3.516e-02    3.516e-02   0.9260     ok
suf.s3.l5.norm2                 4.321e-03    5.140e-03    5.859e-02    5.859e-02   0.7597     ok
suf.s3.l5.out                   1.178e-03    1.194e-03    1.000e+00    1.000e+00   0.6406     ok
suf.s3.l6.norm1                 2.874e-03    3.505e-03    2.734e-02    2.734e-02   0.9095     ok
suf.s3.l6.norm2                 4.319e-03    5.010e-03    3.516e-02    3.516e-02   0.6873     ok
suf.s3.l6.out                   1.609e-03    1.743e-03    1.000e+00    1.000e+00   0.5615     ok
suf.s3.l7.norm1                 1.889e-03    2.920e-03    2.734e-02    2.734e-02   0.9139     ok
suf.s3.l7.norm2                 4.198e-03    5.092e-03    2.930e-02    2.930e-02   0.7440     ok
suf.s3.l7.out                   1.196e-03    1.336e-03    1.000e+00    1.000e+00   0.6429     ok
suf.s3.l8.norm1                 1.304e-03    2.426e-03    2.124e-02    2.124e-02   0.9161     ok
suf.s3.l8.norm2                 5.472e-03    6.062e-03    5.518e-02    5.518e-02   0.6708     ok
suf.s3.l8.out                   1.634e-03    1.657e-03    1.000e+00    1.000e+00   0.5807     ok
suf.s3.l9.norm1                 2.439e-03    3.672e-03    4.102e-02    4.102e-02   0.9104     ok
suf.s3.l9.norm2                 4.365e-03    5.192e-03    2.490e-02    3.125e-02   0.6759     ok
suf.s3.l9.out                   1.466e-03    1.573e-03    1.000e+00    1.000e+00   0.5651     ok
suf.s3.l10.norm1                1.541e-03    2.822e-03    3.125e-02    3.125e-02   0.9303     ok
suf.s3.l10.norm2                3.659e-03    4.537e-03    4.639e-02    4.639e-02   0.7039     ok
suf.s3.l10.out                  1.971e-03    2.015e-03    2.000e+00    2.000e+00   0.5817     ok
suf.s3.l11.norm1                9.437e-04    2.803e-03    3.125e-02    3.125e-02   0.9169     ok
suf.s3.l11.norm2                3.302e-03    4.722e-03    3.320e-02    4.785e-02   0.7326     ok
suf.s3.l11.out                  1.559e-03    1.498e-03    2.000e+00    2.000e+00   0.6317     ok
suf.s3.l12.norm1                2.083e-03    3.227e-03    3.369e-02    3.369e-02   0.9160     ok
suf.s3.l12.norm2                4.693e-03    5.393e-03    3.125e-02    3.125e-02   0.6326     ok
suf.s3.l12.out                  2.485e-03    2.818e-03    4.000e+00    4.000e+00   0.5631     ok
suf.s3.l13.norm1                1.549e-03    2.983e-03    3.760e-02    3.760e-02   0.9250     ok
suf.s3.l13.norm2                7.192e-03    7.636e-03    1.016e-01    1.016e-01   0.6893     ok
suf.s3.l13.out                  2.216e-03    2.422e-03    2.000e+00    2.000e+00   0.5570     ok
suf.s3.l14.norm1                1.557e-03    3.000e-03    3.906e-02    3.906e-02   0.9331     ok
suf.s3.l14.norm2                4.349e-03    5.021e-03    4.688e-02    3.125e-02   0.6555     ok
suf.s3.l14.out                  3.183e-03    3.419e-03    2.000e+00    2.000e+00   0.5363     ok
suf.s3.l15.norm1                9.404e-04    2.895e-03    2.667e-02    3.125e-02   0.9455     ok
suf.s3.l15.norm2                3.376e-03    4.287e-03    3.125e-02    4.688e-02   0.7065     ok
suf.s3.l15.out                  3.318e-03    3.392e-03    2.000e+00    2.000e+00   0.5787     ok
suf.s3.l16.norm1                8.894e-04    2.818e-03    3.125e-02    3.125e-02   0.9507     ok
suf.s3.l16.norm2                2.771e-03    3.874e-03    3.125e-02    4.688e-02   0.7319     ok
suf.s3.l16.out                  2.827e-03    3.093e-03    4.000e+00    4.000e+00   0.6289     ok
suf.s3.l17.norm1                1.137e-03    2.625e-03    3.125e-02    3.125e-02   0.9524     ok
suf.s3.l17.norm2                3.122e-03    3.985e-03    9.375e-02    6.250e-02   0.6891     ok
suf.s3.l17.out                  3.362e-03    3.322e-03    8.000e+00    8.000e+00   0.5872     ok
suf.s3.final                    9.825e-04    2.748e-03    1.562e-02    3.125e-02   0.9366     ok
suf.s3.v                        1.267e-03    0.000e+00    3.125e-02    0.000e+00   0.8857   FAIL
suf.s3.x                        2.030e-04    3.236e-04    1.953e-03    1.831e-03   0.8984     ok
suf.s4.in                       1.454e-03    1.454e-03    1.562e-02    1.562e-02   0.8679     ok
suf.s4.l0.norm1                 9.054e-03    9.025e-03    4.492e-02    4.688e-02   0.8453     ok
suf.s4.l0.norm2                 5.173e-03    6.267e-03    1.875e-01    2.500e-01   0.5539     ok
suf.s4.l0.out                   5.157e-03    5.015e-03    1.000e+00    1.000e+00   0.7308     ok
suf.s4.l1.norm1                 2.470e-03    3.112e-03    3.809e-02    3.809e-02   0.9014     ok
suf.s4.l1.norm2                 3.405e-03    4.425e-03    7.422e-02    7.422e-02   0.8713     ok
suf.s4.l1.out                   2.726e-03    2.817e-03    1.000e+00    1.000e+00   0.7063     ok
suf.s4.l2.norm1                 5.166e-03    5.712e-03    6.250e-02    6.250e-02   0.9147     ok
suf.s4.l2.norm2                 8.104e-03    8.383e-03    9.375e-02    9.375e-02   0.7752     ok
suf.s4.l2.out                   2.404e-03    2.277e-03    1.000e+00    1.000e+00   0.5743     ok
suf.s4.l3.norm1                 4.408e-03    4.972e-03    6.067e-02    6.067e-02   0.8819     ok
suf.s4.l3.norm2                 3.900e-03    4.900e-03    5.176e-02    5.176e-02   0.7289     ok
suf.s4.l3.out                   1.413e-03    1.476e-03    1.000e+00    1.000e+00   0.6237     ok
suf.s4.l4.norm1                 2.660e-03    2.997e-03    2.832e-02    2.832e-02   0.8973     ok
suf.s4.l4.norm2                 3.705e-03    4.769e-03    3.125e-02    3.125e-02   0.7318     ok
suf.s4.l4.out                   1.274e-03    1.473e-03    1.000e+00    1.000e+00   0.6171     ok
suf.s4.l5.norm1                 1.848e-03    2.687e-03    2.734e-02    2.734e-02   0.9159     ok
suf.s4.l5.norm2                 1.044e-02    1.088e-02    9.375e-02    9.375e-02   0.7432     ok
suf.s4.l5.out                   1.509e-03    1.537e-03    1.000e+00    1.000e+00   0.5647     ok
suf.s4.l6.norm1                 4.456e-03    4.928e-03    3.906e-02    3.906e-02   0.8990     ok
suf.s4.l6.norm2                 4.907e-03    5.065e-03    3.320e-02    3.320e-02   0.6686     ok
suf.s4.l6.out                   1.332e-03    1.330e-03    1.000e+00    1.000e+00   0.5363     ok
suf.s4.l7.norm1                 2.180e-03    3.315e-03    3.320e-02    3.320e-02   0.9094     ok
suf.s4.l7.norm2                 4.268e-03    5.157e-03    2.734e-02    3.125e-02   0.7268     ok
suf.s4.l7.out                   1.199e-03    1.572e-03    1.000e+00    1.000e+00   0.6357     ok
suf.s4.l8.norm1                 1.322e-03    2.623e-03    2.344e-02    2.344e-02   0.9228     ok
suf.s4.l8.norm2                 3.644e-03    4.510e-03    2.344e-02    2.344e-02   0.7016     ok
suf.s4.l8.out                   1.156e-03    1.327e-03    1.000e+00    1.000e+00   0.6037     ok
suf.s4.l9.norm1                 2.048e-03    2.997e-03    4.395e-02    4.395e-02   0.9118     ok
suf.s4.l9.norm2                 4.509e-03    5.034e-03    3.125e-02    3.125e-02   0.6545     ok
suf.s4.l9.out                   2.116e-03    2.159e-03    2.000e+00    2.000e+00   0.5522     ok
suf.s4.l10.norm1                1.378e-03    2.736e-03    1.562e-02    1.562e-02   0.9315     ok
suf.s4.l10.norm2                3.676e-03    4.725e-03    6.250e-02    6.250e-02   0.7181     ok
suf.s4.l10.out                  1.807e-03    1.785e-03    2.000e+00    2.000e+00   0.5827     ok
suf.s4.l11.norm1                1.108e-02    1.139e-02    2.188e-01    2.188e-01   0.9218     ok
suf.s4.l11.norm2                8.487e-03    8.865e-03    1.055e-01    1.055e-01   0.5544     ok
suf.s4.l11.out                  2.030e-03    2.069e-03    2.000e+00    2.000e+00   0.4906     ok
suf.s4.l12.norm1                2.167e-03    3.303e-03    3.271e-02    3.271e-02   0.9094     ok
suf.s4.l12.norm2                4.580e-03    5.262e-03    3.125e-02    3.125e-02   0.6140     ok
suf.s4.l12.out                  2.459e-03    2.359e-03    2.000e+00    2.000e+00   0.5648     ok
suf.s4.l13.norm1                1.513e-03    2.858e-03    2.344e-02    2.344e-02   0.9303     ok
suf.s4.l13.norm2                7.438e-03    7.960e-03    1.046e-01    1.042e-01   0.6816     ok
suf.s4.l13.out                  2.326e-03    2.307e-03    2.000e+00    2.000e+00   0.5636     ok
suf.s4.l14.norm1                1.205e-03    2.868e-03    1.581e-02    1.581e-02   0.9259     ok
suf.s4.l14.norm2                4.380e-03    5.063e-03    3.125e-02    3.125e-02   0.6573     ok
suf.s4.l14.out                  3.047e-03    3.105e-03    2.000e+00    1.000e+00   0.5357     ok
suf.s4.l15.norm1                1.111e-03    2.874e-03    1.562e-02    3.125e-02   0.9343     ok
suf.s4.l15.norm2                3.316e-03    4.322e-03    3.125e-02    3.125e-02   0.7123     ok
suf.s4.l15.out                  3.083e-03    3.252e-03    2.000e+00    2.000e+00   0.5808     ok
suf.s4.l16.norm1                1.408e-03    2.898e-03    3.125e-02    3.125e-02   0.9331     ok
suf.s4.l16.norm2                2.848e-03    3.834e-03    3.125e-02    3.125e-02   0.7304     ok
suf.s4.l16.out                  2.825e-03    3.031e-03    2.000e+00    2.000e+00   0.6266     ok
suf.s4.l17.norm1                1.063e-03    2.729e-03    3.125e-02    3.125e-02   0.9403     ok
suf.s4.l17.norm2                3.024e-03    3.845e-03    6.250e-02    6.250e-02   0.6941     ok
suf.s4.l17.out                  3.181e-03    3.426e-03    8.000e+00    8.000e+00   0.5892     ok
suf.s4.final                    9.864e-04    2.934e-03    1.562e-02    3.125e-02   0.9484     ok
suf.s4.v                        1.131e-03    0.000e+00    3.125e-02    0.000e+00   0.8828   FAIL
suf.s4.x                        2.122e-04    3.655e-04    1.953e-03    1.846e-03   0.8955     ok
suf.s5.in                       1.471e-03    1.471e-03    1.562e-02    1.562e-02   0.8679     ok
suf.s5.l0.norm1                 7.363e-03    7.443e-03    2.930e-02    2.930e-02   0.8440     ok
suf.s5.l0.norm2                 5.086e-03    5.345e-03    1.875e-01    1.250e-01   0.5465     ok
suf.s5.l0.out                   5.011e-03    5.135e-03    1.000e+00    1.000e+00   0.7220     ok
suf.s5.l1.norm1                 9.357e-03    9.551e-03    1.094e-01    1.094e-01   0.8887     ok
suf.s5.l1.norm2                 2.739e-03    3.890e-03    3.125e-02    3.906e-02   0.8137     ok
suf.s5.l1.out                   3.166e-03    3.301e-03    1.000e+00    1.000e+00   0.6620     ok
suf.s5.l2.norm1                 6.155e-03    6.489e-03    6.250e-02    6.250e-02   0.8897     ok
suf.s5.l2.norm2                 3.986e-03    5.396e-03    4.883e-02    4.883e-02   0.7660     ok
suf.s5.l2.out                   2.203e-03    2.333e-03    1.000e+00    1.000e+00   0.6246     ok
suf.s5.l3.norm1                 3.266e-03    3.898e-03    6.250e-02    6.250e-02   0.8822     ok
suf.s5.l3.norm2                 1.125e-02    1.147e-02    9.375e-02    9.375e-02   0.7164     ok
suf.s5.l3.out                   1.689e-03    1.825e-03    1.000e+00    1.000e+00   0.5088     ok
suf.s5.l4.norm1                 2.865e-03    3.335e-03    4.688e-02    4.688e-02   0.8784     ok
suf.s5.l4.norm2                 6.069e-03    6.643e-03    8.203e-02    8.203e-02   0.6962     ok
suf.s5.l4.out                   1.284e-03    1.630e-03    1.000e+00    1.000e+00   0.5974     ok
suf.s5.l5.norm1                 2.298e-03    3.105e-03    3.125e-02    3.125e-02   0.9074     ok
suf.s5.l5.norm2                 4.486e-03    5.139e-03    5.664e-02    5.664e-02   0.7244     ok
suf.s5.l5.out                   1.363e-03    1.520e-03    1.000e+00    1.000e+00   0.5844     ok
suf.s5.l6.norm1                 2.483e-03    3.319e-03    3.125e-02    3.125e-02   0.8914     ok
suf.s5.l6.norm2                 4.246e-03    5.197e-03    2.441e-02    3.125e-02   0.6859     ok
suf.s5.l6.out                   1.382e-03    1.671e-03    1.000e+00    1.000e+00   0.5493     ok
suf.s5.l7.norm1                 1.799e-03    3.001e-03    2.344e-02    3.125e-02   0.9107     ok
suf.s5.l7.norm2                 1.129e-02    1.160e-02    1.016e-01    1.016e-01   0.6924     ok
suf.s5.l7.out                   1.599e-03    1.717e-03    1.000e+00    1.000e+00   0.5700     ok
suf.s5.l8.norm1                 1.701e-03    2.824e-03    2.344e-02    2.344e-02   0.9234     ok
suf.s5.l8.norm2                 3.883e-03    4.740e-03    2.344e-02    2.344e-02   0.6961     ok
suf.s5.l8.out                   1.399e-03    1.632e-03    1.000e+00    2.000e+00   0.6020     ok
suf.s5.l9.norm1                 2.006e-03    3.022e-03    3.711e-02    3.711e-02   0.9129     ok
suf.s5.l9.norm2                 4.439e-03    5.051e-03    2.148e-02    2.148e-02   0.6556     ok
suf.s5.l9.out                   2.297e-03    2.320e-03    2.000e+00    2.000e+00   0.5499     ok
suf.s5.l10.norm1                1.136e-03    2.679e-03    1.562e-02    1.562e-02   0.9333     ok
suf.s5.l10.norm2                3.666e-03    4.510e-03    4.088e-02    4.088e-02   0.7133     ok
suf.s5.l10.out                  2.032e-03    2.056e-03    2.000e+00    2.000e+00   0.5772     ok
suf.s5.l11.norm1                1.402e-03    2.936e-03    3.125e-02    3.125e-02   0.9109     ok
suf.s5.l11.norm2                3.133e-03    4.419e-03    2.466e-02    3.125e-02   0.7264     ok
suf.s5.l11.out                  1.287e-03    1.377e-03    2.500e-01    2.500e-01   0.6389     ok
suf.s5.l12.norm1                1.991e-03    3.134e-03    3.906e-02    3.906e-02   0.8994     ok
suf.s5.l12.norm2                4.510e-03    5.147e-03    3.125e-02    3.125e-02   0.6197     ok
suf.s5.l12.out                  2.243e-03    2.306e-03    2.000e+00    2.000e+00   0.5760     ok
suf.s5.l13.norm1                1.207e-03    2.857e-03    1.953e-02    1.953e-02   0.9351     ok
suf.s5.l13.norm2                3.562e-03    4.490e-03    4.688e-02    3.906e-02   0.6985     ok
suf.s5.l13.out                  2.196e-03    2.190e-03    2.000e+00    2.000e+00   0.5852     ok
suf.s5.l14.norm1                1.398e-03    2.892e-03    1.758e-02    1.758e-02   0.9161     ok
suf.s5.l14.norm2                4.259e-03    4.983e-03    3.125e-02    3.906e-02   0.6559     ok
suf.s5.l14.out                  3.030e-03    3.149e-03    2.000e+00    2.000e+00   0.5418     ok
suf.s5.l15.norm1                1.847e-03    3.112e-03    3.125e-02    3.125e-02   0.9183     ok
suf.s5.l15.norm2                3.544e-03    4.377e-03    4.688e-02    3.906e-02   0.7029     ok
suf.s5.l15.out                  3.141e-03    3.348e-03    2.000e+00    2.000e+00   0.5828     ok
suf.s5.l16.norm1                1.502e-03    3.147e-03    3.906e-02    3.906e-02   0.9255     ok
suf.s5.l16.norm2                2.796e-03    3.794e-03    4.688e-02    3.125e-02   0.7017     ok
suf.s5.l16.out                  3.077e-03    3.202e-03    3.000e+00    3.000e+00   0.6205     ok
suf.s5.l17.norm1                1.294e-03    2.696e-03    3.125e-02    3.125e-02   0.9398     ok
suf.s5.l17.norm2                3.328e-03    4.112e-03    6.250e-02    6.250e-02   0.6761     ok
suf.s5.l17.out                  3.147e-03    3.503e-03    4.000e+00    8.000e+00   0.5847     ok
suf.s5.final                    8.575e-03    9.016e-03    1.406e-01    1.406e-01   0.9262     ok
suf.s5.v                        1.494e-03    1.777e-06    3.125e-02    6.104e-05   0.7910   FAIL
suf.s5.x                        3.178e-04    3.892e-04    1.953e-03    1.053e-03   0.8135     ok
suf.s6.in                       1.496e-03    1.496e-03    1.562e-02    1.562e-02   0.8695     ok
suf.s6.l0.norm1                 6.908e-03    7.006e-03    3.320e-02    3.320e-02   0.8469     ok
suf.s6.l0.norm2                 5.081e-03    5.676e-03    1.875e-01    1.875e-01   0.5953     ok
suf.s6.l0.out                   4.821e-03    5.022e-03    1.000e+00    1.000e+00   0.7211     ok
suf.s6.l1.norm1                 1.963e-03    3.011e-03    2.344e-02    3.125e-02   0.8849     ok
suf.s6.l1.norm2                 3.807e-03    4.587e-03    4.297e-02    4.297e-02   0.8379     ok
suf.s6.l1.out                   3.068e-03    3.143e-03    1.000e+00    1.000e+00   0.6827     ok
suf.s6.l2.norm1                 3.967e-03    4.380e-03    5.078e-02    5.078e-02   0.8867     ok
suf.s6.l2.norm2                 3.484e-03    4.479e-03    6.250e-02    6.250e-02   0.7474     ok
suf.s6.l2.out                   1.935e-03    2.139e-03    1.000e+00    1.000e+00   0.6283     ok
suf.s6.l3.norm1                 2.328e-03    3.792e-03    2.588e-02    3.125e-02   0.8778     ok
suf.s6.l3.norm2                 5.534e-03    6.292e-03    5.908e-02    5.908e-02   0.7329     ok
suf.s6.l3.out                   1.465e-03    1.675e-03    1.000e+00    1.000e+00   0.6011     ok
suf.s6.l4.norm1                 3.528e-03    3.888e-03    3.516e-02    3.516e-02   0.8769     ok
suf.s6.l4.norm2                 5.934e-03    6.461e-03    5.859e-02    5.859e-02   0.6899     ok
suf.s6.l4.out                   1.628e-03    1.551e-03    1.000e+00    1.000e+00   0.5797     ok
suf.s6.l5.norm1                 1.938e-03    2.828e-03    3.125e-02    3.125e-02   0.9057     ok
suf.s6.l5.norm2                 4.187e-03    4.988e-03    3.906e-02    3.906e-02   0.7021     ok
suf.s6.l5.out                   1.571e-03    1.724e-03    1.000e+00    1.000e+00   0.5633     ok
suf.s6.l6.norm1                 1.971e-03    2.833e-03    2.734e-02    2.734e-02   0.8848     ok
suf.s6.l6.norm2                 3.906e-03    4.811e-03    2.539e-02    2.734e-02   0.7009     ok
suf.s6.l6.out                   1.476e-03    1.553e-03    1.000e+00    1.000e+00   0.5498     ok
suf.s6.l7.norm1                 1.499e-03    2.747e-03    1.855e-02    3.125e-02   0.8969     ok
suf.s6.l7.norm2                 5.067e-03    5.672e-03    5.078e-02    5.078e-02   0.7024     ok
suf.s6.l7.out                   1.563e-03    1.620e-03    1.000e+00    1.000e+00   0.5907     ok
suf.s6.l8.norm1                 7.803e-03    8.120e-03    1.094e-01    1.094e-01   0.9156     ok
suf.s6.l8.norm2                 4.126e-03    4.861e-03    2.930e-02    2.930e-02   0.6379     ok
suf.s6.l8.out                   1.904e-03    1.980e-03    2.000e+00    2.000e+00   0.5565     ok
suf.s6.l9.norm1                 1.703e-03    2.766e-03    1.953e-02    1.953e-02   0.8964     ok
suf.s6.l9.norm2                 4.286e-03    4.896e-03    2.734e-02    3.125e-02   0.6478     ok
suf.s6.l9.out                   1.932e-03    1.705e-03    2.000e+00    2.000e+00   0.5413     ok
suf.s6.l10.norm1                1.233e-03    2.742e-03    1.562e-02    3.125e-02   0.9309     ok
suf.s6.l10.norm2                3.565e-03    4.479e-03    3.125e-02    3.906e-02   0.7221     ok
suf.s6.l10.out                  1.726e-03    1.788e-03    2.000e+00    2.000e+00   0.5715     ok
suf.s6.l11.norm1                7.804e-04    2.702e-03    7.812e-03    3.125e-02   0.9227     ok
suf.s6.l11.norm2                3.094e-03    4.321e-03    3.125e-02    3.125e-02   0.7208     ok
suf.s6.l11.out                  1.456e-03    1.774e-03    2.000e+00    2.000e+00   0.6327     ok
suf.s6.l12.norm1                3.458e-03    4.306e-03    5.078e-02    5.078e-02   0.9032     ok
suf.s6.l12.norm2                4.324e-03    4.918e-03    4.688e-02    4.688e-02   0.6438     ok
suf.s6.l12.out                  2.384e-03    2.450e-03    2.000e+00    2.000e+00   0.5780     ok
suf.s6.l13.norm1                1.210e-03    2.795e-03    1.562e-02    1.562e-02   0.9210     ok
suf.s6.l13.norm2                3.543e-03    4.541e-03    3.125e-02    3.125e-02   0.7085     ok
suf.s6.l13.out                  2.171e-03    2.291e-03    2.000e+00    2.000e+00   0.5887     ok
suf.s6.l14.norm1                1.732e-03    3.081e-03    2.441e-02    2.441e-02   0.9042     ok
suf.s6.l14.norm2                4.426e-03    5.065e-03    3.125e-02    3.125e-02   0.6316     ok
suf.s6.l14.out                  3.016e-03    3.198e-03    2.000e+00    2.000e+00   0.5437     ok
suf.s6.l15.norm1                1.583e-03    2.902e-03    3.125e-02    3.125e-02   0.9132     ok
suf.s6.l15.norm2                3.374e-03    4.255e-03    3.125e-02    3.125e-02   0.6935     ok
suf.s6.l15.out                  3.119e-03    3.275e-03    2.000e+00    2.000e+00   0.5787     ok
suf.s6.l16.norm1                1.298e-03    2.890e-03    3.125e-02    3.125e-02   0.9226     ok
suf.s6.l16.norm2                3.043e-03    3.776e-03    6.250e-02    3.125e-02   0.6898     ok
suf.s6.l16.out                  2.938e-03    3.142e-03    2.000e+00    2.000e+00   0.6281     ok
suf.s6.l17.norm1                1.300e-03    2.823e-03    3.125e-02    3.125e-02   0.9333     ok
suf.s6.l17.norm2                3.209e-03    4.198e-03    6.250e-02    6.250e-02   0.6770     ok
suf.s6.l17.out                  3.448e-03    3.478e-03    4.000e+00    4.000e+00   0.5801     ok
suf.s6.final                    1.385e-03    3.142e-03    3.125e-02    3.125e-02   0.9217     ok
suf.s6.v                        1.386e-03    0.000e+00    1.562e-02    0.000e+00   0.7949   FAIL
suf.s6.x                        3.514e-04    4.500e-04    1.953e-03    1.831e-03   0.8115     ok
suf.s7.in                       1.515e-03    1.515e-03    1.562e-02    1.562e-02   0.8707     ok
suf.s7.l0.norm1                 7.832e-03    8.138e-03    3.906e-02    3.906e-02   0.8264     ok
suf.s7.l0.norm2                 4.970e-03    5.616e-03    1.250e-01    1.250e-01   0.5313     ok
suf.s7.l0.out                   4.586e-03    5.237e-03    7.500e-01    1.000e+00   0.7045     ok
suf.s7.l1.norm1                 3.273e-03    3.548e-03    3.125e-02    3.125e-02   0.8784     ok
suf.s7.l1.norm2                 2.786e-03    3.887e-03    3.125e-02    3.125e-02   0.8115     ok
suf.s7.l1.out                   3.101e-03    3.137e-03    1.000e+00    1.000e+00   0.6749     ok
suf.s7.l2.norm1                 4.485e-03    4.825e-03    5.859e-02    5.859e-02   0.8769     ok
suf.s7.l2.norm2                 9.357e-03    9.379e-03    1.094e-01    1.094e-01   0.7182     ok
suf.s7.l2.out                   2.736e-03    2.722e-03    1.000e+00    1.000e+00   0.5417     ok
suf.s7.l3.norm1                 9.350e-03    9.637e-03    1.094e-01    1.094e-01   0.8594     ok
suf.s7.l3.norm2                 5.106e-03    5.844e-03    4.297e-02    4.492e-02   0.6653     ok
suf.s7.l3.out                   1.883e-03    1.715e-03    1.000e+00    1.000e+00   0.5560     ok
suf.s7.l4.norm1                 8.832e-03    8.990e-03    1.250e-01    1.250e-01   0.8664     ok
suf.s7.l4.norm2                 1.100e-02    1.125e-02    1.094e-01    1.094e-01   0.5982     ok
suf.s7.l4.out                   2.169e-03    2.101e-03    1.000e+00    1.000e+00   0.4682     ok
suf.s7.l5.norm1                 2.857e-03    3.449e-03    6.250e-02    6.250e-02   0.8797     ok
suf.s7.l5.norm2                 3.869e-03    4.934e-03    3.125e-02    4.297e-02   0.7183     ok
suf.s7.l5.out                   1.914e-03    2.088e-03    1.000e+00    1.000e+00   0.5374     ok
suf.s7.l6.norm1                 2.306e-03    3.197e-03    2.344e-02    2.344e-02   0.8911     ok
suf.s7.l6.norm2                 4.424e-03    5.238e-03    2.734e-02    2.734e-02   0.6841     ok
suf.s7.l6.out                   1.546e-03    1.579e-03    1.000e+00    1.000e+00   0.5394     ok
suf.s7.l7.norm1                 2.057e-03    2.860e-03    2.344e-02    2.344e-02   0.9004     ok
suf.s7.l7.norm2                 4.346e-03    5.076e-03    3.125e-02    3.125e-02   0.6649     ok
suf.s7.l7.out                   1.793e-03    2.192e-03    1.000e+00    2.000e+00   0.5703     ok
suf.s7.l8.norm1                 1.923e-03    2.789e-03    1.562e-02    1.562e-02   0.8957     ok
suf.s7.l8.norm2                 3.612e-03    4.422e-03    2.734e-02    3.125e-02   0.6988     ok
suf.s7.l8.out                   1.493e-03    1.524e-03    1.000e+00    1.000e+00   0.6027     ok
suf.s7.l9.norm1                 1.689e-03    3.202e-03    2.344e-02    3.125e-02   0.9023     ok
suf.s7.l9.norm2                 4.171e-03    4.977e-03    3.125e-02    3.125e-02   0.6473     ok
suf.s7.l9.out                   2.234e-03    2.279e-03    2.000e+00    2.000e+00   0.5325     ok
suf.s7.l10.norm1                1.391e-03    2.734e-03    2.344e-02    3.125e-02   0.9119     ok
suf.s7.l10.norm2                3.318e-03    4.397e-03    2.344e-02    3.125e-02   0.7067     ok
suf.s7.l10.out                  2.023e-03    2.358e-03    2.000e+00    2.000e+00   0.5559     ok
suf.s7.l11.norm1                1.666e-03    2.836e-03    3.125e-02    3.125e-02   0.8919     ok
suf.s7.l11.norm2                3.021e-03    4.313e-03    3.125e-02    3.125e-02   0.7219     ok
suf.s7.l11.out                  1.602e-03    1.684e-03    2.000e+00    2.000e+00   0.6200     ok
suf.s7.l12.norm1                1.979e-03    3.184e-03    3.125e-02    3.125e-02   0.8809     ok
suf.s7.l12.norm2                4.424e-03    5.243e-03    3.125e-02    3.125e-02   0.6460     ok
suf.s7.l12.out                  2.219e-03    2.171e-03    2.000e+00    2.000e+00   0.5901     ok
suf.s7.l13.norm1                1.434e-03    2.915e-03    1.562e-02    1.562e-02   0.9093     ok
suf.s7.l13.norm2                3.467e-03    4.495e-03    3.125e-02    3.125e-02   0.6944     ok
suf.s7.l13.out                  2.260e-03    2.267e-03    2.000e+00    5.000e-01   0.5864     ok
suf.s7.l14.norm1                1.547e-03    3.055e-03    2.148e-02    2.148e-02   0.8969     ok
suf.s7.l14.norm2                4.199e-03    4.920e-03    3.125e-02    4.688e-02   0.6375     ok
suf.s7.l14.out                  3.156e-03    3.270e-03    2.000e+00    2.000e+00   0.5526     ok
suf.s7.l15.norm1                1.403e-03    2.885e-03    3.125e-02    3.125e-02   0.9032     ok
suf.s7.l15.norm2                3.305e-03    4.290e-03    3.125e-02    3.125e-02   0.7030     ok
suf.s7.l15.out                  2.946e-03    3.138e-03    2.000e+00    2.000e+00   0.5899     ok
suf.s7.l16.norm1                1.519e-03    2.966e-03    3.125e-02    3.125e-02   0.9106     ok
suf.s7.l16.norm2                2.712e-03    3.818e-03    6.250e-02    4.688e-02   0.7456     ok
suf.s7.l16.out                  2.775e-03    2.970e-03    3.000e+00    3.000e+00   0.6339     ok
suf.s7.l17.norm1                1.242e-03    2.687e-03    3.125e-02    3.125e-02   0.9212     ok
suf.s7.l17.norm2                3.059e-03    4.322e-03    6.250e-02    6.250e-02   0.6768     ok
suf.s7.l17.out                  3.318e-03    3.221e-03    4.000e+00    4.000e+00   0.5852     ok
suf.s7.final                    1.165e-03    2.905e-03    1.562e-02    3.125e-02   0.9309     ok
suf.s7.v                        1.278e-03    2.207e-04    1.562e-02    7.812e-03   0.7988   FAIL
suf.s7.x                        3.904e-04    4.848e-04    1.953e-03    1.358e-03   0.8213     ok
suf.s8.in                       1.522e-03    1.522e-03    3.125e-02    3.125e-02   0.8661     ok
suf.s8.l0.norm1                 6.494e-03    6.570e-03    2.393e-02    2.344e-02   0.8134     ok
suf.s8.l0.norm2                 5.019e-03    6.269e-03    1.250e-01    1.875e-01   0.5317     ok
suf.s8.l0.out                   5.247e-03    6.233e-03    7.500e-01    1.000e+00   0.7107     ok
suf.s8.l1.norm1                 3.671e-03    4.028e-03    2.930e-02    2.930e-02   0.8640     ok
suf.s8.l1.norm2                 3.792e-03    4.484e-03    4.199e-02    4.297e-02   0.7596     ok
suf.s8.l1.out                   3.229e-03    3.310e-03    1.000e+00    1.000e+00   0.6600     ok
suf.s8.l2.norm1                 2.658e-03    3.182e-03    2.344e-02    3.125e-02   0.8589     ok
suf.s8.l2.norm2                 9.805e-03    1.042e-02    9.375e-02    1.094e-01   0.6831     ok
suf.s8.l2.out                   3.056e-03    3.231e-03    1.000e+00    1.000e+00   0.5414     ok
suf.s8.l3.norm1                 3.691e-03    4.373e-03    3.906e-02    3.906e-02   0.8461     ok
suf.s8.l3.norm2                 5.582e-03    6.194e-03    5.664e-02    5.664e-02   0.6648     ok
suf.s8.l3.out                   1.982e-03    1.887e-03    1.000e+00    1.000e+00   0.5640     ok
suf.s8.l4.norm1                 3.653e-03    4.092e-03    3.906e-02    3.906e-02   0.8377     ok
suf.s8.l4.norm2                 6.566e-03    7.133e-03    5.664e-02    5.664e-02   0.6506     ok
suf.s8.l4.out                   1.814e-03    2.030e-03    1.000e+00    2.000e+00   0.5476     ok
suf.s8.l5.norm1                 1.899e-03    2.844e-03    2.344e-02    2.344e-02   0.8745     ok
suf.s8.l5.norm2                 4.263e-03    4.946e-03    4.688e-02    4.688e-02   0.7059     ok
suf.s8.l5.out                   2.350e-03    2.651e-03    1.000e+00    1.000e+00   0.5106     ok
suf.s8.l6.norm1                 2.328e-03    3.142e-03    2.734e-02    2.734e-02   0.8747     ok
suf.s8.l6.norm2                 4.103e-03    4.870e-03    2.734e-02    2.734e-02   0.6856     ok
suf.s8.l6.out                   1.890e-03    1.941e-03    1.000e+00    1.000e+00   0.5338     ok
suf.s8.l7.norm1                 2.002e-03    2.938e-03    2.344e-02    3.125e-02   0.8820     ok
suf.s8.l7.norm2                 4.007e-03    4.713e-03    4.688e-02    4.688e-02   0.6594     ok
suf.s8.l7.out                   1.832e-03    1.861e-03    1.000e+00    1.000e+00   0.5424     ok
suf.s8.l8.norm1                 1.636e-03    2.698e-03    1.562e-02    3.125e-02   0.8881     ok
suf.s8.l8.norm2                 3.663e-03    4.539e-03    3.125e-02    1.953e-02   0.7187     ok
suf.s8.l8.out                   2.031e-03    2.049e-03    2.000e+00    2.000e+00   0.5977     ok
suf.s8.l9.norm1                 1.287e-03    2.708e-03    1.562e-02    1.562e-02   0.8951     ok
suf.s8.l9.norm2                 4.141e-03    4.912e-03    2.344e-02    2.344e-02   0.6584     ok
suf.s8.l9.out                   2.282e-03    2.416e-03    2.000e+00    2.000e+00   0.5212     ok
suf.s8.l10.norm1                1.569e-03    2.915e-03    3.125e-02    3.125e-02   0.9096     ok
suf.s8.l10.norm2                3.639e-03    4.524e-03    1.953e-02    2.344e-02   0.6919     ok
suf.s8.l10.out                  2.309e-03    2.436e-03    2.000e+00    2.000e+00   0.5311     ok
suf.s8.l11.norm1                1.160e-03    2.811e-03    1.562e-02    3.125e-02   0.8891     ok
suf.s8.l11.norm2                3.026e-03    4.402e-03    3.125e-02    3.125e-02   0.7085     ok
suf.s8.l11.out                  1.668e-03    1.753e-03    2.500e-01    2.500e-01   0.6182     ok
suf.s8.l12.norm1                1.778e-03    2.998e-03    1.562e-02    3.125e-02   0.8774     ok
suf.s8.l12.norm2                1.510e-02    1.542e-02    2.109e-01    2.109e-01   0.6805     ok
suf.s8.l12.out                  2.633e-03    2.514e-03    2.000e+00    2.000e+00   0.5380     ok
suf.s8.l13.norm1                1.488e-03    3.011e-03    1.562e-02    1.562e-02   0.8963     ok
suf.s8.l13.norm2                3.506e-03    4.315e-03    3.125e-02    3.125e-02   0.6908     ok
suf.s8.l13.out                  2.235e-03    2.366e-03    2.000e+00    2.000e+00   0.5906     ok
suf.s8.l14.norm1                1.633e-03    2.999e-03    1.562e-02    3.125e-02   0.8824     ok
suf.s8.l14.norm2                4.230e-03    4.896e-03    3.906e-02    3.125e-02   0.6553     ok
suf.s8.l14.out                  3.045e-03    3.186e-03    2.000e+00    2.000e+00   0.5634     ok
suf.s8.l15.norm1                1.746e-03    3.071e-03    3.125e-02    3.125e-02   0.8852     ok
suf.s8.l15.norm2                3.365e-03    4.328e-03    3.125e-02    2.344e-02   0.6895     ok
suf.s8.l15.out                  2.987e-03    3.139e-03    2.000e+00    2.000e+00   0.5936     ok
suf.s8.l16.norm1                1.696e-03    2.971e-03    3.125e-02    3.125e-02   0.9045     ok
suf.s8.l16.norm2                2.881e-03    3.751e-03    7.812e-02    6.250e-02   0.7119     ok
suf.s8.l16.out                  3.236e-03    3.377e-03    2.000e+00    2.000e+00   0.6327     ok
suf.s8.l17.norm1                1.514e-03    2.809e-03    3.125e-02    3.125e-02   0.8939     ok
suf.s8.l17.norm2                3.152e-03    3.963e-03    6.250e-02    6.250e-02   0.6738     ok
suf.s8.l17.out                  3.343e-03    3.415e-03    4.000e+00    4.000e+00   0.5878     ok
suf.s8.final                    1.720e-03    2.820e-03    3.125e-02    3.125e-02   0.9250     ok
suf.s8.v                        1.580e-03    0.000e+00    1.562e-02    0.000e+00   0.7412   FAIL
suf.s8.x                        5.060e-04    5.076e-04    1.953e-03    1.831e-03   0.7686     ok
suf.s9.in                       1.543e-03    1.543e-03    3.125e-02    3.125e-02   0.8764     ok
suf.s9.l0.norm1                 9.124e-03    9.181e-03    2.539e-02    2.539e-02   0.7944     ok
suf.s9.l0.norm2                 5.350e-03    5.882e-03    1.250e-01    1.250e-01   0.5273     ok
suf.s9.l0.out                   5.537e-03    5.917e-03    7.500e-01    5.000e-01   0.7069     ok
suf.s9.l1.norm1                 3.517e-03    3.989e-03    2.344e-02    2.344e-02   0.8555     ok
suf.s9.l1.norm2                 3.529e-03    4.476e-03    3.125e-02    3.125e-02   0.7250     ok
suf.s9.l1.out                   3.859e-03    3.910e-03    1.000e+00    1.000e+00   0.6565     ok
suf.s9.l2.norm1                 5.824e-03    6.121e-03    3.125e-02    3.125e-02   0.8331     ok
suf.s9.l2.norm2                 5.256e-03    5.601e-03    6.250e-02    6.250e-02   0.6407     ok
suf.s9.l2.out                   3.158e-03    3.204e-03    1.000e+00    1.000e+00   0.5530     ok
suf.s9.l3.norm1                 3.702e-03    4.296e-03    3.125e-02    3.125e-02   0.8195     ok
suf.s9.l3.norm2                 5.319e-03    5.879e-03    3.516e-02    3.516e-02   0.6371     ok
suf.s9.l3.out                   1.946e-03    2.015e-03    1.000e+00    1.000e+00   0.5419     ok
suf.s9.l4.norm1                 3.539e-03    4.047e-03    3.125e-02    3.125e-02   0.8090     ok
suf.s9.l4.norm2                 5.579e-03    6.141e-03    5.127e-02    5.127e-02   0.6290     ok
suf.s9.l4.out                   2.176e-03    2.044e-03    1.000e+00    1.000e+00   0.5623     ok
suf.s9.l5.norm1                 2.649e-03    3.351e-03    3.125e-02    3.125e-02   0.8647     ok
suf.s9.l5.norm2                 5.093e-03    5.628e-03    4.688e-02    5.078e-02   0.6835     ok
suf.s9.l5.out                   2.869e-03    2.981e-03    1.000e+00    1.000e+00   0.4816     ok
suf.s9.l6.norm1                 2.512e-03    3.206e-03    3.125e-02    3.125e-02   0.8691     ok
suf.s9.l6.norm2                 4.586e-03    5.033e-03    3.333e-02    3.320e-02   0.6330     ok
suf.s9.l6.out                   2.041e-03    2.159e-03    1.000e+00    1.000e+00   0.5013     ok
suf.s9.l7.norm1                 1.883e-03    2.845e-03    3.125e-02    3.125e-02   0.8777     ok
suf.s9.l7.norm2                 4.253e-03    4.898e-03    3.198e-02    3.125e-02   0.6336     ok
suf.s9.l7.out                   2.394e-03    2.363e-03    1.000e+00    1.000e+00   0.5059     ok
suf.s9.l8.norm1                 2.024e-03    2.893e-03    3.125e-02    3.125e-02   0.8709     ok
suf.s9.l8.norm2                 3.567e-03    4.274e-03    1.758e-02    1.562e-02   0.6857     ok
suf.s9.l8.out                   1.569e-03    1.847e-03    1.000e+00    1.000e+00   0.5831     ok
suf.s9.l9.norm1                 1.293e-02    1.318e-02    2.188e-01    2.188e-01   0.8769     ok
suf.s9.l9.norm2                 5.379e-03    5.636e-03    3.125e-02    3.125e-02   0.5452     ok
suf.s9.l9.out                   2.672e-03    2.763e-03    2.000e+00    2.000e+00   0.4361     ok
suf.s9.l10.norm1                1.716e-03    2.967e-03    1.562e-02    3.125e-02   0.8799     ok
suf.s9.l10.norm2                3.941e-03    4.661e-03    2.344e-02    3.125e-02   0.6532     ok
suf.s9.l10.out                  2.487e-03    2.625e-03    1.000e+00    1.000e+00   0.5115     ok
suf.s9.l11.norm1                1.220e-02    1.241e-02    2.188e-01    2.188e-01   0.8683     ok
suf.s9.l11.norm2                4.196e-03    4.750e-03    2.344e-02    2.344e-02   0.5434     ok
suf.s9.l11.out                  2.155e-03    2.405e-03    1.000e+00    2.000e+00   0.4924     ok
suf.s9.l12.norm1                1.344e-02    1.371e-02    2.188e-01    2.188e-01   0.8659     ok
suf.s9.l12.norm2                4.836e-03    5.241e-03    2.344e-02    3.125e-02   0.5711     ok
suf.s9.l12.out                  2.241e-03    2.264e-03    2.000e+00    2.000e+00   0.5471     ok
suf.s9.l13.norm1                1.782e-03    3.000e-03    3.125e-02    3.125e-02   0.8703     ok
suf.s9.l13.norm2                3.601e-03    4.669e-03    4.688e-02    4.688e-02   0.6928     ok
suf.s9.l13.out                  2.200e-03    2.348e-03    2.000e+00    2.000e+00   0.5845     ok
suf.s9.l14.norm1                1.665e-03    2.954e-03    1.562e-02    3.125e-02   0.8766     ok
suf.s9.l14.norm2                3.606e-03    4.531e-03    2.344e-02    3.125e-02   0.6784     ok
suf.s9.l14.out                  2.533e-03    2.840e-03    3.750e-01    2.000e+00   0.5829     ok
suf.s9.l15.norm1                1.726e-03    2.973e-03    3.125e-02    3.125e-02   0.8773     ok
suf.s9.l15.norm2                3.496e-03    4.358e-03    3.125e-02    3.125e-02   0.6810     ok
suf.s9.l15.out                  2.831e-03    3.071e-03    2.000e+00    2.000e+00   0.5994     ok
suf.s9.l16.norm1                1.613e-03    2.956e-03    3.125e-02    3.125e-02   0.8800     ok
suf.s9.l16.norm2                4.581e-03    5.400e-03    1.094e-01    9.375e-02   0.7624     ok
suf.s9.l16.out                  2.728e-03    2.894e-03    2.000e+00    2.000e+00   0.6175     ok
suf.s9.l17.norm1                1.745e-03    2.858e-03    3.125e-02    3.125e-02   0.8647     ok
suf.s9.l17.norm2                3.377e-03    4.247e-03    6.250e-02    6.250e-02   0.6393     ok
suf.s9.l17.out                  2.670e-03    2.715e-03    2.000e+00    2.000e+00   0.5999     ok
suf.s9.final                    1.881e-03    3.053e-03    3.125e-02    3.125e-02   0.8947     ok
suf.s9.v                        1.595e-03    1.943e-04    1.562e-02    7.812e-03   0.7305   FAIL
suf.s9.x                        4.355e-04    4.503e-04    1.953e-03    1.328e-03   0.7559     ok

final max|diff| raw 1.191e-01 (floor 0.000e+00)   robot units 9.947e-03 (floor 0.000e+00)
graph forward: median 78.65 ms, min 78.31 ms (T=876)
eager stages: siglip 11.79 ms | prefix 48.36 ms | 1 denoise step 1.91 ms | other 9 steps 17.16 ms
device memory used by process (approx): 5.66 GiB

FAIL: 11 failing points
=== done 02:15:46
[gpu_lock] 풀음
