
=== TERMS OF SERVICE AND LICENSING AGREEMENTS ===

Creating conda environment 'behavior'...
✓ Conda TOS auto-acceptance enabled
By accessing https://repo.anaconda.com/pkgs/main with auto acceptance enabled 
(auto_accept_tos=True) for this repository you acknowledge and agree to the 
Terms of Service:
ANACONDA TERMS OF SERVICE
Effective Date: July 15, 2025

See https://anaconda.com/legal/terms/terms-of-service
By accessing https://repo.anaconda.com/pkgs/r with auto acceptance enabled 
(auto_accept_tos=True) for this repository you acknowledge and agree to the 
Terms of Service:
ANACONDA TERMS OF SERVICE
Effective Date: July 15, 2025

See https://anaconda.com/legal/terms/terms-of-service
2 channel Terms of Service accepted
Retrieving notices: ...working... done
Channels:
 - conda-forge
 - defaults
Platform: linux-64
Collecting package metadata (repodata.json): ...working... done
Solving environment: ...working... done

## Package Plan ##

  environment location: /home/juyoung/miniconda3/envs/behavior

  added / updated specs:
    - pip
    - python=3.11
    - setuptools[version='>=71,<81']
    - wheel


The following packages will be downloaded:

    package                    |            build
    ---------------------------|-----------------
    _openmp_mutex-4.5          |           20_gnu          28 KB  conda-forge
    bzip2-1.0.8                |      hda65f42_10         252 KB  conda-forge
    ca-certificates-2026.7.22  |       hbd8a1cb_0         129 KB  conda-forge
    icu-78.3                   |  py310h44b86e0_2        13.8 MB  conda-forge
    ld_impl_linux-64-2.46.1    |default_hbd61a6d_102         728 KB  conda-forge
    libexpat-2.8.5             |       hd2095e1_0          76 KB  conda-forge
    libffi-3.7.0               |       h81df57d_1          66 KB  conda-forge
    libgcc-16.2.0              |       ha9f2e26_7         1.0 MB  conda-forge
    libgomp-16.2.0             |       he0feb66_7         626 KB  conda-forge
    liblzma-5.8.3              |       hb03c661_1         110 KB  conda-forge
    libnsl-2.0.1               |       hb9d3cd8_1          33 KB  conda-forge
    libpython-3.11.16          |h0c77377_2_cpython         7.5 MB  conda-forge
    libsqlite-3.53.4           |       h13e7031_1         952 KB  conda-forge
    libstdcxx-16.2.0           |       h934c35e_7         6.3 MB  conda-forge
    libuuid-2.42.4             |       hcfc3c73_0          34 KB  conda-forge
    libxcrypt-4.4.38           |       h280c20c_0         100 KB  conda-forge
    libzlib-1.3.2              |       h25fd6f3_3          62 KB  conda-forge
    ncurses-6.6                |       hdb14827_1         890 KB  conda-forge
    openssl-3.6.4              |       h781a0a9_0         3.1 MB  conda-forge
    packaging-26.3             |     pyhc364b38_0         114 KB  conda-forge
    pip-26.2.1                 |     pyh8b19718_0         1.1 MB  conda-forge
    python-3.11.16             |h5f976f7_2_cpython        22.1 MB  conda-forge
    readline-8.3               |       hd6e31c0_1         341 KB  conda-forge
    setuptools-80.10.2         |     pyh332efcf_0         663 KB  conda-forge
    tk-8.6.13                  | noxft_h1df4ec4_4         3.4 MB  conda-forge
    tzdata-2026c               |       h151e31d_0         116 KB  conda-forge
    wheel-0.48.0               |     pyhd8ed1ab_0          34 KB  conda-forge
    zstd-1.5.7                 |       hb78ec9c_7         587 KB  conda-forge
    ------------------------------------------------------------
                                           Total:        64.1 MB

The following NEW packages will be INSTALLED:

  _openmp_mutex      conda-forge/linux-64::_openmp_mutex-4.5-20_gnu 
  bzip2              conda-forge/linux-64::bzip2-1.0.8-hda65f42_10 
  ca-certificates    conda-forge/noarch::ca-certificates-2026.7.22-hbd8a1cb_0 
  icu                conda-forge/linux-64::icu-78.3-py310h44b86e0_2 
  ld_impl_linux-64   conda-forge/linux-64::ld_impl_linux-64-2.46.1-default_hbd61a6d_102 
  libexpat           conda-forge/linux-64::libexpat-2.8.5-hd2095e1_0 
  libffi             conda-forge/linux-64::libffi-3.7.0-h81df57d_1 
  libgcc             conda-forge/linux-64::libgcc-16.2.0-ha9f2e26_7 
  libgomp            conda-forge/linux-64::libgomp-16.2.0-he0feb66_7 
  liblzma            conda-forge/linux-64::liblzma-5.8.3-hb03c661_1 
  libnsl             conda-forge/linux-64::libnsl-2.0.1-hb9d3cd8_1 
  libpython          conda-forge/linux-64::libpython-3.11.16-h0c77377_2_cpython 
  libsqlite          conda-forge/linux-64::libsqlite-3.53.4-h13e7031_1 
  libstdcxx          conda-forge/linux-64::libstdcxx-16.2.0-h934c35e_7 
  libuuid            conda-forge/linux-64::libuuid-2.42.4-hcfc3c73_0 
  libxcrypt          conda-forge/linux-64::libxcrypt-4.4.38-h280c20c_0 
  libzlib            conda-forge/linux-64::libzlib-1.3.2-h25fd6f3_3 
  ncurses            conda-forge/linux-64::ncurses-6.6-hdb14827_1 
  openssl            conda-forge/linux-64::openssl-3.6.4-h781a0a9_0 
  packaging          conda-forge/noarch::packaging-26.3-pyhc364b38_0 
  pip                conda-forge/noarch::pip-26.2.1-pyh8b19718_0 
  python             conda-forge/linux-64::python-3.11.16-h5f976f7_2_cpython 
  readline           conda-forge/linux-64::readline-8.3-hd6e31c0_1 
  setuptools         conda-forge/noarch::setuptools-80.10.2-pyh332efcf_0 
  tk                 conda-forge/linux-64::tk-8.6.13-noxft_h1df4ec4_4 
  tzdata             conda-forge/noarch::tzdata-2026c-h151e31d_0 
  wheel              conda-forge/noarch::wheel-0.48.0-pyhd8ed1ab_0 
  zstd               conda-forge/linux-64::zstd-1.5.7-hb78ec9c_7 



Downloading and Extracting Packages: ...working... done
Preparing transaction: ...working... done
Verifying transaction: ...working... done
Executing transaction: ...working... done
WARNING conda.conda_pypi.main:notify_externally_managed_future(156): 
  Did you know? You can install many PyPI packages with conda
  using the conda-pypi beta. Get started:
    https://docs.conda.io/projects/conda/en/stable/new-features.html

#
# To activate this environment, use
#
#     $ conda activate behavior
#
# To deactivate an active environment, use
#
#     $ conda deactivate


Channel "defaults" has the following notices:
  [info] -- Thu Aug  6 00:00:00 2026
  main-x (Anaconda's new authenticated channel) is now generally available, with thousands of additional packages from our secure supply chain. Get started at: https://anaconda.com/docs/getting-started/main-x?utm_source=channel_notices

Installing PyTorch with CUDA 12.8 support...
Looking in indexes: https://download.pytorch.org/whl/cu128
Collecting torch==2.7.0
  Downloading torch-2.7.0%2Bcu128-cp311-cp311-manylinux_2_28_x86_64.whl.metadata (29 kB)
Collecting torchvision==0.22.0
  Downloading torchvision-0.22.0%2Bcu128-cp311-cp311-manylinux_2_28_x86_64.whl.metadata (6.1 kB)
Collecting torchaudio==2.7.0
  Downloading torchaudio-2.7.0%2Bcu128-cp311-cp311-manylinux_2_28_x86_64.whl.metadata (6.6 kB)
Collecting torchcodec==0.5
  Downloading torchcodec-0.5%2Bcu128-cp311-cp311-manylinux_2_28_x86_64.whl.metadata (10 kB)
Collecting filelock (from torch==2.7.0)
  Downloading filelock-3.32.3-py3-none-any.whl.metadata (2.0 kB)
Collecting typing-extensions>=4.10.0 (from torch==2.7.0)
  Downloading typing_extensions-4.16.0-py3-none-any.whl.metadata (3.3 kB)
Collecting sympy>=1.13.3 (from torch==2.7.0)
  Downloading sympy-1.14.0-py3-none-any.whl.metadata (12 kB)
Collecting networkx (from torch==2.7.0)
  Downloading networkx-3.6.1-py3-none-any.whl.metadata (6.8 kB)
Collecting jinja2 (from torch==2.7.0)
  Downloading jinja2-3.1.6-py3-none-any.whl.metadata (2.9 kB)
Collecting fsspec (from torch==2.7.0)
  Downloading fsspec-2026.7.0-py3-none-any.whl.metadata (10 kB)
Collecting nvidia-cuda-nvrtc-cu12==12.8.61 (from torch==2.7.0)
  Downloading nvidia_cuda_nvrtc_cu12-12.8.61-py3-none-manylinux2010_x86_64.manylinux_2_12_x86_64.whl (88.0 MB)
     ━━━━━━━━━━━━━━━━━━━━━━━━━━━━━━━━━━━━━━━━ 88.0/88.0 MB 19.6 MB/s  0:00:05
Collecting nvidia-cuda-runtime-cu12==12.8.57 (from torch==2.7.0)
  Downloading nvidia_cuda_runtime_cu12-12.8.57-py3-none-manylinux2014_x86_64.manylinux_2_17_x86_64.whl (954 kB)
     ━━━━━━━━━━━━━━━━━━━━━━━━━━━━━━━━━━━━━━━━ 954.8/954.8 kB 58.4 MB/s  0:00:00
Collecting nvidia-cuda-cupti-cu12==12.8.57 (from torch==2.7.0)
  Downloading nvidia_cuda_cupti_cu12-12.8.57-py3-none-manylinux2014_x86_64.manylinux_2_17_x86_64.whl (10.2 MB)
     ━━━━━━━━━━━━━━━━━━━━━━━━━━━━━━━━━━━━━━━━ 10.2/10.2 MB 14.3 MB/s  0:00:00
Collecting nvidia-cudnn-cu12==9.7.1.26 (from torch==2.7.0)
  Downloading nvidia_cudnn_cu12-9.7.1.26-py3-none-manylinux_2_27_x86_64.whl (726.9 MB)
     ━━━━━━━━━━━━━━━━━━━━━━━━━━━━━━━━━━━━━━━━ 726.9/726.9 MB 20.1 MB/s  0:00:36
Collecting nvidia-cublas-cu12==12.8.3.14 (from torch==2.7.0)
  Downloading nvidia_cublas_cu12-12.8.3.14-py3-none-manylinux_2_27_x86_64.whl (609.6 MB)
     ━━━━━━━━━━━━━━━━━━━━━━━━━━━━━━━━━━━━━━━━ 609.6/609.6 MB 18.7 MB/s  0:00:31
Collecting nvidia-cufft-cu12==11.3.3.41 (from torch==2.7.0)
  Downloading nvidia_cufft_cu12-11.3.3.41-py3-none-manylinux2014_x86_64.manylinux_2_17_x86_64.whl (193.1 MB)
     ━━━━━━━━━━━━━━━━━━━━━━━━━━━━━━━━━━━━━━━━ 193.1/193.1 MB 19.5 MB/s  0:00:09
Collecting nvidia-curand-cu12==10.3.9.55 (from torch==2.7.0)
  Downloading nvidia_curand_cu12-10.3.9.55-py3-none-manylinux_2_27_x86_64.whl (63.6 MB)
     ━━━━━━━━━━━━━━━━━━━━━━━━━━━━━━━━━━━━━━━━ 63.6/63.6 MB 17.9 MB/s  0:00:03
Collecting nvidia-cusolver-cu12==11.7.2.55 (from torch==2.7.0)
  Downloading nvidia_cusolver_cu12-11.7.2.55-py3-none-manylinux_2_27_x86_64.whl (260.4 MB)
     ━━━━━━━━━━━━━━━━━━━━━━━━━━━━━━━━━━━━━━━━ 260.4/260.4 MB 20.3 MB/s  0:00:12
Collecting nvidia-cusparse-cu12==12.5.7.53 (from torch==2.7.0)
  Downloading nvidia_cusparse_cu12-12.5.7.53-py3-none-manylinux2014_x86_64.manylinux_2_17_x86_64.whl (292.1 MB)
     ━━━━━━━━━━━━━━━━━━━━━━━━━━━━━━━━━━━━━━━━ 292.1/292.1 MB 19.9 MB/s  0:00:14
Collecting nvidia-cusparselt-cu12==0.6.3 (from torch==2.7.0)
  Downloading nvidia_cusparselt_cu12-0.6.3-py3-none-manylinux2014_x86_64.whl (156.8 MB)
     ━━━━━━━━━━━━━━━━━━━━━━━━━━━━━━━━━━━━━━━━ 156.8/156.8 MB 19.7 MB/s  0:00:07
Collecting nvidia-nccl-cu12==2.26.2 (from torch==2.7.0)
  Downloading nvidia_nccl_cu12-2.26.2-py3-none-manylinux2014_x86_64.manylinux_2_17_x86_64.whl (201.3 MB)
     ━━━━━━━━━━━━━━━━━━━━━━━━━━━━━━━━━━━━━━━━ 201.3/201.3 MB 17.8 MB/s  0:00:11
Collecting nvidia-nvtx-cu12==12.8.55 (from torch==2.7.0)
  Downloading nvidia_nvtx_cu12-12.8.55-py3-none-manylinux2014_x86_64.manylinux_2_17_x86_64.whl (89 kB)
Collecting nvidia-nvjitlink-cu12==12.8.61 (from torch==2.7.0)
  Downloading nvidia_nvjitlink_cu12-12.8.61-py3-none-manylinux2010_x86_64.manylinux_2_12_x86_64.whl (39.2 MB)
     ━━━━━━━━━━━━━━━━━━━━━━━━━━━━━━━━━━━━━━━━ 39.2/39.2 MB 16.2 MB/s  0:00:02
Collecting nvidia-cufile-cu12==1.13.0.11 (from torch==2.7.0)
  Downloading nvidia_cufile_cu12-1.13.0.11-py3-none-manylinux2014_x86_64.manylinux_2_17_x86_64.whl (1.2 MB)
     ━━━━━━━━━━━━━━━━━━━━━━━━━━━━━━━━━━━━━━━━ 1.2/1.2 MB 22.3 MB/s  0:00:00
Collecting triton==3.3.0 (from torch==2.7.0)
  Downloading triton-3.3.0-cp311-cp311-manylinux_2_27_x86_64.manylinux_2_28_x86_64.whl.metadata (1.5 kB)
Collecting numpy (from torchvision==0.22.0)
  Downloading numpy-2.4.6-cp311-cp311-manylinux_2_27_x86_64.manylinux_2_28_x86_64.whl.metadata (6.6 kB)
Collecting pillow!=8.3.*,>=5.3.0 (from torchvision==0.22.0)
  Downloading pillow-12.3.0-cp311-cp311-manylinux_2_27_x86_64.manylinux_2_28_x86_64.whl.metadata (9.1 kB)
Requirement already satisfied: setuptools>=40.8.0 in /home/juyoung/miniconda3/envs/behavior/lib/python3.11/site-packages (from triton==3.3.0->torch==2.7.0) (80.10.2)
Collecting mpmath<1.4,>=1.1.0 (from sympy>=1.13.3->torch==2.7.0)
  Downloading mpmath-1.3.0-py3-none-any.whl.metadata (8.6 kB)
Collecting MarkupSafe>=2.0 (from jinja2->torch==2.7.0)
  Downloading markupsafe-3.0.3-cp311-cp311-manylinux2014_x86_64.manylinux_2_17_x86_64.manylinux_2_28_x86_64.whl.metadata (2.7 kB)
Downloading torch-2.7.0%2Bcu128-cp311-cp311-manylinux_2_28_x86_64.whl (1097.8 MB)
   ━━━━━━━━━━━━━━━━━━━━━━━━━━━━━━━━━━━━━━━━ 1.1/1.1 GB 28.5 MB/s  0:00:34
Downloading torchvision-0.22.0%2Bcu128-cp311-cp311-manylinux_2_28_x86_64.whl (8.7 MB)
   ━━━━━━━━━━━━━━━━━━━━━━━━━━━━━━━━━━━━━━━━ 8.7/8.7 MB 36.3 MB/s  0:00:00
Downloading torchaudio-2.7.0%2Bcu128-cp311-cp311-manylinux_2_28_x86_64.whl (3.9 MB)
   ━━━━━━━━━━━━━━━━━━━━━━━━━━━━━━━━━━━━━━━━ 3.9/3.9 MB 11.4 MB/s  0:00:00
Downloading torchcodec-0.5%2Bcu128-cp311-cp311-manylinux_2_28_x86_64.whl (1.5 MB)
   ━━━━━━━━━━━━━━━━━━━━━━━━━━━━━━━━━━━━━━━━ 1.5/1.5 MB 19.9 MB/s  0:00:00
Downloading triton-3.3.0-cp311-cp311-manylinux_2_27_x86_64.manylinux_2_28_x86_64.whl (156.5 MB)
   ━━━━━━━━━━━━━━━━━━━━━━━━━━━━━━━━━━━━━━━━ 156.5/156.5 MB 33.3 MB/s  0:00:04
Downloading pillow-12.3.0-cp311-cp311-manylinux_2_27_x86_64.manylinux_2_28_x86_64.whl (6.9 MB)
   ━━━━━━━━━━━━━━━━━━━━━━━━━━━━━━━━━━━━━━━━ 6.9/6.9 MB 23.0 MB/s  0:00:00
Downloading sympy-1.14.0-py3-none-any.whl (6.3 MB)
   ━━━━━━━━━━━━━━━━━━━━━━━━━━━━━━━━━━━━━━━━ 6.3/6.3 MB 33.5 MB/s  0:00:00
Downloading mpmath-1.3.0-py3-none-any.whl (536 kB)
   ━━━━━━━━━━━━━━━━━━━━━━━━━━━━━━━━━━━━━━━━ 536.2/536.2 kB 34.3 MB/s  0:00:00
Downloading typing_extensions-4.16.0-py3-none-any.whl (45 kB)
Downloading filelock-3.32.3-py3-none-any.whl (98 kB)
Downloading fsspec-2026.7.0-py3-none-any.whl (206 kB)
Downloading jinja2-3.1.6-py3-none-any.whl (134 kB)
Downloading markupsafe-3.0.3-cp311-cp311-manylinux2014_x86_64.manylinux_2_17_x86_64.manylinux_2_28_x86_64.whl (22 kB)
Downloading networkx-3.6.1-py3-none-any.whl (2.1 MB)
   ━━━━━━━━━━━━━━━━━━━━━━━━━━━━━━━━━━━━━━━━ 2.1/2.1 MB 27.3 MB/s  0:00:00
Downloading numpy-2.4.6-cp311-cp311-manylinux_2_27_x86_64.manylinux_2_28_x86_64.whl (16.9 MB)
   ━━━━━━━━━━━━━━━━━━━━━━━━━━━━━━━━━━━━━━━━ 16.9/16.9 MB 35.8 MB/s  0:00:00
Installing collected packages: nvidia-cusparselt-cu12, mpmath, typing-extensions, triton, torchcodec, sympy, pillow, nvidia-nvtx-cu12, nvidia-nvjitlink-cu12, nvidia-nccl-cu12, nvidia-curand-cu12, nvidia-cufile-cu12, nvidia-cuda-runtime-cu12, nvidia-cuda-nvrtc-cu12, nvidia-cuda-cupti-cu12, nvidia-cublas-cu12, numpy, networkx, MarkupSafe, fsspec, filelock, nvidia-cusparse-cu12, nvidia-cufft-cu12, nvidia-cudnn-cu12, jinja2, nvidia-cusolver-cu12, torch, torchvision, torchaudio

Successfully installed MarkupSafe-3.0.3 filelock-3.32.3 fsspec-2026.7.0 jinja2-3.1.6 mpmath-1.3.0 networkx-3.6.1 numpy-2.4.6 nvidia-cublas-cu12-12.8.3.14 nvidia-cuda-cupti-cu12-12.8.57 nvidia-cuda-nvrtc-cu12-12.8.61 nvidia-cuda-runtime-cu12-12.8.57 nvidia-cudnn-cu12-9.7.1.26 nvidia-cufft-cu12-11.3.3.41 nvidia-cufile-cu12-1.13.0.11 nvidia-curand-cu12-10.3.9.55 nvidia-cusolver-cu12-11.7.2.55 nvidia-cusparse-cu12-12.5.7.53 nvidia-cusparselt-cu12-0.6.3 nvidia-nccl-cu12-2.26.2 nvidia-nvjitlink-cu12-12.8.61 nvidia-nvtx-cu12-12.8.55 pillow-12.3.0 sympy-1.14.0 torch-2.7.0+cu128 torchaudio-2.7.0+cu128 torchcodec-0.5+cu128 torchvision-0.22.0+cu128 triton-3.3.0 typing-extensions-4.16.0
✓ PyTorch installation completed
Installing numpy...
Collecting numpy<2
  Downloading numpy-1.26.4-cp311-cp311-manylinux_2_17_x86_64.manylinux2014_x86_64.whl.metadata (61 kB)
Downloading numpy-1.26.4-cp311-cp311-manylinux_2_17_x86_64.manylinux2014_x86_64.whl (18.3 MB)
   ━━━━━━━━━━━━━━━━━━━━━━━━━━━━━━━━━━━━━━━━ 18.3/18.3 MB 18.2 MB/s  0:00:01
Installing collected packages: numpy
  Attempting uninstall: numpy
    Found existing installation: numpy 2.4.6
    Uninstalling numpy-2.4.6:
      Successfully uninstalled numpy-2.4.6
Successfully installed numpy-1.26.4
Installing BDDL...
Obtaining file:///home/juyoung/robot-agent/src/behavior-2026/BEHAVIOR-1K/bddl3
  Installing build dependencies: started
  Installing build dependencies: finished with status 'done'
  Checking if build backend supports build_editable: started
  Checking if build backend supports build_editable: finished with status 'done'
  Getting requirements to build editable: started
  Getting requirements to build editable: finished with status 'done'
  Preparing editable metadata (pyproject.toml): started
  Preparing editable metadata (pyproject.toml): finished with status 'done'
Collecting pytest (from bddl==3.7.0)
  Downloading pytest-9.1.1-py3-none-any.whl.metadata (7.6 kB)
Requirement already satisfied: numpy in /home/juyoung/miniconda3/envs/behavior/lib/python3.11/site-packages (from bddl==3.7.0) (1.26.4)
Requirement already satisfied: networkx in /home/juyoung/miniconda3/envs/behavior/lib/python3.11/site-packages (from bddl==3.7.0) (3.6.1)
Collecting jupytext (from bddl==3.7.0)
  Downloading jupytext-1.19.5-py3-none-any.whl.metadata (15 kB)
Collecting future (from bddl==3.7.0)
  Downloading future-1.0.0-py3-none-any.whl.metadata (4.0 kB)
Collecting nltk~=3.7 (from bddl==3.7.0)
  Downloading nltk-3.10.3-py3-none-any.whl.metadata (3.2 kB)
Collecting defusedxml (from nltk~=3.7->bddl==3.7.0)
  Downloading defusedxml-0.7.1-py2.py3-none-any.whl.metadata (32 kB)
Collecting click (from nltk~=3.7->bddl==3.7.0)
  Downloading click-8.5.0-py3-none-any.whl.metadata (2.6 kB)
Collecting joblib (from nltk~=3.7->bddl==3.7.0)
  Downloading joblib-1.6.0-py3-none-any.whl.metadata (6.5 kB)
Collecting regex>=2021.8.3 (from nltk~=3.7->bddl==3.7.0)
  Downloading regex-2026.9.29-cp311-cp311-manylinux2014_x86_64.manylinux_2_17_x86_64.manylinux_2_28_x86_64.whl.metadata (40 kB)
Collecting tqdm (from nltk~=3.7->bddl==3.7.0)
  Downloading tqdm-4.70.1-py3-none-any.whl.metadata (57 kB)
Collecting cloudpickle>=3.0 (from joblib->nltk~=3.7->bddl==3.7.0)
  Downloading cloudpickle-3.1.2-py3-none-any.whl.metadata (7.1 kB)
Collecting markdown-it-py>=1.0 (from jupytext->bddl==3.7.0)
  Downloading markdown_it_py-4.2.0-py3-none-any.whl.metadata (7.4 kB)
Collecting mdit-py-plugins (from jupytext->bddl==3.7.0)
  Downloading mdit_py_plugins-0.6.1-py3-none-any.whl.metadata (2.9 kB)
Collecting nbformat (from jupytext->bddl==3.7.0)
  Downloading nbformat-5.11.1-py3-none-any.whl.metadata (3.7 kB)
Requirement already satisfied: packaging in /home/juyoung/miniconda3/envs/behavior/lib/python3.11/site-packages (from jupytext->bddl==3.7.0) (26.3)
Collecting pyyaml (from jupytext->bddl==3.7.0)
  Downloading pyyaml-6.0.3-cp311-cp311-manylinux2014_x86_64.manylinux_2_17_x86_64.manylinux_2_28_x86_64.whl.metadata (2.4 kB)
Collecting mdurl~=0.1 (from markdown-it-py>=1.0->jupytext->bddl==3.7.0)
  Downloading mdurl-0.1.2-py3-none-any.whl.metadata (1.6 kB)
Collecting fastjsonschema>=2.15 (from nbformat->jupytext->bddl==3.7.0)
  Downloading fastjsonschema-2.22.2-py3-none-any.whl.metadata (2.1 kB)
Collecting jsonschema>=2.6 (from nbformat->jupytext->bddl==3.7.0)
  Downloading jsonschema-4.26.0-py3-none-any.whl.metadata (7.6 kB)
Collecting jupyter-core!=5.0.*,>=4.12 (from nbformat->jupytext->bddl==3.7.0)
  Downloading jupyter_core-5.9.1-py3-none-any.whl.metadata (1.5 kB)
Collecting traitlets>=5.1 (from nbformat->jupytext->bddl==3.7.0)
  Downloading traitlets-5.16.1-py3-none-any.whl.metadata (10 kB)
Collecting attrs>=22.2.0 (from jsonschema>=2.6->nbformat->jupytext->bddl==3.7.0)
  Downloading attrs-26.1.0-py3-none-any.whl.metadata (8.8 kB)
Collecting jsonschema-specifications>=2023.03.6 (from jsonschema>=2.6->nbformat->jupytext->bddl==3.7.0)
  Downloading jsonschema_specifications-2025.9.1-py3-none-any.whl.metadata (2.9 kB)
Collecting referencing>=0.28.4 (from jsonschema>=2.6->nbformat->jupytext->bddl==3.7.0)
  Downloading referencing-0.37.0-py3-none-any.whl.metadata (2.8 kB)
Collecting rpds-py>=0.25.0 (from jsonschema>=2.6->nbformat->jupytext->bddl==3.7.0)
  Downloading rpds_py-2026.6.3-cp311-cp311-manylinux_2_17_x86_64.manylinux2014_x86_64.whl.metadata (4.1 kB)
Collecting platformdirs>=2.5 (from jupyter-core!=5.0.*,>=4.12->nbformat->jupytext->bddl==3.7.0)
  Downloading platformdirs-4.12.2-py3-none-any.whl.metadata (5.5 kB)
Requirement already satisfied: typing-extensions>=4.4.0 in /home/juyoung/miniconda3/envs/behavior/lib/python3.11/site-packages (from referencing>=0.28.4->jsonschema>=2.6->nbformat->jupytext->bddl==3.7.0) (4.16.0)
Collecting iniconfig>=1.0.1 (from pytest->bddl==3.7.0)
  Downloading iniconfig-2.3.0-py3-none-any.whl.metadata (2.5 kB)
Collecting pluggy<2,>=1.5 (from pytest->bddl==3.7.0)
  Downloading pluggy-1.6.0-py3-none-any.whl.metadata (4.8 kB)
Collecting pygments>=2.7.2 (from pytest->bddl==3.7.0)
  Downloading pygments-2.21.0-py3-none-any.whl.metadata (2.5 kB)
Downloading nltk-3.10.3-py3-none-any.whl (1.8 MB)
   ━━━━━━━━━━━━━━━━━━━━━━━━━━━━━━━━━━━━━━━━ 1.8/1.8 MB 3.9 MB/s  0:00:00
Downloading regex-2026.9.29-cp311-cp311-manylinux2014_x86_64.manylinux_2_17_x86_64.manylinux_2_28_x86_64.whl (804 kB)
   ━━━━━━━━━━━━━━━━━━━━━━━━━━━━━━━━━━━━━━━━ 805.0/805.0 kB 3.1 MB/s  0:00:00
Downloading click-8.5.0-py3-none-any.whl (125 kB)
Downloading defusedxml-0.7.1-py2.py3-none-any.whl (25 kB)
Downloading future-1.0.0-py3-none-any.whl (491 kB)
Downloading joblib-1.6.0-py3-none-any.whl (306 kB)
Downloading cloudpickle-3.1.2-py3-none-any.whl (22 kB)
Downloading jupytext-1.19.5-py3-none-any.whl (229 kB)
Downloading markdown_it_py-4.2.0-py3-none-any.whl (91 kB)
Downloading mdurl-0.1.2-py3-none-any.whl (10.0 kB)
Downloading mdit_py_plugins-0.6.1-py3-none-any.whl (66 kB)
Downloading nbformat-5.11.1-py3-none-any.whl (79 kB)
Downloading fastjsonschema-2.22.2-py3-none-any.whl (27 kB)
Downloading jsonschema-4.26.0-py3-none-any.whl (90 kB)
Downloading attrs-26.1.0-py3-none-any.whl (67 kB)
Downloading jsonschema_specifications-2025.9.1-py3-none-any.whl (18 kB)
Downloading jupyter_core-5.9.1-py3-none-any.whl (29 kB)
Downloading platformdirs-4.12.2-py3-none-any.whl (32 kB)
Downloading referencing-0.37.0-py3-none-any.whl (26 kB)
Downloading rpds_py-2026.6.3-cp311-cp311-manylinux_2_17_x86_64.manylinux2014_x86_64.whl (371 kB)
Downloading traitlets-5.16.1-py3-none-any.whl (86 kB)
Downloading pytest-9.1.1-py3-none-any.whl (386 kB)
Downloading pluggy-1.6.0-py3-none-any.whl (20 kB)
Downloading iniconfig-2.3.0-py3-none-any.whl (7.5 kB)
Downloading pygments-2.21.0-py3-none-any.whl (1.3 MB)
   ━━━━━━━━━━━━━━━━━━━━━━━━━━━━━━━━━━━━━━━━ 1.3/1.3 MB 4.8 MB/s  0:00:00
Downloading pyyaml-6.0.3-cp311-cp311-manylinux2014_x86_64.manylinux_2_17_x86_64.manylinux_2_28_x86_64.whl (806 kB)
   ━━━━━━━━━━━━━━━━━━━━━━━━━━━━━━━━━━━━━━━━ 806.6/806.6 kB 14.3 MB/s  0:00:00
Downloading tqdm-4.70.1-py3-none-any.whl (80 kB)
Building wheels for collected packages: bddl
  Building editable for bddl (pyproject.toml): started
  Building editable for bddl (pyproject.toml): finished with status 'done'
  Created wheel for bddl: filename=bddl-3.7.0-0.editable-py3-none-any.whl size=7484 sha256=f09a5f194c5f34bc53e2de665e53c162863e18f98ed7bb81e2e621daff33dccc
  Stored in directory: /tmp/pip-ephem-wheel-cache-qt4xkmje/wheels/45/80/e0/2da0ffdd37541fb6db6eb0735ea96ec0a66630ddf2d024b064
Successfully built bddl
Installing collected packages: traitlets, tqdm, rpds-py, regex, pyyaml, pygments, pluggy, platformdirs, mdurl, iniconfig, future, fastjsonschema, defusedxml, cloudpickle, click, attrs, referencing, pytest, markdown-it-py, jupyter-core, joblib, nltk, mdit-py-plugins, jsonschema-specifications, jsonschema, nbformat, jupytext, bddl

Successfully installed attrs-26.1.0 bddl-3.7.0 click-8.5.0 cloudpickle-3.1.2 defusedxml-0.7.1 fastjsonschema-2.22.2 future-1.0.0 iniconfig-2.3.0 joblib-1.6.0 jsonschema-4.26.0 jsonschema-specifications-2025.9.1 jupyter-core-5.9.1 jupytext-1.19.5 markdown-it-py-4.2.0 mdit-py-plugins-0.6.1 mdurl-0.1.2 nbformat-5.11.1 nltk-3.10.3 platformdirs-4.12.2 pluggy-1.6.0 pygments-2.21.0 pytest-9.1.1 pyyaml-6.0.3 referencing-0.37.0 regex-2026.9.29 rpds-py-2026.6.3 tqdm-4.70.1 traitlets-5.16.1
Installing OmniGibson...
Obtaining file:///home/juyoung/robot-agent/src/behavior-2026/BEHAVIOR-1K/OmniGibson
  Checking if build backend supports build_editable: started
  Checking if build backend supports build_editable: finished with status 'done'
  Preparing editable metadata (pyproject.toml): started
  Preparing editable metadata (pyproject.toml): finished with status 'done'
Collecting huggingface-hub>=0.34.4 (from huggingface-hub[cli]>=0.34.4->omnigibson==3.9.3)
  Downloading huggingface_hub-2.1.1-py3-none-any.whl.metadata (16 kB)
Collecting gymnasium>=0.28.1 (from omnigibson==3.9.3)
  Downloading gymnasium-1.3.0-py3-none-any.whl.metadata (10 kB)
Requirement already satisfied: numpy<2.0.0,>=1.23.5 in /home/juyoung/miniconda3/envs/behavior/lib/python3.11/site-packages (from omnigibson==3.9.3) (1.26.4)
Collecting scipy>=1.10.1 (from omnigibson==3.9.3)
  Downloading scipy-1.17.1-cp311-cp311-manylinux_2_27_x86_64.manylinux_2_28_x86_64.whl.metadata (62 kB)
Collecting GitPython>=3.1.40 (from omnigibson==3.9.3)
  Downloading gitpython-3.2.0-py3-none-any.whl.metadata (13 kB)
Collecting transforms3d>=0.4.1 (from omnigibson==3.9.3)
  Downloading transforms3d-0.4.2-py3-none-any.whl.metadata (2.8 kB)
Requirement already satisfied: networkx>=3.2.1 in /home/juyoung/miniconda3/envs/behavior/lib/python3.11/site-packages (from omnigibson==3.9.3) (3.6.1)
Requirement already satisfied: PyYAML>=6.0.1 in /home/juyoung/miniconda3/envs/behavior/lib/python3.11/site-packages (from omnigibson==3.9.3) (6.0.3)
Collecting addict>=2.4.0 (from omnigibson==3.9.3)
  Downloading addict-2.4.0-py3-none-any.whl.metadata (1.0 kB)
Collecting ipython>=8.20.0 (from omnigibson==3.9.3)
  Downloading ipython-9.17.1-py3-none-any.whl.metadata (4.6 kB)
Requirement already satisfied: future>=0.18.3 in /home/juyoung/miniconda3/envs/behavior/lib/python3.11/site-packages (from omnigibson==3.9.3) (1.0.0)
Collecting trimesh>=4.0.8 (from omnigibson==3.9.3)
  Downloading trimesh-5.1.0-py3-none-any.whl.metadata (13 kB)
Collecting h5py>=3.10.0 (from omnigibson==3.9.3)
  Downloading h5py-3.16.0-cp311-cp311-manylinux_2_28_x86_64.whl.metadata (3.0 kB)
Collecting cryptography>=41.0.7 (from omnigibson==3.9.3)
  Downloading cryptography-50.0.2-cp311-abi3-manylinux_2_34_x86_64.whl.metadata (4.4 kB)
Requirement already satisfied: bddl~=3.7.0 in /home/juyoung/miniconda3/envs/behavior/lib/python3.11/site-packages (from omnigibson==3.9.3) (3.7.0)
Collecting opencv-python>=4.8.1 (from omnigibson==3.9.3)
  Downloading opencv_python-5.0.0.93-cp37-abi3-manylinux_2_28_x86_64.whl.metadata (19 kB)
Collecting nest_asyncio>=1.5.6 (from omnigibson==3.9.3)
  Downloading nest_asyncio-1.6.0-py3-none-any.whl.metadata (2.8 kB)
Collecting imageio>=2.33.1 (from omnigibson==3.9.3)
  Downloading imageio-2.38.0-py3-none-any.whl.metadata (9.7 kB)
Collecting imageio-ffmpeg>=0.4.9 (from omnigibson==3.9.3)
  Downloading imageio_ffmpeg-0.6.0-py3-none-manylinux2014_x86_64.whl.metadata (1.5 kB)
Collecting termcolor>=2.4.0 (from omnigibson==3.9.3)
  Downloading termcolor-3.3.0-py3-none-any.whl.metadata (6.5 kB)
Collecting progressbar>=2.5 (from omnigibson==3.9.3)
  Downloading progressbar-2.5.tar.gz (10 kB)
  Preparing metadata (pyproject.toml): started
  Preparing metadata (pyproject.toml): finished with status 'done'
Collecting pymeshlab~=2022.2 (from omnigibson==3.9.3)
  Downloading pymeshlab-2022.2.post4-cp311-cp311-manylinux_2_31_x86_64.whl.metadata (3.4 kB)
Requirement already satisfied: click>=8.1.3 in /home/juyoung/miniconda3/envs/behavior/lib/python3.11/site-packages (from omnigibson==3.9.3) (8.5.0)
Collecting aenum>=3.1.15 (from omnigibson==3.9.3)
  Downloading aenum-3.1.17-py3-none-any.whl.metadata (3.8 kB)
Collecting rtree>=1.2.0 (from omnigibson==3.9.3)
  Downloading rtree-1.4.1-py3-none-manylinux_2_24_x86_64.manylinux_2_28_x86_64.whl.metadata (2.1 kB)
Collecting graphviz>=0.20 (from omnigibson==3.9.3)
  Downloading graphviz-0.21-py3-none-any.whl.metadata (12 kB)
Collecting matplotlib>=3.0.0 (from omnigibson==3.9.3)
  Downloading matplotlib-3.11.2-cp311-cp311-manylinux2014_x86_64.manylinux_2_17_x86_64.whl.metadata (80 kB)
Collecting lxml>=5.2.2 (from omnigibson==3.9.3)
  Downloading lxml-6.1.3-cp311-cp311-manylinux_2_26_x86_64.manylinux_2_28_x86_64.whl.metadata (3.3 kB)
Collecting numba>=0.59.1 (from omnigibson==3.9.3)
  Downloading numba-0.68.0-cp311-cp311-manylinux_2_27_x86_64.manylinux_2_28_x86_64.whl.metadata (2.8 kB)
Collecting cffi==1.17.1 (from omnigibson==3.9.3)
  Downloading cffi-1.17.1-cp311-cp311-manylinux_2_17_x86_64.manylinux2014_x86_64.whl.metadata (1.5 kB)
Collecting pillow~=11.0.0 (from omnigibson==3.9.3)
  Downloading pillow-11.0.0-cp311-cp311-manylinux_2_28_x86_64.whl.metadata (9.1 kB)
Collecting websockets>=15.0.1 (from omnigibson==3.9.3)
  Downloading websockets-17.1-cp311-cp311-manylinux1_x86_64.manylinux_2_28_x86_64.manylinux_2_5_x86_64.whl.metadata (6.3 kB)
Collecting omegaconf>=2.3.0 (from omnigibson==3.9.3)
  Downloading omegaconf-2.3.1-py3-none-any.whl.metadata (4.5 kB)
Collecting lerobot @ git+https://github.com/wensi-ai/lerobot@release/b1k (from lerobot[dataset] @ git+https://github.com/wensi-ai/lerobot@release/b1k->omnigibson==3.9.3)
  Cloning https://github.com/wensi-ai/lerobot (to revision release/b1k) to /tmp/pip-install-trb98tjg/lerobot_cd3eab04ba504dbf8a9ba72334e42085
  Running command git clone --filter=blob:none --quiet https://github.com/wensi-ai/lerobot /tmp/pip-install-trb98tjg/lerobot_cd3eab04ba504dbf8a9ba72334e42085
  Running command git checkout -b release/b1k --track origin/release/b1k
  Switched to a new branch 'release/b1k'
  Branch 'release/b1k' set up to track remote branch 'release/b1k' from 'origin'.
  Resolved https://github.com/wensi-ai/lerobot to commit 436812bd8ee39b768c645c248c91f1330834e687
  Preparing metadata (pyproject.toml): started
  Preparing metadata (pyproject.toml): finished with status 'done'
Requirement already satisfied: torch<2.12.0,>=2.7 in /home/juyoung/miniconda3/envs/behavior/lib/python3.11/site-packages (from lerobot @ git+https://github.com/wensi-ai/lerobot@release/b1k->lerobot[dataset] @ git+https://github.com/wensi-ai/lerobot@release/b1k->omnigibson==3.9.3) (2.7.0+cu128)
Requirement already satisfied: torchvision<0.27.0,>=0.22.0 in /home/juyoung/miniconda3/envs/behavior/lib/python3.11/site-packages (from lerobot @ git+https://github.com/wensi-ai/lerobot@release/b1k->lerobot[dataset] @ git+https://github.com/wensi-ai/lerobot@release/b1k->omnigibson==3.9.3) (0.22.0+cu128)
Collecting opencv-python-headless<4.14.0,>=4.9.0 (from lerobot @ git+https://github.com/wensi-ai/lerobot@release/b1k->lerobot[dataset] @ git+https://github.com/wensi-ai/lerobot@release/b1k->omnigibson==3.9.3)
  Downloading opencv_python_headless-4.13.0.92-cp37-abi3-manylinux_2_28_x86_64.whl.metadata (19 kB)
Collecting einops<0.9.0,>=0.8.0 (from lerobot @ git+https://github.com/wensi-ai/lerobot@release/b1k->lerobot[dataset] @ git+https://github.com/wensi-ai/lerobot@release/b1k->omnigibson==3.9.3)
  Downloading einops-0.8.2-py3-none-any.whl.metadata (13 kB)
Collecting draccus==0.10.0 (from lerobot @ git+https://github.com/wensi-ai/lerobot@release/b1k->lerobot[dataset] @ git+https://github.com/wensi-ai/lerobot@release/b1k->omnigibson==3.9.3)
  Downloading draccus-0.10.0-py3-none-any.whl.metadata (24 kB)
Collecting huggingface-hub>=0.34.4 (from huggingface-hub[cli]>=0.34.4->omnigibson==3.9.3)
  Downloading huggingface_hub-1.33.0-py3-none-any.whl.metadata (16 kB)
Collecting requests<3.0.0,>=2.32.0 (from lerobot @ git+https://github.com/wensi-ai/lerobot@release/b1k->lerobot[dataset] @ git+https://github.com/wensi-ai/lerobot@release/b1k->omnigibson==3.9.3)
  Downloading requests-2.34.2-py3-none-any.whl.metadata (4.8 kB)
Collecting safetensors<1.0.0,>=0.4.3 (from lerobot @ git+https://github.com/wensi-ai/lerobot@release/b1k->lerobot[dataset] @ git+https://github.com/wensi-ai/lerobot@release/b1k->omnigibson==3.9.3)
  Downloading safetensors-0.8.0-cp310-abi3-manylinux_2_17_x86_64.manylinux2014_x86_64.whl.metadata (4.2 kB)
Collecting packaging<26.0,>=24.2 (from lerobot @ git+https://github.com/wensi-ai/lerobot@release/b1k->lerobot[dataset] @ git+https://github.com/wensi-ai/lerobot@release/b1k->omnigibson==3.9.3)
  Downloading packaging-25.0-py3-none-any.whl.metadata (3.3 kB)
Requirement already satisfied: tqdm<5.0.0,>=4.66.0 in /home/juyoung/miniconda3/envs/behavior/lib/python3.11/site-packages (from lerobot @ git+https://github.com/wensi-ai/lerobot@release/b1k->lerobot[dataset] @ git+https://github.com/wensi-ai/lerobot@release/b1k->omnigibson==3.9.3) (4.70.1)
Collecting cmake<4.2.0,>=3.29.0.1 (from lerobot @ git+https://github.com/wensi-ai/lerobot@release/b1k->lerobot[dataset] @ git+https://github.com/wensi-ai/lerobot@release/b1k->omnigibson==3.9.3)
  Downloading cmake-4.1.3-py3-none-manylinux2014_x86_64.manylinux_2_17_x86_64.whl.metadata (6.5 kB)
Requirement already satisfied: setuptools<81.0.0,>=71.0.0 in /home/juyoung/miniconda3/envs/behavior/lib/python3.11/site-packages (from lerobot @ git+https://github.com/wensi-ai/lerobot@release/b1k->lerobot[dataset] @ git+https://github.com/wensi-ai/lerobot@release/b1k->omnigibson==3.9.3) (80.10.2)
Collecting datasets<5.0.0,>=4.0.0 (from lerobot @ git+https://github.com/wensi-ai/lerobot@release/b1k->lerobot[dataset] @ git+https://github.com/wensi-ai/lerobot@release/b1k->omnigibson==3.9.3)
  Downloading datasets-4.8.5-py3-none-any.whl.metadata (19 kB)
Collecting pandas<3.0.0,>=2.0.0 (from lerobot @ git+https://github.com/wensi-ai/lerobot@release/b1k->lerobot[dataset] @ git+https://github.com/wensi-ai/lerobot@release/b1k->omnigibson==3.9.3)
  Downloading pandas-2.3.3-cp311-cp311-manylinux_2_24_x86_64.manylinux_2_28_x86_64.whl.metadata (91 kB)
Collecting pyarrow<30.0.0,>=21.0.0 (from lerobot @ git+https://github.com/wensi-ai/lerobot@release/b1k->lerobot[dataset] @ git+https://github.com/wensi-ai/lerobot@release/b1k->omnigibson==3.9.3)
  Downloading pyarrow-25.0.1-cp311-cp311-manylinux_2_28_x86_64.whl.metadata (3.0 kB)
Requirement already satisfied: torchcodec<0.12.0,>=0.3.0 in /home/juyoung/miniconda3/envs/behavior/lib/python3.11/site-packages (from lerobot @ git+https://github.com/wensi-ai/lerobot@release/b1k->lerobot[dataset] @ git+https://github.com/wensi-ai/lerobot@release/b1k->omnigibson==3.9.3) (0.5+cu128)
Collecting jsonlines<5.0.0,>=4.0.0 (from lerobot @ git+https://github.com/wensi-ai/lerobot@release/b1k->lerobot[dataset] @ git+https://github.com/wensi-ai/lerobot@release/b1k->omnigibson==3.9.3)
  Downloading jsonlines-4.0.0-py3-none-any.whl.metadata (1.6 kB)
Collecting dm_tree>=0.1.9 (from omnigibson==3.9.3)
  Downloading dm_tree-0.1.10-cp311-cp311-manylinux_2_24_x86_64.manylinux_2_28_x86_64.whl.metadata (2.6 kB)
Collecting hydra-core>=1.3.2 (from omnigibson==3.9.3)
  Downloading hydra_core-1.3.7-py3-none-any.whl.metadata (5.7 kB)
Collecting msgpack>=1.1.0 (from omnigibson==3.9.3)
  Downloading msgpack-1.2.3-cp311-cp311-manylinux2014_x86_64.manylinux_2_17_x86_64.manylinux_2_28_x86_64.whl.metadata (8.3 kB)
Collecting gspread>=6.2.1 (from omnigibson==3.9.3)
  Downloading gspread-6.2.1-py3-none-any.whl.metadata (11 kB)
Collecting open3d>=0.19.0 (from omnigibson==3.9.3)
  Downloading open3d-0.20.0-cp311-cp311-manylinux_2_35_x86_64.whl.metadata (4.7 kB)
Collecting pycparser (from cffi==1.17.1->omnigibson==3.9.3)
  Downloading pycparser-3.0-py3-none-any.whl.metadata (8.2 kB)
Collecting mergedeep~=1.3 (from draccus==0.10.0->lerobot @ git+https://github.com/wensi-ai/lerobot@release/b1k->lerobot[dataset] @ git+https://github.com/wensi-ai/lerobot@release/b1k->omnigibson==3.9.3)
  Downloading mergedeep-1.3.4-py3-none-any.whl.metadata (4.3 kB)
Collecting pyyaml-include~=1.4 (from draccus==0.10.0->lerobot @ git+https://github.com/wensi-ai/lerobot@release/b1k->lerobot[dataset] @ git+https://github.com/wensi-ai/lerobot@release/b1k->omnigibson==3.9.3)
  Downloading pyyaml_include-1.4.1-py3-none-any.whl.metadata (1.3 kB)
Collecting toml~=0.10 (from draccus==0.10.0->lerobot @ git+https://github.com/wensi-ai/lerobot@release/b1k->lerobot[dataset] @ git+https://github.com/wensi-ai/lerobot@release/b1k->omnigibson==3.9.3)
  Downloading toml-0.10.2-py2.py3-none-any.whl.metadata (7.1 kB)
Collecting typing-inspect~=0.9.0 (from draccus==0.10.0->lerobot @ git+https://github.com/wensi-ai/lerobot@release/b1k->lerobot[dataset] @ git+https://github.com/wensi-ai/lerobot@release/b1k->omnigibson==3.9.3)
  Downloading typing_inspect-0.9.0-py3-none-any.whl.metadata (1.5 kB)
Requirement already satisfied: pytest in /home/juyoung/miniconda3/envs/behavior/lib/python3.11/site-packages (from bddl~=3.7.0->omnigibson==3.9.3) (9.1.1)
Requirement already satisfied: jupytext in /home/juyoung/miniconda3/envs/behavior/lib/python3.11/site-packages (from bddl~=3.7.0->omnigibson==3.9.3) (1.19.5)
Requirement already satisfied: nltk~=3.7 in /home/juyoung/miniconda3/envs/behavior/lib/python3.11/site-packages (from bddl~=3.7.0->omnigibson==3.9.3) (3.10.3)
Requirement already satisfied: filelock in /home/juyoung/miniconda3/envs/behavior/lib/python3.11/site-packages (from datasets<5.0.0,>=4.0.0->lerobot @ git+https://github.com/wensi-ai/lerobot@release/b1k->lerobot[dataset] @ git+https://github.com/wensi-ai/lerobot@release/b1k->omnigibson==3.9.3) (3.32.3)
Collecting dill<0.4.2,>=0.3.0 (from datasets<5.0.0,>=4.0.0->lerobot @ git+https://github.com/wensi-ai/lerobot@release/b1k->lerobot[dataset] @ git+https://github.com/wensi-ai/lerobot@release/b1k->omnigibson==3.9.3)
  Downloading dill-0.4.1-py3-none-any.whl.metadata (10 kB)
Collecting httpx<1.0.0 (from datasets<5.0.0,>=4.0.0->lerobot @ git+https://github.com/wensi-ai/lerobot@release/b1k->lerobot[dataset] @ git+https://github.com/wensi-ai/lerobot@release/b1k->omnigibson==3.9.3)
  Downloading httpx-0.28.1-py3-none-any.whl.metadata (7.1 kB)
Collecting xxhash (from datasets<5.0.0,>=4.0.0->lerobot @ git+https://github.com/wensi-ai/lerobot@release/b1k->lerobot[dataset] @ git+https://github.com/wensi-ai/lerobot@release/b1k->omnigibson==3.9.3)
  Downloading xxhash-4.0.1-cp311-cp311-manylinux2014_x86_64.manylinux_2_17_x86_64.manylinux_2_28_x86_64.whl.metadata (17 kB)
Collecting multiprocess<0.70.20 (from datasets<5.0.0,>=4.0.0->lerobot @ git+https://github.com/wensi-ai/lerobot@release/b1k->lerobot[dataset] @ git+https://github.com/wensi-ai/lerobot@release/b1k->omnigibson==3.9.3)
  Downloading multiprocess-0.70.19-py311-none-any.whl.metadata (7.5 kB)
Collecting fsspec<=2026.2.0,>=2023.1.0 (from fsspec[http]<=2026.2.0,>=2023.1.0->datasets<5.0.0,>=4.0.0->lerobot @ git+https://github.com/wensi-ai/lerobot@release/b1k->lerobot[dataset] @ git+https://github.com/wensi-ai/lerobot@release/b1k->omnigibson==3.9.3)
  Downloading fsspec-2026.2.0-py3-none-any.whl.metadata (10 kB)
Collecting aiohttp!=4.0.0a0,!=4.0.0a1 (from fsspec[http]<=2026.2.0,>=2023.1.0->datasets<5.0.0,>=4.0.0->lerobot @ git+https://github.com/wensi-ai/lerobot@release/b1k->lerobot[dataset] @ git+https://github.com/wensi-ai/lerobot@release/b1k->omnigibson==3.9.3)
  Downloading aiohttp-3.14.3-cp311-cp311-manylinux2014_x86_64.manylinux_2_17_x86_64.manylinux_2_28_x86_64.whl.metadata (8.3 kB)
Requirement already satisfied: cloudpickle>=1.2.0 in /home/juyoung/miniconda3/envs/behavior/lib/python3.11/site-packages (from gymnasium>=0.28.1->omnigibson==3.9.3) (3.1.2)
Requirement already satisfied: typing-extensions>=4.3.0 in /home/juyoung/miniconda3/envs/behavior/lib/python3.11/site-packages (from gymnasium>=0.28.1->omnigibson==3.9.3) (4.16.0)
Collecting farama-notifications>=0.0.1 (from gymnasium>=0.28.1->omnigibson==3.9.3)
  Downloading farama_notifications-0.0.6-py3-none-any.whl.metadata (729 bytes)
Collecting anyio (from httpx<1.0.0->datasets<5.0.0,>=4.0.0->lerobot @ git+https://github.com/wensi-ai/lerobot@release/b1k->lerobot[dataset] @ git+https://github.com/wensi-ai/lerobot@release/b1k->omnigibson==3.9.3)
  Downloading anyio-4.15.1-py3-none-any.whl.metadata (4.7 kB)
Collecting certifi (from httpx<1.0.0->datasets<5.0.0,>=4.0.0->lerobot @ git+https://github.com/wensi-ai/lerobot@release/b1k->lerobot[dataset] @ git+https://github.com/wensi-ai/lerobot@release/b1k->omnigibson==3.9.3)
  Downloading certifi-2026.7.22-py3-none-any.whl.metadata (2.5 kB)
Collecting httpcore==1.* (from httpx<1.0.0->datasets<5.0.0,>=4.0.0->lerobot @ git+https://github.com/wensi-ai/lerobot@release/b1k->lerobot[dataset] @ git+https://github.com/wensi-ai/lerobot@release/b1k->omnigibson==3.9.3)
  Downloading httpcore-1.0.9-py3-none-any.whl.metadata (21 kB)
Collecting idna (from httpx<1.0.0->datasets<5.0.0,>=4.0.0->lerobot @ git+https://github.com/wensi-ai/lerobot@release/b1k->lerobot[dataset] @ git+https://github.com/wensi-ai/lerobot@release/b1k->omnigibson==3.9.3)
  Downloading idna-3.20-py3-none-any.whl.metadata (7.2 kB)
Collecting h11>=0.16 (from httpcore==1.*->httpx<1.0.0->datasets<5.0.0,>=4.0.0->lerobot @ git+https://github.com/wensi-ai/lerobot@release/b1k->lerobot[dataset] @ git+https://github.com/wensi-ai/lerobot@release/b1k->omnigibson==3.9.3)
  Downloading h11-0.16.0-py3-none-any.whl.metadata (8.3 kB)
Collecting hf-xet<2.0.0,>=1.6.0 (from huggingface-hub>=0.34.4->huggingface-hub[cli]>=0.34.4->omnigibson==3.9.3)
  Downloading hf_xet-1.6.0-cp38-abi3-manylinux2014_x86_64.manylinux_2_17_x86_64.whl.metadata (4.9 kB)
Requirement already satisfied: attrs>=19.2.0 in /home/juyoung/miniconda3/envs/behavior/lib/python3.11/site-packages (from jsonlines<5.0.0,>=4.0.0->lerobot @ git+https://github.com/wensi-ai/lerobot@release/b1k->lerobot[dataset] @ git+https://github.com/wensi-ai/lerobot@release/b1k->omnigibson==3.9.3) (26.1.0)
Requirement already satisfied: defusedxml in /home/juyoung/miniconda3/envs/behavior/lib/python3.11/site-packages (from nltk~=3.7->bddl~=3.7.0->omnigibson==3.9.3) (0.7.1)
Requirement already satisfied: joblib in /home/juyoung/miniconda3/envs/behavior/lib/python3.11/site-packages (from nltk~=3.7->bddl~=3.7.0->omnigibson==3.9.3) (1.6.0)
Requirement already satisfied: regex>=2021.8.3 in /home/juyoung/miniconda3/envs/behavior/lib/python3.11/site-packages (from nltk~=3.7->bddl~=3.7.0->omnigibson==3.9.3) (2026.9.29)
INFO: pip is looking at multiple versions of opencv-python-headless to determine which version is compatible with other requirements. This could take a while.
Collecting opencv-python-headless<4.14.0,>=4.9.0 (from lerobot @ git+https://github.com/wensi-ai/lerobot@release/b1k->lerobot[dataset] @ git+https://github.com/wensi-ai/lerobot@release/b1k->omnigibson==3.9.3)
  Downloading opencv_python_headless-4.13.0.90-cp37-abi3-manylinux_2_28_x86_64.whl.metadata (19 kB)
  Downloading opencv_python_headless-4.12.0.88-cp37-abi3-manylinux2014_x86_64.manylinux_2_17_x86_64.whl.metadata (19 kB)
  Downloading opencv_python_headless-4.11.0.86-cp37-abi3-manylinux_2_17_x86_64.manylinux2014_x86_64.whl.metadata (20 kB)
Collecting python-dateutil>=2.8.2 (from pandas<3.0.0,>=2.0.0->lerobot @ git+https://github.com/wensi-ai/lerobot@release/b1k->lerobot[dataset] @ git+https://github.com/wensi-ai/lerobot@release/b1k->omnigibson==3.9.3)
  Downloading python_dateutil-2.9.0.post0-py2.py3-none-any.whl.metadata (8.4 kB)
Collecting pytz>=2020.1 (from pandas<3.0.0,>=2.0.0->lerobot @ git+https://github.com/wensi-ai/lerobot@release/b1k->lerobot[dataset] @ git+https://github.com/wensi-ai/lerobot@release/b1k->omnigibson==3.9.3)
  Downloading pytz-2026.4-py2.py3-none-any.whl.metadata (22 kB)
Collecting tzdata>=2022.7 (from pandas<3.0.0,>=2.0.0->lerobot @ git+https://github.com/wensi-ai/lerobot@release/b1k->lerobot[dataset] @ git+https://github.com/wensi-ai/lerobot@release/b1k->omnigibson==3.9.3)
  Downloading tzdata-2026.4-py2.py3-none-any.whl.metadata (1.4 kB)
Collecting charset_normalizer<4,>=2 (from requests<3.0.0,>=2.32.0->lerobot @ git+https://github.com/wensi-ai/lerobot@release/b1k->lerobot[dataset] @ git+https://github.com/wensi-ai/lerobot@release/b1k->omnigibson==3.9.3)
  Downloading charset_normalizer-3.5.2-cp311-cp311-manylinux2014_x86_64.manylinux_2_17_x86_64.manylinux_2_28_x86_64.whl.metadata (46 kB)
Collecting urllib3<3,>=1.26 (from requests<3.0.0,>=2.32.0->lerobot @ git+https://github.com/wensi-ai/lerobot@release/b1k->lerobot[dataset] @ git+https://github.com/wensi-ai/lerobot@release/b1k->omnigibson==3.9.3)
  Downloading urllib3-2.8.0-py3-none-any.whl.metadata (7.4 kB)
Requirement already satisfied: sympy>=1.13.3 in /home/juyoung/miniconda3/envs/behavior/lib/python3.11/site-packages (from torch<2.12.0,>=2.7->lerobot @ git+https://github.com/wensi-ai/lerobot@release/b1k->lerobot[dataset] @ git+https://github.com/wensi-ai/lerobot@release/b1k->omnigibson==3.9.3) (1.14.0)
Requirement already satisfied: jinja2 in /home/juyoung/miniconda3/envs/behavior/lib/python3.11/site-packages (from torch<2.12.0,>=2.7->lerobot @ git+https://github.com/wensi-ai/lerobot@release/b1k->lerobot[dataset] @ git+https://github.com/wensi-ai/lerobot@release/b1k->omnigibson==3.9.3) (3.1.6)
Requirement already satisfied: nvidia-cuda-nvrtc-cu12==12.8.61 in /home/juyoung/miniconda3/envs/behavior/lib/python3.11/site-packages (from torch<2.12.0,>=2.7->lerobot @ git+https://github.com/wensi-ai/lerobot@release/b1k->lerobot[dataset] @ git+https://github.com/wensi-ai/lerobot@release/b1k->omnigibson==3.9.3) (12.8.61)
Requirement already satisfied: nvidia-cuda-runtime-cu12==12.8.57 in /home/juyoung/miniconda3/envs/behavior/lib/python3.11/site-packages (from torch<2.12.0,>=2.7->lerobot @ git+https://github.com/wensi-ai/lerobot@release/b1k->lerobot[dataset] @ git+https://github.com/wensi-ai/lerobot@release/b1k->omnigibson==3.9.3) (12.8.57)
Requirement already satisfied: nvidia-cuda-cupti-cu12==12.8.57 in /home/juyoung/miniconda3/envs/behavior/lib/python3.11/site-packages (from torch<2.12.0,>=2.7->lerobot @ git+https://github.com/wensi-ai/lerobot@release/b1k->lerobot[dataset] @ git+https://github.com/wensi-ai/lerobot@release/b1k->omnigibson==3.9.3) (12.8.57)
Requirement already satisfied: nvidia-cudnn-cu12==9.7.1.26 in /home/juyoung/miniconda3/envs/behavior/lib/python3.11/site-packages (from torch<2.12.0,>=2.7->lerobot @ git+https://github.com/wensi-ai/lerobot@release/b1k->lerobot[dataset] @ git+https://github.com/wensi-ai/lerobot@release/b1k->omnigibson==3.9.3) (9.7.1.26)
Requirement already satisfied: nvidia-cublas-cu12==12.8.3.14 in /home/juyoung/miniconda3/envs/behavior/lib/python3.11/site-packages (from torch<2.12.0,>=2.7->lerobot @ git+https://github.com/wensi-ai/lerobot@release/b1k->lerobot[dataset] @ git+https://github.com/wensi-ai/lerobot@release/b1k->omnigibson==3.9.3) (12.8.3.14)
Requirement already satisfied: nvidia-cufft-cu12==11.3.3.41 in /home/juyoung/miniconda3/envs/behavior/lib/python3.11/site-packages (from torch<2.12.0,>=2.7->lerobot @ git+https://github.com/wensi-ai/lerobot@release/b1k->lerobot[dataset] @ git+https://github.com/wensi-ai/lerobot@release/b1k->omnigibson==3.9.3) (11.3.3.41)
Requirement already satisfied: nvidia-curand-cu12==10.3.9.55 in /home/juyoung/miniconda3/envs/behavior/lib/python3.11/site-packages (from torch<2.12.0,>=2.7->lerobot @ git+https://github.com/wensi-ai/lerobot@release/b1k->lerobot[dataset] @ git+https://github.com/wensi-ai/lerobot@release/b1k->omnigibson==3.9.3) (10.3.9.55)
Requirement already satisfied: nvidia-cusolver-cu12==11.7.2.55 in /home/juyoung/miniconda3/envs/behavior/lib/python3.11/site-packages (from torch<2.12.0,>=2.7->lerobot @ git+https://github.com/wensi-ai/lerobot@release/b1k->lerobot[dataset] @ git+https://github.com/wensi-ai/lerobot@release/b1k->omnigibson==3.9.3) (11.7.2.55)
Requirement already satisfied: nvidia-cusparse-cu12==12.5.7.53 in /home/juyoung/miniconda3/envs/behavior/lib/python3.11/site-packages (from torch<2.12.0,>=2.7->lerobot @ git+https://github.com/wensi-ai/lerobot@release/b1k->lerobot[dataset] @ git+https://github.com/wensi-ai/lerobot@release/b1k->omnigibson==3.9.3) (12.5.7.53)
Requirement already satisfied: nvidia-cusparselt-cu12==0.6.3 in /home/juyoung/miniconda3/envs/behavior/lib/python3.11/site-packages (from torch<2.12.0,>=2.7->lerobot @ git+https://github.com/wensi-ai/lerobot@release/b1k->lerobot[dataset] @ git+https://github.com/wensi-ai/lerobot@release/b1k->omnigibson==3.9.3) (0.6.3)
Requirement already satisfied: nvidia-nccl-cu12==2.26.2 in /home/juyoung/miniconda3/envs/behavior/lib/python3.11/site-packages (from torch<2.12.0,>=2.7->lerobot @ git+https://github.com/wensi-ai/lerobot@release/b1k->lerobot[dataset] @ git+https://github.com/wensi-ai/lerobot@release/b1k->omnigibson==3.9.3) (2.26.2)
Requirement already satisfied: nvidia-nvtx-cu12==12.8.55 in /home/juyoung/miniconda3/envs/behavior/lib/python3.11/site-packages (from torch<2.12.0,>=2.7->lerobot @ git+https://github.com/wensi-ai/lerobot@release/b1k->lerobot[dataset] @ git+https://github.com/wensi-ai/lerobot@release/b1k->omnigibson==3.9.3) (12.8.55)
Requirement already satisfied: nvidia-nvjitlink-cu12==12.8.61 in /home/juyoung/miniconda3/envs/behavior/lib/python3.11/site-packages (from torch<2.12.0,>=2.7->lerobot @ git+https://github.com/wensi-ai/lerobot@release/b1k->lerobot[dataset] @ git+https://github.com/wensi-ai/lerobot@release/b1k->omnigibson==3.9.3) (12.8.61)
Requirement already satisfied: nvidia-cufile-cu12==1.13.0.11 in /home/juyoung/miniconda3/envs/behavior/lib/python3.11/site-packages (from torch<2.12.0,>=2.7->lerobot @ git+https://github.com/wensi-ai/lerobot@release/b1k->lerobot[dataset] @ git+https://github.com/wensi-ai/lerobot@release/b1k->omnigibson==3.9.3) (1.13.0.11)
Requirement already satisfied: triton==3.3.0 in /home/juyoung/miniconda3/envs/behavior/lib/python3.11/site-packages (from torch<2.12.0,>=2.7->lerobot @ git+https://github.com/wensi-ai/lerobot@release/b1k->lerobot[dataset] @ git+https://github.com/wensi-ai/lerobot@release/b1k->omnigibson==3.9.3) (3.3.0)
Collecting mypy-extensions>=0.3.0 (from typing-inspect~=0.9.0->draccus==0.10.0->lerobot @ git+https://github.com/wensi-ai/lerobot@release/b1k->lerobot[dataset] @ git+https://github.com/wensi-ai/lerobot@release/b1k->omnigibson==3.9.3)
  Downloading mypy_extensions-1.1.0-py3-none-any.whl.metadata (1.1 kB)
Collecting aiohappyeyeballs>=2.5.0 (from aiohttp!=4.0.0a0,!=4.0.0a1->fsspec[http]<=2026.2.0,>=2023.1.0->datasets<5.0.0,>=4.0.0->lerobot @ git+https://github.com/wensi-ai/lerobot@release/b1k->lerobot[dataset] @ git+https://github.com/wensi-ai/lerobot@release/b1k->omnigibson==3.9.3)
  Downloading aiohappyeyeballs-2.7.1-py3-none-any.whl.metadata (5.9 kB)
Collecting aiosignal>=1.4.0 (from aiohttp!=4.0.0a0,!=4.0.0a1->fsspec[http]<=2026.2.0,>=2023.1.0->datasets<5.0.0,>=4.0.0->lerobot @ git+https://github.com/wensi-ai/lerobot@release/b1k->lerobot[dataset] @ git+https://github.com/wensi-ai/lerobot@release/b1k->omnigibson==3.9.3)
  Downloading aiosignal-1.4.0-py3-none-any.whl.metadata (3.7 kB)
Collecting frozenlist>=1.1.1 (from aiohttp!=4.0.0a0,!=4.0.0a1->fsspec[http]<=2026.2.0,>=2023.1.0->datasets<5.0.0,>=4.0.0->lerobot @ git+https://github.com/wensi-ai/lerobot@release/b1k->lerobot[dataset] @ git+https://github.com/wensi-ai/lerobot@release/b1k->omnigibson==3.9.3)
  Downloading frozenlist-1.8.0-cp311-cp311-manylinux1_x86_64.manylinux_2_28_x86_64.manylinux_2_5_x86_64.whl.metadata (20 kB)
Collecting multidict<7.0,>=4.5 (from aiohttp!=4.0.0a0,!=4.0.0a1->fsspec[http]<=2026.2.0,>=2023.1.0->datasets<5.0.0,>=4.0.0->lerobot @ git+https://github.com/wensi-ai/lerobot@release/b1k->lerobot[dataset] @ git+https://github.com/wensi-ai/lerobot@release/b1k->omnigibson==3.9.3)
  Downloading multidict-6.9.1-cp311-cp311-manylinux2014_x86_64.manylinux_2_17_x86_64.manylinux_2_28_x86_64.whl.metadata (5.3 kB)
Collecting propcache>=0.2.0 (from aiohttp!=4.0.0a0,!=4.0.0a1->fsspec[http]<=2026.2.0,>=2023.1.0->datasets<5.0.0,>=4.0.0->lerobot @ git+https://github.com/wensi-ai/lerobot@release/b1k->lerobot[dataset] @ git+https://github.com/wensi-ai/lerobot@release/b1k->omnigibson==3.9.3)
  Downloading propcache-0.5.4-cp311-cp311-manylinux2014_x86_64.manylinux_2_17_x86_64.manylinux_2_28_x86_64.whl.metadata (25 kB)
Collecting yarl<2.0,>=1.17.0 (from aiohttp!=4.0.0a0,!=4.0.0a1->fsspec[http]<=2026.2.0,>=2023.1.0->datasets<5.0.0,>=4.0.0->lerobot @ git+https://github.com/wensi-ai/lerobot@release/b1k->lerobot[dataset] @ git+https://github.com/wensi-ai/lerobot@release/b1k->omnigibson==3.9.3)
  Downloading yarl-1.25.1-cp311-cp311-manylinux2014_x86_64.manylinux_2_17_x86_64.manylinux_2_28_x86_64.whl.metadata (111 kB)
INFO: pip is looking at multiple versions of cryptography to determine which version is compatible with other requirements. This could take a while.
Collecting cryptography>=41.0.7 (from omnigibson==3.9.3)
  Downloading cryptography-50.0.1-cp311-abi3-manylinux_2_34_x86_64.whl.metadata (4.3 kB)
  Downloading cryptography-50.0.0-cp311-abi3-manylinux_2_34_x86_64.whl.metadata (4.3 kB)
  Downloading cryptography-49.0.0-cp311-abi3-manylinux_2_34_x86_64.whl.metadata (4.3 kB)
  Downloading cryptography-48.0.1-cp311-abi3-manylinux_2_34_x86_64.whl.metadata (4.3 kB)
  Downloading cryptography-48.0.0-cp311-abi3-manylinux_2_34_x86_64.whl.metadata (4.3 kB)
  Downloading cryptography-47.0.0-cp311-abi3-manylinux_2_34_x86_64.whl.metadata (4.5 kB)
  Downloading cryptography-46.0.7-cp311-abi3-manylinux_2_34_x86_64.whl.metadata (5.7 kB)
INFO: pip is still looking at multiple versions of cryptography to determine which version is compatible with other requirements. This could take a while.
  Downloading cryptography-46.0.6-cp311-abi3-manylinux_2_34_x86_64.whl.metadata (5.7 kB)
  Downloading cryptography-46.0.5-cp311-abi3-manylinux_2_34_x86_64.whl.metadata (5.7 kB)
  Downloading cryptography-46.0.4-cp311-abi3-manylinux_2_34_x86_64.whl.metadata (5.7 kB)
  Downloading cryptography-46.0.3-cp311-abi3-manylinux_2_34_x86_64.whl.metadata (5.7 kB)
  Downloading cryptography-46.0.2-cp311-abi3-manylinux_2_34_x86_64.whl.metadata (5.7 kB)
INFO: This is taking longer than usual. You might need to provide the dependency resolver with stricter constraints to reduce runtime. See https://pip.pypa.io/warnings/backtracking for guidance. If you want to abort this run, press Ctrl + C.
  Downloading cryptography-46.0.1-cp311-abi3-manylinux_2_34_x86_64.whl.metadata (5.7 kB)
  Downloading cryptography-46.0.0-cp311-abi3-manylinux_2_34_x86_64.whl.metadata (5.7 kB)
Collecting absl-py>=0.6.1 (from dm_tree>=0.1.9->omnigibson==3.9.3)
  Downloading absl_py-2.5.0-py3-none-any.whl.metadata (3.3 kB)
Collecting wrapt>=1.11.2 (from dm_tree>=0.1.9->omnigibson==3.9.3)
  Downloading wrapt-2.5.0-cp311-cp311-manylinux1_x86_64.manylinux_2_28_x86_64.manylinux_2_5_x86_64.whl.metadata (7.6 kB)
Collecting gitdb<5,>=4.0.1 (from GitPython>=3.1.40->omnigibson==3.9.3)
  Downloading gitdb-4.0.12-py3-none-any.whl.metadata (1.2 kB)
Collecting smmap<6,>=3.0.1 (from gitdb<5,>=4.0.1->GitPython>=3.1.40->omnigibson==3.9.3)
  Downloading smmap-5.0.3-py3-none-any.whl.metadata (4.6 kB)
Collecting google-auth>=1.12.0 (from gspread>=6.2.1->omnigibson==3.9.3)
  Downloading google_auth-2.59.1-py3-none-any.whl.metadata (6.0 kB)
Collecting google-auth-oauthlib>=0.4.1 (from gspread>=6.2.1->omnigibson==3.9.3)
  Downloading google_auth_oauthlib-1.5.0-py3-none-any.whl.metadata (2.6 kB)
Collecting pyasn1-modules>=0.2.1 (from google-auth>=1.12.0->gspread>=6.2.1->omnigibson==3.9.3)
  Downloading pyasn1_modules-0.4.2-py3-none-any.whl.metadata (3.5 kB)
Collecting requests-oauthlib>=0.7.0 (from google-auth-oauthlib>=0.4.1->gspread>=6.2.1->omnigibson==3.9.3)
  Downloading requests_oauthlib-2.0.0-py2.py3-none-any.whl.metadata (11 kB)
WARNING: huggingface-hub 1.33.0 does not provide the extra 'cli'
Collecting antlr4-python3-runtime==4.9.* (from hydra-core>=1.3.2->omnigibson==3.9.3)
  Downloading antlr4-python3-runtime-4.9.3.tar.gz (117 kB)
  Preparing metadata (pyproject.toml): started
  Preparing metadata (pyproject.toml): finished with status 'done'
Collecting ipython-pygments-lexers>=1.0.0 (from ipython>=8.20.0->omnigibson==3.9.3)
  Downloading ipython_pygments_lexers-1.1.1-py3-none-any.whl.metadata (1.1 kB)
Collecting jedi>=0.18.2 (from ipython>=8.20.0->omnigibson==3.9.3)
  Downloading jedi-0.20.0-py2.py3-none-any.whl.metadata (23 kB)
Collecting matplotlib-inline>=0.1.6 (from ipython>=8.20.0->omnigibson==3.9.3)
  Downloading matplotlib_inline-0.2.2-py3-none-any.whl.metadata (2.4 kB)
Collecting pexpect>4.6 (from ipython>=8.20.0->omnigibson==3.9.3)
  Downloading pexpect-4.9.0-py2.py3-none-any.whl.metadata (2.5 kB)
Collecting prompt_toolkit<3.1.0,>=3.0.41 (from ipython>=8.20.0->omnigibson==3.9.3)
  Downloading prompt_toolkit-3.0.53-py3-none-any.whl.metadata (6.4 kB)
Collecting psutil>=7 (from ipython>=8.20.0->omnigibson==3.9.3)
  Downloading psutil-7.2.2-cp36-abi3-manylinux2010_x86_64.manylinux_2_12_x86_64.manylinux_2_28_x86_64.whl.metadata (22 kB)
Requirement already satisfied: pygments>=2.14.0 in /home/juyoung/miniconda3/envs/behavior/lib/python3.11/site-packages (from ipython>=8.20.0->omnigibson==3.9.3) (2.21.0)
Collecting stack_data>=0.6.0 (from ipython>=8.20.0->omnigibson==3.9.3)
  Downloading stack_data-0.6.3-py3-none-any.whl.metadata (18 kB)
Requirement already satisfied: traitlets>=5.13.0 in /home/juyoung/miniconda3/envs/behavior/lib/python3.11/site-packages (from ipython>=8.20.0->omnigibson==3.9.3) (5.16.1)
Collecting wcwidth>=0.1.4 (from prompt_toolkit<3.1.0,>=3.0.41->ipython>=8.20.0->omnigibson==3.9.3)
  Downloading wcwidth-0.9.1-cp310-abi3-manylinux2014_x86_64.manylinux_2_17_x86_64.whl.metadata (23 kB)
Collecting parso<0.9.0,>=0.8.6 (from jedi>=0.18.2->ipython>=8.20.0->omnigibson==3.9.3)
  Downloading parso-0.8.7-py2.py3-none-any.whl.metadata (8.2 kB)
Collecting contourpy>=1.0.1 (from matplotlib>=3.0.0->omnigibson==3.9.3)
  Downloading contourpy-1.3.3-cp311-cp311-manylinux_2_27_x86_64.manylinux_2_28_x86_64.whl.metadata (5.5 kB)
Collecting cycler>=0.10 (from matplotlib>=3.0.0->omnigibson==3.9.3)
  Downloading cycler-0.12.1-py3-none-any.whl.metadata (3.8 kB)
Collecting fonttools>=4.28.2 (from matplotlib>=3.0.0->omnigibson==3.9.3)
  Downloading fonttools-4.66.1-cp311-cp311-manylinux2014_x86_64.manylinux_2_17_x86_64.whl.metadata (130 kB)
Collecting kiwisolver>=1.3.1 (from matplotlib>=3.0.0->omnigibson==3.9.3)
  Downloading kiwisolver-1.5.1-cp311-cp311-manylinux2014_x86_64.manylinux_2_17_x86_64.whl.metadata (5.2 kB)
Collecting pyparsing>=3 (from matplotlib>=3.0.0->omnigibson==3.9.3)
  Downloading pyparsing-3.3.3-py3-none-any.whl.metadata (5.9 kB)
Collecting llvmlite<0.51,>=0.50.0dev0 (from numba>=0.59.1->omnigibson==3.9.3)
  Downloading llvmlite-0.50.0-cp311-cp311-manylinux_2_27_x86_64.manylinux_2_28_x86_64.whl.metadata (5.1 kB)
Collecting dash>=2.6.0 (from open3d>=0.19.0->omnigibson==3.9.3)
  Downloading dash-4.4.1-py3-none-any.whl.metadata (11 kB)
Collecting werkzeug>=3.0.0 (from open3d>=0.19.0->omnigibson==3.9.3)
  Downloading werkzeug-3.1.9-py3-none-any.whl.metadata (4.1 kB)
Collecting flask>=3.0.0 (from open3d>=0.19.0->omnigibson==3.9.3)
  Downloading flask-3.1.3-py3-none-any.whl.metadata (3.2 kB)
Requirement already satisfied: nbformat>=5.7.0 in /home/juyoung/miniconda3/envs/behavior/lib/python3.11/site-packages (from open3d>=0.19.0->omnigibson==3.9.3) (5.11.1)
Collecting configargparse (from open3d>=0.19.0->omnigibson==3.9.3)
  Downloading configargparse-1.8.0-py3-none-any.whl.metadata (23 kB)
Collecting ipywidgets>=8.0.4 (from open3d>=0.19.0->omnigibson==3.9.3)
  Downloading ipywidgets-8.1.9-py3-none-any.whl.metadata (2.4 kB)
Collecting plotly>=5.0.0 (from dash>=2.6.0->open3d>=0.19.0->omnigibson==3.9.3)
  Downloading plotly-7.1.0-py3-none-any.whl.metadata (8.8 kB)
Collecting importlib-metadata (from dash>=2.6.0->open3d>=0.19.0->omnigibson==3.9.3)
  Downloading importlib_metadata-9.0.1-py3-none-any.whl.metadata (4.5 kB)
Collecting retrying (from dash>=2.6.0->open3d>=0.19.0->omnigibson==3.9.3)
  Downloading retrying-1.4.2-py3-none-any.whl.metadata (5.5 kB)
Collecting janus>=1.0.0 (from dash>=2.6.0->open3d>=0.19.0->omnigibson==3.9.3)
  Downloading janus-2.0.0-py3-none-any.whl.metadata (5.3 kB)
Collecting pydantic>=2.10 (from dash>=2.6.0->open3d>=0.19.0->omnigibson==3.9.3)
  Downloading pydantic-2.13.5-py3-none-any.whl.metadata (110 kB)
Collecting comm (from dash>=2.6.0->open3d>=0.19.0->omnigibson==3.9.3)
  Downloading comm-0.2.3-py3-none-any.whl.metadata (3.7 kB)
Collecting blinker>=1.9.0 (from flask>=3.0.0->open3d>=0.19.0->omnigibson==3.9.3)
  Downloading blinker-1.9.0-py3-none-any.whl.metadata (1.6 kB)
Collecting itsdangerous>=2.2.0 (from flask>=3.0.0->open3d>=0.19.0->omnigibson==3.9.3)
  Downloading itsdangerous-2.2.0-py3-none-any.whl.metadata (1.9 kB)
Requirement already satisfied: markupsafe>=2.1.1 in /home/juyoung/miniconda3/envs/behavior/lib/python3.11/site-packages (from flask>=3.0.0->open3d>=0.19.0->omnigibson==3.9.3) (3.0.3)
Collecting widgetsnbextension~=4.0.16 (from ipywidgets>=8.0.4->open3d>=0.19.0->omnigibson==3.9.3)
  Downloading widgetsnbextension-4.0.16-py3-none-any.whl.metadata (1.6 kB)
Collecting jupyterlab_widgets~=3.0.17 (from ipywidgets>=8.0.4->open3d>=0.19.0->omnigibson==3.9.3)
  Downloading jupyterlab_widgets-3.0.17-py3-none-any.whl.metadata (20 kB)
Requirement already satisfied: fastjsonschema>=2.15 in /home/juyoung/miniconda3/envs/behavior/lib/python3.11/site-packages (from nbformat>=5.7.0->open3d>=0.19.0->omnigibson==3.9.3) (2.22.2)
Requirement already satisfied: jsonschema>=2.6 in /home/juyoung/miniconda3/envs/behavior/lib/python3.11/site-packages (from nbformat>=5.7.0->open3d>=0.19.0->omnigibson==3.9.3) (4.26.0)
Requirement already satisfied: jupyter-core!=5.0.*,>=4.12 in /home/juyoung/miniconda3/envs/behavior/lib/python3.11/site-packages (from nbformat>=5.7.0->open3d>=0.19.0->omnigibson==3.9.3) (5.9.1)
Requirement already satisfied: jsonschema-specifications>=2023.03.6 in /home/juyoung/miniconda3/envs/behavior/lib/python3.11/site-packages (from jsonschema>=2.6->nbformat>=5.7.0->open3d>=0.19.0->omnigibson==3.9.3) (2025.9.1)
Requirement already satisfied: referencing>=0.28.4 in /home/juyoung/miniconda3/envs/behavior/lib/python3.11/site-packages (from jsonschema>=2.6->nbformat>=5.7.0->open3d>=0.19.0->omnigibson==3.9.3) (0.37.0)
Requirement already satisfied: rpds-py>=0.25.0 in /home/juyoung/miniconda3/envs/behavior/lib/python3.11/site-packages (from jsonschema>=2.6->nbformat>=5.7.0->open3d>=0.19.0->omnigibson==3.9.3) (2026.6.3)
Requirement already satisfied: platformdirs>=2.5 in /home/juyoung/miniconda3/envs/behavior/lib/python3.11/site-packages (from jupyter-core!=5.0.*,>=4.12->nbformat>=5.7.0->open3d>=0.19.0->omnigibson==3.9.3) (4.12.2)
INFO: pip is looking at multiple versions of opencv-python to determine which version is compatible with other requirements. This could take a while.
Collecting opencv-python>=4.8.1 (from omnigibson==3.9.3)
  Downloading opencv_python-4.14.0.94-cp37-abi3-manylinux_2_28_x86_64.whl.metadata (19 kB)
  Downloading opencv_python-4.13.0.92-cp37-abi3-manylinux_2_28_x86_64.whl.metadata (19 kB)
  Downloading opencv_python-4.13.0.90-cp37-abi3-manylinux_2_28_x86_64.whl.metadata (19 kB)
  Downloading opencv_python-4.12.0.88-cp37-abi3-manylinux2014_x86_64.manylinux_2_17_x86_64.whl.metadata (19 kB)
  Downloading opencv_python-4.11.0.86-cp37-abi3-manylinux_2_17_x86_64.manylinux2014_x86_64.whl.metadata (20 kB)
Collecting ptyprocess>=0.5 (from pexpect>4.6->ipython>=8.20.0->omnigibson==3.9.3)
  Downloading ptyprocess-0.7.0-py2.py3-none-any.whl.metadata (1.3 kB)
Collecting narwhals>=1.15.1 (from plotly>=5.0.0->dash>=2.6.0->open3d>=0.19.0->omnigibson==3.9.3)
  Downloading narwhals-2.26.0-py3-none-any.whl.metadata (15 kB)
Collecting pyasn1<0.7.0,>=0.6.1 (from pyasn1-modules>=0.2.1->google-auth>=1.12.0->gspread>=6.2.1->omnigibson==3.9.3)
  Downloading pyasn1-0.6.4-py3-none-any.whl.metadata (8.4 kB)
Collecting annotated-types>=0.6.0 (from pydantic>=2.10->dash>=2.6.0->open3d>=0.19.0->omnigibson==3.9.3)
  Downloading annotated_types-0.8.0-py3-none-any.whl.metadata (15 kB)
Collecting pydantic-core==2.46.5 (from pydantic>=2.10->dash>=2.6.0->open3d>=0.19.0->omnigibson==3.9.3)
  Downloading pydantic_core-2.46.5-cp311-cp311-manylinux_2_17_x86_64.manylinux2014_x86_64.whl.metadata (6.6 kB)
Collecting typing-inspection>=0.4.2 (from pydantic>=2.10->dash>=2.6.0->open3d>=0.19.0->omnigibson==3.9.3)
  Downloading typing_inspection-0.4.4-py3-none-any.whl.metadata (2.6 kB)
Collecting six>=1.5 (from python-dateutil>=2.8.2->pandas<3.0.0,>=2.0.0->lerobot @ git+https://github.com/wensi-ai/lerobot@release/b1k->lerobot[dataset] @ git+https://github.com/wensi-ai/lerobot@release/b1k->omnigibson==3.9.3)
  Downloading six-1.17.0-py2.py3-none-any.whl.metadata (1.7 kB)
Collecting oauthlib>=3.0.0 (from requests-oauthlib>=0.7.0->google-auth-oauthlib>=0.4.1->gspread>=6.2.1->omnigibson==3.9.3)
  Downloading oauthlib-4.0.0-py3-none-any.whl.metadata (8.6 kB)
Collecting executing>=1.2.0 (from stack_data>=0.6.0->ipython>=8.20.0->omnigibson==3.9.3)
  Downloading executing-2.2.1-py2.py3-none-any.whl.metadata (8.9 kB)
Collecting asttokens>=2.1.0 (from stack_data>=0.6.0->ipython>=8.20.0->omnigibson==3.9.3)
  Downloading asttokens-3.0.2-py3-none-any.whl.metadata (5.7 kB)
Collecting pure-eval (from stack_data>=0.6.0->ipython>=8.20.0->omnigibson==3.9.3)
  Downloading pure_eval-0.2.4-py3-none-any.whl.metadata (6.4 kB)
Requirement already satisfied: mpmath<1.4,>=1.1.0 in /home/juyoung/miniconda3/envs/behavior/lib/python3.11/site-packages (from sympy>=1.13.3->torch<2.12.0,>=2.7->lerobot @ git+https://github.com/wensi-ai/lerobot@release/b1k->lerobot[dataset] @ git+https://github.com/wensi-ai/lerobot@release/b1k->omnigibson==3.9.3) (1.3.0)
Collecting zipp>=3.20 (from importlib-metadata->dash>=2.6.0->open3d>=0.19.0->omnigibson==3.9.3)
  Downloading zipp-4.1.0-py3-none-any.whl.metadata (3.6 kB)
Requirement already satisfied: markdown-it-py>=1.0 in /home/juyoung/miniconda3/envs/behavior/lib/python3.11/site-packages (from jupytext->bddl~=3.7.0->omnigibson==3.9.3) (4.2.0)
Requirement already satisfied: mdit-py-plugins in /home/juyoung/miniconda3/envs/behavior/lib/python3.11/site-packages (from jupytext->bddl~=3.7.0->omnigibson==3.9.3) (0.6.1)
Requirement already satisfied: mdurl~=0.1 in /home/juyoung/miniconda3/envs/behavior/lib/python3.11/site-packages (from markdown-it-py>=1.0->jupytext->bddl~=3.7.0->omnigibson==3.9.3) (0.1.2)
Collecting av<16.0.0,>=15.0.0 (from lerobot @ git+https://github.com/wensi-ai/lerobot@release/b1k->lerobot[dataset] @ git+https://github.com/wensi-ai/lerobot@release/b1k->omnigibson==3.9.3)
  Downloading av-15.1.0-cp311-cp311-manylinux_2_28_x86_64.whl.metadata (4.6 kB)
Requirement already satisfied: iniconfig>=1.0.1 in /home/juyoung/miniconda3/envs/behavior/lib/python3.11/site-packages (from pytest->bddl~=3.7.0->omnigibson==3.9.3) (2.3.0)
Requirement already satisfied: pluggy<2,>=1.5 in /home/juyoung/miniconda3/envs/behavior/lib/python3.11/site-packages (from pytest->bddl~=3.7.0->omnigibson==3.9.3) (1.6.0)
Downloading cffi-1.17.1-cp311-cp311-manylinux_2_17_x86_64.manylinux2014_x86_64.whl (467 kB)
Downloading draccus-0.10.0-py3-none-any.whl (71 kB)
Downloading cmake-4.1.3-py3-none-manylinux2014_x86_64.manylinux_2_17_x86_64.whl (29.7 MB)
   ━━━━━━━━━━━━━━━━━━━━━━━━━━━━━━━━━━━━━━━━ 29.7/29.7 MB 12.7 MB/s  0:00:02
Downloading datasets-4.8.5-py3-none-any.whl (528 kB)
   ━━━━━━━━━━━━━━━━━━━━━━━━━━━━━━━━━━━━━━━━ 529.0/529.0 kB 22.7 MB/s  0:00:00
Downloading dill-0.4.1-py3-none-any.whl (120 kB)
Downloading einops-0.8.2-py3-none-any.whl (65 kB)
Downloading fsspec-2026.2.0-py3-none-any.whl (202 kB)
Downloading gymnasium-1.3.0-py3-none-any.whl (953 kB)
   ━━━━━━━━━━━━━━━━━━━━━━━━━━━━━━━━━━━━━━━━ 953.9/953.9 kB 31.6 MB/s  0:00:00
Downloading httpx-0.28.1-py3-none-any.whl (73 kB)
Downloading httpcore-1.0.9-py3-none-any.whl (78 kB)
Downloading huggingface_hub-1.33.0-py3-none-any.whl (846 kB)
   ━━━━━━━━━━━━━━━━━━━━━━━━━━━━━━━━━━━━━━━━ 846.4/846.4 kB 18.4 MB/s  0:00:00
Downloading hf_xet-1.6.0-cp38-abi3-manylinux2014_x86_64.manylinux_2_17_x86_64.whl (4.5 MB)
   ━━━━━━━━━━━━━━━━━━━━━━━━━━━━━━━━━━━━━━━━ 4.5/4.5 MB 20.5 MB/s  0:00:00
Downloading jsonlines-4.0.0-py3-none-any.whl (8.7 kB)
Downloading mergedeep-1.3.4-py3-none-any.whl (6.4 kB)
Downloading multiprocess-0.70.19-py311-none-any.whl (144 kB)
Downloading opencv_python_headless-4.11.0.86-cp37-abi3-manylinux_2_17_x86_64.manylinux2014_x86_64.whl (50.0 MB)
   ━━━━━━━━━━━━━━━━━━━━━━━━━━━━━━━━━━━━━━━━ 50.0/50.0 MB 21.2 MB/s  0:00:02
Downloading packaging-25.0-py3-none-any.whl (66 kB)
Downloading pandas-2.3.3-cp311-cp311-manylinux_2_24_x86_64.manylinux_2_28_x86_64.whl (12.8 MB)
   ━━━━━━━━━━━━━━━━━━━━━━━━━━━━━━━━━━━━━━━━ 12.8/12.8 MB 17.7 MB/s  0:00:00
Downloading pillow-11.0.0-cp311-cp311-manylinux_2_28_x86_64.whl (4.4 MB)
   ━━━━━━━━━━━━━━━━━━━━━━━━━━━━━━━━━━━━━━━━ 4.4/4.4 MB 17.5 MB/s  0:00:00
Downloading pyarrow-25.0.1-cp311-cp311-manylinux_2_28_x86_64.whl (50.1 MB)
   ━━━━━━━━━━━━━━━━━━━━━━━━━━━━━━━━━━━━━━━━ 50.1/50.1 MB 17.0 MB/s  0:00:02
Downloading pymeshlab-2022.2.post4-cp311-cp311-manylinux_2_31_x86_64.whl (65.3 MB)
   ━━━━━━━━━━━━━━━━━━━━━━━━━━━━━━━━━━━━━━━━ 65.3/65.3 MB 12.4 MB/s  0:00:05
Downloading pyyaml_include-1.4.1-py3-none-any.whl (19 kB)
Downloading requests-2.34.2-py3-none-any.whl (73 kB)
Downloading charset_normalizer-3.5.2-cp311-cp311-manylinux2014_x86_64.manylinux_2_17_x86_64.manylinux_2_28_x86_64.whl (269 kB)
Downloading idna-3.20-py3-none-any.whl (69 kB)
Downloading safetensors-0.8.0-cp310-abi3-manylinux_2_17_x86_64.manylinux2014_x86_64.whl (516 kB)
Downloading termcolor-3.3.0-py3-none-any.whl (7.7 kB)
Downloading toml-0.10.2-py2.py3-none-any.whl (16 kB)
Downloading typing_inspect-0.9.0-py3-none-any.whl (8.8 kB)
Downloading urllib3-2.8.0-py3-none-any.whl (135 kB)
Downloading addict-2.4.0-py3-none-any.whl (3.8 kB)
Downloading aenum-3.1.17-py3-none-any.whl (165 kB)
Downloading aiohttp-3.14.3-cp311-cp311-manylinux2014_x86_64.manylinux_2_17_x86_64.manylinux_2_28_x86_64.whl (1.8 MB)
   ━━━━━━━━━━━━━━━━━━━━━━━━━━━━━━━━━━━━━━━━ 1.8/1.8 MB 26.4 MB/s  0:00:00
Downloading multidict-6.9.1-cp311-cp311-manylinux2014_x86_64.manylinux_2_17_x86_64.manylinux_2_28_x86_64.whl (320 kB)
Downloading yarl-1.25.1-cp311-cp311-manylinux2014_x86_64.manylinux_2_17_x86_64.manylinux_2_28_x86_64.whl (117 kB)
Downloading aiohappyeyeballs-2.7.1-py3-none-any.whl (15 kB)
Downloading aiosignal-1.4.0-py3-none-any.whl (7.5 kB)
Downloading certifi-2026.7.22-py3-none-any.whl (136 kB)
Downloading cryptography-46.0.0-cp311-abi3-manylinux_2_34_x86_64.whl (4.6 MB)
   ━━━━━━━━━━━━━━━━━━━━━━━━━━━━━━━━━━━━━━━━ 4.6/4.6 MB 5.5 MB/s  0:00:00
Downloading dm_tree-0.1.10-cp311-cp311-manylinux_2_24_x86_64.manylinux_2_28_x86_64.whl (185 kB)
Downloading absl_py-2.5.0-py3-none-any.whl (137 kB)
Downloading farama_notifications-0.0.6-py3-none-any.whl (2.9 kB)
Downloading frozenlist-1.8.0-cp311-cp311-manylinux1_x86_64.manylinux_2_28_x86_64.manylinux_2_5_x86_64.whl (231 kB)
Downloading gitpython-3.2.0-py3-none-any.whl (228 kB)
Downloading gitdb-4.0.12-py3-none-any.whl (62 kB)
Downloading smmap-5.0.3-py3-none-any.whl (24 kB)
Downloading graphviz-0.21-py3-none-any.whl (47 kB)
Downloading gspread-6.2.1-py3-none-any.whl (59 kB)
Downloading google_auth-2.59.1-py3-none-any.whl (263 kB)
Downloading google_auth_oauthlib-1.5.0-py3-none-any.whl (20 kB)
Downloading h11-0.16.0-py3-none-any.whl (37 kB)
Downloading h5py-3.16.0-cp311-cp311-manylinux_2_28_x86_64.whl (5.0 MB)
   ━━━━━━━━━━━━━━━━━━━━━━━━━━━━━━━━━━━━━━━━ 5.0/5.0 MB 9.4 MB/s  0:00:00
Downloading hydra_core-1.3.7-py3-none-any.whl (168 kB)
Downloading omegaconf-2.3.1-py3-none-any.whl (79 kB)
Downloading imageio-2.38.0-py3-none-any.whl (328 kB)
Downloading imageio_ffmpeg-0.6.0-py3-none-manylinux2014_x86_64.whl (29.5 MB)
   ━━━━━━━━━━━━━━━━━━━━━━━━━━━━━━━━━━━━━━━━ 29.5/29.5 MB 14.0 MB/s  0:00:02
Downloading ipython-9.17.1-py3-none-any.whl (639 kB)
   ━━━━━━━━━━━━━━━━━━━━━━━━━━━━━━━━━━━━━━━━ 639.0/639.0 kB 10.3 MB/s  0:00:00
Downloading prompt_toolkit-3.0.53-py3-none-any.whl (392 kB)
Downloading ipython_pygments_lexers-1.1.1-py3-none-any.whl (8.1 kB)
Downloading jedi-0.20.0-py2.py3-none-any.whl (4.9 MB)
   ━━━━━━━━━━━━━━━━━━━━━━━━━━━━━━━━━━━━━━━━ 4.9/4.9 MB 14.2 MB/s  0:00:00
Downloading parso-0.8.7-py2.py3-none-any.whl (107 kB)
Downloading lxml-6.1.3-cp311-cp311-manylinux_2_26_x86_64.manylinux_2_28_x86_64.whl (5.2 MB)
   ━━━━━━━━━━━━━━━━━━━━━━━━━━━━━━━━━━━━━━━━ 5.2/5.2 MB 10.4 MB/s  0:00:00
Downloading matplotlib-3.11.2-cp311-cp311-manylinux2014_x86_64.manylinux_2_17_x86_64.whl (9.9 MB)
   ━━━━━━━━━━━━━━━━━━━━━━━━━━━━━━━━━━━━━━━━ 9.9/9.9 MB 11.5 MB/s  0:00:00
Downloading contourpy-1.3.3-cp311-cp311-manylinux_2_27_x86_64.manylinux_2_28_x86_64.whl (355 kB)
Downloading cycler-0.12.1-py3-none-any.whl (8.3 kB)
Downloading fonttools-4.66.1-cp311-cp311-manylinux2014_x86_64.manylinux_2_17_x86_64.whl (5.4 MB)
   ━━━━━━━━━━━━━━━━━━━━━━━━━━━━━━━━━━━━━━━━ 5.4/5.4 MB 14.3 MB/s  0:00:00
Downloading kiwisolver-1.5.1-cp311-cp311-manylinux2014_x86_64.manylinux_2_17_x86_64.whl (1.4 MB)
   ━━━━━━━━━━━━━━━━━━━━━━━━━━━━━━━━━━━━━━━━ 1.4/1.4 MB 15.7 MB/s  0:00:00
Downloading matplotlib_inline-0.2.2-py3-none-any.whl (9.5 kB)
Downloading msgpack-1.2.3-cp311-cp311-manylinux2014_x86_64.manylinux_2_17_x86_64.manylinux_2_28_x86_64.whl (477 kB)
Downloading mypy_extensions-1.1.0-py3-none-any.whl (5.0 kB)
Downloading nest_asyncio-1.6.0-py3-none-any.whl (5.2 kB)
Downloading numba-0.68.0-cp311-cp311-manylinux_2_27_x86_64.manylinux_2_28_x86_64.whl (3.8 MB)
   ━━━━━━━━━━━━━━━━━━━━━━━━━━━━━━━━━━━━━━━━ 3.8/3.8 MB 16.3 MB/s  0:00:00
Downloading llvmlite-0.50.0-cp311-cp311-manylinux_2_27_x86_64.manylinux_2_28_x86_64.whl (59.7 MB)
   ━━━━━━━━━━━━━━━━━━━━━━━━━━━━━━━━━━━━━━━━ 59.7/59.7 MB 19.3 MB/s  0:00:03
Downloading open3d-0.20.0-cp311-cp311-manylinux_2_35_x86_64.whl (400.8 MB)
   ━━━━━━━━━━━━━━━━━━━━━━━━━━━━━━━━━━━━━━━━ 400.8/400.8 MB 17.7 MB/s  0:00:23
Downloading dash-4.4.1-py3-none-any.whl (8.9 MB)
   ━━━━━━━━━━━━━━━━━━━━━━━━━━━━━━━━━━━━━━━━ 8.9/8.9 MB 31.4 MB/s  0:00:00
Downloading flask-3.1.3-py3-none-any.whl (103 kB)
Downloading werkzeug-3.1.9-py3-none-any.whl (228 kB)
Downloading blinker-1.9.0-py3-none-any.whl (8.5 kB)
Downloading ipywidgets-8.1.9-py3-none-any.whl (140 kB)
Downloading jupyterlab_widgets-3.0.17-py3-none-any.whl (217 kB)
Downloading widgetsnbextension-4.0.16-py3-none-any.whl (2.2 MB)
   ━━━━━━━━━━━━━━━━━━━━━━━━━━━━━━━━━━━━━━━━ 2.2/2.2 MB 15.7 MB/s  0:00:00
Downloading comm-0.2.3-py3-none-any.whl (7.3 kB)
Downloading itsdangerous-2.2.0-py3-none-any.whl (16 kB)
Downloading janus-2.0.0-py3-none-any.whl (12 kB)
Downloading opencv_python-4.11.0.86-cp37-abi3-manylinux_2_17_x86_64.manylinux2014_x86_64.whl (63.0 MB)
   ━━━━━━━━━━━━━━━━━━━━━━━━━━━━━━━━━━━━━━━━ 63.0/63.0 MB 8.4 MB/s  0:00:07
Downloading pexpect-4.9.0-py2.py3-none-any.whl (63 kB)
Downloading plotly-7.1.0-py3-none-any.whl (9.7 MB)
   ━━━━━━━━━━━━━━━━━━━━━━━━━━━━━━━━━━━━━━━━ 9.7/9.7 MB 13.4 MB/s  0:00:00
Downloading narwhals-2.26.0-py3-none-any.whl (474 kB)
Downloading propcache-0.5.4-cp311-cp311-manylinux2014_x86_64.manylinux_2_17_x86_64.manylinux_2_28_x86_64.whl (235 kB)
Downloading psutil-7.2.2-cp36-abi3-manylinux2010_x86_64.manylinux_2_12_x86_64.manylinux_2_28_x86_64.whl (155 kB)
Downloading ptyprocess-0.7.0-py2.py3-none-any.whl (13 kB)
Downloading pyasn1_modules-0.4.2-py3-none-any.whl (181 kB)
Downloading pyasn1-0.6.4-py3-none-any.whl (84 kB)
Downloading pydantic-2.13.5-py3-none-any.whl (472 kB)
Downloading pydantic_core-2.46.5-cp311-cp311-manylinux_2_17_x86_64.manylinux2014_x86_64.whl (2.1 MB)
   ━━━━━━━━━━━━━━━━━━━━━━━━━━━━━━━━━━━━━━━━ 2.1/2.1 MB 14.5 MB/s  0:00:00
Downloading annotated_types-0.8.0-py3-none-any.whl (13 kB)
Downloading pyparsing-3.3.3-py3-none-any.whl (126 kB)
Downloading python_dateutil-2.9.0.post0-py2.py3-none-any.whl (229 kB)
Downloading pytz-2026.4-py2.py3-none-any.whl (506 kB)
Downloading requests_oauthlib-2.0.0-py2.py3-none-any.whl (24 kB)
Downloading oauthlib-4.0.0-py3-none-any.whl (159 kB)
Downloading rtree-1.4.1-py3-none-manylinux_2_24_x86_64.manylinux_2_28_x86_64.whl (507 kB)
Downloading scipy-1.17.1-cp311-cp311-manylinux_2_27_x86_64.manylinux_2_28_x86_64.whl (35.3 MB)
   ━━━━━━━━━━━━━━━━━━━━━━━━━━━━━━━━━━━━━━━━ 35.3/35.3 MB 11.5 MB/s  0:00:03
Downloading six-1.17.0-py2.py3-none-any.whl (11 kB)
Downloading stack_data-0.6.3-py3-none-any.whl (24 kB)
Downloading asttokens-3.0.2-py3-none-any.whl (28 kB)
Downloading executing-2.2.1-py2.py3-none-any.whl (28 kB)
Downloading transforms3d-0.4.2-py3-none-any.whl (1.4 MB)
   ━━━━━━━━━━━━━━━━━━━━━━━━━━━━━━━━━━━━━━━━ 1.4/1.4 MB 11.1 MB/s  0:00:00
Downloading trimesh-5.1.0-py3-none-any.whl (750 kB)
   ━━━━━━━━━━━━━━━━━━━━━━━━━━━━━━━━━━━━━━━━ 750.0/750.0 kB 11.2 MB/s  0:00:00
Downloading typing_inspection-0.4.4-py3-none-any.whl (14 kB)
Downloading tzdata-2026.4-py2.py3-none-any.whl (347 kB)
Downloading wcwidth-0.9.1-cp310-abi3-manylinux2014_x86_64.manylinux_2_17_x86_64.whl (768 kB)
   ━━━━━━━━━━━━━━━━━━━━━━━━━━━━━━━━━━━━━━━━ 768.4/768.4 kB 16.0 MB/s  0:00:00
Downloading websockets-17.1-cp311-cp311-manylinux1_x86_64.manylinux_2_28_x86_64.manylinux_2_5_x86_64.whl (224 kB)
Downloading wrapt-2.5.0-cp311-cp311-manylinux1_x86_64.manylinux_2_28_x86_64.manylinux_2_5_x86_64.whl (239 kB)
Downloading anyio-4.15.1-py3-none-any.whl (132 kB)
Downloading configargparse-1.8.0-py3-none-any.whl (34 kB)
Downloading importlib_metadata-9.0.1-py3-none-any.whl (27 kB)
Downloading zipp-4.1.0-py3-none-any.whl (10 kB)
Downloading av-15.1.0-cp311-cp311-manylinux_2_28_x86_64.whl (39.6 MB)
   ━━━━━━━━━━━━━━━━━━━━━━━━━━━━━━━━━━━━━━━━ 39.6/39.6 MB 15.1 MB/s  0:00:02
Downloading pure_eval-0.2.4-py3-none-any.whl (11 kB)
Downloading pycparser-3.0-py3-none-any.whl (48 kB)
Downloading retrying-1.4.2-py3-none-any.whl (10 kB)
Downloading xxhash-4.0.1-cp311-cp311-manylinux2014_x86_64.manylinux_2_17_x86_64.manylinux_2_28_x86_64.whl (261 kB)
Building wheels for collected packages: omnigibson, lerobot, antlr4-python3-runtime, progressbar
  Building editable for omnigibson (pyproject.toml): started
  Building editable for omnigibson (pyproject.toml): finished with status 'done'
  Created wheel for omnigibson: filename=omnigibson-3.9.3-0.editable-py3-none-any.whl size=5920 sha256=b46db6f66488560142af91f93f1d785bbbe00749a58b71e2e32c9fd9834af0fa
  Stored in directory: /tmp/pip-ephem-wheel-cache-zltl2ew5/wheels/a5/ef/f5/b13feefcef7fec31df758d6753af90e8d8ffe86ab58e8bab99
  Building wheel for lerobot (pyproject.toml): started
  Building wheel for lerobot (pyproject.toml): finished with status 'done'
  Created wheel for lerobot: filename=lerobot-0.5.2-py3-none-any.whl size=1293910 sha256=95fb72ff71e1d3d2b11ceea17955a39d9facb6c20e966521dc880db61fbd6b32
  Stored in directory: /tmp/pip-ephem-wheel-cache-zltl2ew5/wheels/55/ab/4c/c575cbf13397597b8f9879e8e7315e991359f04e037ae118c9
  Building wheel for antlr4-python3-runtime (pyproject.toml): started
  Building wheel for antlr4-python3-runtime (pyproject.toml): finished with status 'done'
  Created wheel for antlr4-python3-runtime: filename=antlr4_python3_runtime-4.9.3-py3-none-any.whl size=144591 sha256=a814d43e07d1d508e8626e7cf6107eb5d73ee14911d01a71800aaca922abc763
  Stored in directory: /home/juyoung/.cache/pip/wheels/1a/97/32/461f837398029ad76911109f07047fde1d7b661a147c7c56d1
  Building wheel for progressbar (pyproject.toml): started
  Building wheel for progressbar (pyproject.toml): finished with status 'done'
  Created wheel for progressbar: filename=progressbar-2.5-py3-none-any.whl size=12145 sha256=d4697bc89fb5c2fa405a5995cf8b84bb5e21662353e1ee00e2683eb4906f15cb
  Stored in directory: /home/juyoung/.cache/pip/wheels/8d/bb/b2/5353b966ac6f3c5e1000629a9a5f6aed41794487f551e32efc
Successfully built omnigibson lerobot antlr4-python3-runtime progressbar
Installing collected packages: pytz, pure-eval, ptyprocess, progressbar, farama-notifications, antlr4-python3-runtime, aenum, addict, zipp, xxhash, wrapt, widgetsnbextension, werkzeug, websockets, wcwidth, urllib3, tzdata, typing-inspection, trimesh, transforms3d, toml, termcolor, smmap, six, scipy, safetensors, rtree, retrying, pyyaml-include, pyparsing, pymeshlab, pydantic-core, pycparser, pyasn1, pyarrow, psutil, propcache, pillow, pexpect, parso, packaging, opencv-python-headless, opencv-python, omegaconf, oauthlib, nest_asyncio, narwhals, mypy-extensions, multidict, msgpack, mergedeep, matplotlib-inline, lxml, llvmlite, kiwisolver, jupyterlab_widgets, jsonlines, janus, itsdangerous, ipython-pygments-lexers, imageio-ffmpeg, idna, hf-xet, h5py, h11, gymnasium, graphviz, fsspec, frozenlist, fonttools, executing, einops, dill, cycler, contourpy, configargparse, comm, cmake, charset_normalizer, certifi, blinker, av, asttokens, annotated-types, aiohappyeyeballs, absl-py, yarl, typing-inspect, stack_data, requests, python-dateutil, pydantic, pyasn1-modules, prompt_toolkit, plotly, numba, multiprocess, jedi, importlib-metadata, imageio, hydra-core, httpcore, gitdb, flask, dm_tree, cffi, anyio, aiosignal, requests-oauthlib, pandas, matplotlib, ipython, httpx, GitPython, draccus, dash, cryptography, aiohttp, ipywidgets, huggingface-hub, google-auth, open3d, lerobot, google-auth-oauthlib, datasets, gspread, omnigibson
  Attempting uninstall: pillow
    Found existing installation: pillow 12.3.0
    Uninstalling pillow-12.3.0:
      Successfully uninstalled pillow-12.3.0
  Attempting uninstall: packaging
    Found existing installation: packaging 26.3
    Uninstalling packaging-26.3:
      Successfully uninstalled packaging-26.3
  Attempting uninstall: fsspec
    Found existing installation: fsspec 2026.7.0
    Uninstalling fsspec-2026.7.0:
      Successfully uninstalled fsspec-2026.7.0

Successfully installed GitPython-3.2.0 absl-py-2.5.0 addict-2.4.0 aenum-3.1.17 aiohappyeyeballs-2.7.1 aiohttp-3.14.3 aiosignal-1.4.0 annotated-types-0.8.0 antlr4-python3-runtime-4.9.3 anyio-4.15.1 asttokens-3.0.2 av-15.1.0 blinker-1.9.0 certifi-2026.7.22 cffi-1.17.1 charset_normalizer-3.5.2 cmake-4.1.3 comm-0.2.3 configargparse-1.8.0 contourpy-1.3.3 cryptography-46.0.0 cycler-0.12.1 dash-4.4.1 datasets-4.8.5 dill-0.4.1 dm_tree-0.1.10 draccus-0.10.0 einops-0.8.2 executing-2.2.1 farama-notifications-0.0.6 flask-3.1.3 fonttools-4.66.1 frozenlist-1.8.0 fsspec-2026.2.0 gitdb-4.0.12 google-auth-2.59.1 google-auth-oauthlib-1.5.0 graphviz-0.21 gspread-6.2.1 gymnasium-1.3.0 h11-0.16.0 h5py-3.16.0 hf-xet-1.6.0 httpcore-1.0.9 httpx-0.28.1 huggingface-hub-1.33.0 hydra-core-1.3.7 idna-3.20 imageio-2.38.0 imageio-ffmpeg-0.6.0 importlib-metadata-9.0.1 ipython-9.17.1 ipython-pygments-lexers-1.1.1 ipywidgets-8.1.9 itsdangerous-2.2.0 janus-2.0.0 jedi-0.20.0 jsonlines-4.0.0 jupyterlab_widgets-3.0.17 kiwisolver-1.5.1 lerobot-0.5.2 llvmlite-0.50.0 lxml-6.1.3 matplotlib-3.11.2 matplotlib-inline-0.2.2 mergedeep-1.3.4 msgpack-1.2.3 multidict-6.9.1 multiprocess-0.70.19 mypy-extensions-1.1.0 narwhals-2.26.0 nest_asyncio-1.6.0 numba-0.68.0 oauthlib-4.0.0 omegaconf-2.3.1 omnigibson-3.9.3 open3d-0.20.0 opencv-python-4.11.0.86 opencv-python-headless-4.11.0.86 packaging-25.0 pandas-2.3.3 parso-0.8.7 pexpect-4.9.0 pillow-11.0.0 plotly-7.1.0 progressbar-2.5 prompt_toolkit-3.0.53 propcache-0.5.4 psutil-7.2.2 ptyprocess-0.7.0 pure-eval-0.2.4 pyarrow-25.0.1 pyasn1-0.6.4 pyasn1-modules-0.4.2 pycparser-3.0 pydantic-2.13.5 pydantic-core-2.46.5 pymeshlab-2022.2.post4 pyparsing-3.3.3 python-dateutil-2.9.0.post0 pytz-2026.4 pyyaml-include-1.4.1 requests-2.34.2 requests-oauthlib-2.0.0 retrying-1.4.2 rtree-1.4.1 safetensors-0.8.0 scipy-1.17.1 six-1.17.0 smmap-5.0.3 stack_data-0.6.3 termcolor-3.3.0 toml-0.10.2 transforms3d-0.4.2 trimesh-5.1.0 typing-inspect-0.9.0 typing-inspection-0.4.4 tzdata-2026.4 urllib3-2.8.0 wcwidth-0.9.1 websockets-17.1 werkzeug-3.1.9 widgetsnbextension-4.0.16 wrapt-2.5.0 xxhash-4.0.1 yarl-1.25.1 zipp-4.1.0
Installing Isaac Sim via pip...
Downloading omniverse_kit-107.3.1.206797...
Downloading isaacsim_kernel-5.1.0.0...
Downloading isaacsim_app-5.1.0.0...
Downloading isaacsim_core-5.1.0.0...
Downloading isaacsim_gui-5.1.0.0...
Downloading isaacsim_utils-5.1.0.0...
Downloading isaacsim_storage-5.1.0.0...
Downloading isaacsim_asset-5.1.0.0...
Downloading isaacsim_sensor-5.1.0.0...
Downloading isaacsim_robot_motion-5.1.0.0...
Downloading isaacsim_robot-5.1.0.0...
Downloading isaacsim_benchmark-5.1.0.0...
Downloading isaacsim_code_editor-5.1.0.0...
Downloading isaacsim_ros1-5.1.0.0...
Downloading isaacsim_cortex-5.1.0.0...
Downloading isaacsim_example-5.1.0.0...
Downloading isaacsim_replicator-5.1.0.0...
Downloading isaacsim_rl-5.1.0.0...
Downloading isaacsim_robot_setup-5.1.0.0...
Downloading isaacsim_ros2-5.1.0.0...
Downloading isaacsim_template-5.1.0.0...
Downloading isaacsim_test-5.1.0.0...
Downloading isaacsim-5.1.0.0...
Downloading isaacsim_extscache_physics-5.1.0.0...
Downloading isaacsim_extscache_kit-5.1.0.0...
Downloading isaacsim_extscache_kit_sdk-5.1.0.0...
Installing Isaac Sim packages...
Processing /tmp/tmp.Lw2lz9sTFJ/omniverse_kit-107.3.1.206797-cp311-none-manylinux_2_35_x86_64.whl
Processing /tmp/tmp.Lw2lz9sTFJ/isaacsim_kernel-5.1.0.0-cp311-none-manylinux_2_35_x86_64.whl
Processing /tmp/tmp.Lw2lz9sTFJ/isaacsim_app-5.1.0.0-cp311-none-manylinux_2_35_x86_64.whl
Processing /tmp/tmp.Lw2lz9sTFJ/isaacsim_core-5.1.0.0-cp311-none-manylinux_2_35_x86_64.whl
Processing /tmp/tmp.Lw2lz9sTFJ/isaacsim_gui-5.1.0.0-cp311-none-manylinux_2_35_x86_64.whl
Processing /tmp/tmp.Lw2lz9sTFJ/isaacsim_utils-5.1.0.0-cp311-none-manylinux_2_35_x86_64.whl
Processing /tmp/tmp.Lw2lz9sTFJ/isaacsim_storage-5.1.0.0-cp311-none-manylinux_2_35_x86_64.whl
Processing /tmp/tmp.Lw2lz9sTFJ/isaacsim_asset-5.1.0.0-cp311-none-manylinux_2_35_x86_64.whl
Processing /tmp/tmp.Lw2lz9sTFJ/isaacsim_sensor-5.1.0.0-cp311-none-manylinux_2_35_x86_64.whl
Processing /tmp/tmp.Lw2lz9sTFJ/isaacsim_robot_motion-5.1.0.0-cp311-none-manylinux_2_35_x86_64.whl
Processing /tmp/tmp.Lw2lz9sTFJ/isaacsim_robot-5.1.0.0-cp311-none-manylinux_2_35_x86_64.whl
Processing /tmp/tmp.Lw2lz9sTFJ/isaacsim_benchmark-5.1.0.0-cp311-none-manylinux_2_35_x86_64.whl
Processing /tmp/tmp.Lw2lz9sTFJ/isaacsim_code_editor-5.1.0.0-cp311-none-manylinux_2_35_x86_64.whl
Processing /tmp/tmp.Lw2lz9sTFJ/isaacsim_ros1-5.1.0.0-cp311-none-manylinux_2_35_x86_64.whl
Processing /tmp/tmp.Lw2lz9sTFJ/isaacsim_cortex-5.1.0.0-cp311-none-manylinux_2_35_x86_64.whl
Processing /tmp/tmp.Lw2lz9sTFJ/isaacsim_example-5.1.0.0-cp311-none-manylinux_2_35_x86_64.whl
Processing /tmp/tmp.Lw2lz9sTFJ/isaacsim_replicator-5.1.0.0-cp311-none-manylinux_2_35_x86_64.whl
Processing /tmp/tmp.Lw2lz9sTFJ/isaacsim_rl-5.1.0.0-cp311-none-manylinux_2_35_x86_64.whl
Processing /tmp/tmp.Lw2lz9sTFJ/isaacsim_robot_setup-5.1.0.0-cp311-none-manylinux_2_35_x86_64.whl
Processing /tmp/tmp.Lw2lz9sTFJ/isaacsim_ros2-5.1.0.0-cp311-none-manylinux_2_35_x86_64.whl
Processing /tmp/tmp.Lw2lz9sTFJ/isaacsim_template-5.1.0.0-cp311-none-manylinux_2_35_x86_64.whl
Processing /tmp/tmp.Lw2lz9sTFJ/isaacsim_test-5.1.0.0-cp311-none-manylinux_2_35_x86_64.whl
Processing /tmp/tmp.Lw2lz9sTFJ/isaacsim-5.1.0.0-cp311-none-manylinux_2_35_x86_64.whl
Processing /tmp/tmp.Lw2lz9sTFJ/isaacsim_extscache_physics-5.1.0.0-cp311-none-manylinux_2_35_x86_64.whl
Processing /tmp/tmp.Lw2lz9sTFJ/isaacsim_extscache_kit-5.1.0.0-cp311-none-manylinux_2_35_x86_64.whl
Processing /tmp/tmp.Lw2lz9sTFJ/isaacsim_extscache_kit_sdk-5.1.0.0-cp311-none-manylinux_2_35_x86_64.whl
Collecting aiohttp==3.11.11 (from isaacsim-kernel==5.1.0.0)
  Downloading aiohttp-3.11.11-cp311-cp311-manylinux_2_17_x86_64.manylinux2014_x86_64.whl.metadata (7.7 kB)
Collecting pycares==4.8.0 (from isaacsim-kernel==5.1.0.0)
  Downloading pycares-4.8.0-cp311-cp311-manylinux_2_17_x86_64.manylinux2014_x86_64.whl.metadata (4.3 kB)
Collecting aiodns==3.1.1 (from isaacsim-kernel==5.1.0.0)
  Downloading aiodns-3.1.1-py3-none-any.whl.metadata (4.0 kB)
Collecting Pillow==11.3.0 (from isaacsim-kernel==5.1.0.0)
  Downloading pillow-11.3.0-cp311-cp311-manylinux_2_27_x86_64.manylinux_2_28_x86_64.whl.metadata (9.0 kB)
Requirement already satisfied: toml==0.10.2 in /home/juyoung/miniconda3/envs/behavior/lib/python3.11/site-packages (from isaacsim-kernel==5.1.0.0) (0.10.2)
Collecting numpy==1.26.0 (from isaacsim-kernel==5.1.0.0)
  Downloading numpy-1.26.0-cp311-cp311-manylinux_2_17_x86_64.manylinux2014_x86_64.whl.metadata (58 kB)
Collecting click==8.1.7 (from isaacsim-kernel==5.1.0.0)
  Downloading click-8.1.7-py3-none-any.whl.metadata (3.0 kB)
Collecting websockets==12.0 (from isaacsim-kernel==5.1.0.0)
  Downloading websockets-12.0-cp311-cp311-manylinux_2_5_x86_64.manylinux1_x86_64.manylinux_2_17_x86_64.manylinux2014_x86_64.whl.metadata (6.6 kB)
Collecting fastapi==0.115.7 (from isaacsim-kernel==5.1.0.0)
  Downloading fastapi-0.115.7-py3-none-any.whl.metadata (27 kB)
Collecting attrs==25.1.0 (from isaacsim-kernel==5.1.0.0)
  Downloading attrs-25.1.0-py3-none-any.whl.metadata (10 kB)
Collecting multidict==6.1.0 (from isaacsim-kernel==5.1.0.0)
  Downloading multidict-6.1.0-cp311-cp311-manylinux_2_17_x86_64.manylinux2014_x86_64.whl.metadata (5.0 kB)
Collecting async_timeout==5.0.1 (from isaacsim-kernel==5.1.0.0)
  Downloading async_timeout-5.0.1-py3-none-any.whl.metadata (5.1 kB)
Collecting yarl==1.18.3 (from isaacsim-kernel==5.1.0.0)
  Downloading yarl-1.18.3-cp311-cp311-manylinux_2_17_x86_64.manylinux2014_x86_64.whl.metadata (69 kB)
Collecting idna==3.10 (from isaacsim-kernel==5.1.0.0)
  Downloading idna-3.10-py3-none-any.whl.metadata (10 kB)
Collecting idna-ssl==1.1.0 (from isaacsim-kernel==5.1.0.0)
  Downloading idna-ssl-1.1.0.tar.gz (3.4 kB)
  Installing build dependencies: started
  Installing build dependencies: finished with status 'done'
  Getting requirements to build wheel: started
  Getting requirements to build wheel: finished with status 'done'
  Preparing metadata (pyproject.toml): started
  Preparing metadata (pyproject.toml): finished with status 'done'
Collecting typing_extensions==4.12.2 (from isaacsim-kernel==5.1.0.0)
  Downloading typing_extensions-4.12.2-py3-none-any.whl.metadata (3.0 kB)
Collecting aiofiles==23.2.1 (from isaacsim-kernel==5.1.0.0)
  Downloading aiofiles-23.2.1-py3-none-any.whl.metadata (9.7 kB)
Collecting aiosignal==1.3.2 (from isaacsim-kernel==5.1.0.0)
  Downloading aiosignal-1.3.2-py2.py3-none-any.whl.metadata (3.8 kB)
Collecting uvicorn==0.29.0 (from isaacsim-kernel==5.1.0.0)
  Downloading uvicorn-0.29.0-py3-none-any.whl.metadata (6.3 kB)
Collecting httptools==0.6.1 (from isaacsim-kernel==5.1.0.0)
  Downloading httptools-0.6.1-cp311-cp311-manylinux_2_5_x86_64.manylinux1_x86_64.manylinux_2_17_x86_64.manylinux2014_x86_64.whl.metadata (3.6 kB)
Collecting asteval==1.0.6 (from isaacsim-kernel==5.1.0.0)
  Downloading asteval-1.0.6-py3-none-any.whl.metadata (6.2 kB)
Collecting python-multipart==0.0.20 (from isaacsim-kernel==5.1.0.0)
  Downloading python_multipart-0.0.20-py3-none-any.whl.metadata (1.8 kB)
Collecting wrapt==1.16.0 (from isaacsim-kernel==5.1.0.0)
  Downloading wrapt-1.16.0-cp311-cp311-manylinux_2_5_x86_64.manylinux1_x86_64.manylinux_2_17_x86_64.manylinux2014_x86_64.whl.metadata (6.6 kB)
Collecting aioitertools==0.11.0 (from isaacsim-kernel==5.1.0.0)
  Downloading aioitertools-0.11.0-py3-none-any.whl.metadata (3.3 kB)
Collecting coverage==7.4.4 (from isaacsim-kernel==5.1.0.0)
  Downloading coverage-7.4.4-cp311-cp311-manylinux_2_5_x86_64.manylinux1_x86_64.manylinux_2_17_x86_64.manylinux2014_x86_64.whl.metadata (8.2 kB)
Collecting watchdog==4.0.0 (from isaacsim-kernel==5.1.0.0)
  Downloading watchdog-4.0.0-py3-none-manylinux2014_x86_64.whl.metadata (37 kB)
Collecting sentry-sdk==2.29.1 (from isaacsim-kernel==5.1.0.0)
  Downloading sentry_sdk-2.29.1-py2.py3-none-any.whl.metadata (10 kB)
Collecting charset_normalizer==3.3.2 (from isaacsim-kernel==5.1.0.0)
  Downloading charset_normalizer-3.3.2-cp311-cp311-manylinux_2_17_x86_64.manylinux2014_x86_64.whl.metadata (33 kB)
Collecting frozenlist==1.5.0 (from isaacsim-kernel==5.1.0.0)
  Downloading frozenlist-1.5.0-cp311-cp311-manylinux_2_5_x86_64.manylinux1_x86_64.manylinux_2_17_x86_64.manylinux2014_x86_64.whl.metadata (13 kB)
Collecting pytz==2024.1 (from isaacsim-kernel==5.1.0.0)
  Downloading pytz-2024.1-py2.py3-none-any.whl.metadata (22 kB)
Collecting qrcode==7.4.2 (from isaacsim-kernel==5.1.0.0)
  Downloading qrcode-7.4.2-py3-none-any.whl.metadata (17 kB)
Requirement already satisfied: Jinja2==3.1.6 in /home/juyoung/miniconda3/envs/behavior/lib/python3.11/site-packages (from isaacsim-kernel==5.1.0.0) (3.1.6)
Collecting aiohappyeyeballs==2.4.4 (from isaacsim-kernel==5.1.0.0)
  Downloading aiohappyeyeballs-2.4.4-py3-none-any.whl.metadata (6.1 kB)
Collecting propcache==0.2.1 (from isaacsim-kernel==5.1.0.0)
  Downloading propcache-0.2.1-cp311-cp311-manylinux_2_17_x86_64.manylinux2014_x86_64.whl.metadata (9.2 kB)
Collecting psutil==5.9.8 (from isaacsim-kernel==5.1.0.0)
  Downloading psutil-5.9.8-cp36-abi3-manylinux_2_12_x86_64.manylinux2010_x86_64.manylinux_2_17_x86_64.manylinux2014_x86_64.whl.metadata (21 kB)
Collecting requests==2.32.3 (from isaacsim-kernel==5.1.0.0)
  Downloading requests-2.32.3-py3-none-any.whl.metadata (4.6 kB)
Collecting numba==0.59.1 (from isaacsim-core==5.1.0.0)
  Downloading numba-0.59.1-cp311-cp311-manylinux2014_x86_64.manylinux_2_17_x86_64.whl.metadata (2.7 kB)
Collecting llvmlite==0.42.0 (from isaacsim-core==5.1.0.0)
  Downloading llvmlite-0.42.0-cp311-cp311-manylinux_2_17_x86_64.manylinux2014_x86_64.whl.metadata (4.8 kB)
Collecting nest_asyncio==1.5.6 (from isaacsim-core==5.1.0.0)
  Downloading nest_asyncio-1.5.6-py3-none-any.whl.metadata (2.7 kB)
Collecting markupsafe==2.1.3 (from isaacsim-core==5.1.0.0)
  Downloading MarkupSafe-2.1.3-cp311-cp311-manylinux_2_17_x86_64.manylinux2014_x86_64.whl.metadata (3.0 kB)
Collecting matplotlib==3.10.3 (from isaacsim-core==5.1.0.0)
  Downloading matplotlib-3.10.3-cp311-cp311-manylinux_2_17_x86_64.manylinux2014_x86_64.whl.metadata (11 kB)
Collecting contourpy==1.3.1 (from isaacsim-core==5.1.0.0)
  Downloading contourpy-1.3.1-cp311-cp311-manylinux_2_17_x86_64.manylinux2014_x86_64.whl.metadata (5.4 kB)
Collecting fonttools==4.55.3 (from isaacsim-core==5.1.0.0)
  Downloading fonttools-4.55.3-cp311-cp311-manylinux_2_17_x86_64.manylinux2014_x86_64.whl.metadata (165 kB)
Collecting pyparsing==3.0.9 (from isaacsim-core==5.1.0.0)
  Downloading pyparsing-3.0.9-py3-none-any.whl.metadata (4.2 kB)
Collecting cycler==0.11.0 (from isaacsim-core==5.1.0.0)
  Downloading cycler-0.11.0-py3-none-any.whl.metadata (785 bytes)
Collecting kiwisolver==1.4.4 (from isaacsim-core==5.1.0.0)
  Downloading kiwisolver-1.4.4-cp311-cp311-manylinux_2_17_x86_64.manylinux2014_x86_64.whl.metadata (6.3 kB)
Collecting pint==0.20.1 (from isaacsim-core==5.1.0.0)
  Downloading Pint-0.20.1-py3-none-any.whl.metadata (7.5 kB)
Collecting packaging==23.0 (from isaacsim-core==5.1.0.0)
  Downloading packaging-23.0-py3-none-any.whl.metadata (3.1 kB)
Collecting gunicorn==23.0.0 (from isaacsim-core==5.1.0.0)
  Downloading gunicorn-23.0.0-py3-none-any.whl.metadata (4.4 kB)
Collecting osqp==0.6.7.post3 (from isaacsim-core==5.1.0.0)
  Downloading osqp-0.6.7.post3-cp311-cp311-manylinux_2_5_x86_64.manylinux1_x86_64.manylinux_2_17_x86_64.manylinux2014_x86_64.whl.metadata (1.9 kB)
Collecting qdldl==0.1.7.post5 (from isaacsim-core==5.1.0.0)
  Downloading qdldl-0.1.7.post5-cp311-cp311-manylinux_2_17_x86_64.manylinux2014_x86_64.whl.metadata (1.7 kB)
Collecting tornado==6.5.1 (from isaacsim-core==5.1.0.0)
  Downloading tornado-6.5.1-cp39-abi3-manylinux_2_5_x86_64.manylinux1_x86_64.manylinux_2_17_x86_64.manylinux2014_x86_64.whl.metadata (2.8 kB)
Collecting pyperclip==1.8.0 (from isaacsim-core==5.1.0.0)
  Downloading pyperclip-1.8.0.tar.gz (16 kB)
  Installing build dependencies: started
  Installing build dependencies: finished with status 'done'
  Getting requirements to build wheel: started
  Getting requirements to build wheel: finished with status 'done'
  Preparing metadata (pyproject.toml): started
  Preparing metadata (pyproject.toml): finished with status 'done'
Requirement already satisfied: python-dateutil==2.9.0.post0 in /home/juyoung/miniconda3/envs/behavior/lib/python3.11/site-packages (from isaacsim-core==5.1.0.0) (2.9.0.post0)
Requirement already satisfied: six==1.17.0 in /home/juyoung/miniconda3/envs/behavior/lib/python3.11/site-packages (from isaacsim-core==5.1.0.0) (1.17.0)
Collecting imageio==2.37.0 (from isaacsim-core==5.1.0.0)
  Downloading imageio-2.37.0-py3-none-any.whl.metadata (5.2 kB)
Collecting scipy==1.15.3 (from isaacsim-core==5.1.0.0)
  Downloading scipy-1.15.3-cp311-cp311-manylinux_2_17_x86_64.manylinux2014_x86_64.whl.metadata (61 kB)
Collecting pyyaml==6.0.2 (from isaacsim-core==5.1.0.0)
  Downloading PyYAML-6.0.2-cp311-cp311-manylinux_2_17_x86_64.manylinux2014_x86_64.whl.metadata (2.1 kB)
Requirement already satisfied: opencv-python-headless==4.11.0.86 in /home/juyoung/miniconda3/envs/behavior/lib/python3.11/site-packages (from isaacsim-core==5.1.0.0) (4.11.0.86)
Collecting trimesh==4.5.1 (from isaacsim-core==5.1.0.0)
  Downloading trimesh-4.5.1-py3-none-any.whl.metadata (18 kB)
Collecting rtree==1.3.0 (from isaacsim-core==5.1.0.0)
  Downloading Rtree-1.3.0-py3-none-manylinux2014_x86_64.manylinux_2_17_x86_64.whl.metadata (2.1 kB)
Collecting aioboto3==15.1.0 (from isaacsim-core==5.1.0.0)
  Downloading aioboto3-15.1.0-py3-none-any.whl.metadata (8.9 kB)
Collecting aiobotocore==2.24.0 (from isaacsim-core==5.1.0.0)
  Downloading aiobotocore-2.24.0-py3-none-any.whl.metadata (25 kB)
Collecting boto3==1.39.11 (from isaacsim-core==5.1.0.0)
  Downloading boto3-1.39.11-py3-none-any.whl.metadata (6.7 kB)
Collecting botocore==1.39.11 (from isaacsim-core==5.1.0.0)
  Downloading botocore-1.39.11-py3-none-any.whl.metadata (5.7 kB)
Collecting awscrt==0.23.8 (from isaacsim-core==5.1.0.0)
  Downloading awscrt-0.23.8-cp311-abi3-manylinux_2_17_x86_64.manylinux2014_x86_64.whl.metadata (4.3 kB)
Collecting s3transfer==0.13.1 (from isaacsim-core==5.1.0.0)
  Downloading s3transfer-0.13.1-py3-none-any.whl.metadata (1.7 kB)
Collecting azure-storage-blob==12.17.0 (from isaacsim-core==5.1.0.0)
  Downloading azure_storage_blob-12.17.0-py3-none-any.whl.metadata (26 kB)
Collecting azure-identity==1.13.0 (from isaacsim-core==5.1.0.0)
  Downloading azure_identity-1.13.0-py3-none-any.whl.metadata (67 kB)
Collecting oauthlib==3.2.2 (from isaacsim-core==5.1.0.0)
  Downloading oauthlib-3.2.2-py3-none-any.whl.metadata (7.5 kB)
Collecting requests-oauthlib==1.3.1 (from isaacsim-core==5.1.0.0)
  Downloading requests_oauthlib-1.3.1-py2.py3-none-any.whl.metadata (10 kB)
Collecting isodate==0.6.1 (from isaacsim-core==5.1.0.0)
  Downloading isodate-0.6.1-py2.py3-none-any.whl.metadata (9.6 kB)
Collecting cryptography==44.0.0 (from isaacsim-core==5.1.0.0)
  Downloading cryptography-44.0.0-cp39-abi3-manylinux_2_28_x86_64.whl.metadata (5.7 kB)
Collecting azure-core==1.28.0 (from isaacsim-core==5.1.0.0)
  Downloading azure_core-1.28.0-py3-none-any.whl.metadata (34 kB)
Collecting msal==1.27.0 (from isaacsim-core==5.1.0.0)
  Downloading msal-1.27.0-py2.py3-none-any.whl.metadata (11 kB)
Collecting msal-extensions==1.0.0 (from isaacsim-core==5.1.0.0)
  Downloading msal_extensions-1.0.0-py2.py3-none-any.whl.metadata (7.3 kB)
Collecting portalocker==2.7.0 (from isaacsim-core==5.1.0.0)
  Downloading portalocker-2.7.0-py2.py3-none-any.whl.metadata (6.8 kB)
Collecting jmespath==1.0.1 (from isaacsim-core==5.1.0.0)
  Downloading jmespath-1.0.1-py3-none-any.whl.metadata (7.6 kB)
Requirement already satisfied: torch==2.7.0 in /home/juyoung/miniconda3/envs/behavior/lib/python3.11/site-packages (from isaacsim-core==5.1.0.0) (2.7.0+cu128)
Requirement already satisfied: torchvision==0.22.0 in /home/juyoung/miniconda3/envs/behavior/lib/python3.11/site-packages (from isaacsim-core==5.1.0.0) (0.22.0+cu128)
Requirement already satisfied: torchaudio==2.7.0 in /home/juyoung/miniconda3/envs/behavior/lib/python3.11/site-packages (from isaacsim-core==5.1.0.0) (2.7.0+cu128)
Collecting filelock==3.13.1 (from isaacsim-core==5.1.0.0)
  Downloading filelock-3.13.1-py3-none-any.whl.metadata (2.8 kB)
Collecting fsspec==2024.6.1 (from isaacsim-core==5.1.0.0)
  Downloading fsspec-2024.6.1-py3-none-any.whl.metadata (11 kB)
Requirement already satisfied: mpmath==1.3.0 in /home/juyoung/miniconda3/envs/behavior/lib/python3.11/site-packages (from isaacsim-core==5.1.0.0) (1.3.0)
Collecting networkx==3.3 (from isaacsim-core==5.1.0.0)
  Downloading networkx-3.3-py3-none-any.whl.metadata (5.1 kB)
Collecting sympy==1.13.3 (from isaacsim-core==5.1.0.0)
  Downloading sympy-1.13.3-py3-none-any.whl.metadata (12 kB)
Requirement already satisfied: urllib3!=2.2.0,<3,>=1.25.4 in /home/juyoung/miniconda3/envs/behavior/lib/python3.11/site-packages (from botocore==1.39.11->isaacsim-core==5.1.0.0) (2.8.0)
Collecting PyJWT<3,>=1.0.0 (from PyJWT[crypto]<3,>=1.0.0->msal==1.27.0->isaacsim-core==5.1.0.0)
  Downloading pyjwt-2.15.1-py3-none-any.whl.metadata (3.5 kB)
Requirement already satisfied: cffi>=1.12 in /home/juyoung/miniconda3/envs/behavior/lib/python3.11/site-packages (from cryptography==44.0.0->isaacsim-core==5.1.0.0) (1.17.1)
Requirement already satisfied: certifi>=2017.4.17 in /home/juyoung/miniconda3/envs/behavior/lib/python3.11/site-packages (from requests==2.32.3->isaacsim-kernel==5.1.0.0) (2026.7.22)
Collecting starlette<0.46.0,>=0.40.0 (from fastapi==0.115.7->isaacsim-kernel==5.1.0.0)
  Downloading starlette-0.45.3-py3-none-any.whl.metadata (6.3 kB)
Requirement already satisfied: pydantic!=1.8,!=1.8.1,!=2.0.0,!=2.0.1,!=2.1.0,<3.0.0,>=1.7.4 in /home/juyoung/miniconda3/envs/behavior/lib/python3.11/site-packages (from fastapi==0.115.7->isaacsim-kernel==5.1.0.0) (2.13.5)
Collecting pypng (from qrcode==7.4.2->isaacsim-kernel==5.1.0.0)
  Downloading pypng-0.20220715.0-py3-none-any.whl.metadata (13 kB)
Requirement already satisfied: nvidia-cuda-nvrtc-cu12==12.8.61 in /home/juyoung/miniconda3/envs/behavior/lib/python3.11/site-packages (from torch==2.7.0->isaacsim-core==5.1.0.0) (12.8.61)
Requirement already satisfied: nvidia-cuda-runtime-cu12==12.8.57 in /home/juyoung/miniconda3/envs/behavior/lib/python3.11/site-packages (from torch==2.7.0->isaacsim-core==5.1.0.0) (12.8.57)
Requirement already satisfied: nvidia-cuda-cupti-cu12==12.8.57 in /home/juyoung/miniconda3/envs/behavior/lib/python3.11/site-packages (from torch==2.7.0->isaacsim-core==5.1.0.0) (12.8.57)
Requirement already satisfied: nvidia-cudnn-cu12==9.7.1.26 in /home/juyoung/miniconda3/envs/behavior/lib/python3.11/site-packages (from torch==2.7.0->isaacsim-core==5.1.0.0) (9.7.1.26)
Requirement already satisfied: nvidia-cublas-cu12==12.8.3.14 in /home/juyoung/miniconda3/envs/behavior/lib/python3.11/site-packages (from torch==2.7.0->isaacsim-core==5.1.0.0) (12.8.3.14)
Requirement already satisfied: nvidia-cufft-cu12==11.3.3.41 in /home/juyoung/miniconda3/envs/behavior/lib/python3.11/site-packages (from torch==2.7.0->isaacsim-core==5.1.0.0) (11.3.3.41)
Requirement already satisfied: nvidia-curand-cu12==10.3.9.55 in /home/juyoung/miniconda3/envs/behavior/lib/python3.11/site-packages (from torch==2.7.0->isaacsim-core==5.1.0.0) (10.3.9.55)
Requirement already satisfied: nvidia-cusolver-cu12==11.7.2.55 in /home/juyoung/miniconda3/envs/behavior/lib/python3.11/site-packages (from torch==2.7.0->isaacsim-core==5.1.0.0) (11.7.2.55)
Requirement already satisfied: nvidia-cusparse-cu12==12.5.7.53 in /home/juyoung/miniconda3/envs/behavior/lib/python3.11/site-packages (from torch==2.7.0->isaacsim-core==5.1.0.0) (12.5.7.53)
Requirement already satisfied: nvidia-cusparselt-cu12==0.6.3 in /home/juyoung/miniconda3/envs/behavior/lib/python3.11/site-packages (from torch==2.7.0->isaacsim-core==5.1.0.0) (0.6.3)
Requirement already satisfied: nvidia-nccl-cu12==2.26.2 in /home/juyoung/miniconda3/envs/behavior/lib/python3.11/site-packages (from torch==2.7.0->isaacsim-core==5.1.0.0) (2.26.2)
Requirement already satisfied: nvidia-nvtx-cu12==12.8.55 in /home/juyoung/miniconda3/envs/behavior/lib/python3.11/site-packages (from torch==2.7.0->isaacsim-core==5.1.0.0) (12.8.55)
Requirement already satisfied: nvidia-nvjitlink-cu12==12.8.61 in /home/juyoung/miniconda3/envs/behavior/lib/python3.11/site-packages (from torch==2.7.0->isaacsim-core==5.1.0.0) (12.8.61)
Requirement already satisfied: nvidia-cufile-cu12==1.13.0.11 in /home/juyoung/miniconda3/envs/behavior/lib/python3.11/site-packages (from torch==2.7.0->isaacsim-core==5.1.0.0) (1.13.0.11)
Requirement already satisfied: triton==3.3.0 in /home/juyoung/miniconda3/envs/behavior/lib/python3.11/site-packages (from torch==2.7.0->isaacsim-core==5.1.0.0) (3.3.0)
Requirement already satisfied: setuptools>=40.8.0 in /home/juyoung/miniconda3/envs/behavior/lib/python3.11/site-packages (from triton==3.3.0->torch==2.7.0->isaacsim-core==5.1.0.0) (80.10.2)
Requirement already satisfied: h11>=0.8 in /home/juyoung/miniconda3/envs/behavior/lib/python3.11/site-packages (from uvicorn==0.29.0->isaacsim-kernel==5.1.0.0) (0.16.0)
Requirement already satisfied: annotated-types>=0.6.0 in /home/juyoung/miniconda3/envs/behavior/lib/python3.11/site-packages (from pydantic!=1.8,!=1.8.1,!=2.0.0,!=2.0.1,!=2.1.0,<3.0.0,>=1.7.4->fastapi==0.115.7->isaacsim-kernel==5.1.0.0) (0.8.0)
Requirement already satisfied: pydantic-core==2.46.5 in /home/juyoung/miniconda3/envs/behavior/lib/python3.11/site-packages (from pydantic!=1.8,!=1.8.1,!=2.0.0,!=2.0.1,!=2.1.0,<3.0.0,>=1.7.4->fastapi==0.115.7->isaacsim-kernel==5.1.0.0) (2.46.5)
INFO: pip is looking at multiple versions of pydantic to determine which version is compatible with other requirements. This could take a while.
Collecting pydantic!=1.8,!=1.8.1,!=2.0.0,!=2.0.1,!=2.1.0,<3.0.0,>=1.7.4 (from fastapi==0.115.7->isaacsim-kernel==5.1.0.0)
  Downloading pydantic-2.13.4-py3-none-any.whl.metadata (109 kB)
Collecting pydantic-core==2.46.4 (from pydantic!=1.8,!=1.8.1,!=2.0.0,!=2.0.1,!=2.1.0,<3.0.0,>=1.7.4->fastapi==0.115.7->isaacsim-kernel==5.1.0.0)
  Downloading pydantic_core-2.46.4-cp311-cp311-manylinux_2_17_x86_64.manylinux2014_x86_64.whl.metadata (6.6 kB)
Collecting pydantic!=1.8,!=1.8.1,!=2.0.0,!=2.0.1,!=2.1.0,<3.0.0,>=1.7.4 (from fastapi==0.115.7->isaacsim-kernel==5.1.0.0)
  Downloading pydantic-2.13.3-py3-none-any.whl.metadata (108 kB)
Collecting pydantic-core==2.46.3 (from pydantic!=1.8,!=1.8.1,!=2.0.0,!=2.0.1,!=2.1.0,<3.0.0,>=1.7.4->fastapi==0.115.7->isaacsim-kernel==5.1.0.0)
  Downloading pydantic_core-2.46.3-cp311-cp311-manylinux_2_17_x86_64.manylinux2014_x86_64.whl.metadata (6.6 kB)
Collecting pydantic!=1.8,!=1.8.1,!=2.0.0,!=2.0.1,!=2.1.0,<3.0.0,>=1.7.4 (from fastapi==0.115.7->isaacsim-kernel==5.1.0.0)
  Downloading pydantic-2.13.2-py3-none-any.whl.metadata (108 kB)
Collecting pydantic-core==2.46.2 (from pydantic!=1.8,!=1.8.1,!=2.0.0,!=2.0.1,!=2.1.0,<3.0.0,>=1.7.4->fastapi==0.115.7->isaacsim-kernel==5.1.0.0)
  Downloading pydantic_core-2.46.2-cp311-cp311-manylinux_2_17_x86_64.manylinux2014_x86_64.whl.metadata (6.6 kB)
Collecting pydantic!=1.8,!=1.8.1,!=2.0.0,!=2.0.1,!=2.1.0,<3.0.0,>=1.7.4 (from fastapi==0.115.7->isaacsim-kernel==5.1.0.0)
  Downloading pydantic-2.13.1-py3-none-any.whl.metadata (108 kB)
Collecting pydantic-core==2.46.1 (from pydantic!=1.8,!=1.8.1,!=2.0.0,!=2.0.1,!=2.1.0,<3.0.0,>=1.7.4->fastapi==0.115.7->isaacsim-kernel==5.1.0.0)
  Downloading pydantic_core-2.46.1-cp311-cp311-manylinux_2_17_x86_64.manylinux2014_x86_64.whl.metadata (6.6 kB)
Collecting pydantic!=1.8,!=1.8.1,!=2.0.0,!=2.0.1,!=2.1.0,<3.0.0,>=1.7.4 (from fastapi==0.115.7->isaacsim-kernel==5.1.0.0)
  Downloading pydantic-2.13.0-py3-none-any.whl.metadata (107 kB)
Collecting pydantic-core==2.46.0 (from pydantic!=1.8,!=1.8.1,!=2.0.0,!=2.0.1,!=2.1.0,<3.0.0,>=1.7.4->fastapi==0.115.7->isaacsim-kernel==5.1.0.0)
  Downloading pydantic_core-2.46.0-cp311-cp311-manylinux_2_17_x86_64.manylinux2014_x86_64.whl.metadata (6.6 kB)
Collecting pydantic!=1.8,!=1.8.1,!=2.0.0,!=2.0.1,!=2.1.0,<3.0.0,>=1.7.4 (from fastapi==0.115.7->isaacsim-kernel==5.1.0.0)
  Downloading pydantic-2.12.5-py3-none-any.whl.metadata (90 kB)
Collecting pydantic-core==2.41.5 (from pydantic!=1.8,!=1.8.1,!=2.0.0,!=2.0.1,!=2.1.0,<3.0.0,>=1.7.4->fastapi==0.115.7->isaacsim-kernel==5.1.0.0)
  Downloading pydantic_core-2.41.5-cp311-cp311-manylinux_2_17_x86_64.manylinux2014_x86_64.whl.metadata (7.3 kB)
Collecting pydantic!=1.8,!=1.8.1,!=2.0.0,!=2.0.1,!=2.1.0,<3.0.0,>=1.7.4 (from fastapi==0.115.7->isaacsim-kernel==5.1.0.0)
  Downloading pydantic-2.12.4-py3-none-any.whl.metadata (89 kB)
INFO: pip is still looking at multiple versions of pydantic to determine which version is compatible with other requirements. This could take a while.
  Downloading pydantic-2.12.3-py3-none-any.whl.metadata (87 kB)
Collecting pydantic-core==2.41.4 (from pydantic!=1.8,!=1.8.1,!=2.0.0,!=2.0.1,!=2.1.0,<3.0.0,>=1.7.4->fastapi==0.115.7->isaacsim-kernel==5.1.0.0)
  Downloading pydantic_core-2.41.4-cp311-cp311-manylinux_2_17_x86_64.manylinux2014_x86_64.whl.metadata (7.3 kB)
Collecting pydantic!=1.8,!=1.8.1,!=2.0.0,!=2.0.1,!=2.1.0,<3.0.0,>=1.7.4 (from fastapi==0.115.7->isaacsim-kernel==5.1.0.0)
  Downloading pydantic-2.12.2-py3-none-any.whl.metadata (85 kB)
  Downloading pydantic-2.12.0-py3-none-any.whl.metadata (83 kB)
Collecting pydantic-core==2.41.1 (from pydantic!=1.8,!=1.8.1,!=2.0.0,!=2.0.1,!=2.1.0,<3.0.0,>=1.7.4->fastapi==0.115.7->isaacsim-kernel==5.1.0.0)
  Downloading pydantic_core-2.41.1-cp311-cp311-manylinux_2_17_x86_64.manylinux2014_x86_64.whl.metadata (7.3 kB)
Collecting pydantic!=1.8,!=1.8.1,!=2.0.0,!=2.0.1,!=2.1.0,<3.0.0,>=1.7.4 (from fastapi==0.115.7->isaacsim-kernel==5.1.0.0)
  Downloading pydantic-2.11.10-py3-none-any.whl.metadata (68 kB)
Collecting pydantic-core==2.33.2 (from pydantic!=1.8,!=1.8.1,!=2.0.0,!=2.0.1,!=2.1.0,<3.0.0,>=1.7.4->fastapi==0.115.7->isaacsim-kernel==5.1.0.0)
  Downloading pydantic_core-2.33.2-cp311-cp311-manylinux_2_17_x86_64.manylinux2014_x86_64.whl.metadata (6.8 kB)
Requirement already satisfied: typing-inspection>=0.4.0 in /home/juyoung/miniconda3/envs/behavior/lib/python3.11/site-packages (from pydantic!=1.8,!=1.8.1,!=2.0.0,!=2.0.1,!=2.1.0,<3.0.0,>=1.7.4->fastapi==0.115.7->isaacsim-kernel==5.1.0.0) (0.4.4)
Requirement already satisfied: anyio<5,>=3.6.2 in /home/juyoung/miniconda3/envs/behavior/lib/python3.11/site-packages (from starlette<0.46.0,>=0.40.0->fastapi==0.115.7->isaacsim-kernel==5.1.0.0) (4.15.1)
INFO: pip is looking at multiple versions of anyio to determine which version is compatible with other requirements. This could take a while.
Collecting anyio<5,>=3.6.2 (from starlette<0.46.0,>=0.40.0->fastapi==0.115.7->isaacsim-kernel==5.1.0.0)
  Downloading anyio-4.15.0-py3-none-any.whl.metadata (4.7 kB)
  Downloading anyio-4.14.2-py3-none-any.whl.metadata (4.6 kB)
Requirement already satisfied: pycparser in /home/juyoung/miniconda3/envs/behavior/lib/python3.11/site-packages (from cffi>=1.12->cryptography==44.0.0->isaacsim-core==5.1.0.0) (3.0)
INFO: pip is looking at multiple versions of typing-inspection to determine which version is compatible with other requirements. This could take a while.
Collecting typing-inspection>=0.4.0 (from pydantic!=1.8,!=1.8.1,!=2.0.0,!=2.0.1,!=2.1.0,<3.0.0,>=1.7.4->fastapi==0.115.7->isaacsim-kernel==5.1.0.0)
  Downloading typing_inspection-0.4.3-py3-none-any.whl.metadata (2.6 kB)
  Downloading typing_inspection-0.4.2-py3-none-any.whl.metadata (2.6 kB)
Downloading aioboto3-15.1.0-py3-none-any.whl (35 kB)
Downloading aiobotocore-2.24.0-py3-none-any.whl (84 kB)
Downloading aiohttp-3.11.11-cp311-cp311-manylinux_2_17_x86_64.manylinux2014_x86_64.whl (1.7 MB)
   ━━━━━━━━━━━━━━━━━━━━━━━━━━━━━━━━━━━━━━━━ 1.7/1.7 MB 9.8 MB/s  0:00:00
Downloading aioitertools-0.11.0-py3-none-any.whl (23 kB)
Downloading botocore-1.39.11-py3-none-any.whl (13.9 MB)
   ━━━━━━━━━━━━━━━━━━━━━━━━━━━━━━━━━━━━━━━━ 13.9/13.9 MB 34.7 MB/s  0:00:00
Downloading jmespath-1.0.1-py3-none-any.whl (20 kB)
Downloading multidict-6.1.0-cp311-cp311-manylinux_2_17_x86_64.manylinux2014_x86_64.whl (129 kB)
Downloading wrapt-1.16.0-cp311-cp311-manylinux_2_5_x86_64.manylinux1_x86_64.manylinux_2_17_x86_64.manylinux2014_x86_64.whl (80 kB)
Downloading yarl-1.18.3-cp311-cp311-manylinux_2_17_x86_64.manylinux2014_x86_64.whl (344 kB)
Downloading boto3-1.39.11-py3-none-any.whl (139 kB)
Downloading s3transfer-0.13.1-py3-none-any.whl (85 kB)
Downloading aiodns-3.1.1-py3-none-any.whl (5.4 kB)
Downloading aiofiles-23.2.1-py3-none-any.whl (15 kB)
Downloading aiohappyeyeballs-2.4.4-py3-none-any.whl (14 kB)
Downloading aiosignal-1.3.2-py2.py3-none-any.whl (7.6 kB)
Downloading asteval-1.0.6-py3-none-any.whl (22 kB)
Downloading async_timeout-5.0.1-py3-none-any.whl (6.2 kB)
Downloading attrs-25.1.0-py3-none-any.whl (63 kB)
Downloading awscrt-0.23.8-cp311-abi3-manylinux_2_17_x86_64.manylinux2014_x86_64.whl (8.7 MB)
   ━━━━━━━━━━━━━━━━━━━━━━━━━━━━━━━━━━━━━━━━ 8.7/8.7 MB 12.1 MB/s  0:00:00
Downloading azure_core-1.28.0-py3-none-any.whl (185 kB)
Downloading azure_identity-1.13.0-py3-none-any.whl (151 kB)
Downloading msal-1.27.0-py2.py3-none-any.whl (101 kB)
Downloading cryptography-44.0.0-cp39-abi3-manylinux_2_28_x86_64.whl (4.2 MB)
   ━━━━━━━━━━━━━━━━━━━━━━━━━━━━━━━━━━━━━━━━ 4.2/4.2 MB 13.3 MB/s  0:00:00
Downloading msal_extensions-1.0.0-py2.py3-none-any.whl (19 kB)
Downloading portalocker-2.7.0-py2.py3-none-any.whl (15 kB)
Downloading requests-2.32.3-py3-none-any.whl (64 kB)
Downloading charset_normalizer-3.3.2-cp311-cp311-manylinux_2_17_x86_64.manylinux2014_x86_64.whl (140 kB)
Downloading idna-3.10-py3-none-any.whl (70 kB)
Downloading azure_storage_blob-12.17.0-py3-none-any.whl (388 kB)
Downloading click-8.1.7-py3-none-any.whl (97 kB)
Downloading contourpy-1.3.1-cp311-cp311-manylinux_2_17_x86_64.manylinux2014_x86_64.whl (326 kB)
Downloading coverage-7.4.4-cp311-cp311-manylinux_2_5_x86_64.manylinux1_x86_64.manylinux_2_17_x86_64.manylinux2014_x86_64.whl (237 kB)
Downloading cycler-0.11.0-py3-none-any.whl (6.4 kB)
Downloading fastapi-0.115.7-py3-none-any.whl (94 kB)
Downloading filelock-3.13.1-py3-none-any.whl (11 kB)
Downloading fonttools-4.55.3-cp311-cp311-manylinux_2_17_x86_64.manylinux2014_x86_64.whl (4.9 MB)
   ━━━━━━━━━━━━━━━━━━━━━━━━━━━━━━━━━━━━━━━━ 4.9/4.9 MB 17.6 MB/s  0:00:00
Downloading frozenlist-1.5.0-cp311-cp311-manylinux_2_5_x86_64.manylinux1_x86_64.manylinux_2_17_x86_64.manylinux2014_x86_64.whl (274 kB)
Downloading fsspec-2024.6.1-py3-none-any.whl (177 kB)
Downloading gunicorn-23.0.0-py3-none-any.whl (85 kB)
Downloading httptools-0.6.1-cp311-cp311-manylinux_2_5_x86_64.manylinux1_x86_64.manylinux_2_17_x86_64.manylinux2014_x86_64.whl (318 kB)
Downloading imageio-2.37.0-py3-none-any.whl (315 kB)
Downloading isodate-0.6.1-py2.py3-none-any.whl (41 kB)
Downloading kiwisolver-1.4.4-cp311-cp311-manylinux_2_17_x86_64.manylinux2014_x86_64.whl (1.4 MB)
   ━━━━━━━━━━━━━━━━━━━━━━━━━━━━━━━━━━━━━━━━ 1.4/1.4 MB 16.9 MB/s  0:00:00
Downloading llvmlite-0.42.0-cp311-cp311-manylinux_2_17_x86_64.manylinux2014_x86_64.whl (43.8 MB)
   ━━━━━━━━━━━━━━━━━━━━━━━━━━━━━━━━━━━━━━━━ 43.8/43.8 MB 21.5 MB/s  0:00:02
Downloading MarkupSafe-2.1.3-cp311-cp311-manylinux_2_17_x86_64.manylinux2014_x86_64.whl (28 kB)
Downloading matplotlib-3.10.3-cp311-cp311-manylinux_2_17_x86_64.manylinux2014_x86_64.whl (8.6 MB)
   ━━━━━━━━━━━━━━━━━━━━━━━━━━━━━━━━━━━━━━━━ 8.6/8.6 MB 17.5 MB/s  0:00:00
Downloading nest_asyncio-1.5.6-py3-none-any.whl (5.2 kB)
Downloading networkx-3.3-py3-none-any.whl (1.7 MB)
   ━━━━━━━━━━━━━━━━━━━━━━━━━━━━━━━━━━━━━━━━ 1.7/1.7 MB 15.7 MB/s  0:00:00
Downloading numba-0.59.1-cp311-cp311-manylinux2014_x86_64.manylinux_2_17_x86_64.whl (3.7 MB)
   ━━━━━━━━━━━━━━━━━━━━━━━━━━━━━━━━━━━━━━━━ 3.7/3.7 MB 28.9 MB/s  0:00:00
Downloading numpy-1.26.0-cp311-cp311-manylinux_2_17_x86_64.manylinux2014_x86_64.whl (18.2 MB)
   ━━━━━━━━━━━━━━━━━━━━━━━━━━━━━━━━━━━━━━━━ 18.2/18.2 MB 18.8 MB/s  0:00:00
Downloading oauthlib-3.2.2-py3-none-any.whl (151 kB)
Downloading osqp-0.6.7.post3-cp311-cp311-manylinux_2_5_x86_64.manylinux1_x86_64.manylinux_2_17_x86_64.manylinux2014_x86_64.whl (298 kB)
Downloading packaging-23.0-py3-none-any.whl (42 kB)
Downloading pillow-11.3.0-cp311-cp311-manylinux_2_27_x86_64.manylinux_2_28_x86_64.whl (6.6 MB)
   ━━━━━━━━━━━━━━━━━━━━━━━━━━━━━━━━━━━━━━━━ 6.6/6.6 MB 20.0 MB/s  0:00:00
Downloading Pint-0.20.1-py3-none-any.whl (269 kB)
Downloading propcache-0.2.1-cp311-cp311-manylinux_2_17_x86_64.manylinux2014_x86_64.whl (231 kB)
Downloading psutil-5.9.8-cp36-abi3-manylinux_2_12_x86_64.manylinux2010_x86_64.manylinux_2_17_x86_64.manylinux2014_x86_64.whl (288 kB)
Downloading pycares-4.8.0-cp311-cp311-manylinux_2_17_x86_64.manylinux2014_x86_64.whl (626 kB)
   ━━━━━━━━━━━━━━━━━━━━━━━━━━━━━━━━━━━━━━━━ 626.2/626.2 kB 12.0 MB/s  0:00:00
Downloading pyparsing-3.0.9-py3-none-any.whl (98 kB)
Downloading python_multipart-0.0.20-py3-none-any.whl (24 kB)
Downloading pytz-2024.1-py2.py3-none-any.whl (505 kB)
Downloading PyYAML-6.0.2-cp311-cp311-manylinux_2_17_x86_64.manylinux2014_x86_64.whl (762 kB)
   ━━━━━━━━━━━━━━━━━━━━━━━━━━━━━━━━━━━━━━━━ 763.0/763.0 kB 16.5 MB/s  0:00:00
Downloading qdldl-0.1.7.post5-cp311-cp311-manylinux_2_17_x86_64.manylinux2014_x86_64.whl (1.2 MB)
   ━━━━━━━━━━━━━━━━━━━━━━━━━━━━━━━━━━━━━━━━ 1.2/1.2 MB 13.0 MB/s  0:00:00
Downloading qrcode-7.4.2-py3-none-any.whl (46 kB)
Downloading requests_oauthlib-1.3.1-py2.py3-none-any.whl (23 kB)
Downloading Rtree-1.3.0-py3-none-manylinux2014_x86_64.manylinux_2_17_x86_64.whl (543 kB)
   ━━━━━━━━━━━━━━━━━━━━━━━━━━━━━━━━━━━━━━━━ 543.2/543.2 kB 13.3 MB/s  0:00:00
Downloading scipy-1.15.3-cp311-cp311-manylinux_2_17_x86_64.manylinux2014_x86_64.whl (37.7 MB)
   ━━━━━━━━━━━━━━━━━━━━━━━━━━━━━━━━━━━━━━━━ 37.7/37.7 MB 13.2 MB/s  0:00:02
Downloading sentry_sdk-2.29.1-py2.py3-none-any.whl (341 kB)
Downloading sympy-1.13.3-py3-none-any.whl (6.2 MB)
   ━━━━━━━━━━━━━━━━━━━━━━━━━━━━━━━━━━━━━━━━ 6.2/6.2 MB 14.2 MB/s  0:00:00
Downloading tornado-6.5.1-cp39-abi3-manylinux_2_5_x86_64.manylinux1_x86_64.manylinux_2_17_x86_64.manylinux2014_x86_64.whl (443 kB)
Downloading trimesh-4.5.1-py3-none-any.whl (703 kB)
   ━━━━━━━━━━━━━━━━━━━━━━━━━━━━━━━━━━━━━━━━ 703.7/703.7 kB 17.6 MB/s  0:00:00
Downloading typing_extensions-4.12.2-py3-none-any.whl (37 kB)
Downloading uvicorn-0.29.0-py3-none-any.whl (60 kB)
Downloading watchdog-4.0.0-py3-none-manylinux2014_x86_64.whl (82 kB)
Downloading websockets-12.0-cp311-cp311-manylinux_2_5_x86_64.manylinux1_x86_64.manylinux_2_17_x86_64.manylinux2014_x86_64.whl (130 kB)
Downloading pydantic-2.11.10-py3-none-any.whl (444 kB)
Downloading pydantic_core-2.33.2-cp311-cp311-manylinux_2_17_x86_64.manylinux2014_x86_64.whl (2.0 MB)
   ━━━━━━━━━━━━━━━━━━━━━━━━━━━━━━━━━━━━━━━━ 2.0/2.0 MB 10.0 MB/s  0:00:00
Downloading pyjwt-2.15.1-py3-none-any.whl (33 kB)
Downloading starlette-0.45.3-py3-none-any.whl (71 kB)
Downloading anyio-4.14.2-py3-none-any.whl (125 kB)
Downloading typing_inspection-0.4.2-py3-none-any.whl (14 kB)
Downloading pypng-0.20220715.0-py3-none-any.whl (58 kB)
Building wheels for collected packages: idna-ssl, pyperclip
  Building wheel for idna-ssl (pyproject.toml): started
  Building wheel for idna-ssl (pyproject.toml): finished with status 'done'
  Created wheel for idna-ssl: filename=idna_ssl-1.1.0-py3-none-any.whl size=3234 sha256=21c5a836984b44b006291abf257eb6e38127758ba4e8ce92b511c0ae2aebe1c7
  Stored in directory: /home/juyoung/.cache/pip/wheels/a4/36/90/7ac6cc7f74a4a47f547d0cc68103dc69a0fc349485163ade8e
  Building wheel for pyperclip (pyproject.toml): started
  Building wheel for pyperclip (pyproject.toml): finished with status 'done'
  Created wheel for pyperclip: filename=pyperclip-1.8.0-py3-none-any.whl size=8723 sha256=2220faa062fc3f30a24d2b635f764f578b497326db0a0e67ac6033b6b582437d
  Stored in directory: /home/juyoung/.cache/pip/wheels/7d/7e/39/8703ea5fc85f84ae0981af4eee1ed1d12a6cd7e1071fb3090c
Successfully built idna-ssl pyperclip
Installing collected packages: pytz, pypng, pyperclip, wrapt, websockets, watchdog, typing_extensions, tornado, sympy, sentry-sdk, rtree, pyyaml, python-multipart, pyparsing, PyJWT, psutil, propcache, portalocker, pint, Pillow, packaging, omniverse-kit, oauthlib, numpy, networkx, nest_asyncio, multidict, markupsafe, llvmlite, kiwisolver, jmespath, isodate, isaacsim-extscache-physics, isaacsim-extscache-kit-sdk, isaacsim-extscache-kit, idna, httptools, fsspec, frozenlist, fonttools, filelock, cycler, coverage, click, charset_normalizer, awscrt, attrs, async_timeout, asteval, aioitertools, aiohappyeyeballs, aiofiles, yarl, uvicorn, typing-inspection, trimesh, scipy, requests, qrcode, pydantic-core, pycares, numba, imageio, idna-ssl, gunicorn, cryptography, contourpy, botocore, anyio, aiosignal, starlette, s3transfer, requests-oauthlib, qdldl, pydantic, matplotlib, azure-core, aiohttp, aiodns, osqp, msal, fastapi, boto3, azure-storage-blob, aiobotocore, msal-extensions, isaacsim-kernel, isaacsim-storage, isaacsim-code-editor, isaacsim-app, isaacsim, azure-identity, aioboto3, isaacsim-core, isaacsim-replicator, isaacsim-gui, isaacsim-utils, isaacsim-template, isaacsim-robot-motion, isaacsim-sensor, isaacsim-robot-setup, isaacsim-asset, isaacsim-ros2, isaacsim-ros1, isaacsim-robot, isaacsim-test, isaacsim-cortex, isaacsim-benchmark, isaacsim-rl, isaacsim-example
  Attempting uninstall: pytz
    Found existing installation: pytz 2026.4
    Uninstalling pytz-2026.4:
      Successfully uninstalled pytz-2026.4
  Attempting uninstall: wrapt
    Found existing installation: wrapt 2.5.0
    Uninstalling wrapt-2.5.0:
      Successfully uninstalled wrapt-2.5.0
  Attempting uninstall: websockets
    Found existing installation: websockets 17.1
    Uninstalling websockets-17.1:
      Successfully uninstalled websockets-17.1
  Attempting uninstall: typing_extensions
    Found existing installation: typing_extensions 4.16.0
    Uninstalling typing_extensions-4.16.0:
      Successfully uninstalled typing_extensions-4.16.0
  Attempting uninstall: sympy
    Found existing installation: sympy 1.14.0
    Uninstalling sympy-1.14.0:
      Successfully uninstalled sympy-1.14.0
  Attempting uninstall: rtree
    Found existing installation: rtree 1.4.1
    Uninstalling rtree-1.4.1:
      Successfully uninstalled rtree-1.4.1
  Attempting uninstall: pyyaml
    Found existing installation: PyYAML 6.0.3
    Uninstalling PyYAML-6.0.3:
      Successfully uninstalled PyYAML-6.0.3
  Attempting uninstall: pyparsing
    Found existing installation: pyparsing 3.3.3
    Uninstalling pyparsing-3.3.3:
      Successfully uninstalled pyparsing-3.3.3
  Attempting uninstall: psutil
    Found existing installation: psutil 7.2.2
    Uninstalling psutil-7.2.2:
      Successfully uninstalled psutil-7.2.2
  Attempting uninstall: propcache
    Found existing installation: propcache 0.5.4
    Uninstalling propcache-0.5.4:
      Successfully uninstalled propcache-0.5.4
  Attempting uninstall: Pillow
    Found existing installation: pillow 11.0.0
    Uninstalling pillow-11.0.0:
      Successfully uninstalled pillow-11.0.0
  Attempting uninstall: packaging
    Found existing installation: packaging 25.0
    Uninstalling packaging-25.0:
      Successfully uninstalled packaging-25.0
  Attempting uninstall: oauthlib
    Found existing installation: oauthlib 4.0.0
    Uninstalling oauthlib-4.0.0:
      Successfully uninstalled oauthlib-4.0.0
  Attempting uninstall: numpy
    Found existing installation: numpy 1.26.4
    Uninstalling numpy-1.26.4:
      Successfully uninstalled numpy-1.26.4
  Attempting uninstall: networkx
    Found existing installation: networkx 3.6.1
    Uninstalling networkx-3.6.1:
      Successfully uninstalled networkx-3.6.1
  Attempting uninstall: nest_asyncio
    Found existing installation: nest-asyncio 1.6.0
    Uninstalling nest-asyncio-1.6.0:
      Successfully uninstalled nest-asyncio-1.6.0
  Attempting uninstall: multidict
    Found existing installation: multidict 6.9.1
    Uninstalling multidict-6.9.1:
      Successfully uninstalled multidict-6.9.1
  Attempting uninstall: markupsafe
    Found existing installation: MarkupSafe 3.0.3
    Uninstalling MarkupSafe-3.0.3:
      Successfully uninstalled MarkupSafe-3.0.3
  Attempting uninstall: llvmlite
    Found existing installation: llvmlite 0.50.0
    Uninstalling llvmlite-0.50.0:
      Successfully uninstalled llvmlite-0.50.0
  Attempting uninstall: kiwisolver
    Found existing installation: kiwisolver 1.5.1
    Uninstalling kiwisolver-1.5.1:
      Successfully uninstalled kiwisolver-1.5.1
  Attempting uninstall: idna
    Found existing installation: idna 3.20
    Uninstalling idna-3.20:
      Successfully uninstalled idna-3.20
  Attempting uninstall: fsspec
    Found existing installation: fsspec 2026.2.0
    Uninstalling fsspec-2026.2.0:
      Successfully uninstalled fsspec-2026.2.0
  Attempting uninstall: frozenlist
    Found existing installation: frozenlist 1.8.0
    Uninstalling frozenlist-1.8.0:
      Successfully uninstalled frozenlist-1.8.0
  Attempting uninstall: fonttools
    Found existing installation: fonttools 4.66.1
    Uninstalling fonttools-4.66.1:
      Successfully uninstalled fonttools-4.66.1
  Attempting uninstall: filelock
    Found existing installation: filelock 3.32.3
    Uninstalling filelock-3.32.3:
      Successfully uninstalled filelock-3.32.3
  Attempting uninstall: cycler
    Found existing installation: cycler 0.12.1
    Uninstalling cycler-0.12.1:
      Successfully uninstalled cycler-0.12.1
  Attempting uninstall: click
    Found existing installation: click 8.5.0
    Uninstalling click-8.5.0:
      Successfully uninstalled click-8.5.0
  Attempting uninstall: charset_normalizer
    Found existing installation: charset-normalizer 3.5.2
    Uninstalling charset-normalizer-3.5.2:
      Successfully uninstalled charset-normalizer-3.5.2
  Attempting uninstall: attrs
    Found existing installation: attrs 26.1.0
    Uninstalling attrs-26.1.0:
      Successfully uninstalled attrs-26.1.0
  Attempting uninstall: aiohappyeyeballs
    Found existing installation: aiohappyeyeballs 2.7.1
    Uninstalling aiohappyeyeballs-2.7.1:
      Successfully uninstalled aiohappyeyeballs-2.7.1
  Attempting uninstall: yarl
    Found existing installation: yarl 1.25.1
    Uninstalling yarl-1.25.1:
      Successfully uninstalled yarl-1.25.1
  Attempting uninstall: typing-inspection
    Found existing installation: typing-inspection 0.4.4
    Uninstalling typing-inspection-0.4.4:
      Successfully uninstalled typing-inspection-0.4.4
  Attempting uninstall: trimesh
    Found existing installation: trimesh 5.1.0
    Uninstalling trimesh-5.1.0:
      Successfully uninstalled trimesh-5.1.0
  Attempting uninstall: scipy
    Found existing installation: scipy 1.17.1
    Uninstalling scipy-1.17.1:
      Successfully uninstalled scipy-1.17.1
  Attempting uninstall: requests
    Found existing installation: requests 2.34.2
    Uninstalling requests-2.34.2:
      Successfully uninstalled requests-2.34.2
  Attempting uninstall: pydantic-core
    Found existing installation: pydantic_core 2.46.5
    Uninstalling pydantic_core-2.46.5:
      Successfully uninstalled pydantic_core-2.46.5
  Attempting uninstall: numba
    Found existing installation: numba 0.68.0
    Uninstalling numba-0.68.0:
      Successfully uninstalled numba-0.68.0
  Attempting uninstall: imageio
    Found existing installation: ImageIO 2.38.0
    Uninstalling ImageIO-2.38.0:
      Successfully uninstalled ImageIO-2.38.0
  Attempting uninstall: cryptography
    Found existing installation: cryptography 46.0.0
    Uninstalling cryptography-46.0.0:
      Successfully uninstalled cryptography-46.0.0
  Attempting uninstall: contourpy
    Found existing installation: contourpy 1.3.3
    Uninstalling contourpy-1.3.3:
      Successfully uninstalled contourpy-1.3.3
  Attempting uninstall: anyio
    Found existing installation: anyio 4.15.1
    Uninstalling anyio-4.15.1:
      Successfully uninstalled anyio-4.15.1
  Attempting uninstall: aiosignal
    Found existing installation: aiosignal 1.4.0
    Uninstalling aiosignal-1.4.0:
      Successfully uninstalled aiosignal-1.4.0
  Attempting uninstall: requests-oauthlib
    Found existing installation: requests-oauthlib 2.0.0
    Uninstalling requests-oauthlib-2.0.0:
      Successfully uninstalled requests-oauthlib-2.0.0
  Attempting uninstall: pydantic
    Found existing installation: pydantic 2.13.5
    Uninstalling pydantic-2.13.5:
      Successfully uninstalled pydantic-2.13.5
  Attempting uninstall: matplotlib
    Found existing installation: matplotlib 3.11.2
    Uninstalling matplotlib-3.11.2:
      Successfully uninstalled matplotlib-3.11.2
  Attempting uninstall: aiohttp
    Found existing installation: aiohttp 3.14.3
    Uninstalling aiohttp-3.14.3:
      Successfully uninstalled aiohttp-3.14.3

ERROR: pip's dependency resolver does not currently take into account all the packages that are installed. This behaviour is the source of the following dependency conflicts.
ipython 9.17.1 requires psutil>=7; sys_platform != "emscripten" and sys_platform != "cygwin", but you have psutil 5.9.8 which is incompatible.
omnigibson 3.9.3 requires pillow~=11.0.0, but you have pillow 11.3.0 which is incompatible.
omnigibson 3.9.3 requires websockets>=15.0.1, but you have websockets 12.0 which is incompatible.
huggingface-hub 1.33.0 requires click<9.0.0,>=8.4.2, but you have click 8.1.7 which is incompatible.
lerobot 0.5.2 requires packaging<26.0,>=24.2, but you have packaging 23.0 which is incompatible.
wheel 0.48.0 requires packaging>=24.0, but you have packaging 23.0 which is incompatible.
Successfully installed Pillow-11.3.0 PyJWT-2.15.1 aioboto3-15.1.0 aiobotocore-2.24.0 aiodns-3.1.1 aiofiles-23.2.1 aiohappyeyeballs-2.4.4 aiohttp-3.11.11 aioitertools-0.11.0 aiosignal-1.3.2 anyio-4.14.2 asteval-1.0.6 async_timeout-5.0.1 attrs-25.1.0 awscrt-0.23.8 azure-core-1.28.0 azure-identity-1.13.0 azure-storage-blob-12.17.0 boto3-1.39.11 botocore-1.39.11 charset_normalizer-3.3.2 click-8.1.7 contourpy-1.3.1 coverage-7.4.4 cryptography-44.0.0 cycler-0.11.0 fastapi-0.115.7 filelock-3.13.1 fonttools-4.55.3 frozenlist-1.5.0 fsspec-2024.6.1 gunicorn-23.0.0 httptools-0.6.1 idna-3.10 idna-ssl-1.1.0 imageio-2.37.0 isaacsim-5.1.0.0 isaacsim-app-5.1.0.0 isaacsim-asset-5.1.0.0 isaacsim-benchmark-5.1.0.0 isaacsim-code-editor-5.1.0.0 isaacsim-core-5.1.0.0 isaacsim-cortex-5.1.0.0 isaacsim-example-5.1.0.0 isaacsim-extscache-kit-5.1.0.0 isaacsim-extscache-kit-sdk-5.1.0.0 isaacsim-extscache-physics-5.1.0.0 isaacsim-gui-5.1.0.0 isaacsim-kernel-5.1.0.0 isaacsim-replicator-5.1.0.0 isaacsim-rl-5.1.0.0 isaacsim-robot-5.1.0.0 isaacsim-robot-motion-5.1.0.0 isaacsim-robot-setup-5.1.0.0 isaacsim-ros1-5.1.0.0 isaacsim-ros2-5.1.0.0 isaacsim-sensor-5.1.0.0 isaacsim-storage-5.1.0.0 isaacsim-template-5.1.0.0 isaacsim-test-5.1.0.0 isaacsim-utils-5.1.0.0 isodate-0.6.1 jmespath-1.0.1 kiwisolver-1.4.4 llvmlite-0.42.0 markupsafe-2.1.3 matplotlib-3.10.3 msal-1.27.0 msal-extensions-1.0.0 multidict-6.1.0 nest_asyncio-1.5.6 networkx-3.3 numba-0.59.1 numpy-1.26.0 oauthlib-3.2.2 omniverse-kit-107.3.1.206797 osqp-0.6.7.post3 packaging-23.0 pint-0.20.1 portalocker-2.7.0 propcache-0.2.1 psutil-5.9.8 pycares-4.8.0 pydantic-2.11.10 pydantic-core-2.33.2 pyparsing-3.0.9 pyperclip-1.8.0 pypng-0.20220715.0 python-multipart-0.0.20 pytz-2024.1 pyyaml-6.0.2 qdldl-0.1.7.post5 qrcode-7.4.2 requests-2.32.3 requests-oauthlib-1.3.1 rtree-1.3.0 s3transfer-0.13.1 scipy-1.15.3 sentry-sdk-2.29.1 starlette-0.45.3 sympy-1.13.3 tornado-6.5.1 trimesh-4.5.1 typing-inspection-0.4.2 typing_extensions-4.12.2 uvicorn-0.29.0 watchdog-4.0.0 websockets-12.0 wrapt-1.16.0 yarl-1.18.3
Fixing websockets conflict...
Fixing packaging conflict...
Collecting cffi==1.17.1
  Using cached cffi-1.17.1-cp311-cp311-manylinux_2_17_x86_64.manylinux2014_x86_64.whl.metadata (1.5 kB)
Collecting pycparser (from cffi==1.17.1)
  Using cached pycparser-3.0-py3-none-any.whl.metadata (8.2 kB)
Using cached cffi-1.17.1-cp311-cp311-manylinux_2_17_x86_64.manylinux2014_x86_64.whl (467 kB)
Using cached pycparser-3.0-py3-none-any.whl (48 kB)
Installing collected packages: pycparser, cffi
  Attempting uninstall: pycparser
    Found existing installation: pycparser 3.0
    Uninstalling pycparser-3.0:
      Successfully uninstalled pycparser-3.0
  Attempting uninstall: cffi
    Found existing installation: cffi 1.17.1
    Uninstalling cffi-1.17.1:
      Successfully uninstalled cffi-1.17.1

ERROR: pip's dependency resolver does not currently take into account all the packages that are installed. This behaviour is the source of the following dependency conflicts.
omnigibson 3.9.3 requires pillow~=11.0.0, but you have pillow 11.3.0 which is incompatible.
omnigibson 3.9.3 requires websockets>=15.0.1, but you have websockets 12.0 which is incompatible.
Successfully installed cffi-1.17.1 pycparser-3.0
Collecting websockets>=15.0.1
  Using cached websockets-17.1-cp311-cp311-manylinux1_x86_64.manylinux_2_28_x86_64.manylinux_2_5_x86_64.whl.metadata (6.3 kB)
Using cached websockets-17.1-cp311-cp311-manylinux1_x86_64.manylinux_2_28_x86_64.manylinux_2_5_x86_64.whl (224 kB)
Installing collected packages: websockets
  Attempting uninstall: websockets
    Found existing installation: websockets 12.0
    Uninstalling websockets-12.0:
      Successfully uninstalled websockets-12.0
ERROR: pip's dependency resolver does not currently take into account all the packages that are installed. This behaviour is the source of the following dependency conflicts.
isaacsim-kernel 5.1.0.0 requires websockets==12.0, but you have websockets 17.1 which is incompatible.
omnigibson 3.9.3 requires pillow~=11.0.0, but you have pillow 11.3.0 which is incompatible.
Successfully installed websockets-17.1
OmniGibson installation completed successfully!
Installing JoyLo...
Obtaining file:///home/juyoung/robot-agent/src/behavior-2026/BEHAVIOR-1K/joylo
  Installing build dependencies: started
  Installing build dependencies: finished with status 'done'
  Checking if build backend supports build_editable: started
  Checking if build backend supports build_editable: finished with status 'done'
  Getting requirements to build editable: started
  Getting requirements to build editable: finished with status 'done'
  Preparing editable metadata (pyproject.toml): started
  Preparing editable metadata (pyproject.toml): finished with status 'done'
Collecting dynamixel-sdk (from joylo==3.9.3)
  Downloading dynamixel_sdk-4.1.0-py3-none-any.whl.metadata (722 bytes)
Collecting hid (from joylo==3.9.3)
  Downloading hid-1.0.9-py3-none-any.whl.metadata (2.6 kB)
Collecting joycon-python (from joylo==3.9.3)
  Downloading joycon_python-0.2.4-py3-none-any.whl.metadata (3.4 kB)
Requirement already satisfied: numpy<2 in /home/juyoung/miniconda3/envs/behavior/lib/python3.11/site-packages (from joylo==3.9.3) (1.26.0)
Collecting numpy-quaternion (from joylo==3.9.3)
  Downloading numpy_quaternion-2024.0.13-cp311-cp311-manylinux1_x86_64.manylinux_2_28_x86_64.manylinux_2_5_x86_64.whl.metadata (14 kB)
Requirement already satisfied: Pillow in /home/juyoung/miniconda3/envs/behavior/lib/python3.11/site-packages (from joylo==3.9.3) (11.3.0)
Collecting pyglm (from joylo==3.9.3)
  Downloading pyglm-2.8.3-cp311-cp311-manylinux_2_34_x86_64.whl.metadata (13 kB)
Collecting pyquaternion (from joylo==3.9.3)
  Downloading pyquaternion-0.9.9-py3-none-any.whl.metadata (1.4 kB)
Collecting quaternion (from joylo==3.9.3)
  Downloading Quaternion-3.5.2.post4-py3-none-any.whl.metadata (759 bytes)
Requirement already satisfied: termcolor in /home/juyoung/miniconda3/envs/behavior/lib/python3.11/site-packages (from joylo==3.9.3) (3.3.0)
Collecting tyro (from joylo==3.9.3)
  Downloading tyro-1.0.16-py3-none-any.whl.metadata (12 kB)
Collecting zmq (from joylo==3.9.3)
  Downloading zmq-0.0.0.zip (2.2 kB)
  Installing build dependencies: started
  Installing build dependencies: finished with status 'done'
  Getting requirements to build wheel: started
  Getting requirements to build wheel: finished with status 'done'
  Preparing metadata (pyproject.toml): started
  Preparing metadata (pyproject.toml): finished with status 'done'
Collecting pyserial (from dynamixel-sdk->joylo==3.9.3)
  Downloading pyserial-3.5-py2.py3-none-any.whl.metadata (1.6 kB)
Requirement already satisfied: scipy<2,>=1.5 in /home/juyoung/miniconda3/envs/behavior/lib/python3.11/site-packages (from numpy-quaternion->joylo==3.9.3) (1.15.3)
Collecting docstring-parser>=0.16 (from tyro->joylo==3.9.3)
  Downloading docstring_parser-0.18.0-py3-none-any.whl.metadata (3.5 kB)
Collecting typeguard>=4.0.0 (from tyro->joylo==3.9.3)
  Downloading typeguard-4.6.0-py3-none-any.whl.metadata (3.7 kB)
Collecting typing-extensions>=4.13.0 (from tyro->joylo==3.9.3)
  Using cached typing_extensions-4.16.0-py3-none-any.whl.metadata (3.3 kB)
Collecting pyzmq (from zmq->joylo==3.9.3)
  Downloading pyzmq-27.2.0-cp311-cp311-manylinux_2_26_x86_64.manylinux_2_28_x86_64.whl.metadata (3.8 kB)
Downloading dynamixel_sdk-4.1.0-py3-none-any.whl (103 kB)
Downloading hid-1.0.9-py3-none-any.whl (5.0 kB)
Downloading joycon_python-0.2.4-py3-none-any.whl (10 kB)
Downloading numpy_quaternion-2024.0.13-cp311-cp311-manylinux1_x86_64.manylinux_2_28_x86_64.manylinux_2_5_x86_64.whl (188 kB)
Downloading pyglm-2.8.3-cp311-cp311-manylinux_2_34_x86_64.whl (11.6 MB)
   ━━━━━━━━━━━━━━━━━━━━━━━━━━━━━━━━━━━━━━━━ 11.6/11.6 MB 11.5 MB/s  0:00:01
Downloading pyquaternion-0.9.9-py3-none-any.whl (14 kB)
Downloading pyserial-3.5-py2.py3-none-any.whl (90 kB)
Downloading Quaternion-3.5.2.post4-py3-none-any.whl (15 kB)
Downloading tyro-1.0.16-py3-none-any.whl (216 kB)
Downloading docstring_parser-0.18.0-py3-none-any.whl (22 kB)
Downloading typeguard-4.6.0-py3-none-any.whl (36 kB)
Using cached typing_extensions-4.16.0-py3-none-any.whl (45 kB)
Downloading pyzmq-27.2.0-cp311-cp311-manylinux_2_26_x86_64.manylinux_2_28_x86_64.whl (888 kB)
   ━━━━━━━━━━━━━━━━━━━━━━━━━━━━━━━━━━━━━━━━ 888.5/888.5 kB 33.0 MB/s  0:00:00
Building wheels for collected packages: joylo, zmq
  Building editable for joylo (pyproject.toml): started
  Building editable for joylo (pyproject.toml): finished with status 'done'
  Created wheel for joylo: filename=joylo-3.9.3-0.editable-py3-none-any.whl size=6253 sha256=c54a3e4dfca9b273bfe902516d3a088745cdddd2eb447c2a9a0e4b1f32c980e1
  Stored in directory: /tmp/pip-ephem-wheel-cache-m7eoesfm/wheels/f7/d9/12/f793a09c5b36427eaded9779c30c3bdf2a617d1e9b71ad9ddc
  Building wheel for zmq (pyproject.toml): started
  Building wheel for zmq (pyproject.toml): finished with status 'done'
  Created wheel for zmq: filename=zmq-0.0.0-py3-none-any.whl size=1089 sha256=c0d8fd2d5f8c9f063e3da11a92688a2e7b35a0b8264493d1b8276dee7cf58311
  Stored in directory: /home/juyoung/.cache/pip/wheels/16/9e/c7/d497825227491fa00cca08b88ae37f9bcc14809233db76342c
Successfully built joylo zmq
Installing collected packages: pyserial, pyglm, joycon-python, hid, typing-extensions, quaternion, pyzmq, pyquaternion, dynamixel-sdk, docstring-parser, zmq, typeguard, numpy-quaternion, tyro, joylo
  Attempting uninstall: typing-extensions
    Found existing installation: typing_extensions 4.12.2
    Uninstalling typing_extensions-4.12.2:
      Successfully uninstalled typing_extensions-4.12.2

ERROR: pip's dependency resolver does not currently take into account all the packages that are installed. This behaviour is the source of the following dependency conflicts.
ipython 9.17.1 requires psutil>=7; sys_platform != "emscripten" and sys_platform != "cygwin", but you have psutil 5.9.8 which is incompatible.
isaacsim-kernel 5.1.0.0 requires typing_extensions==4.12.2, but you have typing-extensions 4.16.0 which is incompatible.
isaacsim-kernel 5.1.0.0 requires websockets==12.0, but you have websockets 17.1 which is incompatible.
huggingface-hub 1.33.0 requires click<9.0.0,>=8.4.2, but you have click 8.1.7 which is incompatible.
Successfully installed docstring-parser-0.18.0 dynamixel-sdk-4.1.0 hid-1.0.9 joycon-python-0.2.4 joylo-3.9.3 numpy-quaternion-2024.0.13 pyglm-2.8.3 pyquaternion-0.9.9 pyserial-3.5 pyzmq-27.2.0 quaternion-3.5.2.post4 typeguard-4.6.0 typing-extensions-4.16.0 tyro-1.0.16 zmq-0.0.0
Looking in links: https://data.pyg.org/whl/torch-2.7.0+cu128.html
Collecting torch-cluster
  Downloading torch_cluster-1.6.3%2Bpt27cu128-cp311-cp311-linux_x86_64.whl (3.3 MB)
     ━━━━━━━━━━━━━━━━━━━━━━━━━━━━━━━━━━━━━━━━ 3.3/3.3 MB 7.0 MB/s  0:00:00
Requirement already satisfied: scipy in /home/juyoung/miniconda3/envs/behavior/lib/python3.11/site-packages (from torch-cluster) (1.15.3)
Requirement already satisfied: numpy<2.5,>=1.23.5 in /home/juyoung/miniconda3/envs/behavior/lib/python3.11/site-packages (from scipy->torch-cluster) (1.26.0)
Installing collected packages: torch-cluster
Successfully installed torch-cluster-1.6.3+pt27cu128

=== Installation Complete! ===
✓ Created conda environment 'behavior'
✓ Installed OmniGibson + Isaac Sim
✓ Installed BDDL
✓ Installed JoyLo
✓ Installed evaluation support

To activate: conda activate 'behavior'
Requirement already satisfied: av in /home/juyoung/miniconda3/envs/behavior/lib/python3.11/site-packages (15.1.0)
Requirement already satisfied: numpy<2 in /home/juyoung/miniconda3/envs/behavior/lib/python3.11/site-packages (1.26.0)
