step,slot,new_chunk,gpu_ms,total_ms,stage,black_head,black_left,black_right,step_ms
0,0,1,85.295,88.067,-1,0,0,0,nan
1,0,0,0.000,0.000,-1,0,0,0,237.399
2,0,0,0.000,0.000,-1,0,0,0,79.876
3,0,0,0.000,0.000,-1,0,0,0,128.087
4,0,0,0.000,0.000,-1,0,0,0,99.055
5,0,0,0.000,0.000,-1,0,0,0,125.928
6,0,0,0.000,0.000,-1,0,0,0,96.501
7,0,0,0.000,0.000,-1,0,0,0,78.776
8,0,0,0.000,0.000,-1,0,0,0,78.287
9,0,0,0.000,0.000,-1,0,0,0,115.572
10,0,0,0.000,0.000,-1,0,0,0,83.381
11,0,0,0.000,0.000,-1,0,0,0,105.862
12,0,0,0.000,0.000,-1,0,0,0,96.431
13,0,0,0.000,0.000,-1,0,0,0,53.773
14,0,0,0.000,0.000,-1,0,0,0,70.111
15,0,0,0.000,0.000,-1,0,0,0,66.415
16,0,0,0.000,0.000,-1,0,0,0,87.384
17,0,0,0.000,0.000,-1,0,0,0,76.659
18,0,0,0.000,0.000,-1,0,0,0,89.524
19,0,0,0.000,0.000,-1,0,0,0,74.564
20,0,0,0.000,0.000,-1,0,0,0,78.723
21,0,0,0.000,0.000,-1,0,0,0,77.940
22,0,0,0.000,0.000,-1,0,0,0,77.423
23,0,0,0.000,0.000,-1,0,0,0,78.325
24,0,0,0.000,0.000,-1,0,0,0,90.961
25,0,0,0.000,0.000,-1,0,0,0,76.503
26,0,0,0.000,0.000,-1,0,0,0,78.745
27,0,0,0.000,0.000,-1,0,0,0,78.537
28,0,0,0.000,0.000,-1,0,0,0,75.971
29,0,0,0.000,0.000,-1,0,0,0,76.674
30,0,0,0.000,0.000,-1,0,0,0,94.968
31,0,0,0.000,0.000,-1,0,0,0,74.691
32,0,1,93.590,99.945,-1,0,0,0,78.517
33,0,0,0.000,0.000,-1,0,0,0,74.914
34,0,0,0.000,0.000,-1,0,0,0,82.000
35,0,0,0.000,0.000,-1,0,0,0,79.699
36,0,0,0.000,0.000,-1,0,0,0,93.670
37,0,0,0.000,0.000,-1,0,0,0,76.349
38,0,0,0.000,0.000,-1,0,0,0,82.724
39,0,0,0.000,0.000,-1,0,0,0,77.794
40,0,0,0.000,0.000,-1,0,0,0,79.431
41,0,0,0.000,0.000,-1,0,0,0,77.663
42,0,0,0.000,0.000,-1,0,0,0,90.731
43,0,0,0.000,0.000,-1,0,0,0,76.758
44,0,0,0.000,0.000,-1,0,0,0,75.612
45,0,0,0.000,0.000,-1,0,0,0,78.776
46,0,0,0.000,0.000,-1,0,0,0,74.654
47,0,0,0.000,0.000,-1,0,0,0,75.930
48,0,0,0.000,0.000,-1,0,0,0,90.033
49,0,0,0.000,0.000,-1,0,0,0,74.389
50,0,0,0.000,0.000,-1,0,0,0,79.263
51,0,0,0.000,0.000,-1,0,0,0,75.061
52,0,0,0.000,0.000,-1,0,0,0,75.118
53,0,0,0.000,0.000,-1,0,0,0,78.851
54,0,0,0.000,0.000,-1,0,0,0,93.059
55,0,0,0.000,0.000,-1,0,0,0,75.420
56,0,0,0.000,0.000,-1,0,0,0,75.207
57,0,0,0.000,0.000,-1,0,0,0,75.086
58,0,0,0.000,0.000,-1,0,0,0,75.826
59,0,0,0.000,0.000,-1,0,0,0,76.084
60,0,0,0.000,0.000,-1,0,0,0,94.504
61,0,0,0.000,0.000,-1,0,0,0,77.913
62,0,0,0.000,0.000,-1,0,0,0,76.855
63,0,0,0.000,0.000,-1,0,0,0,74.118
64,0,1,91.263,96.923,-1,0,0,0,76.954
65,0,0,0.000,0.000,-1,0,0,0,74.910
66,0,0,0.000,0.000,-1,0,0,0,91.857
67,0,0,0.000,0.000,-1,0,0,0,77.044
68,0,0,0.000,0.000,-1,0,0,0,76.681
69,0,0,0.000,0.000,-1,0,0,0,75.047
70,0,0,0.000,0.000,-1,0,0,0,75.287
71,0,0,0.000,0.000,-1,0,0,0,77.018
72,0,0,0.000,0.000,-1,0,0,0,91.710
73,0,0,0.000,0.000,-1,0,0,0,73.578
74,0,0,0.000,0.000,-1,0,0,0,76.739
75,0,0,0.000,0.000,-1,0,0,0,77.046
76,0,0,0.000,0.000,-1,0,0,0,77.627
77,0,0,0.000,0.000,-1,0,0,0,76.007
78,0,0,0.000,0.000,-1,0,0,0,91.483
79,0,0,0.000,0.000,-1,0,0,0,73.686
80,0,0,0.000,0.000,-1,0,0,0,74.585
81,0,0,0.000,0.000,-1,0,0,0,74.695
82,0,0,0.000,0.000,-1,0,0,0,72.577
83,0,0,0.000,0.000,-1,0,0,0,74.862
84,0,0,0.000,0.000,-1,0,0,0,88.185
85,0,0,0.000,0.000,-1,0,0,0,79.862
86,0,0,0.000,0.000,-1,0,0,0,77.588
87,0,0,0.000,0.000,-1,0,0,0,79.567
88,0,0,0.000,0.000,-1,0,0,0,76.198
89,0,0,0.000,0.000,-1,0,0,0,79.555
90,0,0,0.000,0.000,-1,0,0,0,94.061
91,0,0,0.000,0.000,-1,0,0,0,74.263
92,0,0,0.000,0.000,-1,0,0,0,75.602
93,0,0,0.000,0.000,-1,0,0,0,82.519
94,0,0,0.000,0.000,-1,0,0,0,93.977
95,0,0,0.000,0.000,-1,0,0,0,74.693
96,0,1,83.195,86.019,-1,0,0,0,126.621
97,0,0,0.000,0.000,-1,0,0,0,108.338
98,0,0,0.000,0.000,-1,0,0,0,80.352
99,0,0,0.000,0.000,-1,0,0,0,77.673
100,0,0,0.000,0.000,-1,0,0,0,72.595
101,0,0,0.000,0.000,-1,0,0,0,75.628
102,0,0,0.000,0.000,-1,0,0,0,88.059
103,0,0,0.000,0.000,-1,0,0,0,75.841
104,0,0,0.000,0.000,-1,0,0,0,75.516
105,0,0,0.000,0.000,-1,0,0,0,75.408
106,0,0,0.000,0.000,-1,0,0,0,78.342
107,0,0,0.000,0.000,-1,0,0,0,76.045
108,0,0,0.000,0.000,-1,0,0,0,86.213
109,0,0,0.000,0.000,-1,0,0,0,74.563
110,0,0,0.000,0.000,-1,0,0,0,77.254
111,0,0,0.000,0.000,-1,0,0,0,77.395
112,0,0,0.000,0.000,-1,0,0,0,76.893
113,0,0,0.000,0.000,-1,0,0,0,74.851
114,0,0,0.000,0.000,-1,0,0,0,90.421
115,0,0,0.000,0.000,-1,0,0,0,72.654
116,0,0,0.000,0.000,-1,0,0,0,75.934
117,0,0,0.000,0.000,-1,0,0,0,78.901
118,0,0,0.000,0.000,-1,0,0,0,76.819
119,0,0,0.000,0.000,-1,0,0,0,78.916
120,0,0,0.000,0.000,-1,0,0,0,89.747
121,0,0,0.000,0.000,-1,0,0,0,75.039
122,0,0,0.000,0.000,-1,0,0,0,80.201
123,0,0,0.000,0.000,-1,0,0,0,74.828
124,0,0,0.000,0.000,-1,0,0,0,78.935
125,0,0,0.000,0.000,-1,0,0,0,76.435
126,0,0,0.000,0.000,-1,0,0,0,88.329
127,0,0,0.000,0.000,-1,0,0,0,76.354
128,0,1,94.165,99.249,-1,0,0,0,76.210
129,0,0,0.000,0.000,-1,0,0,0,75.971
130,0,0,0.000,0.000,-1,0,0,0,78.416
131,0,0,0.000,0.000,-1,0,0,0,75.520
132,0,0,0.000,0.000,-1,0,0,0,85.632
133,0,0,0.000,0.000,-1,0,0,0,71.908
134,0,0,0.000,0.000,-1,0,0,0,75.821
135,0,0,0.000,0.000,-1,0,0,0,77.167
136,0,0,0.000,0.000,-1,0,0,0,76.934
137,0,0,0.000,0.000,-1,0,0,0,75.253
138,0,0,0.000,0.000,-1,0,0,0,86.685
139,0,0,0.000,0.000,-1,0,0,0,76.578
140,0,0,0.000,0.000,-1,0,0,0,77.405
141,0,0,0.000,0.000,-1,0,0,0,75.709
142,0,0,0.000,0.000,-1,0,0,0,79.120
143,0,0,0.000,0.000,-1,0,0,0,117.330
144,0,0,0.000,0.000,-1,0,0,0,95.048
145,0,0,0.000,0.000,-1,0,0,0,116.726
146,0,0,0.000,0.000,-1,0,0,0,101.567
147,0,0,0.000,0.000,-1,0,0,0,81.667
148,0,0,0.000,0.000,-1,0,0,0,82.467
149,0,0,0.000,0.000,-1,0,0,0,80.140
150,0,0,0.000,0.000,-1,0,0,0,99.024
151,0,0,0.000,0.000,-1,0,0,0,84.871
152,0,0,0.000,0.000,-1,0,0,0,92.595
153,0,0,0.000,0.000,-1,0,0,0,71.712
154,0,0,0.000,0.000,-1,0,0,0,76.729
155,0,0,0.000,0.000,-1,0,0,0,75.975
156,0,0,0.000,0.000,-1,0,0,0,86.352
157,0,0,0.000,0.000,-1,0,0,0,75.823
158,0,0,0.000,0.000,-1,0,0,0,76.043
159,0,0,0.000,0.000,-1,0,0,0,75.107
160,0,1,93.641,98.356,-1,0,0,0,77.746
161,0,0,0.000,0.000,-1,0,0,0,78.855
162,0,0,0.000,0.000,-1,0,0,0,89.177
163,0,0,0.000,0.000,-1,0,0,0,76.495
164,0,0,0.000,0.000,-1,0,0,0,77.136
165,0,0,0.000,0.000,-1,0,0,0,76.134
166,0,0,0.000,0.000,-1,0,0,0,77.330
167,0,0,0.000,0.000,-1,0,0,0,76.953
168,0,0,0.000,0.000,-1,0,0,0,90.739
169,0,0,0.000,0.000,-1,0,0,0,75.795
170,0,0,0.000,0.000,-1,0,0,0,77.255
171,0,0,0.000,0.000,-1,0,0,0,76.617
172,0,0,0.000,0.000,-1,0,0,0,77.210
173,0,0,0.000,0.000,-1,0,0,0,80.519
174,0,0,0.000,0.000,-1,0,0,0,89.997
175,0,0,0.000,0.000,-1,0,0,0,76.385
176,0,0,0.000,0.000,-1,0,0,0,77.557
177,0,0,0.000,0.000,-1,0,0,0,77.805
178,0,0,0.000,0.000,-1,0,0,0,76.263
179,0,0,0.000,0.000,-1,0,0,0,76.423
180,0,0,0.000,0.000,-1,0,0,0,91.084
181,0,0,0.000,0.000,-1,0,0,0,72.791
182,0,0,0.000,0.000,-1,0,0,0,76.298
183,0,0,0.000,0.000,-1,0,0,0,75.900
184,0,0,0.000,0.000,-1,0,0,0,75.567
185,0,0,0.000,0.000,-1,0,0,0,75.552
186,0,0,0.000,0.000,-1,0,0,0,92.955
187,0,0,0.000,0.000,-1,0,0,0,78.172
188,0,0,0.000,0.000,-1,0,0,0,76.986
189,0,0,0.000,0.000,-1,0,0,0,77.215
190,0,0,0.000,0.000,-1,0,0,0,74.375
191,0,0,0.000,0.000,-1,0,0,0,80.416
192,0,1,87.015,92.400,-1,0,0,0,91.371
193,0,0,0.000,0.000,-1,0,0,0,75.829
194,0,0,0.000,0.000,-1,0,0,0,76.745
195,0,0,0.000,0.000,-1,0,0,0,75.753
196,0,0,0.000,0.000,-1,0,0,0,81.159
197,0,0,0.000,0.000,-1,0,0,0,77.707
198,0,0,0.000,0.000,-1,0,0,0,90.715
199,0,0,0.000,0.000,-1,0,0,0,75.765
200,0,0,0.000,0.000,-1,0,0,0,79.003
201,0,0,0.000,0.000,-1,0,0,0,75.566
202,0,0,0.000,0.000,-1,0,0,0,77.561
203,0,0,0.000,0.000,-1,0,0,0,77.907
204,0,0,0.000,0.000,-1,0,0,0,87.968
205,0,0,0.000,0.000,-1,0,0,0,78.138
206,0,0,0.000,0.000,-1,0,0,0,75.832
207,0,0,0.000,0.000,-1,0,0,0,75.721
208,0,0,0.000,0.000,-1,0,0,0,76.660
209,0,0,0.000,0.000,-1,0,0,0,76.726
210,0,0,0.000,0.000,-1,0,0,0,90.478
211,0,0,0.000,0.000,-1,0,0,0,75.472
212,0,0,0.000,0.000,-1,0,0,0,78.290
213,0,0,0.000,0.000,-1,0,0,0,79.321
214,0,0,0.000,0.000,-1,0,0,0,76.608
215,0,0,0.000,0.000,-1,0,0,0,76.313
216,0,0,0.000,0.000,-1,0,0,0,90.030
217,0,0,0.000,0.000,-1,0,0,0,76.979
218,0,0,0.000,0.000,-1,0,0,0,75.322
219,0,0,0.000,0.000,-1,0,0,0,76.774
220,0,0,0.000,0.000,-1,0,0,0,77.966
221,0,0,0.000,0.000,-1,0,0,0,77.212
222,0,0,0.000,0.000,-1,0,0,0,87.780
223,0,0,0.000,0.000,-1,0,0,0,78.612
224,0,1,96.289,101.840,-1,0,0,0,77.250
225,0,0,0.000,0.000,-1,0,0,0,73.523
226,0,0,0.000,0.000,-1,0,0,0,70.025
227,0,0,0.000,0.000,-1,0,0,0,71.291
228,0,0,0.000,0.000,-1,0,0,0,85.954
229,0,0,0.000,0.000,-1,0,0,0,71.704
230,0,0,0.000,0.000,-1,0,0,0,71.911
231,0,0,0.000,0.000,-1,0,0,0,70.997
232,0,0,0.000,0.000,-1,0,0,0,71.903
233,0,0,0.000,0.000,-1,0,0,0,71.967
234,0,0,0.000,0.000,-1,0,0,0,87.968
235,0,0,0.000,0.000,-1,0,0,0,73.660
236,0,0,0.000,0.000,-1,0,0,0,77.690
237,0,0,0.000,0.000,-1,0,0,0,77.439
238,0,0,0.000,0.000,-1,0,0,0,78.033
239,0,0,0.000,0.000,-1,0,0,0,75.496
240,0,0,0.000,0.000,-1,0,0,0,88.545
241,0,0,0.000,0.000,-1,0,0,0,74.072
242,0,0,0.000,0.000,-1,0,0,0,78.171
243,0,0,0.000,0.000,-1,0,0,0,74.215
244,0,0,0.000,0.000,-1,0,0,0,75.103
245,0,0,0.000,0.000,-1,0,0,0,76.605
246,0,0,0.000,0.000,-1,0,0,0,91.780
247,0,0,0.000,0.000,-1,0,0,0,74.171
248,0,0,0.000,0.000,-1,0,0,0,74.449
249,0,0,0.000,0.000,-1,0,0,0,77.576
250,0,0,0.000,0.000,-1,0,0,0,76.752
251,0,0,0.000,0.000,-1,0,0,0,75.984
252,0,0,0.000,0.000,-1,0,0,0,89.135
253,0,0,0.000,0.000,-1,0,0,0,76.214
254,0,0,0.000,0.000,-1,0,0,0,83.467
255,0,0,0.000,0.000,-1,0,0,0,77.218
256,0,1,93.618,99.533,-1,0,0,0,78.026
257,0,0,0.000,0.000,-1,0,0,0,79.127
258,0,0,0.000,0.000,-1,0,0,0,94.103
259,0,0,0.000,0.000,-1,0,0,0,76.736
260,0,0,0.000,0.000,-1,0,0,0,77.139
261,0,0,0.000,0.000,-1,0,0,0,75.535
262,0,0,0.000,0.000,-1,0,0,0,73.649
263,0,0,0.000,0.000,-1,0,0,0,72.313
264,0,0,0.000,0.000,-1,0,0,0,86.804
265,0,0,0.000,0.000,-1,0,0,0,70.587
266,0,0,0.000,0.000,-1,0,0,0,76.441
267,0,0,0.000,0.000,-1,0,0,0,78.449
268,0,0,0.000,0.000,-1,0,0,0,77.061
269,0,0,0.000,0.000,-1,0,0,0,75.822
270,0,0,0.000,0.000,-1,0,0,0,92.036
271,0,0,0.000,0.000,-1,0,0,0,82.604
272,0,0,0.000,0.000,-1,0,0,0,82.292
273,0,0,0.000,0.000,-1,0,0,0,82.440
274,0,0,0.000,0.000,-1,0,0,0,78.396
275,0,0,0.000,0.000,-1,0,0,0,80.051
276,0,0,0.000,0.000,-1,0,0,0,92.080
277,0,0,0.000,0.000,-1,0,0,0,77.238
278,0,0,0.000,0.000,-1,0,0,0,83.870
279,0,0,0.000,0.000,-1,0,0,0,79.790
280,0,0,0.000,0.000,-1,0,0,0,78.391
281,0,0,0.000,0.000,-1,0,0,0,77.517
282,0,0,0.000,0.000,-1,0,0,0,92.275
283,0,0,0.000,0.000,-1,0,0,0,77.427
284,0,0,0.000,0.000,-1,0,0,0,74.550
285,0,0,0.000,0.000,-1,0,0,0,73.875
286,0,0,0.000,0.000,-1,0,0,0,73.132
287,0,0,0.000,0.000,-1,0,0,0,75.912
288,0,1,83.841,87.240,-1,0,0,0,87.517
289,0,0,0.000,0.000,-1,0,0,0,74.809
290,0,0,0.000,0.000,-1,0,0,0,73.052
291,0,0,0.000,0.000,-1,0,0,0,73.646
292,0,0,0.000,0.000,-1,0,0,0,75.852
293,0,0,0.000,0.000,-1,0,0,0,73.186
294,0,0,0.000,0.000,-1,0,0,0,85.233
295,0,0,0.000,0.000,-1,0,0,0,73.404
296,0,0,0.000,0.000,-1,0,0,0,74.218
297,0,0,0.000,0.000,-1,0,0,0,77.622
298,0,0,0.000,0.000,-1,0,0,0,74.877
299,0,0,0.000,0.000,-1,0,0,0,73.563
300,0,0,0.000,0.000,-1,0,0,0,91.190
301,0,0,0.000,0.000,-1,0,0,0,74.254
302,0,0,0.000,0.000,-1,0,0,0,75.085
303,0,0,0.000,0.000,-1,0,0,0,74.650
304,0,0,0.000,0.000,-1,0,0,0,74.857
305,0,0,0.000,0.000,-1,0,0,0,76.585
306,0,0,0.000,0.000,-1,0,0,0,86.078
307,0,0,0.000,0.000,-1,0,0,0,75.754
308,0,0,0.000,0.000,-1,0,0,0,75.868
309,0,0,0.000,0.000,-1,0,0,0,77.249
310,0,0,0.000,0.000,-1,0,0,0,76.075
311,0,0,0.000,0.000,-1,0,0,0,73.468
312,0,0,0.000,0.000,-1,0,0,0,84.594
313,0,0,0.000,0.000,-1,0,0,0,75.368
314,0,0,0.000,0.000,-1,0,0,0,76.554
315,0,0,0.000,0.000,-1,0,0,0,74.231
316,0,0,0.000,0.000,-1,0,0,0,76.714
317,0,0,0.000,0.000,-1,0,0,0,75.081
318,0,0,0.000,0.000,-1,0,0,0,86.627
319,0,0,0.000,0.000,-1,0,0,0,74.524
320,0,1,90.958,95.183,-1,0,0,0,75.548
321,0,0,0.000,0.000,-1,0,0,0,72.633
322,0,0,0.000,0.000,-1,0,0,0,74.560
323,0,0,0.000,0.000,-1,0,0,0,74.957
324,0,0,0.000,0.000,-1,0,0,0,86.590
325,0,0,0.000,0.000,-1,0,0,0,75.351
326,0,0,0.000,0.000,-1,0,0,0,75.804
327,0,0,0.000,0.000,-1,0,0,0,76.283
328,0,0,0.000,0.000,-1,0,0,0,76.781
329,0,0,0.000,0.000,-1,0,0,0,78.995
330,0,0,0.000,0.000,-1,0,0,0,90.685
331,0,0,0.000,0.000,-1,0,0,0,80.286
332,0,0,0.000,0.000,-1,0,0,0,73.901
333,0,0,0.000,0.000,-1,0,0,0,74.215
334,0,0,0.000,0.000,-1,0,0,0,74.280
335,0,0,0.000,0.000,-1,0,0,0,72.552
336,0,0,0.000,0.000,-1,0,0,0,84.246
337,0,0,0.000,0.000,-1,0,0,0,72.859
338,0,0,0.000,0.000,-1,0,0,0,73.905
339,0,0,0.000,0.000,-1,0,0,0,71.324
340,0,0,0.000,0.000,-1,0,0,0,69.655
341,0,0,0.000,0.000,-1,0,0,0,74.259
342,0,0,0.000,0.000,-1,0,0,0,86.245
343,0,0,0.000,0.000,-1,0,0,0,73.567
344,0,0,0.000,0.000,-1,0,0,0,75.780
345,0,0,0.000,0.000,-1,0,0,0,76.383
346,0,0,0.000,0.000,-1,0,0,0,76.788
347,0,0,0.000,0.000,-1,0,0,0,76.630
348,0,0,0.000,0.000,-1,0,0,0,87.400
349,0,0,0.000,0.000,-1,0,0,0,99.092
350,0,0,0.000,0.000,-1,0,0,0,80.199
351,0,0,0.000,0.000,-1,0,0,0,74.492
352,0,1,87.448,92.262,-1,0,0,0,76.172
353,0,0,0.000,0.000,-1,0,0,0,76.335
354,0,0,0.000,0.000,-1,0,0,0,85.066
355,0,0,0.000,0.000,-1,0,0,0,71.837
356,0,0,0.000,0.000,-1,0,0,0,75.304
357,0,0,0.000,0.000,-1,0,0,0,72.681
358,0,0,0.000,0.000,-1,0,0,0,74.678
359,0,0,0.000,0.000,-1,0,0,0,75.923
360,0,0,0.000,0.000,-1,0,0,0,86.052
361,0,0,0.000,0.000,-1,0,0,0,72.628
362,0,0,0.000,0.000,-1,0,0,0,73.618
363,0,0,0.000,0.000,-1,0,0,0,75.237
364,0,0,0.000,0.000,-1,0,0,0,74.269
365,0,0,0.000,0.000,-1,0,0,0,75.220
366,0,0,0.000,0.000,-1,0,0,0,87.283
367,0,0,0.000,0.000,-1,0,0,0,74.040
368,0,0,0.000,0.000,-1,0,0,0,75.792
369,0,0,0.000,0.000,-1,0,0,0,76.029
370,0,0,0.000,0.000,-1,0,0,0,73.217
371,0,0,0.000,0.000,-1,0,0,0,75.261
372,0,0,0.000,0.000,-1,0,0,0,86.293
373,0,0,0.000,0.000,-1,0,0,0,71.717
374,0,0,0.000,0.000,-1,0,0,0,71.728
375,0,0,0.000,0.000,-1,0,0,0,73.303
376,0,0,0.000,0.000,-1,0,0,0,75.537
377,0,0,0.000,0.000,-1,0,0,0,75.456
378,0,0,0.000,0.000,-1,0,0,0,84.092
379,0,0,0.000,0.000,-1,0,0,0,77.746
380,0,0,0.000,0.000,-1,0,0,0,74.838
381,0,0,0.000,0.000,-1,0,0,0,81.715
382,0,0,0.000,0.000,-1,0,0,0,76.643
383,0,0,0.000,0.000,-1,0,0,0,74.308
384,0,1,85.754,90.084,-1,0,0,0,83.939
385,0,0,0.000,0.000,-1,0,0,0,77.266
386,0,0,0.000,0.000,-1,0,0,0,77.670
387,0,0,0.000,0.000,-1,0,0,0,75.384
388,0,0,0.000,0.000,-1,0,0,0,75.401
389,0,0,0.000,0.000,-1,0,0,0,89.839
390,0,0,0.000,0.000,-1,0,0,0,86.865
391,0,0,0.000,0.000,-1,0,0,0,77.997
392,0,0,0.000,0.000,-1,0,0,0,78.586
393,0,0,0.000,0.000,-1,0,0,0,79.985
394,0,0,0.000,0.000,-1,0,0,0,77.104
395,0,0,0.000,0.000,-1,0,0,0,76.063
396,0,0,0.000,0.000,-1,0,0,0,86.256
397,0,0,0.000,0.000,-1,0,0,0,73.629
398,0,0,0.000,0.000,-1,0,0,0,73.979
399,0,0,0.000,0.000,-1,0,0,0,75.002
400,0,0,0.000,0.000,-1,0,0,0,74.054
401,0,0,0.000,0.000,-1,0,0,0,91.244
402,0,0,0.000,0.000,-1,0,0,0,84.797
403,0,0,0.000,0.000,-1,0,0,0,71.768
404,0,0,0.000,0.000,-1,0,0,0,73.579
405,0,0,0.000,0.000,-1,0,0,0,75.317
406,0,0,0.000,0.000,-1,0,0,0,77.837
407,0,0,0.000,0.000,-1,0,0,0,78.941
408,0,0,0.000,0.000,-1,0,0,0,86.538
409,0,0,0.000,0.000,-1,0,0,0,75.794
410,0,0,0.000,0.000,-1,0,0,0,76.305
411,0,0,0.000,0.000,-1,0,0,0,74.765
412,0,0,0.000,0.000,-1,0,0,0,75.011
413,0,0,0.000,0.000,-1,0,0,0,75.527
414,0,0,0.000,0.000,-1,0,0,0,87.747
415,0,0,0.000,0.000,-1,0,0,0,76.411
416,0,1,89.558,94.233,-1,0,0,0,75.908
417,0,0,0.000,0.000,-1,0,0,0,80.129
418,0,0,0.000,0.000,-1,0,0,0,79.185
419,0,0,0.000,0.000,-1,0,0,0,78.226
420,0,0,0.000,0.000,-1,0,0,0,90.838
421,0,0,0.000,0.000,-1,0,0,0,80.343
422,0,0,0.000,0.000,-1,0,0,0,78.876
423,0,0,0.000,0.000,-1,0,0,0,80.004
424,0,0,0.000,0.000,-1,0,0,0,75.760
425,0,0,0.000,0.000,-1,0,0,0,76.990
426,0,0,0.000,0.000,-1,0,0,0,88.325
427,0,0,0.000,0.000,-1,0,0,0,73.718
428,0,0,0.000,0.000,-1,0,0,0,77.279
429,0,0,0.000,0.000,-1,0,0,0,75.291
430,0,0,0.000,0.000,-1,0,0,0,73.086
431,0,0,0.000,0.000,-1,0,0,0,77.807
432,0,0,0.000,0.000,-1,0,0,0,87.545
433,0,0,0.000,0.000,-1,0,0,0,75.554
434,0,0,0.000,0.000,-1,0,0,0,77.194
435,0,0,0.000,0.000,-1,0,0,0,77.686
436,0,0,0.000,0.000,-1,0,0,0,77.741
437,0,0,0.000,0.000,-1,0,0,0,76.569
438,0,0,0.000,0.000,-1,0,0,0,90.550
439,0,0,0.000,0.000,-1,0,0,0,74.241
440,0,0,0.000,0.000,-1,0,0,0,75.855
441,0,0,0.000,0.000,-1,0,0,0,74.937
442,0,0,0.000,0.000,-1,0,0,0,89.963
443,0,0,0.000,0.000,-1,0,0,0,111.616
444,0,0,0.000,0.000,-1,0,0,0,85.271
445,0,0,0.000,0.000,-1,0,0,0,76.235
446,0,0,0.000,0.000,-1,0,0,0,103.100
447,0,0,0.000,0.000,-1,0,0,0,73.654
448,0,1,89.990,94.646,-1,0,0,0,74.744
449,0,0,0.000,0.000,-1,0,0,0,79.364
450,0,0,0.000,0.000,-1,0,0,0,95.187
451,0,0,0.000,0.000,-1,0,0,0,78.616
452,0,0,0.000,0.000,-1,0,0,0,78.887
453,0,0,0.000,0.000,-1,0,0,0,76.178
454,0,0,0.000,0.000,-1,0,0,0,77.251
455,0,0,0.000,0.000,-1,0,0,0,76.753
456,0,0,0.000,0.000,-1,0,0,0,85.476
457,0,0,0.000,0.000,-1,0,0,0,76.151
458,0,0,0.000,0.000,-1,0,0,0,77.258
459,0,0,0.000,0.000,-1,0,0,0,76.929
460,0,0,0.000,0.000,-1,0,0,0,73.737
461,0,0,0.000,0.000,-1,0,0,0,73.809
462,0,0,0.000,0.000,-1,0,0,0,87.318
463,0,0,0.000,0.000,-1,0,0,0,76.972
464,0,0,0.000,0.000,-1,0,0,0,76.272
465,0,0,0.000,0.000,-1,0,0,0,73.932
466,0,0,0.000,0.000,-1,0,0,0,76.534
467,0,0,0.000,0.000,-1,0,0,0,76.193
468,0,0,0.000,0.000,-1,0,0,0,87.891
469,0,0,0.000,0.000,-1,0,0,0,70.261
470,0,0,0.000,0.000,-1,0,0,0,70.544
471,0,0,0.000,0.000,-1,0,0,0,71.634
472,0,0,0.000,0.000,-1,0,0,0,71.491
473,0,0,0.000,0.000,-1,0,0,0,71.904
474,0,0,0.000,0.000,-1,0,0,0,81.611
475,0,0,0.000,0.000,-1,0,0,0,69.684
476,0,0,0.000,0.000,-1,0,0,0,72.500
477,0,0,0.000,0.000,-1,0,0,0,72.464
478,0,0,0.000,0.000,-1,0,0,0,72.202
479,0,0,0.000,0.000,-1,0,0,0,73.158
480,0,1,83.348,86.173,-1,0,0,0,84.344
481,0,0,0.000,0.000,-1,0,0,0,72.792
482,0,0,0.000,0.000,-1,0,0,0,70.716
483,0,0,0.000,0.000,-1,0,0,0,73.930
484,0,0,0.000,0.000,-1,0,0,0,70.914
485,0,0,0.000,0.000,-1,0,0,0,69.605
486,0,0,0.000,0.000,-1,0,0,0,83.482
487,0,0,0.000,0.000,-1,0,0,0,73.357
488,0,0,0.000,0.000,-1,0,0,0,71.045
489,0,0,0.000,0.000,-1,0,0,0,74.002
490,0,0,0.000,0.000,-1,0,0,0,73.125
491,0,0,0.000,0.000,-1,0,0,0,75.109
492,0,0,0.000,0.000,-1,0,0,0,85.187
493,0,0,0.000,0.000,-1,0,0,0,69.579
494,0,0,0.000,0.000,-1,0,0,0,71.761
495,0,0,0.000,0.000,-1,0,0,0,71.847
496,0,0,0.000,0.000,-1,0,0,0,72.537
497,0,0,0.000,0.000,-1,0,0,0,71.153
498,0,0,0.000,0.000,-1,0,0,0,85.339
499,0,0,0.000,0.000,-1,0,0,0,73.129
500,0,0,0.000,0.000,-1,0,0,0,70.217
501,0,0,0.000,0.000,-1,0,0,0,70.751
502,0,0,0.000,0.000,-1,0,0,0,72.997
503,0,0,0.000,0.000,-1,0,0,0,70.484
504,0,0,0.000,0.000,-1,0,0,0,81.068
505,0,0,0.000,0.000,-1,0,0,0,69.262
506,0,0,0.000,0.000,-1,0,0,0,70.895
507,0,0,0.000,0.000,-1,0,0,0,69.224
508,0,0,0.000,0.000,-1,0,0,0,73.478
509,0,0,0.000,0.000,-1,0,0,0,68.299
510,0,0,0.000,0.000,-1,0,0,0,108.062
511,0,0,0.000,0.000,-1,0,0,0,70.669
512,0,1,91.846,96.452,-1,0,0,0,72.314
513,0,0,0.000,0.000,-1,0,0,0,69.085
514,0,0,0.000,0.000,-1,0,0,0,70.430
515,0,0,0.000,0.000,-1,0,0,0,71.297
516,0,0,0.000,0.000,-1,0,0,0,82.736
517,0,0,0.000,0.000,-1,0,0,0,69.615
518,0,0,0.000,0.000,-1,0,0,0,71.571
519,0,0,0.000,0.000,-1,0,0,0,69.377
520,0,0,0.000,0.000,-1,0,0,0,70.432
521,0,0,0.000,0.000,-1,0,0,0,71.915
522,0,0,0.000,0.000,-1,0,0,0,82.282
523,0,0,0.000,0.000,-1,0,0,0,68.794
524,0,0,0.000,0.000,-1,0,0,0,70.094
525,0,0,0.000,0.000,-1,0,0,0,68.431
526,0,0,0.000,0.000,-1,0,0,0,69.725
527,0,0,0.000,0.000,-1,0,0,0,69.337
528,0,0,0.000,0.000,-1,0,0,0,82.695
529,0,0,0.000,0.000,-1,0,0,0,66.239
530,0,0,0.000,0.000,-1,0,0,0,67.355
531,0,0,0.000,0.000,-1,0,0,0,70.309
532,0,0,0.000,0.000,-1,0,0,0,67.597
533,0,0,0.000,0.000,-1,0,0,0,71.039
534,0,0,0.000,0.000,-1,0,0,0,81.602
535,0,0,0.000,0.000,-1,0,0,0,73.836
536,0,0,0.000,0.000,-1,0,0,0,69.777
537,0,0,0.000,0.000,-1,0,0,0,70.414
538,0,0,0.000,0.000,-1,0,0,0,68.860
539,0,0,0.000,0.000,-1,0,0,0,72.974
540,0,0,0.000,0.000,-1,0,0,0,80.807
541,0,0,0.000,0.000,-1,0,0,0,70.971
542,0,0,0.000,0.000,-1,0,0,0,73.155
543,0,0,0.000,0.000,-1,0,0,0,71.357
544,0,1,88.346,93.236,-1,0,0,0,67.763
545,0,0,0.000,0.000,-1,0,0,0,71.094
546,0,0,0.000,0.000,-1,0,0,0,79.520
547,0,0,0.000,0.000,-1,0,0,0,68.867
548,0,0,0.000,0.000,-1,0,0,0,69.964
549,0,0,0.000,0.000,-1,0,0,0,70.960
550,0,0,0.000,0.000,-1,0,0,0,71.992
551,0,0,0.000,0.000,-1,0,0,0,69.530
552,0,0,0.000,0.000,-1,0,0,0,86.237
553,0,0,0.000,0.000,-1,0,0,0,72.931
554,0,0,0.000,0.000,-1,0,0,0,74.595
555,0,0,0.000,0.000,-1,0,0,0,73.627
556,0,0,0.000,0.000,-1,0,0,0,73.602
557,0,0,0.000,0.000,-1,0,0,0,71.578
558,0,0,0.000,0.000,-1,0,0,0,88.446
559,0,0,0.000,0.000,-1,0,0,0,71.104
560,0,0,0.000,0.000,-1,0,0,0,72.066
561,0,0,0.000,0.000,-1,0,0,0,69.441
562,0,0,0.000,0.000,-1,0,0,0,69.527
563,0,0,0.000,0.000,-1,0,0,0,71.550
564,0,0,0.000,0.000,-1,0,0,0,84.879
565,0,0,0.000,0.000,-1,0,0,0,67.807
566,0,0,0.000,0.000,-1,0,0,0,74.668
567,0,0,0.000,0.000,-1,0,0,0,71.492
568,0,0,0.000,0.000,-1,0,0,0,71.266
569,0,0,0.000,0.000,-1,0,0,0,71.715
570,0,0,0.000,0.000,-1,0,0,0,83.986
571,0,0,0.000,0.000,-1,0,0,0,68.861
572,0,0,0.000,0.000,-1,0,0,0,70.850
573,0,0,0.000,0.000,-1,0,0,0,72.533
574,0,0,0.000,0.000,-1,0,0,0,72.246
575,0,0,0.000,0.000,-1,0,0,0,69.919
576,0,1,86.966,91.384,-1,0,0,0,83.283
577,0,0,0.000,0.000,-1,0,0,0,70.094
578,0,0,0.000,0.000,-1,0,0,0,70.676
579,0,0,0.000,0.000,-1,0,0,0,75.506
580,0,0,0.000,0.000,-1,0,0,0,73.272
581,0,0,0.000,0.000,-1,0,0,0,71.433
582,0,0,0.000,0.000,-1,0,0,0,84.364
583,0,0,0.000,0.000,-1,0,0,0,79.447
584,0,0,0.000,0.000,-1,0,0,0,72.664
585,0,0,0.000,0.000,-1,0,0,0,71.712
586,0,0,0.000,0.000,-1,0,0,0,79.223
587,0,0,0.000,0.000,-1,0,0,0,88.088
588,0,0,0.000,0.000,-1,0,0,0,81.639
589,0,0,0.000,0.000,-1,0,0,0,70.415
590,0,0,0.000,0.000,-1,0,0,0,75.038
591,0,0,0.000,0.000,-1,0,0,0,70.228
592,0,0,0.000,0.000,-1,0,0,0,70.583
593,0,0,0.000,0.000,-1,0,0,0,69.821
594,0,0,0.000,0.000,-1,0,0,0,83.577
595,0,0,0.000,0.000,-1,0,0,0,71.279
596,0,0,0.000,0.000,-1,0,0,0,72.185
597,0,0,0.000,0.000,-1,0,0,0,72.313
598,0,0,0.000,0.000,-1,0,0,0,72.730
599,0,0,0.000,0.000,-1,0,0,0,90.243
600,0,0,0.000,0.000,-1,0,0,0,82.606
601,0,0,0.000,0.000,-1,0,0,0,70.486
602,0,0,0.000,0.000,-1,0,0,0,71.016
603,0,0,0.000,0.000,-1,0,0,0,72.944
604,0,0,0.000,0.000,-1,0,0,0,70.931
605,0,0,0.000,0.000,-1,0,0,0,72.357
606,0,0,0.000,0.000,-1,0,0,0,83.003
607,0,0,0.000,0.000,-1,0,0,0,71.689
608,0,1,91.158,95.618,-1,0,0,0,72.907
609,0,0,0.000,0.000,-1,0,0,0,72.519
610,0,0,0.000,0.000,-1,0,0,0,73.892
611,0,0,0.000,0.000,-1,0,0,0,71.127
612,0,0,0.000,0.000,-1,0,0,0,82.518
613,0,0,0.000,0.000,-1,0,0,0,69.130
614,0,0,0.000,0.000,-1,0,0,0,71.597
615,0,0,0.000,0.000,-1,0,0,0,73.311
616,0,0,0.000,0.000,-1,0,0,0,71.728
617,0,0,0.000,0.000,-1,0,0,0,76.400
618,0,0,0.000,0.000,-1,0,0,0,80.785
619,0,0,0.000,0.000,-1,0,0,0,67.820
620,0,0,0.000,0.000,-1,0,0,0,73.684
621,0,0,0.000,0.000,-1,0,0,0,73.114
622,0,0,0.000,0.000,-1,0,0,0,74.859
623,0,0,0.000,0.000,-1,0,0,0,70.145
624,0,0,0.000,0.000,-1,0,0,0,83.709
625,0,0,0.000,0.000,-1,0,0,0,70.090
626,0,0,0.000,0.000,-1,0,0,0,73.566
627,0,0,0.000,0.000,-1,0,0,0,71.021
628,0,0,0.000,0.000,-1,0,0,0,80.997
629,0,0,0.000,0.000,-1,0,0,0,71.888
630,0,0,0.000,0.000,-1,0,0,0,80.555
631,0,0,0.000,0.000,-1,0,0,0,70.082
632,0,0,0.000,0.000,-1,0,0,0,71.425
633,0,0,0.000,0.000,-1,0,0,0,70.395
634,0,0,0.000,0.000,-1,0,0,0,73.084
635,0,0,0.000,0.000,-1,0,0,0,74.468
636,0,0,0.000,0.000,-1,0,0,0,83.277
637,0,0,0.000,0.000,-1,0,0,0,70.523
638,0,0,0.000,0.000,-1,0,0,0,71.205
639,0,0,0.000,0.000,-1,0,0,0,72.166
640,0,1,91.144,96.238,-1,0,0,0,74.297
641,0,0,0.000,0.000,-1,0,0,0,74.931
642,0,0,0.000,0.000,-1,0,0,0,81.824
643,0,0,0.000,0.000,-1,0,0,0,70.586
644,0,0,0.000,0.000,-1,0,0,0,71.178
645,0,0,0.000,0.000,-1,0,0,0,70.330
646,0,0,0.000,0.000,-1,0,0,0,72.497
647,0,0,0.000,0.000,-1,0,0,0,71.514
648,0,0,0.000,0.000,-1,0,0,0,100.545
649,0,0,0.000,0.000,-1,0,0,0,70.763
650,0,0,0.000,0.000,-1,0,0,0,72.010
651,0,0,0.000,0.000,-1,0,0,0,67.820
652,0,0,0.000,0.000,-1,0,0,0,71.570
653,0,0,0.000,0.000,-1,0,0,0,72.097
654,0,0,0.000,0.000,-1,0,0,0,84.054
655,0,0,0.000,0.000,-1,0,0,0,72.847
656,0,0,0.000,0.000,-1,0,0,0,73.896
657,0,0,0.000,0.000,-1,0,0,0,69.323
658,0,0,0.000,0.000,-1,0,0,0,77.463
659,0,0,0.000,0.000,-1,0,0,0,73.172
660,0,0,0.000,0.000,-1,0,0,0,84.426
661,0,0,0.000,0.000,-1,0,0,0,70.829
662,0,0,0.000,0.000,-1,0,0,0,71.169
663,0,0,0.000,0.000,-1,0,0,0,71.032
664,0,0,0.000,0.000,-1,0,0,0,71.099
665,0,0,0.000,0.000,-1,0,0,0,71.977
666,0,0,0.000,0.000,-1,0,0,0,82.246
667,0,0,0.000,0.000,-1,0,0,0,69.253
668,0,0,0.000,0.000,-1,0,0,0,68.508
669,0,0,0.000,0.000,-1,0,0,0,74.994
670,0,0,0.000,0.000,-1,0,0,0,70.460
671,0,0,0.000,0.000,-1,0,0,0,71.918
672,0,1,85.636,90.215,-1,0,0,0,84.677
673,0,0,0.000,0.000,-1,0,0,0,75.995
674,0,0,0.000,0.000,-1,0,0,0,70.704
675,0,0,0.000,0.000,-1,0,0,0,73.344
676,0,0,0.000,0.000,-1,0,0,0,73.223
677,0,0,0.000,0.000,-1,0,0,0,68.991
678,0,0,0.000,0.000,-1,0,0,0,81.982
679,0,0,0.000,0.000,-1,0,0,0,69.593
680,0,0,0.000,0.000,-1,0,0,0,72.377
681,0,0,0.000,0.000,-1,0,0,0,72.006
682,0,0,0.000,0.000,-1,0,0,0,72.286
683,0,0,0.000,0.000,-1,0,0,0,68.063
684,0,0,0.000,0.000,-1,0,0,0,80.681
685,0,0,0.000,0.000,-1,0,0,0,70.243
686,0,0,0.000,0.000,-1,0,0,0,72.969
687,0,0,0.000,0.000,-1,0,0,0,74.095
688,0,0,0.000,0.000,-1,0,0,0,73.252
689,0,0,0.000,0.000,-1,0,0,0,71.420
690,0,0,0.000,0.000,-1,0,0,0,84.751
691,0,0,0.000,0.000,-1,0,0,0,70.886
692,0,0,0.000,0.000,-1,0,0,0,72.462
693,0,0,0.000,0.000,-1,0,0,0,68.639
694,0,0,0.000,0.000,-1,0,0,0,72.742
695,0,0,0.000,0.000,-1,0,0,0,74.834
696,0,0,0.000,0.000,-1,0,0,0,83.470
697,0,0,0.000,0.000,-1,0,0,0,69.130
698,0,0,0.000,0.000,-1,0,0,0,72.184
699,0,0,0.000,0.000,-1,0,0,0,74.689
700,0,0,0.000,0.000,-1,0,0,0,70.209
701,0,0,0.000,0.000,-1,0,0,0,70.100
702,0,0,0.000,0.000,-1,0,0,0,82.093
703,0,0,0.000,0.000,-1,0,0,0,70.774
704,0,1,93.141,97.750,-1,0,0,0,70.227
705,0,0,0.000,0.000,-1,0,0,0,70.206
706,0,0,0.000,0.000,-1,0,0,0,70.596
707,0,0,0.000,0.000,-1,0,0,0,71.145
708,0,0,0.000,0.000,-1,0,0,0,81.595
709,0,0,0.000,0.000,-1,0,0,0,70.331
710,0,0,0.000,0.000,-1,0,0,0,69.713
711,0,0,0.000,0.000,-1,0,0,0,73.880
712,0,0,0.000,0.000,-1,0,0,0,71.842
713,0,0,0.000,0.000,-1,0,0,0,73.662
714,0,0,0.000,0.000,-1,0,0,0,85.423
715,0,0,0.000,0.000,-1,0,0,0,73.698
716,0,0,0.000,0.000,-1,0,0,0,70.226
717,0,0,0.000,0.000,-1,0,0,0,73.298
718,0,0,0.000,0.000,-1,0,0,0,71.376
719,0,0,0.000,0.000,-1,0,0,0,72.472
720,0,0,0.000,0.000,-1,0,0,0,81.781
721,0,0,0.000,0.000,-1,0,0,0,73.204
722,0,0,0.000,0.000,-1,0,0,0,72.949
723,0,0,0.000,0.000,-1,0,0,0,72.533
724,0,0,0.000,0.000,-1,0,0,0,72.165
725,0,0,0.000,0.000,-1,0,0,0,70.735
726,0,0,0.000,0.000,-1,0,0,0,80.872
727,0,0,0.000,0.000,-1,0,0,0,73.825
728,0,0,0.000,0.000,-1,0,0,0,71.868
729,0,0,0.000,0.000,-1,0,0,0,77.832
730,0,0,0.000,0.000,-1,0,0,0,72.442
731,0,0,0.000,0.000,-1,0,0,0,72.411
732,0,0,0.000,0.000,-1,0,0,0,86.497
733,0,0,0.000,0.000,-1,0,0,0,72.580
734,0,0,0.000,0.000,-1,0,0,0,73.247
735,0,0,0.000,0.000,-1,0,0,0,72.788
736,0,1,90.700,96.094,-1,0,0,0,72.785
737,0,0,0.000,0.000,-1,0,0,0,72.320
738,0,0,0.000,0.000,-1,0,0,0,80.165
739,0,0,0.000,0.000,-1,0,0,0,72.334
740,0,0,0.000,0.000,-1,0,0,0,71.475
741,0,0,0.000,0.000,-1,0,0,0,70.802
742,0,0,0.000,0.000,-1,0,0,0,72.485
743,0,0,0.000,0.000,-1,0,0,0,69.764
744,0,0,0.000,0.000,-1,0,0,0,81.645
745,0,0,0.000,0.000,-1,0,0,0,71.052
746,0,0,0.000,0.000,-1,0,0,0,72.999
747,0,0,0.000,0.000,-1,0,0,0,74.316
748,0,0,0.000,0.000,-1,0,0,0,72.109
749,0,0,0.000,0.000,-1,0,0,0,73.980
750,0,0,0.000,0.000,-1,0,0,0,81.449
751,0,0,0.000,0.000,-1,0,0,0,71.069
752,0,0,0.000,0.000,-1,0,0,0,72.383
753,0,0,0.000,0.000,-1,0,0,0,79.638
754,0,0,0.000,0.000,-1,0,0,0,75.622
755,0,0,0.000,0.000,-1,0,0,0,72.990
756,0,0,0.000,0.000,-1,0,0,0,82.920
757,0,0,0.000,0.000,-1,0,0,0,71.194
758,0,0,0.000,0.000,-1,0,0,0,74.398
759,0,0,0.000,0.000,-1,0,0,0,74.870
760,0,0,0.000,0.000,-1,0,0,0,72.321
761,0,0,0.000,0.000,-1,0,0,0,70.835
762,0,0,0.000,0.000,-1,0,0,0,82.636
763,0,0,0.000,0.000,-1,0,0,0,71.239
764,0,0,0.000,0.000,-1,0,0,0,71.436
765,0,0,0.000,0.000,-1,0,0,0,72.831
766,0,0,0.000,0.000,-1,0,0,0,73.291
767,0,0,0.000,0.000,-1,0,0,0,74.823
768,0,1,87.982,92.598,-1,0,0,0,84.140
769,0,0,0.000,0.000,-1,0,0,0,77.974
770,0,0,0.000,0.000,-1,0,0,0,76.554
771,0,0,0.000,0.000,-1,0,0,0,77.058
772,0,0,0.000,0.000,-1,0,0,0,73.269
773,0,0,0.000,0.000,-1,0,0,0,75.133
774,0,0,0.000,0.000,-1,0,0,0,87.522
775,0,0,0.000,0.000,-1,0,0,0,71.643
776,0,0,0.000,0.000,-1,0,0,0,71.418
777,0,0,0.000,0.000,-1,0,0,0,71.762
778,0,0,0.000,0.000,-1,0,0,0,72.756
779,0,0,0.000,0.000,-1,0,0,0,73.395
780,0,0,0.000,0.000,-1,0,0,0,83.307
781,0,0,0.000,0.000,-1,0,0,0,69.610
782,0,0,0.000,0.000,-1,0,0,0,72.702
783,0,0,0.000,0.000,-1,0,0,0,73.220
784,0,0,0.000,0.000,-1,0,0,0,75.225
785,0,0,0.000,0.000,-1,0,0,0,71.724
786,0,0,0.000,0.000,-1,0,0,0,86.217
787,0,0,0.000,0.000,-1,0,0,0,71.002
788,0,0,0.000,0.000,-1,0,0,0,72.612
789,0,0,0.000,0.000,-1,0,0,0,69.375
790,0,0,0.000,0.000,-1,0,0,0,68.657
791,0,0,0.000,0.000,-1,0,0,0,74.838
792,0,0,0.000,0.000,-1,0,0,0,83.276
793,0,0,0.000,0.000,-1,0,0,0,71.243
794,0,0,0.000,0.000,-1,0,0,0,72.072
795,0,0,0.000,0.000,-1,0,0,0,71.561
796,0,0,0.000,0.000,-1,0,0,0,71.519
797,0,0,0.000,0.000,-1,0,0,0,78.982
798,0,0,0.000,0.000,-1,0,0,0,80.369
799,0,0,0.000,0.000,-1,0,0,0,83.659
800,0,1,84.536,87.420,-1,0,0,0,84.472
801,0,0,0.000,0.000,-1,0,0,0,68.621
802,0,0,0.000,0.000,-1,0,0,0,70.921
803,0,0,0.000,0.000,-1,0,0,0,73.194
804,0,0,0.000,0.000,-1,0,0,0,81.730
805,0,0,0.000,0.000,-1,0,0,0,69.063
806,0,0,0.000,0.000,-1,0,0,0,70.956
807,0,0,0.000,0.000,-1,0,0,0,71.898
808,0,0,0.000,0.000,-1,0,0,0,73.659
809,0,0,0.000,0.000,-1,0,0,0,74.060
810,0,0,0.000,0.000,-1,0,0,0,82.764
811,0,0,0.000,0.000,-1,0,0,0,73.677
812,0,0,0.000,0.000,-1,0,0,0,78.280
813,0,0,0.000,0.000,-1,0,0,0,74.320
814,0,0,0.000,0.000,-1,0,0,0,71.400
815,0,0,0.000,0.000,-1,0,0,0,76.400
816,0,0,0.000,0.000,-1,0,0,0,84.022
817,0,0,0.000,0.000,-1,0,0,0,71.532
818,0,0,0.000,0.000,-1,0,0,0,73.007
819,0,0,0.000,0.000,-1,0,0,0,73.178
820,0,0,0.000,0.000,-1,0,0,0,71.553
821,0,0,0.000,0.000,-1,0,0,0,70.437
822,0,0,0.000,0.000,-1,0,0,0,84.197
823,0,0,0.000,0.000,-1,0,0,0,73.465
824,0,0,0.000,0.000,-1,0,0,0,72.297
825,0,0,0.000,0.000,-1,0,0,0,73.034
826,0,0,0.000,0.000,-1,0,0,0,75.764
827,0,0,0.000,0.000,-1,0,0,0,72.731
828,0,0,0.000,0.000,-1,0,0,0,80.733
829,0,0,0.000,0.000,-1,0,0,0,72.405
830,0,0,0.000,0.000,-1,0,0,0,72.057
831,0,0,0.000,0.000,-1,0,0,0,71.781
832,0,1,93.251,97.865,-1,0,0,0,73.122
833,0,0,0.000,0.000,-1,0,0,0,72.799
834,0,0,0.000,0.000,-1,0,0,0,81.552
835,0,0,0.000,0.000,-1,0,0,0,73.531
836,0,0,0.000,0.000,-1,0,0,0,72.340
837,0,0,0.000,0.000,-1,0,0,0,69.034
838,0,0,0.000,0.000,-1,0,0,0,71.842
839,0,0,0.000,0.000,-1,0,0,0,72.713
840,0,0,0.000,0.000,-1,0,0,0,82.712
841,0,0,0.000,0.000,-1,0,0,0,71.315
842,0,0,0.000,0.000,-1,0,0,0,72.061
843,0,0,0.000,0.000,-1,0,0,0,73.358
844,0,0,0.000,0.000,-1,0,0,0,72.698
845,0,0,0.000,0.000,-1,0,0,0,69.774
846,0,0,0.000,0.000,-1,0,0,0,83.419
847,0,0,0.000,0.000,-1,0,0,0,72.190
848,0,0,0.000,0.000,-1,0,0,0,70.423
849,0,0,0.000,0.000,-1,0,0,0,69.760
850,0,0,0.000,0.000,-1,0,0,0,72.606
851,0,0,0.000,0.000,-1,0,0,0,71.900
852,0,0,0.000,0.000,-1,0,0,0,82.371
853,0,0,0.000,0.000,-1,0,0,0,67.558
854,0,0,0.000,0.000,-1,0,0,0,69.303
855,0,0,0.000,0.000,-1,0,0,0,94.992
856,0,0,0.000,0.000,-1,0,0,0,69.175
857,0,0,0.000,0.000,-1,0,0,0,95.930
858,0,0,0.000,0.000,-1,0,0,0,87.101
859,0,0,0.000,0.000,-1,0,0,0,70.887
860,0,0,0.000,0.000,-1,0,0,0,81.361
861,0,0,0.000,0.000,-1,0,0,0,68.939
862,0,0,0.000,0.000,-1,0,0,0,80.632
863,0,0,0.000,0.000,-1,0,0,0,72.024
864,0,1,83.308,86.040,-1,0,0,0,94.498
865,0,0,0.000,0.000,-1,0,0,0,73.224
866,0,0,0.000,0.000,-1,0,0,0,73.537
867,0,0,0.000,0.000,-1,0,0,0,72.505
868,0,0,0.000,0.000,-1,0,0,0,73.135
869,0,0,0.000,0.000,-1,0,0,0,72.504
870,0,0,0.000,0.000,-1,0,0,0,86.187
871,0,0,0.000,0.000,-1,0,0,0,70.778
872,0,0,0.000,0.000,-1,0,0,0,74.395
873,0,0,0.000,0.000,-1,0,0,0,74.895
874,0,0,0.000,0.000,-1,0,0,0,72.762
875,0,0,0.000,0.000,-1,0,0,0,91.966
876,0,0,0.000,0.000,-1,0,0,0,81.095
877,0,0,0.000,0.000,-1,0,0,0,69.032
878,0,0,0.000,0.000,-1,0,0,0,72.359
879,0,0,0.000,0.000,-1,0,0,0,73.179
880,0,0,0.000,0.000,-1,0,0,0,72.865
881,0,0,0.000,0.000,-1,0,0,0,71.991
882,0,0,0.000,0.000,-1,0,0,0,87.540
883,0,0,0.000,0.000,-1,0,0,0,75.181
884,0,0,0.000,0.000,-1,0,0,0,76.381
885,0,0,0.000,0.000,-1,0,0,0,72.591
886,0,0,0.000,0.000,-1,0,0,0,71.886
887,0,0,0.000,0.000,-1,0,0,0,73.850
888,0,0,0.000,0.000,-1,0,0,0,83.912
889,0,0,0.000,0.000,-1,0,0,0,69.890
890,0,0,0.000,0.000,-1,0,0,0,72.616
891,0,0,0.000,0.000,-1,0,0,0,74.232
892,0,0,0.000,0.000,-1,0,0,0,71.104
893,0,0,0.000,0.000,-1,0,0,0,71.298
894,0,0,0.000,0.000,-1,0,0,0,82.753
895,0,0,0.000,0.000,-1,0,0,0,74.008
896,0,1,92.646,97.480,-1,0,0,0,71.647
897,0,0,0.000,0.000,-1,0,0,0,74.346
898,0,0,0.000,0.000,-1,0,0,0,70.910
899,0,0,0.000,0.000,-1,0,0,0,77.327
900,0,0,0.000,0.000,-1,0,0,0,85.080
901,0,0,0.000,0.000,-1,0,0,0,70.678
902,0,0,0.000,0.000,-1,0,0,0,70.793
903,0,0,0.000,0.000,-1,0,0,0,69.833
904,0,0,0.000,0.000,-1,0,0,0,73.010
905,0,0,0.000,0.000,-1,0,0,0,75.073
906,0,0,0.000,0.000,-1,0,0,0,84.572
907,0,0,0.000,0.000,-1,0,0,0,74.248
908,0,0,0.000,0.000,-1,0,0,0,72.044
909,0,0,0.000,0.000,-1,0,0,0,73.651
910,0,0,0.000,0.000,-1,0,0,0,74.679
911,0,0,0.000,0.000,-1,0,0,0,72.676
912,0,0,0.000,0.000,-1,0,0,0,85.389
913,0,0,0.000,0.000,-1,0,0,0,73.332
914,0,0,0.000,0.000,-1,0,0,0,75.025
915,0,0,0.000,0.000,-1,0,0,0,73.831
916,0,0,0.000,0.000,-1,0,0,0,74.206
917,0,0,0.000,0.000,-1,0,0,0,77.597
918,0,0,0.000,0.000,-1,0,0,0,91.675
919,0,0,0.000,0.000,-1,0,0,0,94.659
920,0,0,0.000,0.000,-1,0,0,0,69.392
921,0,0,0.000,0.000,-1,0,0,0,71.564
922,0,0,0.000,0.000,-1,0,0,0,71.792
923,0,0,0.000,0.000,-1,0,0,0,71.829
924,0,0,0.000,0.000,-1,0,0,0,84.126
925,0,0,0.000,0.000,-1,0,0,0,69.084
926,0,0,0.000,0.000,-1,0,0,0,73.766
927,0,0,0.000,0.000,-1,0,0,0,72.480
928,0,1,93.265,98.738,-1,0,0,0,71.956
929,0,0,0.000,0.000,-1,0,0,0,76.889
930,0,0,0.000,0.000,-1,0,0,0,84.036
931,0,0,0.000,0.000,-1,0,0,0,74.971
932,0,0,0.000,0.000,-1,0,0,0,75.036
933,0,0,0.000,0.000,-1,0,0,0,73.070
934,0,0,0.000,0.000,-1,0,0,0,78.132
935,0,0,0.000,0.000,-1,0,0,0,79.438
936,0,0,0.000,0.000,-1,0,0,0,81.616
937,0,0,0.000,0.000,-1,0,0,0,72.056
938,0,0,0.000,0.000,-1,0,0,0,74.321
939,0,0,0.000,0.000,-1,0,0,0,73.283
940,0,0,0.000,0.000,-1,0,0,0,72.303
941,0,0,0.000,0.000,-1,0,0,0,70.741
942,0,0,0.000,0.000,-1,0,0,0,81.581
943,0,0,0.000,0.000,-1,0,0,0,72.589
944,0,0,0.000,0.000,-1,0,0,0,71.381
945,0,0,0.000,0.000,-1,0,0,0,73.651
946,0,0,0.000,0.000,-1,0,0,0,75.329
947,0,0,0.000,0.000,-1,0,0,0,73.617
948,0,0,0.000,0.000,-1,0,0,0,84.623
949,0,0,0.000,0.000,-1,0,0,0,71.431
950,0,0,0.000,0.000,-1,0,0,0,73.020
951,0,0,0.000,0.000,-1,0,0,0,75.295
952,0,0,0.000,0.000,-1,0,0,0,72.472
953,0,0,0.000,0.000,-1,0,0,0,72.745
954,0,0,0.000,0.000,-1,0,0,0,87.380
955,0,0,0.000,0.000,-1,0,0,0,71.456
956,0,0,0.000,0.000,-1,0,0,0,73.263
957,0,0,0.000,0.000,-1,0,0,0,76.561
958,0,0,0.000,0.000,-1,0,0,0,68.633
959,0,0,0.000,0.000,-1,0,0,0,72.479
960,0,1,84.481,87.250,-1,0,0,0,96.004
961,0,0,0.000,0.000,-1,0,0,0,74.222
962,0,0,0.000,0.000,-1,0,0,0,71.966
963,0,0,0.000,0.000,-1,0,0,0,72.660
964,0,0,0.000,0.000,-1,0,0,0,75.494
965,0,0,0.000,0.000,-1,0,0,0,72.749
966,0,0,0.000,0.000,-1,0,0,0,84.811
967,0,0,0.000,0.000,-1,0,0,0,73.118
968,0,0,0.000,0.000,-1,0,0,0,74.931
969,0,0,0.000,0.000,-1,0,0,0,75.587
970,0,0,0.000,0.000,-1,0,0,0,74.946
971,0,0,0.000,0.000,-1,0,0,0,76.793
972,0,0,0.000,0.000,-1,0,0,0,88.614
973,0,0,0.000,0.000,-1,0,0,0,73.645
974,0,0,0.000,0.000,-1,0,0,0,78.287
975,0,0,0.000,0.000,-1,0,0,0,74.063
976,0,0,0.000,0.000,-1,0,0,0,76.337
977,0,0,0.000,0.000,-1,0,0,0,73.741
978,0,0,0.000,0.000,-1,0,0,0,84.243
979,0,0,0.000,0.000,-1,0,0,0,74.368
980,0,0,0.000,0.000,-1,0,0,0,75.349
981,0,0,0.000,0.000,-1,0,0,0,74.514
982,0,0,0.000,0.000,-1,0,0,0,78.917
983,0,0,0.000,0.000,-1,0,0,0,74.761
984,0,0,0.000,0.000,-1,0,0,0,83.132
985,0,0,0.000,0.000,-1,0,0,0,74.630
986,0,0,0.000,0.000,-1,0,0,0,71.666
987,0,0,0.000,0.000,-1,0,0,0,75.357
988,0,0,0.000,0.000,-1,0,0,0,69.318
989,0,0,0.000,0.000,-1,0,0,0,71.376
990,0,0,0.000,0.000,-1,0,0,0,114.585
991,0,0,0.000,0.000,-1,0,0,0,69.936
992,0,1,92.855,98.260,-1,0,0,0,72.523
993,0,0,0.000,0.000,-1,0,0,0,75.980
994,0,0,0.000,0.000,-1,0,0,0,75.256
995,0,0,0.000,0.000,-1,0,0,0,76.592
996,0,0,0.000,0.000,-1,0,0,0,84.344
997,0,0,0.000,0.000,-1,0,0,0,71.472
998,0,0,0.000,0.000,-1,0,0,0,75.883
999,0,0,0.000,0.000,-1,0,0,0,76.327
1000,0,0,0.000,0.000,-1,0,0,0,74.680
1001,0,0,0.000,0.000,-1,0,0,0,75.922
1002,0,0,0.000,0.000,-1,0,0,0,84.747
1003,0,0,0.000,0.000,-1,0,0,0,72.586
1004,0,0,0.000,0.000,-1,0,0,0,73.130
1005,0,0,0.000,0.000,-1,0,0,0,72.215
1006,0,0,0.000,0.000,-1,0,0,0,74.426
1007,0,0,0.000,0.000,-1,0,0,0,73.498
1008,0,0,0.000,0.000,-1,0,0,0,84.124
1009,0,0,0.000,0.000,-1,0,0,0,84.371
1010,0,0,0.000,0.000,-1,0,0,0,74.303
1011,0,0,0.000,0.000,-1,0,0,0,78.837
1012,0,0,0.000,0.000,-1,0,0,0,72.238
1013,0,0,0.000,0.000,-1,0,0,0,71.827
1014,0,0,0.000,0.000,-1,0,0,0,91.576
1015,0,0,0.000,0.000,-1,0,0,0,70.823
1016,0,0,0.000,0.000,-1,0,0,0,73.540
1017,0,0,0.000,0.000,-1,0,0,0,71.956
1018,0,0,0.000,0.000,-1,0,0,0,75.064
1019,0,0,0.000,0.000,-1,0,0,0,74.729
1020,0,0,0.000,0.000,-1,0,0,0,85.064
1021,0,0,0.000,0.000,-1,0,0,0,70.670
1022,0,0,0.000,0.000,-1,0,0,0,70.798
1023,0,0,0.000,0.000,-1,0,0,0,73.310
1024,0,1,92.316,97.214,-1,0,0,0,73.039
1025,0,0,0.000,0.000,-1,0,0,0,70.914
1026,0,0,0.000,0.000,-1,0,0,0,84.987
1027,0,0,0.000,0.000,-1,0,0,0,74.587
1028,0,0,0.000,0.000,-1,0,0,0,74.548
1029,0,0,0.000,0.000,-1,0,0,0,73.389
1030,0,0,0.000,0.000,-1,0,0,0,77.360
1031,0,0,0.000,0.000,-1,0,0,0,72.637
1032,0,0,0.000,0.000,-1,0,0,0,83.824
1033,0,0,0.000,0.000,-1,0,0,0,70.526
1034,0,0,0.000,0.000,-1,0,0,0,75.103
1035,0,0,0.000,0.000,-1,0,0,0,73.825
1036,0,0,0.000,0.000,-1,0,0,0,76.492
1037,0,0,0.000,0.000,-1,0,0,0,74.275
1038,0,0,0.000,0.000,-1,0,0,0,96.064
1039,0,0,0.000,0.000,-1,0,0,0,76.265
1040,0,0,0.000,0.000,-1,0,0,0,73.601
1041,0,0,0.000,0.000,-1,0,0,0,75.251
1042,0,0,0.000,0.000,-1,0,0,0,77.473
1043,0,0,0.000,0.000,-1,0,0,0,76.131
1044,0,0,0.000,0.000,-1,0,0,0,90.049
1045,0,0,0.000,0.000,-1,0,0,0,73.959
1046,0,0,0.000,0.000,-1,0,0,0,74.964
1047,0,0,0.000,0.000,-1,0,0,0,76.504
1048,0,0,0.000,0.000,-1,0,0,0,74.998
1049,0,0,0.000,0.000,-1,0,0,0,75.979
1050,0,0,0.000,0.000,-1,0,0,0,88.379
1051,0,0,0.000,0.000,-1,0,0,0,74.400
1052,0,0,0.000,0.000,-1,0,0,0,75.064
1053,0,0,0.000,0.000,-1,0,0,0,75.456
1054,0,0,0.000,0.000,-1,0,0,0,75.973
1055,0,0,0.000,0.000,-1,0,0,0,74.978
1056,0,1,84.296,88.824,-1,0,0,0,89.304
1057,0,0,0.000,0.000,-1,0,0,0,75.654
1058,0,0,0.000,0.000,-1,0,0,0,73.499
1059,0,0,0.000,0.000,-1,0,0,0,72.840
1060,0,0,0.000,0.000,-1,0,0,0,76.175
1061,0,0,0.000,0.000,-1,0,0,0,73.298
1062,0,0,0.000,0.000,-1,0,0,0,84.440
1063,0,0,0.000,0.000,-1,0,0,0,73.958
1064,0,0,0.000,0.000,-1,0,0,0,77.227
1065,0,0,0.000,0.000,-1,0,0,0,76.522
1066,0,0,0.000,0.000,-1,0,0,0,75.167
1067,0,0,0.000,0.000,-1,0,0,0,76.494
1068,0,0,0.000,0.000,-1,0,0,0,87.369
1069,0,0,0.000,0.000,-1,0,0,0,72.210
1070,0,0,0.000,0.000,-1,0,0,0,72.526
1071,0,0,0.000,0.000,-1,0,0,0,75.746
1072,0,0,0.000,0.000,-1,0,0,0,75.410
1073,0,0,0.000,0.000,-1,0,0,0,74.443
1074,0,0,0.000,0.000,-1,0,0,0,86.504
1075,0,0,0.000,0.000,-1,0,0,0,74.723
1076,0,0,0.000,0.000,-1,0,0,0,76.373
1077,0,0,0.000,0.000,-1,0,0,0,73.819
1078,0,0,0.000,0.000,-1,0,0,0,75.554
1079,0,0,0.000,0.000,-1,0,0,0,74.356
1080,0,0,0.000,0.000,-1,0,0,0,86.523
1081,0,0,0.000,0.000,-1,0,0,0,76.339
1082,0,0,0.000,0.000,-1,0,0,0,73.368
1083,0,0,0.000,0.000,-1,0,0,0,76.147
1084,0,0,0.000,0.000,-1,0,0,0,75.381
1085,0,0,0.000,0.000,-1,0,0,0,77.154
1086,0,0,0.000,0.000,-1,0,0,0,88.079
1087,0,0,0.000,0.000,-1,0,0,0,76.236
1088,0,1,92.490,98.506,-1,0,0,0,75.510
1089,0,0,0.000,0.000,-1,0,0,0,78.098
1090,0,0,0.000,0.000,-1,0,0,0,74.365
1091,0,0,0.000,0.000,-1,0,0,0,74.448
1092,0,0,0.000,0.000,-1,0,0,0,88.897
1093,0,0,0.000,0.000,-1,0,0,0,71.405
1094,0,0,0.000,0.000,-1,0,0,0,78.625
1095,0,0,0.000,0.000,-1,0,0,0,75.273
1096,0,0,0.000,0.000,-1,0,0,0,73.405
1097,0,0,0.000,0.000,-1,0,0,0,76.308
1098,0,0,0.000,0.000,-1,0,0,0,86.529
1099,0,0,0.000,0.000,-1,0,0,0,76.193
1100,0,0,0.000,0.000,-1,0,0,0,77.572
1101,0,0,0.000,0.000,-1,0,0,0,71.965
1102,0,0,0.000,0.000,-1,0,0,0,77.805
1103,0,0,0.000,0.000,-1,0,0,0,74.483
1104,0,0,0.000,0.000,-1,0,0,0,89.415
1105,0,0,0.000,0.000,-1,0,0,0,74.615
1106,0,0,0.000,0.000,-1,0,0,0,79.746
1107,0,0,0.000,0.000,-1,0,0,0,73.863
1108,0,0,0.000,0.000,-1,0,0,0,73.328
1109,0,0,0.000,0.000,-1,0,0,0,74.565
1110,0,0,0.000,0.000,-1,0,0,0,88.141
1111,0,0,0.000,0.000,-1,0,0,0,75.358
1112,0,0,0.000,0.000,-1,0,0,0,76.294
1113,0,0,0.000,0.000,-1,0,0,0,79.176
1114,0,0,0.000,0.000,-1,0,0,0,77.582
1115,0,0,0.000,0.000,-1,0,0,0,74.116
1116,0,0,0.000,0.000,-1,0,0,0,90.065
1117,0,0,0.000,0.000,-1,0,0,0,75.591
1118,0,0,0.000,0.000,-1,0,0,0,79.006
1119,0,0,0.000,0.000,-1,0,0,0,77.806
1120,0,1,92.893,98.561,-1,0,0,0,75.870
1121,0,0,0.000,0.000,-1,0,0,0,77.852
1122,0,0,0.000,0.000,-1,0,0,0,91.603
1123,0,0,0.000,0.000,-1,0,0,0,73.675
1124,0,0,0.000,0.000,-1,0,0,0,77.240
1125,0,0,0.000,0.000,-1,0,0,0,76.475
1126,0,0,0.000,0.000,-1,0,0,0,75.383
1127,0,0,0.000,0.000,-1,0,0,0,77.822
1128,0,0,0.000,0.000,-1,0,0,0,86.024
1129,0,0,0.000,0.000,-1,0,0,0,75.605
1130,0,0,0.000,0.000,-1,0,0,0,75.361
1131,0,0,0.000,0.000,-1,0,0,0,77.100
1132,0,0,0.000,0.000,-1,0,0,0,77.432
1133,0,0,0.000,0.000,-1,0,0,0,73.891
1134,0,0,0.000,0.000,-1,0,0,0,89.005
1135,0,0,0.000,0.000,-1,0,0,0,74.519
1136,0,0,0.000,0.000,-1,0,0,0,77.324
1137,0,0,0.000,0.000,-1,0,0,0,73.852
1138,0,0,0.000,0.000,-1,0,0,0,77.426
1139,0,0,0.000,0.000,-1,0,0,0,77.045
1140,0,0,0.000,0.000,-1,0,0,0,88.291
1141,0,0,0.000,0.000,-1,0,0,0,83.728
1142,0,0,0.000,0.000,-1,0,0,0,74.746
1143,0,0,0.000,0.000,-1,0,0,0,77.771
1144,0,0,0.000,0.000,-1,0,0,0,74.029
1145,0,0,0.000,0.000,-1,0,0,0,74.271
1146,0,0,0.000,0.000,-1,0,0,0,88.745
1147,0,0,0.000,0.000,-1,0,0,0,74.828
1148,0,0,0.000,0.000,-1,0,0,0,79.478
1149,0,0,0.000,0.000,-1,0,0,0,74.694
1150,0,0,0.000,0.000,-1,0,0,0,78.216
1151,0,0,0.000,0.000,-1,0,0,0,74.785
1152,0,1,86.083,91.165,-1,0,0,0,89.411
1153,0,0,0.000,0.000,-1,0,0,0,78.224
1154,0,0,0.000,0.000,-1,0,0,0,71.219
1155,0,0,0.000,0.000,-1,0,0,0,71.861
1156,0,0,0.000,0.000,-1,0,0,0,75.549
1157,0,0,0.000,0.000,-1,0,0,0,76.003
1158,0,0,0.000,0.000,-1,0,0,0,91.051
1159,0,0,0.000,0.000,-1,0,0,0,77.341
1160,0,0,0.000,0.000,-1,0,0,0,75.283
1161,0,0,0.000,0.000,-1,0,0,0,76.733
1162,0,0,0.000,0.000,-1,0,0,0,76.804
1163,0,0,0.000,0.000,-1,0,0,0,79.705
1164,0,0,0.000,0.000,-1,0,0,0,85.547
1165,0,0,0.000,0.000,-1,0,0,0,76.098
1166,0,0,0.000,0.000,-1,0,0,0,81.714
1167,0,0,0.000,0.000,-1,0,0,0,77.025
1168,0,0,0.000,0.000,-1,0,0,0,81.059
1169,0,0,0.000,0.000,-1,0,0,0,76.807
1170,0,0,0.000,0.000,-1,0,0,0,98.455
1171,0,0,0.000,0.000,-1,0,0,0,75.686
1172,0,0,0.000,0.000,-1,0,0,0,77.321
1173,0,0,0.000,0.000,-1,0,0,0,75.193
1174,0,0,0.000,0.000,-1,0,0,0,77.856
1175,0,0,0.000,0.000,-1,0,0,0,78.375
1176,0,0,0.000,0.000,-1,0,0,0,94.127
1177,0,0,0.000,0.000,-1,0,0,0,76.524
1178,0,0,0.000,0.000,-1,0,0,0,75.860
1179,0,0,0.000,0.000,-1,0,0,0,79.322
1180,0,0,0.000,0.000,-1,0,0,0,75.357
1181,0,0,0.000,0.000,-1,0,0,0,75.328
1182,0,0,0.000,0.000,-1,0,0,0,91.175
1183,0,0,0.000,0.000,-1,0,0,0,74.959
1184,0,1,93.489,98.927,-1,0,0,0,79.842
1185,0,0,0.000,0.000,-1,0,0,0,77.933
1186,0,0,0.000,0.000,-1,0,0,0,76.948
1187,0,0,0.000,0.000,-1,0,0,0,74.745
1188,0,0,0.000,0.000,-1,0,0,0,93.080
1189,0,0,0.000,0.000,-1,0,0,0,74.362
1190,0,0,0.000,0.000,-1,0,0,0,74.702
1191,0,0,0.000,0.000,-1,0,0,0,74.765
1192,0,0,0.000,0.000,-1,0,0,0,75.359
1193,0,0,0.000,0.000,-1,0,0,0,75.639
1194,0,0,0.000,0.000,-1,0,0,0,91.479
1195,0,0,0.000,0.000,-1,0,0,0,73.046
1196,0,0,0.000,0.000,-1,0,0,0,75.506
1197,0,0,0.000,0.000,-1,0,0,0,74.782
1198,0,0,0.000,0.000,-1,0,0,0,76.783
1199,0,0,0.000,0.000,-1,0,0,0,78.134
1200,0,0,0.000,0.000,-1,0,0,0,88.044
1201,0,0,0.000,0.000,-1,0,0,0,74.700
1202,0,0,0.000,0.000,-1,0,0,0,76.328
1203,0,0,0.000,0.000,-1,0,0,0,77.355
1204,0,0,0.000,0.000,-1,0,0,0,81.261
1205,0,0,0.000,0.000,-1,0,0,0,75.859
1206,0,0,0.000,0.000,-1,0,0,0,91.379
1207,0,0,0.000,0.000,-1,0,0,0,76.384
1208,0,0,0.000,0.000,-1,0,0,0,75.841
1209,0,0,0.000,0.000,-1,0,0,0,76.799
1210,0,0,0.000,0.000,-1,0,0,0,75.733
1211,0,0,0.000,0.000,-1,0,0,0,74.637
1212,0,0,0.000,0.000,-1,0,0,0,91.940
1213,0,0,0.000,0.000,-1,0,0,0,76.429
1214,0,0,0.000,0.000,-1,0,0,0,77.442
1215,0,0,0.000,0.000,-1,0,0,0,75.366
1216,0,1,95.554,100.213,-1,0,0,0,81.539
1217,0,0,0.000,0.000,-1,0,0,0,79.800
1218,0,0,0.000,0.000,-1,0,0,0,89.801
1219,0,0,0.000,0.000,-1,0,0,0,74.110
1220,0,0,0.000,0.000,-1,0,0,0,78.666
1221,0,0,0.000,0.000,-1,0,0,0,77.886
1222,0,0,0.000,0.000,-1,0,0,0,76.425
1223,0,0,0.000,0.000,-1,0,0,0,75.727
1224,0,0,0.000,0.000,-1,0,0,0,88.262
1225,0,0,0.000,0.000,-1,0,0,0,72.278
1226,0,0,0.000,0.000,-1,0,0,0,75.781
1227,0,0,0.000,0.000,-1,0,0,0,78.137
1228,0,0,0.000,0.000,-1,0,0,0,77.201
1229,0,0,0.000,0.000,-1,0,0,0,76.261
1230,0,0,0.000,0.000,-1,0,0,0,88.526
1231,0,0,0.000,0.000,-1,0,0,0,74.235
1232,0,0,0.000,0.000,-1,0,0,0,75.662
1233,0,0,0.000,0.000,-1,0,0,0,73.897
1234,0,0,0.000,0.000,-1,0,0,0,78.626
1235,0,0,0.000,0.000,-1,0,0,0,74.810
1236,0,0,0.000,0.000,-1,0,0,0,85.990
1237,0,0,0.000,0.000,-1,0,0,0,75.917
1238,0,0,0.000,0.000,-1,0,0,0,76.501
1239,0,0,0.000,0.000,-1,0,0,0,79.333
1240,0,0,0.000,0.000,-1,0,0,0,77.572
1241,0,0,0.000,0.000,-1,0,0,0,75.947
1242,0,0,0.000,0.000,-1,0,0,0,87.301
1243,0,0,0.000,0.000,-1,0,0,0,80.006
1244,0,0,0.000,0.000,-1,0,0,0,76.529
1245,0,0,0.000,0.000,-1,0,0,0,75.755
1246,0,0,0.000,0.000,-1,0,0,0,80.828
1247,0,0,0.000,0.000,-1,0,0,0,74.791
1248,0,1,88.046,92.998,-1,0,0,0,87.366
1249,0,0,0.000,0.000,-1,0,0,0,75.833
1250,0,0,0.000,0.000,-1,0,0,0,74.960
1251,0,0,0.000,0.000,-1,0,0,0,74.389
1252,0,0,0.000,0.000,-1,0,0,0,75.521
1253,0,0,0.000,0.000,-1,0,0,0,74.002
1254,0,0,0.000,0.000,-1,0,0,0,85.407
1255,0,0,0.000,0.000,-1,0,0,0,78.067
1256,0,0,0.000,0.000,-1,0,0,0,75.828
1257,0,0,0.000,0.000,-1,0,0,0,76.694
1258,0,0,0.000,0.000,-1,0,0,0,77.866
1259,0,0,0.000,0.000,-1,0,0,0,77.608
1260,0,0,0.000,0.000,-1,0,0,0,86.896
1261,0,0,0.000,0.000,-1,0,0,0,77.069
1262,0,0,0.000,0.000,-1,0,0,0,76.693
1263,0,0,0.000,0.000,-1,0,0,0,77.677
1264,0,0,0.000,0.000,-1,0,0,0,76.277
1265,0,0,0.000,0.000,-1,0,0,0,77.217
1266,0,0,0.000,0.000,-1,0,0,0,88.101
1267,0,0,0.000,0.000,-1,0,0,0,77.127
1268,0,0,0.000,0.000,-1,0,0,0,75.027
1269,0,0,0.000,0.000,-1,0,0,0,75.316
1270,0,0,0.000,0.000,-1,0,0,0,76.712
1271,0,0,0.000,0.000,-1,0,0,0,74.880
1272,0,0,0.000,0.000,-1,0,0,0,85.839
1273,0,0,0.000,0.000,-1,0,0,0,75.417
1274,0,0,0.000,0.000,-1,0,0,0,73.704
1275,0,0,0.000,0.000,-1,0,0,0,76.039
1276,0,0,0.000,0.000,-1,0,0,0,75.971
1277,0,0,0.000,0.000,-1,0,0,0,75.872
1278,0,0,0.000,0.000,-1,0,0,0,86.825
1279,0,0,0.000,0.000,-1,0,0,0,74.913
1280,0,1,96.695,101.319,-1,0,0,0,72.311
1281,0,0,0.000,0.000,-1,0,0,0,74.856
1282,0,0,0.000,0.000,-1,0,0,0,74.960
1283,0,0,0.000,0.000,-1,0,0,0,74.850
1284,0,0,0.000,0.000,-1,0,0,0,88.363
1285,0,0,0.000,0.000,-1,0,0,0,72.459
1286,0,0,0.000,0.000,-1,0,0,0,74.104
1287,0,0,0.000,0.000,-1,0,0,0,75.743
1288,0,0,0.000,0.000,-1,0,0,0,75.838
1289,0,0,0.000,0.000,-1,0,0,0,76.807
1290,0,0,0.000,0.000,-1,0,0,0,88.856
1291,0,0,0.000,0.000,-1,0,0,0,79.382
1292,0,0,0.000,0.000,-1,0,0,0,76.218
1293,0,0,0.000,0.000,-1,0,0,0,78.911
1294,0,0,0.000,0.000,-1,0,0,0,81.217
1295,0,0,0.000,0.000,-1,0,0,0,78.569
1296,0,0,0.000,0.000,-1,0,0,0,89.536
1297,0,0,0.000,0.000,-1,0,0,0,76.299
1298,0,0,0.000,0.000,-1,0,0,0,78.337
1299,0,0,0.000,0.000,-1,0,0,0,74.705
1300,0,0,0.000,0.000,-1,0,0,0,77.543
1301,0,0,0.000,0.000,-1,0,0,0,75.798
1302,0,0,0.000,0.000,-1,0,0,0,86.638
1303,0,0,0.000,0.000,-1,0,0,0,75.531
1304,0,0,0.000,0.000,-1,0,0,0,76.894
1305,0,0,0.000,0.000,-1,0,0,0,78.379
1306,0,0,0.000,0.000,-1,0,0,0,77.170
1307,0,0,0.000,0.000,-1,0,0,0,77.376
1308,0,0,0.000,0.000,-1,0,0,0,88.240
1309,0,0,0.000,0.000,-1,0,0,0,76.133
1310,0,0,0.000,0.000,-1,0,0,0,74.644
1311,0,0,0.000,0.000,-1,0,0,0,75.686
1312,0,1,93.136,97.916,-1,0,0,0,77.859
1313,0,0,0.000,0.000,-1,0,0,0,75.893
1314,0,0,0.000,0.000,-1,0,0,0,89.451
1315,0,0,0.000,0.000,-1,0,0,0,74.016
1316,0,0,0.000,0.000,-1,0,0,0,76.223
1317,0,0,0.000,0.000,-1,0,0,0,76.501
1318,0,0,0.000,0.000,-1,0,0,0,75.029
1319,0,0,0.000,0.000,-1,0,0,0,73.723
1320,0,0,0.000,0.000,-1,0,0,0,87.668
1321,0,0,0.000,0.000,-1,0,0,0,75.370
1322,0,0,0.000,0.000,-1,0,0,0,77.520
1323,0,0,0.000,0.000,-1,0,0,0,77.882
1324,0,0,0.000,0.000,-1,0,0,0,75.844
1325,0,0,0.000,0.000,-1,0,0,0,73.467
1326,0,0,0.000,0.000,-1,0,0,0,86.544
1327,0,0,0.000,0.000,-1,0,0,0,76.033
1328,0,0,0.000,0.000,-1,0,0,0,73.845
1329,0,0,0.000,0.000,-1,0,0,0,74.200
1330,0,0,0.000,0.000,-1,0,0,0,77.339
1331,0,0,0.000,0.000,-1,0,0,0,78.501
1332,0,0,0.000,0.000,-1,0,0,0,91.047
1333,0,0,0.000,0.000,-1,0,0,0,73.003
1334,0,0,0.000,0.000,-1,0,0,0,76.285
1335,0,0,0.000,0.000,-1,0,0,0,73.622
1336,0,0,0.000,0.000,-1,0,0,0,74.064
1337,0,0,0.000,0.000,-1,0,0,0,77.409
1338,0,0,0.000,0.000,-1,0,0,0,86.830
1339,0,0,0.000,0.000,-1,0,0,0,74.259
1340,0,0,0.000,0.000,-1,0,0,0,74.949
1341,0,0,0.000,0.000,-1,0,0,0,74.314
1342,0,0,0.000,0.000,-1,0,0,0,75.564
1343,0,0,0.000,0.000,-1,0,0,0,74.253
1344,0,1,86.414,90.673,-1,0,0,0,87.805
1345,0,0,0.000,0.000,-1,0,0,0,77.114
1346,0,0,0.000,0.000,-1,0,0,0,76.179
1347,0,0,0.000,0.000,-1,0,0,0,78.870
1348,0,0,0.000,0.000,-1,0,0,0,77.331
1349,0,0,0.000,0.000,-1,0,0,0,75.218
1350,0,0,0.000,0.000,-1,0,0,0,89.741
1351,0,0,0.000,0.000,-1,0,0,0,74.746
1352,0,0,0.000,0.000,-1,0,0,0,76.722
1353,0,0,0.000,0.000,-1,0,0,0,76.382
1354,0,0,0.000,0.000,-1,0,0,0,74.365
1355,0,0,0.000,0.000,-1,0,0,0,76.586
1356,0,0,0.000,0.000,-1,0,0,0,85.672
1357,0,0,0.000,0.000,-1,0,0,0,74.719
1358,0,0,0.000,0.000,-1,0,0,0,76.237
1359,0,0,0.000,0.000,-1,0,0,0,76.095
1360,0,0,0.000,0.000,-1,0,0,0,74.919
1361,0,0,0.000,0.000,-1,0,0,0,75.980
1362,0,0,0.000,0.000,-1,0,0,0,86.679
1363,0,0,0.000,0.000,-1,0,0,0,75.496
1364,0,0,0.000,0.000,-1,0,0,0,76.553
1365,0,0,0.000,0.000,-1,0,0,0,76.255
1366,0,0,0.000,0.000,-1,0,0,0,76.847
1367,0,0,0.000,0.000,-1,0,0,0,73.792
1368,0,0,0.000,0.000,-1,0,0,0,87.006
1369,0,0,0.000,0.000,-1,0,0,0,78.346
1370,0,0,0.000,0.000,-1,0,0,0,73.992
1371,0,0,0.000,0.000,-1,0,0,0,77.906
1372,0,0,0.000,0.000,-1,0,0,0,80.806
1373,0,0,0.000,0.000,-1,0,0,0,72.058
1374,0,0,0.000,0.000,-1,0,0,0,88.602
1375,0,0,0.000,0.000,-1,0,0,0,75.904
1376,0,1,95.629,100.596,-1,0,0,0,74.244
1377,0,0,0.000,0.000,-1,0,0,0,72.782
1378,0,0,0.000,0.000,-1,0,0,0,76.196
1379,0,0,0.000,0.000,-1,0,0,0,75.581
1380,0,0,0.000,0.000,-1,0,0,0,85.899
1381,0,0,0.000,0.000,-1,0,0,0,73.372
1382,0,0,0.000,0.000,-1,0,0,0,75.376
1383,0,0,0.000,0.000,-1,0,0,0,78.330
1384,0,0,0.000,0.000,-1,0,0,0,74.179
1385,0,0,0.000,0.000,-1,0,0,0,77.833
1386,0,0,0.000,0.000,-1,0,0,0,86.570
1387,0,0,0.000,0.000,-1,0,0,0,76.068
1388,0,0,0.000,0.000,-1,0,0,0,78.929
1389,0,0,0.000,0.000,-1,0,0,0,76.055
1390,0,0,0.000,0.000,-1,0,0,0,73.828
1391,0,0,0.000,0.000,-1,0,0,0,78.854
1392,0,0,0.000,0.000,-1,0,0,0,87.502
1393,0,0,0.000,0.000,-1,0,0,0,72.544
1394,0,0,0.000,0.000,-1,0,0,0,75.583
1395,0,0,0.000,0.000,-1,0,0,0,77.042
1396,0,0,0.000,0.000,-1,0,0,0,77.279
1397,0,0,0.000,0.000,-1,0,0,0,75.985
1398,0,0,0.000,0.000,-1,0,0,0,90.425
1399,0,0,0.000,0.000,-1,0,0,0,77.531
1400,0,0,0.000,0.000,-1,0,0,0,75.801
1401,0,0,0.000,0.000,-1,0,0,0,76.584
1402,0,0,0.000,0.000,-1,0,0,0,78.300
1403,0,0,0.000,0.000,-1,0,0,0,77.737
1404,0,0,0.000,0.000,-1,0,0,0,87.719
1405,0,0,0.000,0.000,-1,0,0,0,75.729
1406,0,0,0.000,0.000,-1,0,0,0,77.492
1407,0,0,0.000,0.000,-1,0,0,0,77.476
1408,0,1,92.053,97.877,-1,0,0,0,76.652
1409,0,0,0.000,0.000,-1,0,0,0,79.521
1410,0,0,0.000,0.000,-1,0,0,0,86.123
1411,0,0,0.000,0.000,-1,0,0,0,72.083
1412,0,0,0.000,0.000,-1,0,0,0,77.635
1413,0,0,0.000,0.000,-1,0,0,0,72.420
1414,0,0,0.000,0.000,-1,0,0,0,75.037
1415,0,0,0.000,0.000,-1,0,0,0,78.235
1416,0,0,0.000,0.000,-1,0,0,0,85.829
1417,0,0,0.000,0.000,-1,0,0,0,75.769
1418,0,0,0.000,0.000,-1,0,0,0,76.421
1419,0,0,0.000,0.000,-1,0,0,0,76.118
1420,0,0,0.000,0.000,-1,0,0,0,75.955
1421,0,0,0.000,0.000,-1,0,0,0,77.259
1422,0,0,0.000,0.000,-1,0,0,0,87.713
1423,0,0,0.000,0.000,-1,0,0,0,76.765
1424,0,0,0.000,0.000,-1,0,0,0,79.479
1425,0,0,0.000,0.000,-1,0,0,0,73.152
1426,0,0,0.000,0.000,-1,0,0,0,74.753
1427,0,0,0.000,0.000,-1,0,0,0,75.458
1428,0,0,0.000,0.000,-1,0,0,0,87.503
1429,0,0,0.000,0.000,-1,0,0,0,75.078
1430,0,0,0.000,0.000,-1,0,0,0,73.165
1431,0,0,0.000,0.000,-1,0,0,0,74.042
1432,0,0,0.000,0.000,-1,0,0,0,75.626
1433,0,0,0.000,0.000,-1,0,0,0,78.286
1434,0,0,0.000,0.000,-1,0,0,0,82.840
1435,0,0,0.000,0.000,-1,0,0,0,75.770
1436,0,0,0.000,0.000,-1,0,0,0,75.326
1437,0,0,0.000,0.000,-1,0,0,0,73.185
1438,0,0,0.000,0.000,-1,0,0,0,75.693
1439,0,0,0.000,0.000,-1,0,0,0,74.621
1440,0,1,89.163,93.670,-1,0,0,0,87.741
1441,0,0,0.000,0.000,-1,0,0,0,73.656
1442,0,0,0.000,0.000,-1,0,0,0,77.004
1443,0,0,0.000,0.000,-1,0,0,0,74.022
1444,0,0,0.000,0.000,-1,0,0,0,76.355
1445,0,0,0.000,0.000,-1,0,0,0,76.846
1446,0,0,0.000,0.000,-1,0,0,0,88.468
1447,0,0,0.000,0.000,-1,0,0,0,75.913
1448,0,0,0.000,0.000,-1,0,0,0,75.605
1449,0,0,0.000,0.000,-1,0,0,0,76.649
1450,0,0,0.000,0.000,-1,0,0,0,76.506
1451,0,0,0.000,0.000,-1,0,0,0,76.898
1452,0,0,0.000,0.000,-1,0,0,0,84.589
1453,0,0,0.000,0.000,-1,0,0,0,78.378
1454,0,0,0.000,0.000,-1,0,0,0,74.606
1455,0,0,0.000,0.000,-1,0,0,0,76.560
1456,0,0,0.000,0.000,-1,0,0,0,74.979
1457,0,0,0.000,0.000,-1,0,0,0,72.455
1458,0,0,0.000,0.000,-1,0,0,0,88.272
1459,0,0,0.000,0.000,-1,0,0,0,76.950
1460,0,0,0.000,0.000,-1,0,0,0,75.456
1461,0,0,0.000,0.000,-1,0,0,0,76.537
1462,0,0,0.000,0.000,-1,0,0,0,73.992
1463,0,0,0.000,0.000,-1,0,0,0,75.207
1464,0,0,0.000,0.000,-1,0,0,0,85.116
1465,0,0,0.000,0.000,-1,0,0,0,78.272
1466,0,0,0.000,0.000,-1,0,0,0,73.753
1467,0,0,0.000,0.000,-1,0,0,0,76.022
1468,0,0,0.000,0.000,-1,0,0,0,76.571
1469,0,0,0.000,0.000,-1,0,0,0,75.324
1470,0,0,0.000,0.000,-1,0,0,0,89.603
1471,0,0,0.000,0.000,-1,0,0,0,74.260
1472,0,1,92.927,98.036,-1,0,0,0,77.273
1473,0,0,0.000,0.000,-1,0,0,0,79.340
1474,0,0,0.000,0.000,-1,0,0,0,76.039
1475,0,0,0.000,0.000,-1,0,0,0,76.224
1476,0,0,0.000,0.000,-1,0,0,0,89.614
1477,0,0,0.000,0.000,-1,0,0,0,73.544
1478,0,0,0.000,0.000,-1,0,0,0,77.734
1479,0,0,0.000,0.000,-1,0,0,0,74.179
1480,0,0,0.000,0.000,-1,0,0,0,73.737
1481,0,0,0.000,0.000,-1,0,0,0,74.535
1482,0,0,0.000,0.000,-1,0,0,0,87.772
1483,0,0,0.000,0.000,-1,0,0,0,74.277
1484,0,0,0.000,0.000,-1,0,0,0,76.259
1485,0,0,0.000,0.000,-1,0,0,0,76.882
1486,0,0,0.000,0.000,-1,0,0,0,75.471
1487,0,0,0.000,0.000,-1,0,0,0,75.278
1488,0,0,0.000,0.000,-1,0,0,0,86.464
1489,0,0,0.000,0.000,-1,0,0,0,73.762
1490,0,0,0.000,0.000,-1,0,0,0,73.050
1491,0,0,0.000,0.000,-1,0,0,0,80.181
1492,0,0,0.000,0.000,-1,0,0,0,72.809
1493,0,0,0.000,0.000,-1,0,0,0,73.504
1494,0,0,0.000,0.000,-1,0,0,0,89.102
1495,0,0,0.000,0.000,-1,0,0,0,77.825
1496,0,0,0.000,0.000,-1,0,0,0,75.143
1497,0,0,0.000,0.000,-1,0,0,0,77.184
1498,0,0,0.000,0.000,-1,0,0,0,76.189
1499,0,0,0.000,0.000,-1,0,0,0,78.293
1500,0,0,0.000,0.000,-1,0,0,0,84.818
1501,0,0,0.000,0.000,-1,0,0,0,73.377
1502,0,0,0.000,0.000,-1,0,0,0,77.634
1503,0,0,0.000,0.000,-1,0,0,0,74.698
1504,0,1,93.013,98.040,-1,0,0,0,78.434
1505,0,0,0.000,0.000,-1,0,0,0,76.514
1506,0,0,0.000,0.000,-1,0,0,0,84.445
1507,0,0,0.000,0.000,-1,0,0,0,76.295
1508,0,0,0.000,0.000,-1,0,0,0,76.646
1509,0,0,0.000,0.000,-1,0,0,0,74.823
1510,0,0,0.000,0.000,-1,0,0,0,75.503
1511,0,0,0.000,0.000,-1,0,0,0,75.752
1512,0,0,0.000,0.000,-1,0,0,0,89.762
1513,0,0,0.000,0.000,-1,0,0,0,74.504
1514,0,0,0.000,0.000,-1,0,0,0,77.022
1515,0,0,0.000,0.000,-1,0,0,0,76.574
1516,0,0,0.000,0.000,-1,0,0,0,74.588
1517,0,0,0.000,0.000,-1,0,0,0,71.452
1518,0,0,0.000,0.000,-1,0,0,0,85.494
1519,0,0,0.000,0.000,-1,0,0,0,76.301
1520,0,0,0.000,0.000,-1,0,0,0,75.207
1521,0,0,0.000,0.000,-1,0,0,0,75.038
1522,0,0,0.000,0.000,-1,0,0,0,76.019
1523,0,0,0.000,0.000,-1,0,0,0,76.923
1524,0,0,0.000,0.000,-1,0,0,0,88.372
1525,0,0,0.000,0.000,-1,0,0,0,76.481
1526,0,0,0.000,0.000,-1,0,0,0,78.071
1527,0,0,0.000,0.000,-1,0,0,0,76.406
1528,0,0,0.000,0.000,-1,0,0,0,76.295
1529,0,0,0.000,0.000,-1,0,0,0,75.631
1530,0,0,0.000,0.000,-1,0,0,0,89.029
1531,0,0,0.000,0.000,-1,0,0,0,76.241
1532,0,0,0.000,0.000,-1,0,0,0,77.724
1533,0,0,0.000,0.000,-1,0,0,0,75.192
1534,0,0,0.000,0.000,-1,0,0,0,78.252
1535,0,0,0.000,0.000,-1,0,0,0,75.194
1536,0,1,86.313,90.861,-1,0,0,0,86.917
1537,0,0,0.000,0.000,-1,0,0,0,78.535
1538,0,0,0.000,0.000,-1,0,0,0,74.851
1539,0,0,0.000,0.000,-1,0,0,0,72.819
1540,0,0,0.000,0.000,-1,0,0,0,77.980
1541,0,0,0.000,0.000,-1,0,0,0,77.480
1542,0,0,0.000,0.000,-1,0,0,0,88.798
1543,0,0,0.000,0.000,-1,0,0,0,75.239
1544,0,0,0.000,0.000,-1,0,0,0,78.856
1545,0,0,0.000,0.000,-1,0,0,0,74.273
1546,0,0,0.000,0.000,-1,0,0,0,77.036
1547,0,0,0.000,0.000,-1,0,0,0,74.157
1548,0,0,0.000,0.000,-1,0,0,0,87.032
1549,0,0,0.000,0.000,-1,0,0,0,75.473
1550,0,0,0.000,0.000,-1,0,0,0,76.671
1551,0,0,0.000,0.000,-1,0,0,0,74.180
1552,0,0,0.000,0.000,-1,0,0,0,75.751
1553,0,0,0.000,0.000,-1,0,0,0,75.439
1554,0,0,0.000,0.000,-1,0,0,0,87.685
1555,0,0,0.000,0.000,-1,0,0,0,76.358
1556,0,0,0.000,0.000,-1,0,0,0,73.052
1557,0,0,0.000,0.000,-1,0,0,0,75.708
1558,0,0,0.000,0.000,-1,0,0,0,73.964
1559,0,0,0.000,0.000,-1,0,0,0,76.722
1560,0,0,0.000,0.000,-1,0,0,0,89.970
1561,0,0,0.000,0.000,-1,0,0,0,80.689
1562,0,0,0.000,0.000,-1,0,0,0,78.192
1563,0,0,0.000,0.000,-1,0,0,0,75.661
1564,0,0,0.000,0.000,-1,0,0,0,73.325
1565,0,0,0.000,0.000,-1,0,0,0,75.919
1566,0,0,0.000,0.000,-1,0,0,0,85.356
1567,0,0,0.000,0.000,-1,0,0,0,77.025
1568,0,1,91.115,96.982,-1,0,0,0,77.546
1569,0,0,0.000,0.000,-1,0,0,0,76.444
1570,0,0,0.000,0.000,-1,0,0,0,75.113
1571,0,0,0.000,0.000,-1,0,0,0,72.749
1572,0,0,0.000,0.000,-1,0,0,0,86.034
1573,0,0,0.000,0.000,-1,0,0,0,75.489
1574,0,0,0.000,0.000,-1,0,0,0,76.786
1575,0,0,0.000,0.000,-1,0,0,0,74.815
1576,0,0,0.000,0.000,-1,0,0,0,77.318
1577,0,0,0.000,0.000,-1,0,0,0,75.228
1578,0,0,0.000,0.000,-1,0,0,0,85.498
1579,0,0,0.000,0.000,-1,0,0,0,73.014
1580,0,0,0.000,0.000,-1,0,0,0,79.010
1581,0,0,0.000,0.000,-1,0,0,0,76.250
1582,0,0,0.000,0.000,-1,0,0,0,75.879
1583,0,0,0.000,0.000,-1,0,0,0,74.108
1584,0,0,0.000,0.000,-1,0,0,0,85.931
1585,0,0,0.000,0.000,-1,0,0,0,74.665
1586,0,0,0.000,0.000,-1,0,0,0,73.465
1587,0,0,0.000,0.000,-1,0,0,0,79.273
1588,0,0,0.000,0.000,-1,0,0,0,74.529
1589,0,0,0.000,0.000,-1,0,0,0,77.906
1590,0,0,0.000,0.000,-1,0,0,0,90.875
1591,0,0,0.000,0.000,-1,0,0,0,74.187
1592,0,0,0.000,0.000,-1,0,0,0,76.004
1593,0,0,0.000,0.000,-1,0,0,0,76.431
1594,0,0,0.000,0.000,-1,0,0,0,74.277
1595,0,0,0.000,0.000,-1,0,0,0,74.557
1596,0,0,0.000,0.000,-1,0,0,0,88.330
1597,0,0,0.000,0.000,-1,0,0,0,72.716
1598,0,0,0.000,0.000,-1,0,0,0,74.832
1599,0,0,0.000,0.000,-1,0,0,0,74.969
1600,0,1,96.455,100.666,-1,0,0,0,72.347
1601,0,0,0.000,0.000,-1,0,0,0,75.770
1602,0,0,0.000,0.000,-1,0,0,0,87.266
1603,0,0,0.000,0.000,-1,0,0,0,74.515
1604,0,0,0.000,0.000,-1,0,0,0,73.286
1605,0,0,0.000,0.000,-1,0,0,0,73.096
1606,0,0,0.000,0.000,-1,0,0,0,77.889
1607,0,0,0.000,0.000,-1,0,0,0,76.044
1608,0,0,0.000,0.000,-1,0,0,0,88.482
1609,0,0,0.000,0.000,-1,0,0,0,76.091
1610,0,0,0.000,0.000,-1,0,0,0,76.514
1611,0,0,0.000,0.000,-1,0,0,0,72.880
1612,0,0,0.000,0.000,-1,0,0,0,74.680
1613,0,0,0.000,0.000,-1,0,0,0,73.639
1614,0,0,0.000,0.000,-1,0,0,0,90.124
1615,0,0,0.000,0.000,-1,0,0,0,75.665
1616,0,0,0.000,0.000,-1,0,0,0,77.181
1617,0,0,0.000,0.000,-1,0,0,0,75.267
1618,0,0,0.000,0.000,-1,0,0,0,74.221
1619,0,0,0.000,0.000,-1,0,0,0,74.227
1620,0,0,0.000,0.000,-1,0,0,0,89.505
1621,0,0,0.000,0.000,-1,0,0,0,75.242
1622,0,0,0.000,0.000,-1,0,0,0,75.103
1623,0,0,0.000,0.000,-1,0,0,0,78.625
1624,0,0,0.000,0.000,-1,0,0,0,73.487
1625,0,0,0.000,0.000,-1,0,0,0,75.190
1626,0,0,0.000,0.000,-1,0,0,0,87.555
1627,0,0,0.000,0.000,-1,0,0,0,75.817
1628,0,0,0.000,0.000,-1,0,0,0,76.465
1629,0,0,0.000,0.000,-1,0,0,0,74.985
1630,0,0,0.000,0.000,-1,0,0,0,75.549
1631,0,0,0.000,0.000,-1,0,0,0,75.629
1632,0,1,88.494,93.150,-1,0,0,0,87.689
1633,0,0,0.000,0.000,-1,0,0,0,73.895
1634,0,0,0.000,0.000,-1,0,0,0,75.550
1635,0,0,0.000,0.000,-1,0,0,0,74.726
1636,0,0,0.000,0.000,-1,0,0,0,74.533
1637,0,0,0.000,0.000,-1,0,0,0,73.932
1638,0,0,0.000,0.000,-1,0,0,0,89.624
1639,0,0,0.000,0.000,-1,0,0,0,86.343
1640,0,0,0.000,0.000,-1,0,0,0,77.380
1641,0,0,0.000,0.000,-1,0,0,0,76.164
1642,0,0,0.000,0.000,-1,0,0,0,77.539
1643,0,0,0.000,0.000,-1,0,0,0,77.062
1644,0,0,0.000,0.000,-1,0,0,0,88.126
1645,0,0,0.000,0.000,-1,0,0,0,74.292
1646,0,0,0.000,0.000,-1,0,0,0,73.266
1647,0,0,0.000,0.000,-1,0,0,0,77.178
1648,0,0,0.000,0.000,-1,0,0,0,76.007
1649,0,0,0.000,0.000,-1,0,0,0,73.629
1650,0,0,0.000,0.000,-1,0,0,0,88.581
1651,0,0,0.000,0.000,-1,0,0,0,75.961
1652,0,0,0.000,0.000,-1,0,0,0,77.755
1653,0,0,0.000,0.000,-1,0,0,0,74.465
1654,0,0,0.000,0.000,-1,0,0,0,74.015
1655,0,0,0.000,0.000,-1,0,0,0,77.405
1656,0,0,0.000,0.000,-1,0,0,0,86.649
1657,0,0,0.000,0.000,-1,0,0,0,73.728
1658,0,0,0.000,0.000,-1,0,0,0,75.049
1659,0,0,0.000,0.000,-1,0,0,0,79.216
1660,0,0,0.000,0.000,-1,0,0,0,76.677
1661,0,0,0.000,0.000,-1,0,0,0,73.902
1662,0,0,0.000,0.000,-1,0,0,0,89.433
1663,0,0,0.000,0.000,-1,0,0,0,75.069
1664,0,1,92.785,97.488,-1,0,0,0,76.196
1665,0,0,0.000,0.000,-1,0,0,0,77.646
1666,0,0,0.000,0.000,-1,0,0,0,73.085
1667,0,0,0.000,0.000,-1,0,0,0,74.236
1668,0,0,0.000,0.000,-1,0,0,0,85.309
1669,0,0,0.000,0.000,-1,0,0,0,73.804
1670,0,0,0.000,0.000,-1,0,0,0,74.862
1671,0,0,0.000,0.000,-1,0,0,0,72.788
1672,0,0,0.000,0.000,-1,0,0,0,73.954
1673,0,0,0.000,0.000,-1,0,0,0,73.956
1674,0,0,0.000,0.000,-1,0,0,0,84.571
1675,0,0,0.000,0.000,-1,0,0,0,76.207
1676,0,0,0.000,0.000,-1,0,0,0,77.093
1677,0,0,0.000,0.000,-1,0,0,0,75.089
1678,0,0,0.000,0.000,-1,0,0,0,76.275
1679,0,0,0.000,0.000,-1,0,0,0,72.809
1680,0,0,0.000,0.000,-1,0,0,0,87.566
1681,0,0,0.000,0.000,-1,0,0,0,74.829
1682,0,0,0.000,0.000,-1,0,0,0,77.396
1683,0,0,0.000,0.000,-1,0,0,0,74.203
1684,0,0,0.000,0.000,-1,0,0,0,74.714
1685,0,0,0.000,0.000,-1,0,0,0,74.655
1686,0,0,0.000,0.000,-1,0,0,0,89.034
1687,0,0,0.000,0.000,-1,0,0,0,74.385
1688,0,0,0.000,0.000,-1,0,0,0,74.294
1689,0,0,0.000,0.000,-1,0,0,0,75.246
1690,0,0,0.000,0.000,-1,0,0,0,76.394
1691,0,0,0.000,0.000,-1,0,0,0,76.481
1692,0,0,0.000,0.000,-1,0,0,0,86.521
1693,0,0,0.000,0.000,-1,0,0,0,74.901
1694,0,0,0.000,0.000,-1,0,0,0,74.131
1695,0,0,0.000,0.000,-1,0,0,0,77.254
1696,0,1,96.820,100.762,-1,0,0,0,73.890
1697,0,0,0.000,0.000,-1,0,0,0,75.639
1698,0,0,0.000,0.000,-1,0,0,0,87.129
1699,0,0,0.000,0.000,-1,0,0,0,73.621
1700,0,0,0.000,0.000,-1,0,0,0,75.146
1701,0,0,0.000,0.000,-1,0,0,0,72.994
1702,0,0,0.000,0.000,-1,0,0,0,75.971
1703,0,0,0.000,0.000,-1,0,0,0,77.380
1704,0,0,0.000,0.000,-1,0,0,0,89.686
1705,0,0,0.000,0.000,-1,0,0,0,73.682
1706,0,0,0.000,0.000,-1,0,0,0,76.288
1707,0,0,0.000,0.000,-1,0,0,0,75.347
1708,0,0,0.000,0.000,-1,0,0,0,75.191
1709,0,0,0.000,0.000,-1,0,0,0,74.428
1710,0,0,0.000,0.000,-1,0,0,0,89.078
1711,0,0,0.000,0.000,-1,0,0,0,77.376
1712,0,0,0.000,0.000,-1,0,0,0,74.465
1713,0,0,0.000,0.000,-1,0,0,0,73.650
1714,0,0,0.000,0.000,-1,0,0,0,80.736
1715,0,0,0.000,0.000,-1,0,0,0,74.294
1716,0,0,0.000,0.000,-1,0,0,0,87.171
1717,0,0,0.000,0.000,-1,0,0,0,75.686
1718,0,0,0.000,0.000,-1,0,0,0,75.648
1719,0,0,0.000,0.000,-1,0,0,0,75.146
1720,0,0,0.000,0.000,-1,0,0,0,77.351
1721,0,0,0.000,0.000,-1,0,0,0,74.847
1722,0,0,0.000,0.000,-1,0,0,0,89.740
1723,0,0,0.000,0.000,-1,0,0,0,76.245
1724,0,0,0.000,0.000,-1,0,0,0,77.091
1725,0,0,0.000,0.000,-1,0,0,0,74.271
1726,0,0,0.000,0.000,-1,0,0,0,73.784
1727,0,0,0.000,0.000,-1,0,0,0,75.518
1728,0,1,88.119,92.199,-1,0,0,0,87.126
1729,0,0,0.000,0.000,-1,0,0,0,79.093
1730,0,0,0.000,0.000,-1,0,0,0,76.366
1731,0,0,0.000,0.000,-1,0,0,0,74.225
1732,0,0,0.000,0.000,-1,0,0,0,80.236
1733,0,0,0.000,0.000,-1,0,0,0,72.941
1734,0,0,0.000,0.000,-1,0,0,0,91.663
1735,0,0,0.000,0.000,-1,0,0,0,73.773
1736,0,0,0.000,0.000,-1,0,0,0,76.274
1737,0,0,0.000,0.000,-1,0,0,0,78.153
1738,0,0,0.000,0.000,-1,0,0,0,78.560
1739,0,0,0.000,0.000,-1,0,0,0,77.074
1740,0,0,0.000,0.000,-1,0,0,0,88.927
1741,0,0,0.000,0.000,-1,0,0,0,77.295
1742,0,0,0.000,0.000,-1,0,0,0,74.984
1743,0,0,0.000,0.000,-1,0,0,0,76.585
1744,0,0,0.000,0.000,-1,0,0,0,76.567
1745,0,0,0.000,0.000,-1,0,0,0,76.319
1746,0,0,0.000,0.000,-1,0,0,0,88.210
1747,0,0,0.000,0.000,-1,0,0,0,74.974
1748,0,0,0.000,0.000,-1,0,0,0,75.873
1749,0,0,0.000,0.000,-1,0,0,0,73.508
1750,0,0,0.000,0.000,-1,0,0,0,72.820
1751,0,0,0.000,0.000,-1,0,0,0,76.420
1752,0,0,0.000,0.000,-1,0,0,0,85.917
1753,0,0,0.000,0.000,-1,0,0,0,75.799
1754,0,0,0.000,0.000,-1,0,0,0,76.234
1755,0,0,0.000,0.000,-1,0,0,0,76.869
1756,0,0,0.000,0.000,-1,0,0,0,73.898
1757,0,0,0.000,0.000,-1,0,0,0,77.656
1758,0,0,0.000,0.000,-1,0,0,0,86.776
1759,0,0,0.000,0.000,-1,0,0,0,73.429
1760,0,1,92.663,97.599,-1,0,0,0,76.683
1761,0,0,0.000,0.000,-1,0,0,0,77.543
1762,0,0,0.000,0.000,-1,0,0,0,76.628
1763,0,0,0.000,0.000,-1,0,0,0,73.907
1764,0,0,0.000,0.000,-1,0,0,0,87.801
1765,0,0,0.000,0.000,-1,0,0,0,72.278
1766,0,0,0.000,0.000,-1,0,0,0,76.360
1767,0,0,0.000,0.000,-1,0,0,0,75.035
1768,0,0,0.000,0.000,-1,0,0,0,76.088
1769,0,0,0.000,0.000,-1,0,0,0,74.491
1770,0,0,0.000,0.000,-1,0,0,0,120.293
1771,0,0,0.000,0.000,-1,0,0,0,71.635
1772,0,0,0.000,0.000,-1,0,0,0,75.266
1773,0,0,0.000,0.000,-1,0,0,0,73.602
1774,0,0,0.000,0.000,-1,0,0,0,74.890
1775,0,0,0.000,0.000,-1,0,0,0,74.874
1776,0,0,0.000,0.000,-1,0,0,0,87.955
1777,0,0,0.000,0.000,-1,0,0,0,74.014
1778,0,0,0.000,0.000,-1,0,0,0,74.302
1779,0,0,0.000,0.000,-1,0,0,0,76.053
1780,0,0,0.000,0.000,-1,0,0,0,76.955
1781,0,0,0.000,0.000,-1,0,0,0,76.929
1782,0,0,0.000,0.000,-1,0,0,0,85.389
1783,0,0,0.000,0.000,-1,0,0,0,74.347
1784,0,0,0.000,0.000,-1,0,0,0,75.286
1785,0,0,0.000,0.000,-1,0,0,0,76.231
1786,0,0,0.000,0.000,-1,0,0,0,79.965
1787,0,0,0.000,0.000,-1,0,0,0,78.522
1788,0,0,0.000,0.000,-1,0,0,0,91.119
1789,0,0,0.000,0.000,-1,0,0,0,75.202
1790,0,0,0.000,0.000,-1,0,0,0,77.587
1791,0,0,0.000,0.000,-1,0,0,0,75.877
1792,0,1,93.632,99.541,-1,0,0,0,74.818
1793,0,0,0.000,0.000,-1,0,0,0,77.375
1794,0,0,0.000,0.000,-1,0,0,0,86.001
1795,0,0,0.000,0.000,-1,0,0,0,73.819
1796,0,0,0.000,0.000,-1,0,0,0,78.522
1797,0,0,0.000,0.000,-1,0,0,0,74.880
1798,0,0,0.000,0.000,-1,0,0,0,76.320
1799,0,0,0.000,0.000,-1,0,0,0,76.147
1800,0,0,0.000,0.000,-1,0,0,0,88.112
1801,0,0,0.000,0.000,-1,0,0,0,76.321
1802,0,0,0.000,0.000,-1,0,0,0,73.774
1803,0,0,0.000,0.000,-1,0,0,0,76.538
1804,0,0,0.000,0.000,-1,0,0,0,76.202
1805,0,0,0.000,0.000,-1,0,0,0,77.716
1806,0,0,0.000,0.000,-1,0,0,0,86.653
1807,0,0,0.000,0.000,-1,0,0,0,73.974
1808,0,0,0.000,0.000,-1,0,0,0,75.393
1809,0,0,0.000,0.000,-1,0,0,0,73.077
1810,0,0,0.000,0.000,-1,0,0,0,74.916
1811,0,0,0.000,0.000,-1,0,0,0,77.979
1812,0,0,0.000,0.000,-1,0,0,0,86.659
1813,0,0,0.000,0.000,-1,0,0,0,73.104
1814,0,0,0.000,0.000,-1,0,0,0,76.334
1815,0,0,0.000,0.000,-1,0,0,0,70.990
1816,0,0,0.000,0.000,-1,0,0,0,75.756
1817,0,0,0.000,0.000,-1,0,0,0,76.228
1818,0,0,0.000,0.000,-1,0,0,0,85.043
1819,0,0,0.000,0.000,-1,0,0,0,76.971
1820,0,0,0.000,0.000,-1,0,0,0,76.294
1821,0,0,0.000,0.000,-1,0,0,0,76.989
1822,0,0,0.000,0.000,-1,0,0,0,76.064
1823,0,0,0.000,0.000,-1,0,0,0,77.382
1824,0,1,89.351,94.283,-1,0,0,0,85.297
1825,0,0,0.000,0.000,-1,0,0,0,73.823
1826,0,0,0.000,0.000,-1,0,0,0,75.007
1827,0,0,0.000,0.000,-1,0,0,0,74.488
1828,0,0,0.000,0.000,-1,0,0,0,75.522
1829,0,0,0.000,0.000,-1,0,0,0,75.539
1830,0,0,0.000,0.000,-1,0,0,0,97.523
1831,0,0,0.000,0.000,-1,0,0,0,75.212
1832,0,0,0.000,0.000,-1,0,0,0,75.013
1833,0,0,0.000,0.000,-1,0,0,0,73.646
1834,0,0,0.000,0.000,-1,0,0,0,76.889
1835,0,0,0.000,0.000,-1,0,0,0,74.661
1836,0,0,0.000,0.000,-1,0,0,0,89.636
1837,0,0,0.000,0.000,-1,0,0,0,74.567
1838,0,0,0.000,0.000,-1,0,0,0,75.802
1839,0,0,0.000,0.000,-1,0,0,0,74.169
1840,0,0,0.000,0.000,-1,0,0,0,76.375
1841,0,0,0.000,0.000,-1,0,0,0,76.198
1842,0,0,0.000,0.000,-1,0,0,0,87.433
1843,0,0,0.000,0.000,-1,0,0,0,75.063
1844,0,0,0.000,0.000,-1,0,0,0,77.847
1845,0,0,0.000,0.000,-1,0,0,0,75.413
1846,0,0,0.000,0.000,-1,0,0,0,73.408
1847,0,0,0.000,0.000,-1,0,0,0,76.596
1848,0,0,0.000,0.000,-1,0,0,0,86.149
1849,0,0,0.000,0.000,-1,0,0,0,75.863
1850,0,0,0.000,0.000,-1,0,0,0,77.818
1851,0,0,0.000,0.000,-1,0,0,0,76.501
1852,0,0,0.000,0.000,-1,0,0,0,75.091
1853,0,0,0.000,0.000,-1,0,0,0,74.687
1854,0,0,0.000,0.000,-1,0,0,0,89.598
1855,0,0,0.000,0.000,-1,0,0,0,76.022
1856,0,1,96.916,101.128,-1,0,0,0,74.453
1857,0,0,0.000,0.000,-1,0,0,0,76.439
1858,0,0,0.000,0.000,-1,0,0,0,77.034
1859,0,0,0.000,0.000,-1,0,0,0,76.101
1860,0,0,0.000,0.000,-1,0,0,0,87.536
1861,0,0,0.000,0.000,-1,0,0,0,72.479
1862,0,0,0.000,0.000,-1,0,0,0,73.104
1863,0,0,0.000,0.000,-1,0,0,0,76.187
1864,0,0,0.000,0.000,-1,0,0,0,74.759
1865,0,0,0.000,0.000,-1,0,0,0,76.192
1866,0,0,0.000,0.000,-1,0,0,0,88.237
1867,0,0,0.000,0.000,-1,0,0,0,75.318
1868,0,0,0.000,0.000,-1,0,0,0,79.131
1869,0,0,0.000,0.000,-1,0,0,0,74.256
1870,0,0,0.000,0.000,-1,0,0,0,78.691
1871,0,0,0.000,0.000,-1,0,0,0,73.694
1872,0,0,0.000,0.000,-1,0,0,0,88.986
1873,0,0,0.000,0.000,-1,0,0,0,72.890
1874,0,0,0.000,0.000,-1,0,0,0,77.101
1875,0,0,0.000,0.000,-1,0,0,0,75.252
1876,0,0,0.000,0.000,-1,0,0,0,74.402
1877,0,0,0.000,0.000,-1,0,0,0,74.099
1878,0,0,0.000,0.000,-1,0,0,0,89.420
1879,0,0,0.000,0.000,-1,0,0,0,74.950
1880,0,0,0.000,0.000,-1,0,0,0,77.761
1881,0,0,0.000,0.000,-1,0,0,0,75.466
1882,0,0,0.000,0.000,-1,0,0,0,75.285
1883,0,0,0.000,0.000,-1,0,0,0,77.632
1884,0,0,0.000,0.000,-1,0,0,0,87.919
1885,0,0,0.000,0.000,-1,0,0,0,73.176
1886,0,0,0.000,0.000,-1,0,0,0,76.693
1887,0,0,0.000,0.000,-1,0,0,0,74.474
1888,0,1,94.023,99.442,-1,0,0,0,78.307
1889,0,0,0.000,0.000,-1,0,0,0,75.472
1890,0,0,0.000,0.000,-1,0,0,0,91.416
1891,0,0,0.000,0.000,-1,0,0,0,75.392
1892,0,0,0.000,0.000,-1,0,0,0,75.388
1893,0,0,0.000,0.000,-1,0,0,0,78.410
1894,0,0,0.000,0.000,-1,0,0,0,75.322
1895,0,0,0.000,0.000,-1,0,0,0,78.387
1896,0,0,0.000,0.000,-1,0,0,0,89.755
1897,0,0,0.000,0.000,-1,0,0,0,75.434
1898,0,0,0.000,0.000,-1,0,0,0,75.911
1899,0,0,0.000,0.000,-1,0,0,0,76.064
1900,0,0,0.000,0.000,-1,0,0,0,79.539
1901,0,0,0.000,0.000,-1,0,0,0,75.615
1902,0,0,0.000,0.000,-1,0,0,0,85.691
1903,0,0,0.000,0.000,-1,0,0,0,78.278
1904,0,0,0.000,0.000,-1,0,0,0,75.476
1905,0,0,0.000,0.000,-1,0,0,0,74.414
1906,0,0,0.000,0.000,-1,0,0,0,77.923
1907,0,0,0.000,0.000,-1,0,0,0,74.192
1908,0,0,0.000,0.000,-1,0,0,0,86.876
1909,0,0,0.000,0.000,-1,0,0,0,71.767
1910,0,0,0.000,0.000,-1,0,0,0,73.552
1911,0,0,0.000,0.000,-1,0,0,0,76.899
1912,0,0,0.000,0.000,-1,0,0,0,74.458
1913,0,0,0.000,0.000,-1,0,0,0,74.311
1914,0,0,0.000,0.000,-1,0,0,0,88.549
1915,0,0,0.000,0.000,-1,0,0,0,78.652
1916,0,0,0.000,0.000,-1,0,0,0,77.623
1917,0,0,0.000,0.000,-1,0,0,0,73.646
1918,0,0,0.000,0.000,-1,0,0,0,86.028
1919,0,0,0.000,0.000,-1,0,0,0,74.653
1920,0,1,85.209,90.333,-1,0,0,0,90.719
1921,0,0,0.000,0.000,-1,0,0,0,75.672
1922,0,0,0.000,0.000,-1,0,0,0,75.367
1923,0,0,0.000,0.000,-1,0,0,0,74.641
1924,0,0,0.000,0.000,-1,0,0,0,77.840
1925,0,0,0.000,0.000,-1,0,0,0,74.264
1926,0,0,0.000,0.000,-1,0,0,0,89.964
1927,0,0,0.000,0.000,-1,0,0,0,74.447
1928,0,0,0.000,0.000,-1,0,0,0,75.527
1929,0,0,0.000,0.000,-1,0,0,0,76.132
1930,0,0,0.000,0.000,-1,0,0,0,77.889
1931,0,0,0.000,0.000,-1,0,0,0,75.868
1932,0,0,0.000,0.000,-1,0,0,0,86.608
1933,0,0,0.000,0.000,-1,0,0,0,73.984
1934,0,0,0.000,0.000,-1,0,0,0,75.106
1935,0,0,0.000,0.000,-1,0,0,0,76.258
1936,0,0,0.000,0.000,-1,0,0,0,75.426
1937,0,0,0.000,0.000,-1,0,0,0,75.339
1938,0,0,0.000,0.000,-1,0,0,0,86.094
1939,0,0,0.000,0.000,-1,0,0,0,76.121
1940,0,0,0.000,0.000,-1,0,0,0,75.667
1941,0,0,0.000,0.000,-1,0,0,0,75.805
1942,0,0,0.000,0.000,-1,0,0,0,79.683
1943,0,0,0.000,0.000,-1,0,0,0,75.494
1944,0,0,0.000,0.000,-1,0,0,0,89.139
1945,0,0,0.000,0.000,-1,0,0,0,79.248
1946,0,0,0.000,0.000,-1,0,0,0,75.965
1947,0,0,0.000,0.000,-1,0,0,0,74.642
1948,0,0,0.000,0.000,-1,0,0,0,76.727
1949,0,0,0.000,0.000,-1,0,0,0,77.317
1950,0,0,0.000,0.000,-1,0,0,0,88.661
1951,0,0,0.000,0.000,-1,0,0,0,75.507
1952,0,1,92.813,98.289,-1,0,0,0,77.333
1953,0,0,0.000,0.000,-1,0,0,0,77.164
1954,0,0,0.000,0.000,-1,0,0,0,76.470
1955,0,0,0.000,0.000,-1,0,0,0,74.532
1956,0,0,0.000,0.000,-1,0,0,0,85.385
1957,0,0,0.000,0.000,-1,0,0,0,75.981
1958,0,0,0.000,0.000,-1,0,0,0,76.251
1959,0,0,0.000,0.000,-1,0,0,0,78.853
1960,0,0,0.000,0.000,-1,0,0,0,77.032
1961,0,0,0.000,0.000,-1,0,0,0,75.916
1962,0,0,0.000,0.000,-1,0,0,0,87.377
1963,0,0,0.000,0.000,-1,0,0,0,74.444
1964,0,0,0.000,0.000,-1,0,0,0,76.191
1965,0,0,0.000,0.000,-1,0,0,0,75.960
1966,0,0,0.000,0.000,-1,0,0,0,76.613
1967,0,0,0.000,0.000,-1,0,0,0,75.902
1968,0,0,0.000,0.000,-1,0,0,0,88.889
1969,0,0,0.000,0.000,-1,0,0,0,73.011
1970,0,0,0.000,0.000,-1,0,0,0,75.358
1971,0,0,0.000,0.000,-1,0,0,0,73.663
1972,0,0,0.000,0.000,-1,0,0,0,76.591
1973,0,0,0.000,0.000,-1,0,0,0,75.621
1974,0,0,0.000,0.000,-1,0,0,0,85.654
1975,0,0,0.000,0.000,-1,0,0,0,72.087
1976,0,0,0.000,0.000,-1,0,0,0,74.646
1977,0,0,0.000,0.000,-1,0,0,0,71.873
1978,0,0,0.000,0.000,-1,0,0,0,76.736
1979,0,0,0.000,0.000,-1,0,0,0,76.632
1980,0,0,0.000,0.000,-1,0,0,0,88.020
1981,0,0,0.000,0.000,-1,0,0,0,78.106
1982,0,0,0.000,0.000,-1,0,0,0,75.637
1983,0,0,0.000,0.000,-1,0,0,0,74.110
1984,0,1,93.365,98.341,-1,0,0,0,76.361
1985,0,0,0.000,0.000,-1,0,0,0,74.950
1986,0,0,0.000,0.000,-1,0,0,0,87.872
1987,0,0,0.000,0.000,-1,0,0,0,75.779
1988,0,0,0.000,0.000,-1,0,0,0,72.836
1989,0,0,0.000,0.000,-1,0,0,0,74.694
1990,0,0,0.000,0.000,-1,0,0,0,75.687
1991,0,0,0.000,0.000,-1,0,0,0,73.529
1992,0,0,0.000,0.000,-1,0,0,0,88.655
1993,0,0,0.000,0.000,-1,0,0,0,76.675
1994,0,0,0.000,0.000,-1,0,0,0,74.938
1995,0,0,0.000,0.000,-1,0,0,0,75.226
1996,0,0,0.000,0.000,-1,0,0,0,76.268
1997,0,0,0.000,0.000,-1,0,0,0,74.924
1998,0,0,0.000,0.000,-1,0,0,0,90.201
1999,0,0,0.000,0.000,-1,0,0,0,76.858
2000,0,0,0.000,0.000,-1,0,0,0,76.086
2001,0,0,0.000,0.000,-1,0,0,0,74.063
2002,0,0,0.000,0.000,-1,0,0,0,75.512
2003,0,0,0.000,0.000,-1,0,0,0,76.719
2004,0,0,0.000,0.000,-1,0,0,0,85.849
2005,0,0,0.000,0.000,-1,0,0,0,73.359
2006,0,0,0.000,0.000,-1,0,0,0,76.068
2007,0,0,0.000,0.000,-1,0,0,0,76.035
2008,0,0,0.000,0.000,-1,0,0,0,74.228
2009,0,0,0.000,0.000,-1,0,0,0,76.801
2010,0,0,0.000,0.000,-1,0,0,0,88.786
2011,0,0,0.000,0.000,-1,0,0,0,76.625
2012,0,0,0.000,0.000,-1,0,0,0,78.923
2013,0,0,0.000,0.000,-1,0,0,0,72.945
2014,0,0,0.000,0.000,-1,0,0,0,78.065
2015,0,0,0.000,0.000,-1,0,0,0,79.788
2016,0,1,89.486,94.360,-1,0,0,0,86.291
2017,0,0,0.000,0.000,-1,0,0,0,79.473
2018,0,0,0.000,0.000,-1,0,0,0,76.753
2019,0,0,0.000,0.000,-1,0,0,0,76.802
2020,0,0,0.000,0.000,-1,0,0,0,74.557
2021,0,0,0.000,0.000,-1,0,0,0,74.913
2022,0,0,0.000,0.000,-1,0,0,0,85.885
2023,0,0,0.000,0.000,-1,0,0,0,76.157
2024,0,0,0.000,0.000,-1,0,0,0,74.786
2025,0,0,0.000,0.000,-1,0,0,0,74.393
2026,0,0,0.000,0.000,-1,0,0,0,75.806
2027,0,0,0.000,0.000,-1,0,0,0,75.710
2028,0,0,0.000,0.000,-1,0,0,0,88.493
2029,0,0,0.000,0.000,-1,0,0,0,76.034
2030,0,0,0.000,0.000,-1,0,0,0,79.254
2031,0,0,0.000,0.000,-1,0,0,0,78.264
2032,0,0,0.000,0.000,-1,0,0,0,75.432
2033,0,0,0.000,0.000,-1,0,0,0,74.578
2034,0,0,0.000,0.000,-1,0,0,0,86.492
2035,0,0,0.000,0.000,-1,0,0,0,77.298
2036,0,0,0.000,0.000,-1,0,0,0,77.345
2037,0,0,0.000,0.000,-1,0,0,0,74.092
2038,0,0,0.000,0.000,-1,0,0,0,75.490
2039,0,0,0.000,0.000,-1,0,0,0,74.600
2040,0,0,0.000,0.000,-1,0,0,0,89.056
2041,0,0,0.000,0.000,-1,0,0,0,74.382
2042,0,0,0.000,0.000,-1,0,0,0,77.247
2043,0,0,0.000,0.000,-1,0,0,0,73.812
2044,0,0,0.000,0.000,-1,0,0,0,76.454
2045,0,0,0.000,0.000,-1,0,0,0,72.751
2046,0,0,0.000,0.000,-1,0,0,0,88.423
2047,0,0,0.000,0.000,-1,0,0,0,73.174
2048,0,1,92.617,98.388,-1,0,0,0,76.056
2049,0,0,0.000,0.000,-1,0,0,0,76.831
2050,0,0,0.000,0.000,-1,0,0,0,76.921
2051,0,0,0.000,0.000,-1,0,0,0,76.272
2052,0,0,0.000,0.000,-1,0,0,0,90.082
2053,0,0,0.000,0.000,-1,0,0,0,75.457
2054,0,0,0.000,0.000,-1,0,0,0,73.804
2055,0,0,0.000,0.000,-1,0,0,0,73.718
2056,0,0,0.000,0.000,-1,0,0,0,72.423
2057,0,0,0.000,0.000,-1,0,0,0,76.638
2058,0,0,0.000,0.000,-1,0,0,0,89.234
2059,0,0,0.000,0.000,-1,0,0,0,78.149
2060,0,0,0.000,0.000,-1,0,0,0,77.975
2061,0,0,0.000,0.000,-1,0,0,0,73.087
2062,0,0,0.000,0.000,-1,0,0,0,78.212
2063,0,0,0.000,0.000,-1,0,0,0,76.295
2064,0,0,0.000,0.000,-1,0,0,0,90.358
2065,0,0,0.000,0.000,-1,0,0,0,72.300
2066,0,0,0.000,0.000,-1,0,0,0,75.902
2067,0,0,0.000,0.000,-1,0,0,0,76.134
2068,0,0,0.000,0.000,-1,0,0,0,76.531
2069,0,0,0.000,0.000,-1,0,0,0,76.705
2070,0,0,0.000,0.000,-1,0,0,0,88.880
2071,0,0,0.000,0.000,-1,0,0,0,75.919
2072,0,0,0.000,0.000,-1,0,0,0,76.039
2073,0,0,0.000,0.000,-1,0,0,0,74.193
2074,0,0,0.000,0.000,-1,0,0,0,78.010
2075,0,0,0.000,0.000,-1,0,0,0,75.483
2076,0,0,0.000,0.000,-1,0,0,0,90.101
2077,0,0,0.000,0.000,-1,0,0,0,74.285
2078,0,0,0.000,0.000,-1,0,0,0,77.091
2079,0,0,0.000,0.000,-1,0,0,0,74.109
2080,0,1,93.701,98.550,-1,0,0,0,76.372
2081,0,0,0.000,0.000,-1,0,0,0,77.530
2082,0,0,0.000,0.000,-1,0,0,0,88.214
2083,0,0,0.000,0.000,-1,0,0,0,78.469
2084,0,0,0.000,0.000,-1,0,0,0,75.358
2085,0,0,0.000,0.000,-1,0,0,0,71.653
2086,0,0,0.000,0.000,-1,0,0,0,81.775
2087,0,0,0.000,0.000,-1,0,0,0,76.706
2088,0,0,0.000,0.000,-1,0,0,0,86.746
2089,0,0,0.000,0.000,-1,0,0,0,74.580
2090,0,0,0.000,0.000,-1,0,0,0,76.009
2091,0,0,0.000,0.000,-1,0,0,0,76.892
2092,0,0,0.000,0.000,-1,0,0,0,75.387
2093,0,0,0.000,0.000,-1,0,0,0,73.151
2094,0,0,0.000,0.000,-1,0,0,0,86.818
2095,0,0,0.000,0.000,-1,0,0,0,75.751
2096,0,0,0.000,0.000,-1,0,0,0,75.470
2097,0,0,0.000,0.000,-1,0,0,0,75.859
2098,0,0,0.000,0.000,-1,0,0,0,76.999
2099,0,0,0.000,0.000,-1,0,0,0,73.676
2100,0,0,0.000,0.000,-1,0,0,0,90.998
2101,0,0,0.000,0.000,-1,0,0,0,74.940
2102,0,0,0.000,0.000,-1,0,0,0,76.814
2103,0,0,0.000,0.000,-1,0,0,0,75.353
2104,0,0,0.000,0.000,-1,0,0,0,75.356
2105,0,0,0.000,0.000,-1,0,0,0,75.950
2106,0,0,0.000,0.000,-1,0,0,0,87.893
2107,0,0,0.000,0.000,-1,0,0,0,74.439
2108,0,0,0.000,0.000,-1,0,0,0,75.470
2109,0,0,0.000,0.000,-1,0,0,0,73.809
2110,0,0,0.000,0.000,-1,0,0,0,77.431
2111,0,0,0.000,0.000,-1,0,0,0,76.599
2112,0,1,85.625,90.376,-1,0,0,0,87.303
2113,0,0,0.000,0.000,-1,0,0,0,77.847
2114,0,0,0.000,0.000,-1,0,0,0,76.650
2115,0,0,0.000,0.000,-1,0,0,0,74.842
2116,0,0,0.000,0.000,-1,0,0,0,76.317
2117,0,0,0.000,0.000,-1,0,0,0,77.613
2118,0,0,0.000,0.000,-1,0,0,0,87.660
2119,0,0,0.000,0.000,-1,0,0,0,76.291
2120,0,0,0.000,0.000,-1,0,0,0,79.873
2121,0,0,0.000,0.000,-1,0,0,0,76.881
2122,0,0,0.000,0.000,-1,0,0,0,76.266
2123,0,0,0.000,0.000,-1,0,0,0,75.320
2124,0,0,0.000,0.000,-1,0,0,0,87.976
2125,0,0,0.000,0.000,-1,0,0,0,72.724
2126,0,0,0.000,0.000,-1,0,0,0,72.732
2127,0,0,0.000,0.000,-1,0,0,0,76.477
2128,0,0,0.000,0.000,-1,0,0,0,75.519
2129,0,0,0.000,0.000,-1,0,0,0,75.034
2130,0,0,0.000,0.000,-1,0,0,0,87.813
2131,0,0,0.000,0.000,-1,0,0,0,74.670
2132,0,0,0.000,0.000,-1,0,0,0,76.494
2133,0,0,0.000,0.000,-1,0,0,0,73.515
2134,0,0,0.000,0.000,-1,0,0,0,76.588
2135,0,0,0.000,0.000,-1,0,0,0,76.515
2136,0,0,0.000,0.000,-1,0,0,0,86.105
2137,0,0,0.000,0.000,-1,0,0,0,75.441
2138,0,0,0.000,0.000,-1,0,0,0,73.416
2139,0,0,0.000,0.000,-1,0,0,0,74.215
2140,0,0,0.000,0.000,-1,0,0,0,77.163
2141,0,0,0.000,0.000,-1,0,0,0,75.205
2142,0,0,0.000,0.000,-1,0,0,0,88.204
2143,0,0,0.000,0.000,-1,0,0,0,73.840
2144,0,1,92.578,98.222,-1,0,0,0,74.907
2145,0,0,0.000,0.000,-1,0,0,0,74.705
2146,0,0,0.000,0.000,-1,0,0,0,74.860
2147,0,0,0.000,0.000,-1,0,0,0,75.588
2148,0,0,0.000,0.000,-1,0,0,0,84.958
2149,0,0,0.000,0.000,-1,0,0,0,70.802
2150,0,0,0.000,0.000,-1,0,0,0,75.667
2151,0,0,0.000,0.000,-1,0,0,0,77.546
2152,0,0,0.000,0.000,-1,0,0,0,75.837
2153,0,0,0.000,0.000,-1,0,0,0,76.550
2154,0,0,0.000,0.000,-1,0,0,0,86.745
2155,0,0,0.000,0.000,-1,0,0,0,77.064
2156,0,0,0.000,0.000,-1,0,0,0,76.721
2157,0,0,0.000,0.000,-1,0,0,0,74.862
2158,0,0,0.000,0.000,-1,0,0,0,74.820
2159,0,0,0.000,0.000,-1,0,0,0,77.311
2160,0,0,0.000,0.000,-1,0,0,0,85.789
2161,0,0,0.000,0.000,-1,0,0,0,72.660
2162,0,0,0.000,0.000,-1,0,0,0,76.892
2163,0,0,0.000,0.000,-1,0,0,0,75.851
2164,0,0,0.000,0.000,-1,0,0,0,77.462
2165,0,0,0.000,0.000,-1,0,0,0,75.902
2166,0,0,0.000,0.000,-1,0,0,0,85.808
2167,0,0,0.000,0.000,-1,0,0,0,75.157
2168,0,0,0.000,0.000,-1,0,0,0,75.090
2169,0,0,0.000,0.000,-1,0,0,0,77.740
2170,0,0,0.000,0.000,-1,0,0,0,77.693
2171,0,0,0.000,0.000,-1,0,0,0,79.209
2172,0,0,0.000,0.000,-1,0,0,0,87.347
2173,0,0,0.000,0.000,-1,0,0,0,75.733
2174,0,0,0.000,0.000,-1,0,0,0,76.323
2175,0,0,0.000,0.000,-1,0,0,0,77.259
2176,0,1,94.071,99.239,-1,0,0,0,74.326
2177,0,0,0.000,0.000,-1,0,0,0,76.203
2178,0,0,0.000,0.000,-1,0,0,0,84.132
2179,0,0,0.000,0.000,-1,0,0,0,75.227
2180,0,0,0.000,0.000,-1,0,0,0,74.682
2181,0,0,0.000,0.000,-1,0,0,0,72.255
2182,0,0,0.000,0.000,-1,0,0,0,76.951
2183,0,0,0.000,0.000,-1,0,0,0,75.742
2184,0,0,0.000,0.000,-1,0,0,0,86.128
2185,0,0,0.000,0.000,-1,0,0,0,75.405
2186,0,0,0.000,0.000,-1,0,0,0,77.618
2187,0,0,0.000,0.000,-1,0,0,0,79.029
2188,0,0,0.000,0.000,-1,0,0,0,76.563
2189,0,0,0.000,0.000,-1,0,0,0,74.166
2190,0,0,0.000,0.000,-1,0,0,0,88.704
2191,0,0,0.000,0.000,-1,0,0,0,76.730
2192,0,0,0.000,0.000,-1,0,0,0,75.057
2193,0,0,0.000,0.000,-1,0,0,0,72.732
2194,0,0,0.000,0.000,-1,0,0,0,74.473
2195,0,0,0.000,0.000,-1,0,0,0,76.691
2196,0,0,0.000,0.000,-1,0,0,0,85.296
2197,0,0,0.000,0.000,-1,0,0,0,73.727
2198,0,0,0.000,0.000,-1,0,0,0,75.548
2199,0,0,0.000,0.000,-1,0,0,0,77.298
2200,0,0,0.000,0.000,-1,0,0,0,75.412
2201,0,0,0.000,0.000,-1,0,0,0,77.654
2202,0,0,0.000,0.000,-1,0,0,0,87.764
2203,0,0,0.000,0.000,-1,0,0,0,77.697
2204,0,0,0.000,0.000,-1,0,0,0,77.878
2205,0,0,0.000,0.000,-1,0,0,0,75.863
2206,0,0,0.000,0.000,-1,0,0,0,75.516
2207,0,0,0.000,0.000,-1,0,0,0,75.056
2208,0,1,85.973,90.568,-1,0,0,0,88.921
2209,0,0,0.000,0.000,-1,0,0,0,76.874
2210,0,0,0.000,0.000,-1,0,0,0,77.307
2211,0,0,0.000,0.000,-1,0,0,0,76.646
2212,0,0,0.000,0.000,-1,0,0,0,72.751
2213,0,0,0.000,0.000,-1,0,0,0,72.165
2214,0,0,0.000,0.000,-1,0,0,0,86.828
2215,0,0,0.000,0.000,-1,0,0,0,74.034
2216,0,0,0.000,0.000,-1,0,0,0,78.459
2217,0,0,0.000,0.000,-1,0,0,0,75.894
2218,0,0,0.000,0.000,-1,0,0,0,77.937
2219,0,0,0.000,0.000,-1,0,0,0,78.769
2220,0,0,0.000,0.000,-1,0,0,0,88.864
2221,0,0,0.000,0.000,-1,0,0,0,75.795
2222,0,0,0.000,0.000,-1,0,0,0,78.285
2223,0,0,0.000,0.000,-1,0,0,0,74.658
2224,0,0,0.000,0.000,-1,0,0,0,75.308
2225,0,0,0.000,0.000,-1,0,0,0,75.197
2226,0,0,0.000,0.000,-1,0,0,0,91.398
2227,0,0,0.000,0.000,-1,0,0,0,73.545
2228,0,0,0.000,0.000,-1,0,0,0,76.663
2229,0,0,0.000,0.000,-1,0,0,0,74.261
2230,0,0,0.000,0.000,-1,0,0,0,76.390
2231,0,0,0.000,0.000,-1,0,0,0,77.397
2232,0,0,0.000,0.000,-1,0,0,0,87.518
2233,0,0,0.000,0.000,-1,0,0,0,76.050
2234,0,0,0.000,0.000,-1,0,0,0,72.803
2235,0,0,0.000,0.000,-1,0,0,0,75.031
2236,0,0,0.000,0.000,-1,0,0,0,74.133
2237,0,0,0.000,0.000,-1,0,0,0,74.208
2238,0,0,0.000,0.000,-1,0,0,0,85.109
2239,0,0,0.000,0.000,-1,0,0,0,74.656
2240,0,1,95.735,100.061,-1,0,0,0,76.760
2241,0,0,0.000,0.000,-1,0,0,0,77.621
2242,0,0,0.000,0.000,-1,0,0,0,76.289
2243,0,0,0.000,0.000,-1,0,0,0,77.562
2244,0,0,0.000,0.000,-1,0,0,0,85.935
2245,0,0,0.000,0.000,-1,0,0,0,73.699
2246,0,0,0.000,0.000,-1,0,0,0,76.779
2247,0,0,0.000,0.000,-1,0,0,0,75.536
2248,0,0,0.000,0.000,-1,0,0,0,75.717
2249,0,0,0.000,0.000,-1,0,0,0,72.931
2250,0,0,0.000,0.000,-1,0,0,0,88.593
2251,0,0,0.000,0.000,-1,0,0,0,77.991
2252,0,0,0.000,0.000,-1,0,0,0,76.314
2253,0,0,0.000,0.000,-1,0,0,0,74.450
2254,0,0,0.000,0.000,-1,0,0,0,80.253
2255,0,0,0.000,0.000,-1,0,0,0,74.051
2256,0,0,0.000,0.000,-1,0,0,0,90.762
2257,0,0,0.000,0.000,-1,0,0,0,73.050
2258,0,0,0.000,0.000,-1,0,0,0,77.596
2259,0,0,0.000,0.000,-1,0,0,0,77.664
2260,0,0,0.000,0.000,-1,0,0,0,74.366
2261,0,0,0.000,0.000,-1,0,0,0,71.566
2262,0,0,0.000,0.000,-1,0,0,0,87.591
2263,0,0,0.000,0.000,-1,0,0,0,75.911
2264,0,0,0.000,0.000,-1,0,0,0,75.686
2265,0,0,0.000,0.000,-1,0,0,0,76.622
2266,0,0,0.000,0.000,-1,0,0,0,76.353
2267,0,0,0.000,0.000,-1,0,0,0,76.498
2268,0,0,0.000,0.000,-1,0,0,0,88.257
2269,0,0,0.000,0.000,-1,0,0,0,73.109
2270,0,0,0.000,0.000,-1,0,0,0,76.701
2271,0,0,0.000,0.000,-1,0,0,0,75.215
2272,0,1,94.008,99.147,-1,0,0,0,73.857
2273,0,0,0.000,0.000,-1,0,0,0,74.885
2274,0,0,0.000,0.000,-1,0,0,0,88.259
2275,0,0,0.000,0.000,-1,0,0,0,75.470
2276,0,0,0.000,0.000,-1,0,0,0,126.534
2277,0,0,0.000,0.000,-1,0,0,0,79.280
2278,0,0,0.000,0.000,-1,0,0,0,76.355
2279,0,0,0.000,0.000,-1,0,0,0,73.747
2280,0,0,0.000,0.000,-1,0,0,0,88.718
2281,0,0,0.000,0.000,-1,0,0,0,73.721
2282,0,0,0.000,0.000,-1,0,0,0,75.738
2283,0,0,0.000,0.000,-1,0,0,0,75.029
2284,0,0,0.000,0.000,-1,0,0,0,76.889
2285,0,0,0.000,0.000,-1,0,0,0,74.509
2286,0,0,0.000,0.000,-1,0,0,0,89.840
2287,0,0,0.000,0.000,-1,0,0,0,74.640
2288,0,0,0.000,0.000,-1,0,0,0,75.976
2289,0,0,0.000,0.000,-1,0,0,0,74.351
2290,0,0,0.000,0.000,-1,0,0,0,75.386
2291,0,0,0.000,0.000,-1,0,0,0,78.816
2292,0,0,0.000,0.000,-1,0,0,0,86.690
2293,0,0,0.000,0.000,-1,0,0,0,76.702
2294,0,0,0.000,0.000,-1,0,0,0,73.684
2295,0,0,0.000,0.000,-1,0,0,0,75.356
2296,0,0,0.000,0.000,-1,0,0,0,75.354
2297,0,0,0.000,0.000,-1,0,0,0,75.411
2298,0,0,0.000,0.000,-1,0,0,0,86.807
2299,0,0,0.000,0.000,-1,0,0,0,75.274
2300,0,0,0.000,0.000,-1,0,0,0,73.038
2301,0,0,0.000,0.000,-1,0,0,0,75.307
2302,0,0,0.000,0.000,-1,0,0,0,77.670
2303,0,0,0.000,0.000,-1,0,0,0,79.207
2304,0,1,88.695,93.686,-1,0,0,0,87.737
2305,0,0,0.000,0.000,-1,0,0,0,73.450
2306,0,0,0.000,0.000,-1,0,0,0,76.304
2307,0,0,0.000,0.000,-1,0,0,0,76.191
2308,0,0,0.000,0.000,-1,0,0,0,77.825
2309,0,0,0.000,0.000,-1,0,0,0,75.145
2310,0,0,0.000,0.000,-1,0,0,0,87.681
2311,0,0,0.000,0.000,-1,0,0,0,75.380
2312,0,0,0.000,0.000,-1,0,0,0,77.517
2313,0,0,0.000,0.000,-1,0,0,0,78.624
2314,0,0,0.000,0.000,-1,0,0,0,74.152
2315,0,0,0.000,0.000,-1,0,0,0,75.188
2316,0,0,0.000,0.000,-1,0,0,0,85.059
2317,0,0,0.000,0.000,-1,0,0,0,73.296
2318,0,0,0.000,0.000,-1,0,0,0,76.436
2319,0,0,0.000,0.000,-1,0,0,0,74.955
2320,0,0,0.000,0.000,-1,0,0,0,77.986
2321,0,0,0.000,0.000,-1,0,0,0,76.623
2322,0,0,0.000,0.000,-1,0,0,0,91.850
2323,0,0,0.000,0.000,-1,0,0,0,74.566
2324,0,0,0.000,0.000,-1,0,0,0,75.282
2325,0,0,0.000,0.000,-1,0,0,0,73.427
2326,0,0,0.000,0.000,-1,0,0,0,74.562
2327,0,0,0.000,0.000,-1,0,0,0,75.056
2328,0,0,0.000,0.000,-1,0,0,0,85.727
2329,0,0,0.000,0.000,-1,0,0,0,75.568
2330,0,0,0.000,0.000,-1,0,0,0,77.281
2331,0,0,0.000,0.000,-1,0,0,0,73.515
2332,0,0,0.000,0.000,-1,0,0,0,76.299
2333,0,0,0.000,0.000,-1,0,0,0,72.326
2334,0,0,0.000,0.000,-1,0,0,0,89.539
2335,0,0,0.000,0.000,-1,0,0,0,73.498
2336,0,1,95.125,99.323,-1,0,0,0,75.149
2337,0,0,0.000,0.000,-1,0,0,0,75.989
2338,0,0,0.000,0.000,-1,0,0,0,74.617
2339,0,0,0.000,0.000,-1,0,0,0,76.288
2340,0,0,0.000,0.000,-1,0,0,0,88.637
2341,0,0,0.000,0.000,-1,0,0,0,75.115
2342,0,0,0.000,0.000,-1,0,0,0,76.155
2343,0,0,0.000,0.000,-1,0,0,0,75.476
2344,0,0,0.000,0.000,-1,0,0,0,76.454
2345,0,0,0.000,0.000,-1,0,0,0,75.637
2346,0,0,0.000,0.000,-1,0,0,0,87.287
2347,0,0,0.000,0.000,-1,0,0,0,74.519
2348,0,0,0.000,0.000,-1,0,0,0,74.814
2349,0,0,0.000,0.000,-1,0,0,0,75.777
2350,0,0,0.000,0.000,-1,0,0,0,76.253
2351,0,0,0.000,0.000,-1,0,0,0,75.020
2352,0,0,0.000,0.000,-1,0,0,0,87.916
2353,0,0,0.000,0.000,-1,0,0,0,75.800
2354,0,0,0.000,0.000,-1,0,0,0,77.243
2355,0,0,0.000,0.000,-1,0,0,0,74.738
2356,0,0,0.000,0.000,-1,0,0,0,73.891
2357,0,0,0.000,0.000,-1,0,0,0,72.577
2358,0,0,0.000,0.000,-1,0,0,0,89.865
2359,0,0,0.000,0.000,-1,0,0,0,73.990
2360,0,0,0.000,0.000,-1,0,0,0,75.329
2361,0,0,0.000,0.000,-1,0,0,0,74.506
2362,0,0,0.000,0.000,-1,0,0,0,73.758
2363,0,0,0.000,0.000,-1,0,0,0,77.154
2364,0,0,0.000,0.000,-1,0,0,0,88.810
2365,0,0,0.000,0.000,-1,0,0,0,77.282
2366,0,0,0.000,0.000,-1,0,0,0,74.957
2367,0,0,0.000,0.000,-1,0,0,0,79.363
2368,0,1,94.205,99.376,-1,0,0,0,79.002
2369,0,0,0.000,0.000,-1,0,0,0,75.077
2370,0,0,0.000,0.000,-1,0,0,0,90.463
2371,0,0,0.000,0.000,-1,0,0,0,75.101
2372,0,0,0.000,0.000,-1,0,0,0,78.145
2373,0,0,0.000,0.000,-1,0,0,0,75.094
2374,0,0,0.000,0.000,-1,0,0,0,73.089
2375,0,0,0.000,0.000,-1,0,0,0,77.239
2376,0,0,0.000,0.000,-1,0,0,0,88.127
2377,0,0,0.000,0.000,-1,0,0,0,74.653
2378,0,0,0.000,0.000,-1,0,0,0,75.390
2379,0,0,0.000,0.000,-1,0,0,0,79.504
2380,0,0,0.000,0.000,-1,0,0,0,76.174
2381,0,0,0.000,0.000,-1,0,0,0,76.622
2382,0,0,0.000,0.000,-1,0,0,0,84.754
2383,0,0,0.000,0.000,-1,0,0,0,75.253
2384,0,0,0.000,0.000,-1,0,0,0,76.600
2385,0,0,0.000,0.000,-1,0,0,0,74.460
2386,0,0,0.000,0.000,-1,0,0,0,73.112
2387,0,0,0.000,0.000,-1,0,0,0,75.698
2388,0,0,0.000,0.000,-1,0,0,0,86.017
2389,0,0,0.000,0.000,-1,0,0,0,73.864
2390,0,0,0.000,0.000,-1,0,0,0,74.615
2391,0,0,0.000,0.000,-1,0,0,0,74.163
2392,0,0,0.000,0.000,-1,0,0,0,76.343
2393,0,0,0.000,0.000,-1,0,0,0,76.741
2394,0,0,0.000,0.000,-1,0,0,0,87.073
2395,0,0,0.000,0.000,-1,0,0,0,75.246
2396,0,0,0.000,0.000,-1,0,0,0,76.096
2397,0,0,0.000,0.000,-1,0,0,0,73.295
2398,0,0,0.000,0.000,-1,0,0,0,76.988
2399,0,0,0.000,0.000,-1,0,0,0,77.323
2400,0,1,85.720,89.944,-1,0,0,0,89.246
2401,0,0,0.000,0.000,-1,0,0,0,76.642
2402,0,0,0.000,0.000,-1,0,0,0,76.375
2403,0,0,0.000,0.000,-1,0,0,0,77.135
2404,0,0,0.000,0.000,-1,0,0,0,74.835
2405,0,0,0.000,0.000,-1,0,0,0,71.409
2406,0,0,0.000,0.000,-1,0,0,0,86.924
2407,0,0,0.000,0.000,-1,0,0,0,76.056
2408,0,0,0.000,0.000,-1,0,0,0,76.328
2409,0,0,0.000,0.000,-1,0,0,0,76.685
2410,0,0,0.000,0.000,-1,0,0,0,73.727
2411,0,0,0.000,0.000,-1,0,0,0,77.161
2412,0,0,0.000,0.000,-1,0,0,0,87.415
2413,0,0,0.000,0.000,-1,0,0,0,74.185
2414,0,0,0.000,0.000,-1,0,0,0,75.228
2415,0,0,0.000,0.000,-1,0,0,0,73.777
2416,0,0,0.000,0.000,-1,0,0,0,73.980
2417,0,0,0.000,0.000,-1,0,0,0,73.193
2418,0,0,0.000,0.000,-1,0,0,0,86.804
2419,0,0,0.000,0.000,-1,0,0,0,74.852
2420,0,0,0.000,0.000,-1,0,0,0,75.406
2421,0,0,0.000,0.000,-1,0,0,0,71.670
2422,0,0,0.000,0.000,-1,0,0,0,74.683
2423,0,0,0.000,0.000,-1,0,0,0,77.438
2424,0,0,0.000,0.000,-1,0,0,0,85.805
2425,0,0,0.000,0.000,-1,0,0,0,75.274
2426,0,0,0.000,0.000,-1,0,0,0,74.632
2427,0,0,0.000,0.000,-1,0,0,0,77.332
2428,0,0,0.000,0.000,-1,0,0,0,77.984
2429,0,0,0.000,0.000,-1,0,0,0,73.621
2430,0,0,0.000,0.000,-1,0,0,0,87.201
2431,0,0,0.000,0.000,-1,0,0,0,75.163
2432,0,1,92.849,97.673,-1,0,0,0,79.571
2433,0,0,0.000,0.000,-1,0,0,0,76.166
2434,0,0,0.000,0.000,-1,0,0,0,73.811
2435,0,0,0.000,0.000,-1,0,0,0,73.919
2436,0,0,0.000,0.000,-1,0,0,0,88.129
2437,0,0,0.000,0.000,-1,0,0,0,74.380
2438,0,0,0.000,0.000,-1,0,0,0,75.306
2439,0,0,0.000,0.000,-1,0,0,0,75.596
2440,0,0,0.000,0.000,-1,0,0,0,75.079
2441,0,0,0.000,0.000,-1,0,0,0,77.004
2442,0,0,0.000,0.000,-1,0,0,0,102.667
2443,0,0,0.000,0.000,-1,0,0,0,75.577
2444,0,0,0.000,0.000,-1,0,0,0,76.656
2445,0,0,0.000,0.000,-1,0,0,0,74.979
2446,0,0,0.000,0.000,-1,0,0,0,76.389
2447,0,0,0.000,0.000,-1,0,0,0,76.290
2448,0,0,0.000,0.000,-1,0,0,0,86.651
2449,0,0,0.000,0.000,-1,0,0,0,75.136
2450,0,0,0.000,0.000,-1,0,0,0,75.169
2451,0,0,0.000,0.000,-1,0,0,0,75.679
2452,0,0,0.000,0.000,-1,0,0,0,79.342
2453,0,0,0.000,0.000,-1,0,0,0,73.887
2454,0,0,0.000,0.000,-1,0,0,0,89.807
2455,0,0,0.000,0.000,-1,0,0,0,74.989
2456,0,0,0.000,0.000,-1,0,0,0,77.280
2457,0,0,0.000,0.000,-1,0,0,0,77.292
2458,0,0,0.000,0.000,-1,0,0,0,77.290
2459,0,0,0.000,0.000,-1,0,0,0,77.086
2460,0,0,0.000,0.000,-1,0,0,0,87.938
2461,0,0,0.000,0.000,-1,0,0,0,74.883
2462,0,0,0.000,0.000,-1,0,0,0,80.183
2463,0,0,0.000,0.000,-1,0,0,0,77.830
2464,0,1,96.687,100.816,-1,0,0,0,73.834
2465,0,0,0.000,0.000,-1,0,0,0,74.596
2466,0,0,0.000,0.000,-1,0,0,0,85.845
2467,0,0,0.000,0.000,-1,0,0,0,75.700
2468,0,0,0.000,0.000,-1,0,0,0,77.655
2469,0,0,0.000,0.000,-1,0,0,0,74.486
2470,0,0,0.000,0.000,-1,0,0,0,75.562
2471,0,0,0.000,0.000,-1,0,0,0,77.649
2472,0,0,0.000,0.000,-1,0,0,0,88.282
2473,0,0,0.000,0.000,-1,0,0,0,75.866
2474,0,0,0.000,0.000,-1,0,0,0,74.079
2475,0,0,0.000,0.000,-1,0,0,0,72.922
2476,0,0,0.000,0.000,-1,0,0,0,74.914
2477,0,0,0.000,0.000,-1,0,0,0,77.158
2478,0,0,0.000,0.000,-1,0,0,0,88.710
2479,0,0,0.000,0.000,-1,0,0,0,77.193
2480,0,0,0.000,0.000,-1,0,0,0,76.945
2481,0,0,0.000,0.000,-1,0,0,0,73.138
2482,0,0,0.000,0.000,-1,0,0,0,77.123
2483,0,0,0.000,0.000,-1,0,0,0,77.203
2484,0,0,0.000,0.000,-1,0,0,0,88.219
2485,0,0,0.000,0.000,-1,0,0,0,72.652
2486,0,0,0.000,0.000,-1,0,0,0,74.887
2487,0,0,0.000,0.000,-1,0,0,0,80.237
2488,0,0,0.000,0.000,-1,0,0,0,74.781
2489,0,0,0.000,0.000,-1,0,0,0,74.796
2490,0,0,0.000,0.000,-1,0,0,0,91.578
2491,0,0,0.000,0.000,-1,0,0,0,77.111
2492,0,0,0.000,0.000,-1,0,0,0,77.836
2493,0,0,0.000,0.000,-1,0,0,0,74.569
2494,0,0,0.000,0.000,-1,0,0,0,78.427
2495,0,0,0.000,0.000,-1,0,0,0,75.750
2496,0,1,85.750,90.484,-1,0,0,0,89.794
2497,0,0,0.000,0.000,-1,0,0,0,76.117
2498,0,0,0.000,0.000,-1,0,0,0,74.349
2499,0,0,0.000,0.000,-1,0,0,0,76.292
2500,0,0,0.000,0.000,-1,0,0,0,72.865
2501,0,0,0.000,0.000,-1,0,0,0,73.929
2502,0,0,0.000,0.000,-1,0,0,0,87.334
2503,0,0,0.000,0.000,-1,0,0,0,76.973
2504,0,0,0.000,0.000,-1,0,0,0,74.221
2505,0,0,0.000,0.000,-1,0,0,0,76.053
2506,0,0,0.000,0.000,-1,0,0,0,76.047
2507,0,0,0.000,0.000,-1,0,0,0,76.861
2508,0,0,0.000,0.000,-1,0,0,0,87.488
2509,0,0,0.000,0.000,-1,0,0,0,73.148
2510,0,0,0.000,0.000,-1,0,0,0,76.617
2511,0,0,0.000,0.000,-1,0,0,0,75.035
2512,0,0,0.000,0.000,-1,0,0,0,73.253
2513,0,0,0.000,0.000,-1,0,0,0,74.660
2514,0,0,0.000,0.000,-1,0,0,0,87.738
2515,0,0,0.000,0.000,-1,0,0,0,75.414
2516,0,0,0.000,0.000,-1,0,0,0,76.773
2517,0,0,0.000,0.000,-1,0,0,0,75.958
2518,0,0,0.000,0.000,-1,0,0,0,74.891
2519,0,0,0.000,0.000,-1,0,0,0,81.171
2520,0,0,0.000,0.000,-1,0,0,0,89.885
2521,0,0,0.000,0.000,-1,0,0,0,77.891
2522,0,0,0.000,0.000,-1,0,0,0,77.781
2523,0,0,0.000,0.000,-1,0,0,0,76.127
2524,0,0,0.000,0.000,-1,0,0,0,75.818
2525,0,0,0.000,0.000,-1,0,0,0,74.901
2526,0,0,0.000,0.000,-1,0,0,0,88.259
2527,0,0,0.000,0.000,-1,0,0,0,74.279
2528,0,1,92.878,97.580,-1,0,0,0,77.787
2529,0,0,0.000,0.000,-1,0,0,0,74.423
2530,0,0,0.000,0.000,-1,0,0,0,75.727
2531,0,0,0.000,0.000,-1,0,0,0,78.440
2532,0,0,0.000,0.000,-1,0,0,0,90.381
2533,0,0,0.000,0.000,-1,0,0,0,74.395
2534,0,0,0.000,0.000,-1,0,0,0,75.878
2535,0,0,0.000,0.000,-1,0,0,0,74.142
2536,0,0,0.000,0.000,-1,0,0,0,74.897
2537,0,0,0.000,0.000,-1,0,0,0,77.381
2538,0,0,0.000,0.000,-1,0,0,0,88.676
2539,0,0,0.000,0.000,-1,0,0,0,77.096
2540,0,0,0.000,0.000,-1,0,0,0,72.835
2541,0,0,0.000,0.000,-1,0,0,0,75.292
2542,0,0,0.000,0.000,-1,0,0,0,78.251
2543,0,0,0.000,0.000,-1,0,0,0,78.165
2544,0,0,0.000,0.000,-1,0,0,0,85.529
2545,0,0,0.000,0.000,-1,0,0,0,76.377
2546,0,0,0.000,0.000,-1,0,0,0,75.613
2547,0,0,0.000,0.000,-1,0,0,0,75.779
2548,0,0,0.000,0.000,-1,0,0,0,73.747
2549,0,0,0.000,0.000,-1,0,0,0,75.168
2550,0,0,0.000,0.000,-1,0,0,0,87.068
2551,0,0,0.000,0.000,-1,0,0,0,74.192
2552,0,0,0.000,0.000,-1,0,0,0,75.308
2553,0,0,0.000,0.000,-1,0,0,0,77.821
2554,0,0,0.000,0.000,-1,0,0,0,76.038
2555,0,0,0.000,0.000,-1,0,0,0,73.172
2556,0,0,0.000,0.000,-1,0,0,0,89.741
2557,0,0,0.000,0.000,-1,0,0,0,79.560
2558,0,0,0.000,0.000,-1,0,0,0,76.479
2559,0,0,0.000,0.000,-1,0,0,0,76.413
2560,0,1,95.424,100.180,-1,0,0,0,79.444
2561,0,0,0.000,0.000,-1,0,0,0,76.375
2562,0,0,0.000,0.000,-1,0,0,0,88.055
2563,0,0,0.000,0.000,-1,0,0,0,73.697
2564,0,0,0.000,0.000,-1,0,0,0,73.974
2565,0,0,0.000,0.000,-1,0,0,0,71.133
2566,0,0,0.000,0.000,-1,0,0,0,76.035
2567,0,0,0.000,0.000,-1,0,0,0,76.237
2568,0,0,0.000,0.000,-1,0,0,0,91.796
2569,0,0,0.000,0.000,-1,0,0,0,74.380
2570,0,0,0.000,0.000,-1,0,0,0,76.498
2571,0,0,0.000,0.000,-1,0,0,0,77.928
2572,0,0,0.000,0.000,-1,0,0,0,77.750
2573,0,0,0.000,0.000,-1,0,0,0,77.989
2574,0,0,0.000,0.000,-1,0,0,0,88.086
2575,0,0,0.000,0.000,-1,0,0,0,77.143
2576,0,0,0.000,0.000,-1,0,0,0,75.992
2577,0,0,0.000,0.000,-1,0,0,0,74.489
2578,0,0,0.000,0.000,-1,0,0,0,73.955
2579,0,0,0.000,0.000,-1,0,0,0,78.290
2580,0,0,0.000,0.000,-1,0,0,0,88.297
2581,0,0,0.000,0.000,-1,0,0,0,75.483
2582,0,0,0.000,0.000,-1,0,0,0,75.822
2583,0,0,0.000,0.000,-1,0,0,0,76.248
2584,0,0,0.000,0.000,-1,0,0,0,75.934
2585,0,0,0.000,0.000,-1,0,0,0,78.429
2586,0,0,0.000,0.000,-1,0,0,0,89.980
2587,0,0,0.000,0.000,-1,0,0,0,76.278
2588,0,0,0.000,0.000,-1,0,0,0,75.814
2589,0,0,0.000,0.000,-1,0,0,0,74.644
2590,0,0,0.000,0.000,-1,0,0,0,76.268
2591,0,0,0.000,0.000,-1,0,0,0,73.474
2592,0,1,85.769,90.533,-1,0,0,0,87.280
2593,0,0,0.000,0.000,-1,0,0,0,75.020
2594,0,0,0.000,0.000,-1,0,0,0,76.293
2595,0,0,0.000,0.000,-1,0,0,0,77.014
2596,0,0,0.000,0.000,-1,0,0,0,78.192
2597,0,0,0.000,0.000,-1,0,0,0,73.335
2598,0,0,0.000,0.000,-1,0,0,0,88.340
2599,0,0,0.000,0.000,-1,0,0,0,75.561
2600,0,0,0.000,0.000,-1,0,0,0,75.810
2601,0,0,0.000,0.000,-1,0,0,0,76.977
2602,0,0,0.000,0.000,-1,0,0,0,75.603
2603,0,0,0.000,0.000,-1,0,0,0,76.850
2604,0,0,0.000,0.000,-1,0,0,0,87.103
2605,0,0,0.000,0.000,-1,0,0,0,76.477
2606,0,0,0.000,0.000,-1,0,0,0,79.683
2607,0,0,0.000,0.000,-1,0,0,0,77.725
2608,0,0,0.000,0.000,-1,0,0,0,74.510
2609,0,0,0.000,0.000,-1,0,0,0,76.023
2610,0,0,0.000,0.000,-1,0,0,0,91.089
2611,0,0,0.000,0.000,-1,0,0,0,77.037
2612,0,0,0.000,0.000,-1,0,0,0,74.197
2613,0,0,0.000,0.000,-1,0,0,0,75.394
2614,0,0,0.000,0.000,-1,0,0,0,77.826
2615,0,0,0.000,0.000,-1,0,0,0,79.201
2616,0,0,0.000,0.000,-1,0,0,0,87.466
2617,0,0,0.000,0.000,-1,0,0,0,77.225
2618,0,0,0.000,0.000,-1,0,0,0,76.723
2619,0,0,0.000,0.000,-1,0,0,0,76.866
2620,0,0,0.000,0.000,-1,0,0,0,76.457
2621,0,0,0.000,0.000,-1,0,0,0,78.169
2622,0,0,0.000,0.000,-1,0,0,0,89.081
2623,0,0,0.000,0.000,-1,0,0,0,75.363
2624,0,1,92.924,97.610,-1,0,0,0,78.951
2625,0,0,0.000,0.000,-1,0,0,0,78.328
2626,0,0,0.000,0.000,-1,0,0,0,75.881
2627,0,0,0.000,0.000,-1,0,0,0,74.775
2628,0,0,0.000,0.000,-1,0,0,0,86.294
2629,0,0,0.000,0.000,-1,0,0,0,73.875
2630,0,0,0.000,0.000,-1,0,0,0,76.714
2631,0,0,0.000,0.000,-1,0,0,0,80.599
2632,0,0,0.000,0.000,-1,0,0,0,76.523
2633,0,0,0.000,0.000,-1,0,0,0,74.025
2634,0,0,0.000,0.000,-1,0,0,0,87.898
2635,0,0,0.000,0.000,-1,0,0,0,76.714
2636,0,0,0.000,0.000,-1,0,0,0,76.477
2637,0,0,0.000,0.000,-1,0,0,0,73.757
2638,0,0,0.000,0.000,-1,0,0,0,73.920
2639,0,0,0.000,0.000,-1,0,0,0,75.126
2640,0,0,0.000,0.000,-1,0,0,0,90.063
2641,0,0,0.000,0.000,-1,0,0,0,74.148
2642,0,0,0.000,0.000,-1,0,0,0,78.588
2643,0,0,0.000,0.000,-1,0,0,0,78.475
2644,0,0,0.000,0.000,-1,0,0,0,77.166
2645,0,0,0.000,0.000,-1,0,0,0,76.556
2646,0,0,0.000,0.000,-1,0,0,0,86.054
2647,0,0,0.000,0.000,-1,0,0,0,73.285
2648,0,0,0.000,0.000,-1,0,0,0,75.892
2649,0,0,0.000,0.000,-1,0,0,0,74.339
2650,0,0,0.000,0.000,-1,0,0,0,76.967
2651,0,0,0.000,0.000,-1,0,0,0,73.230
2652,0,0,0.000,0.000,-1,0,0,0,89.145
2653,0,0,0.000,0.000,-1,0,0,0,72.972
2654,0,0,0.000,0.000,-1,0,0,0,74.220
2655,0,0,0.000,0.000,-1,0,0,0,76.293
2656,0,1,92.774,98.242,-1,0,0,0,76.844
2657,0,0,0.000,0.000,-1,0,0,0,74.573
2658,0,0,0.000,0.000,-1,0,0,0,85.580
2659,0,0,0.000,0.000,-1,0,0,0,71.734
2660,0,0,0.000,0.000,-1,0,0,0,78.594
2661,0,0,0.000,0.000,-1,0,0,0,78.819
2662,0,0,0.000,0.000,-1,0,0,0,73.238
2663,0,0,0.000,0.000,-1,0,0,0,74.320
2664,0,0,0.000,0.000,-1,0,0,0,87.382
2665,0,0,0.000,0.000,-1,0,0,0,73.163
2666,0,0,0.000,0.000,-1,0,0,0,78.856
2667,0,0,0.000,0.000,-1,0,0,0,76.713
2668,0,0,0.000,0.000,-1,0,0,0,76.872
2669,0,0,0.000,0.000,-1,0,0,0,75.371
2670,0,0,0.000,0.000,-1,0,0,0,118.405
2671,0,0,0.000,0.000,-1,0,0,0,76.653
2672,0,0,0.000,0.000,-1,0,0,0,73.596
2673,0,0,0.000,0.000,-1,0,0,0,73.516
2674,0,0,0.000,0.000,-1,0,0,0,75.261
2675,0,0,0.000,0.000,-1,0,0,0,76.034
2676,0,0,0.000,0.000,-1,0,0,0,84.936
2677,0,0,0.000,0.000,-1,0,0,0,74.105
2678,0,0,0.000,0.000,-1,0,0,0,78.501
2679,0,0,0.000,0.000,-1,0,0,0,73.103
2680,0,0,0.000,0.000,-1,0,0,0,75.277
2681,0,0,0.000,0.000,-1,0,0,0,76.063
2682,0,0,0.000,0.000,-1,0,0,0,82.657
2683,0,0,0.000,0.000,-1,0,0,0,76.799
2684,0,0,0.000,0.000,-1,0,0,0,75.090
2685,0,0,0.000,0.000,-1,0,0,0,74.475
2686,0,0,0.000,0.000,-1,0,0,0,76.695
2687,0,0,0.000,0.000,-1,0,0,0,73.929
2688,0,1,86.058,90.559,-1,0,0,0,90.024
2689,0,0,0.000,0.000,-1,0,0,0,76.883
2690,0,0,0.000,0.000,-1,0,0,0,73.655
2691,0,0,0.000,0.000,-1,0,0,0,75.852
2692,0,0,0.000,0.000,-1,0,0,0,76.436
2693,0,0,0.000,0.000,-1,0,0,0,75.005
2694,0,0,0.000,0.000,-1,0,0,0,89.233
2695,0,0,0.000,0.000,-1,0,0,0,74.533
2696,0,0,0.000,0.000,-1,0,0,0,74.895
2697,0,0,0.000,0.000,-1,0,0,0,76.876
2698,0,0,0.000,0.000,-1,0,0,0,74.301
2699,0,0,0.000,0.000,-1,0,0,0,78.153
2700,0,0,0.000,0.000,-1,0,0,0,88.167
2701,0,0,0.000,0.000,-1,0,0,0,75.608
2702,0,0,0.000,0.000,-1,0,0,0,73.829
2703,0,0,0.000,0.000,-1,0,0,0,75.049
2704,0,0,0.000,0.000,-1,0,0,0,75.716
2705,0,0,0.000,0.000,-1,0,0,0,73.773
2706,0,0,0.000,0.000,-1,0,0,0,88.290
2707,0,0,0.000,0.000,-1,0,0,0,76.590
2708,0,0,0.000,0.000,-1,0,0,0,73.058
2709,0,0,0.000,0.000,-1,0,0,0,75.600
2710,0,0,0.000,0.000,-1,0,0,0,76.416
2711,0,0,0.000,0.000,-1,0,0,0,74.520
2712,0,0,0.000,0.000,-1,0,0,0,87.677
2713,0,0,0.000,0.000,-1,0,0,0,76.847
2714,0,0,0.000,0.000,-1,0,0,0,76.203
2715,0,0,0.000,0.000,-1,0,0,0,74.089
2716,0,0,0.000,0.000,-1,0,0,0,74.511
2717,0,0,0.000,0.000,-1,0,0,0,73.946
2718,0,0,0.000,0.000,-1,0,0,0,87.754
2719,0,0,0.000,0.000,-1,0,0,0,73.957
2720,0,1,91.472,97.137,-1,0,0,0,78.218
2721,0,0,0.000,0.000,-1,0,0,0,73.749
2722,0,0,0.000,0.000,-1,0,0,0,73.406
2723,0,0,0.000,0.000,-1,0,0,0,73.872
2724,0,0,0.000,0.000,-1,0,0,0,88.147
2725,0,0,0.000,0.000,-1,0,0,0,72.308
2726,0,0,0.000,0.000,-1,0,0,0,75.963
2727,0,0,0.000,0.000,-1,0,0,0,76.102
2728,0,0,0.000,0.000,-1,0,0,0,75.699
2729,0,0,0.000,0.000,-1,0,0,0,76.455
2730,0,0,0.000,0.000,-1,0,0,0,86.897
2731,0,0,0.000,0.000,-1,0,0,0,76.564
2732,0,0,0.000,0.000,-1,0,0,0,74.820
2733,0,0,0.000,0.000,-1,0,0,0,75.738
2734,0,0,0.000,0.000,-1,0,0,0,75.282
2735,0,0,0.000,0.000,-1,0,0,0,73.304
2736,0,0,0.000,0.000,-1,0,0,0,86.120
2737,0,0,0.000,0.000,-1,0,0,0,73.386
2738,0,0,0.000,0.000,-1,0,0,0,74.603
2739,0,0,0.000,0.000,-1,0,0,0,80.264
2740,0,0,0.000,0.000,-1,0,0,0,75.065
2741,0,0,0.000,0.000,-1,0,0,0,73.443
2742,0,0,0.000,0.000,-1,0,0,0,85.940
2743,0,0,0.000,0.000,-1,0,0,0,73.790
2744,0,0,0.000,0.000,-1,0,0,0,76.064
2745,0,0,0.000,0.000,-1,0,0,0,77.138
2746,0,0,0.000,0.000,-1,0,0,0,74.373
2747,0,0,0.000,0.000,-1,0,0,0,73.813
2748,0,0,0.000,0.000,-1,0,0,0,87.005
2749,0,0,0.000,0.000,-1,0,0,0,75.165
2750,0,0,0.000,0.000,-1,0,0,0,76.740
2751,0,0,0.000,0.000,-1,0,0,0,74.592
2752,0,1,95.043,100.087,-1,0,0,0,75.144
2753,0,0,0.000,0.000,-1,0,0,0,73.704
2754,0,0,0.000,0.000,-1,0,0,0,84.272
2755,0,0,0.000,0.000,-1,0,0,0,73.590
2756,0,0,0.000,0.000,-1,0,0,0,76.342
2757,0,0,0.000,0.000,-1,0,0,0,75.304
2758,0,0,0.000,0.000,-1,0,0,0,76.529
2759,0,0,0.000,0.000,-1,0,0,0,74.591
2760,0,0,0.000,0.000,-1,0,0,0,88.438
2761,0,0,0.000,0.000,-1,0,0,0,76.101
2762,0,0,0.000,0.000,-1,0,0,0,78.354
2763,0,0,0.000,0.000,-1,0,0,0,76.507
2764,0,0,0.000,0.000,-1,0,0,0,76.314
2765,0,0,0.000,0.000,-1,0,0,0,78.326
2766,0,0,0.000,0.000,-1,0,0,0,88.293
2767,0,0,0.000,0.000,-1,0,0,0,75.672
2768,0,0,0.000,0.000,-1,0,0,0,74.850
2769,0,0,0.000,0.000,-1,0,0,0,74.540
2770,0,0,0.000,0.000,-1,0,0,0,76.530
2771,0,0,0.000,0.000,-1,0,0,0,73.753
2772,0,0,0.000,0.000,-1,0,0,0,88.851
2773,0,0,0.000,0.000,-1,0,0,0,72.810
2774,0,0,0.000,0.000,-1,0,0,0,77.040
2775,0,0,0.000,0.000,-1,0,0,0,76.415
2776,0,0,0.000,0.000,-1,0,0,0,77.641
2777,0,0,0.000,0.000,-1,0,0,0,76.939
2778,0,0,0.000,0.000,-1,0,0,0,89.151
2779,0,0,0.000,0.000,-1,0,0,0,77.069
2780,0,0,0.000,0.000,-1,0,0,0,75.053
2781,0,0,0.000,0.000,-1,0,0,0,74.103
2782,0,0,0.000,0.000,-1,0,0,0,76.363
2783,0,0,0.000,0.000,-1,0,0,0,74.258
2784,0,1,85.737,91.013,-1,0,0,0,89.786
2785,0,0,0.000,0.000,-1,0,0,0,76.329
2786,0,0,0.000,0.000,-1,0,0,0,75.377
2787,0,0,0.000,0.000,-1,0,0,0,75.375
2788,0,0,0.000,0.000,-1,0,0,0,77.750
2789,0,0,0.000,0.000,-1,0,0,0,75.828
2790,0,0,0.000,0.000,-1,0,0,0,88.146
2791,0,0,0.000,0.000,-1,0,0,0,75.013
2792,0,0,0.000,0.000,-1,0,0,0,77.677
2793,0,0,0.000,0.000,-1,0,0,0,76.148
2794,0,0,0.000,0.000,-1,0,0,0,72.792
2795,0,0,0.000,0.000,-1,0,0,0,77.803
2796,0,0,0.000,0.000,-1,0,0,0,89.522
2797,0,0,0.000,0.000,-1,0,0,0,74.777
2798,0,0,0.000,0.000,-1,0,0,0,75.712
2799,0,0,0.000,0.000,-1,0,0,0,74.340
2800,0,0,0.000,0.000,-1,0,0,0,75.586
2801,0,0,0.000,0.000,-1,0,0,0,76.656
2802,0,0,0.000,0.000,-1,0,0,0,90.416
2803,0,0,0.000,0.000,-1,0,0,0,75.487
2804,0,0,0.000,0.000,-1,0,0,0,75.755
2805,0,0,0.000,0.000,-1,0,0,0,72.771
2806,0,0,0.000,0.000,-1,0,0,0,75.477
2807,0,0,0.000,0.000,-1,0,0,0,75.396
2808,0,0,0.000,0.000,-1,0,0,0,87.252
2809,0,0,0.000,0.000,-1,0,0,0,73.746
2810,0,0,0.000,0.000,-1,0,0,0,75.643
2811,0,0,0.000,0.000,-1,0,0,0,76.965
2812,0,0,0.000,0.000,-1,0,0,0,76.679
2813,0,0,0.000,0.000,-1,0,0,0,76.024
2814,0,0,0.000,0.000,-1,0,0,0,90.431
2815,0,0,0.000,0.000,-1,0,0,0,76.567
2816,0,1,93.262,98.698,-1,0,0,0,75.157
2817,0,0,0.000,0.000,-1,0,0,0,78.538
2818,0,0,0.000,0.000,-1,0,0,0,75.099
2819,0,0,0.000,0.000,-1,0,0,0,77.588
2820,0,0,0.000,0.000,-1,0,0,0,90.429
2821,0,0,0.000,0.000,-1,0,0,0,77.563
2822,0,0,0.000,0.000,-1,0,0,0,76.282
2823,0,0,0.000,0.000,-1,0,0,0,76.266
2824,0,0,0.000,0.000,-1,0,0,0,74.805
2825,0,0,0.000,0.000,-1,0,0,0,78.349
2826,0,0,0.000,0.000,-1,0,0,0,85.581
2827,0,0,0.000,0.000,-1,0,0,0,73.344
2828,0,0,0.000,0.000,-1,0,0,0,76.345
2829,0,0,0.000,0.000,-1,0,0,0,75.382
2830,0,0,0.000,0.000,-1,0,0,0,79.860
2831,0,0,0.000,0.000,-1,0,0,0,75.088
2832,0,0,0.000,0.000,-1,0,0,0,89.270
2833,0,0,0.000,0.000,-1,0,0,0,73.499
2834,0,0,0.000,0.000,-1,0,0,0,76.794
2835,0,0,0.000,0.000,-1,0,0,0,77.236
2836,0,0,0.000,0.000,-1,0,0,0,74.368
2837,0,0,0.000,0.000,-1,0,0,0,74.330
2838,0,0,0.000,0.000,-1,0,0,0,88.487
2839,0,0,0.000,0.000,-1,0,0,0,76.359
2840,0,0,0.000,0.000,-1,0,0,0,75.016
2841,0,0,0.000,0.000,-1,0,0,0,74.239
2842,0,0,0.000,0.000,-1,0,0,0,74.961
2843,0,0,0.000,0.000,-1,0,0,0,76.275
2844,0,0,0.000,0.000,-1,0,0,0,87.704
2845,0,0,0.000,0.000,-1,0,0,0,75.799
2846,0,0,0.000,0.000,-1,0,0,0,76.820
2847,0,0,0.000,0.000,-1,0,0,0,76.325
2848,0,1,94.840,100.227,-1,0,0,0,74.822
2849,0,0,0.000,0.000,-1,0,0,0,79.892
2850,0,0,0.000,0.000,-1,0,0,0,86.772
2851,0,0,0.000,0.000,-1,0,0,0,74.476
2852,0,0,0.000,0.000,-1,0,0,0,76.711
2853,0,0,0.000,0.000,-1,0,0,0,72.393
2854,0,0,0.000,0.000,-1,0,0,0,76.116
2855,0,0,0.000,0.000,-1,0,0,0,73.417
2856,0,0,0.000,0.000,-1,0,0,0,88.701
2857,0,0,0.000,0.000,-1,0,0,0,75.566
2858,0,0,0.000,0.000,-1,0,0,0,78.077
2859,0,0,0.000,0.000,-1,0,0,0,74.627
2860,0,0,0.000,0.000,-1,0,0,0,73.499
2861,0,0,0.000,0.000,-1,0,0,0,74.861
2862,0,0,0.000,0.000,-1,0,0,0,88.843
2863,0,0,0.000,0.000,-1,0,0,0,76.348
2864,0,0,0.000,0.000,-1,0,0,0,74.211
2865,0,0,0.000,0.000,-1,0,0,0,77.317
2866,0,0,0.000,0.000,-1,0,0,0,78.529
2867,0,0,0.000,0.000,-1,0,0,0,75.888
2868,0,0,0.000,0.000,-1,0,0,0,89.778
2869,0,0,0.000,0.000,-1,0,0,0,74.720
2870,0,0,0.000,0.000,-1,0,0,0,75.222
2871,0,0,0.000,0.000,-1,0,0,0,77.261
2872,0,0,0.000,0.000,-1,0,0,0,73.768
2873,0,0,0.000,0.000,-1,0,0,0,74.102
2874,0,0,0.000,0.000,-1,0,0,0,86.634
2875,0,0,0.000,0.000,-1,0,0,0,77.067
2876,0,0,0.000,0.000,-1,0,0,0,75.806
2877,0,0,0.000,0.000,-1,0,0,0,76.107
2878,0,0,0.000,0.000,-1,0,0,0,77.602
2879,0,0,0.000,0.000,-1,0,0,0,77.829
2880,0,1,86.890,91.148,-1,0,0,0,88.789
2881,0,0,0.000,0.000,-1,0,0,0,75.587
2882,0,0,0.000,0.000,-1,0,0,0,75.126
2883,0,0,0.000,0.000,-1,0,0,0,78.274
2884,0,0,0.000,0.000,-1,0,0,0,75.943
2885,0,0,0.000,0.000,-1,0,0,0,76.622
2886,0,0,0.000,0.000,-1,0,0,0,84.520
2887,0,0,0.000,0.000,-1,0,0,0,79.124
2888,0,0,0.000,0.000,-1,0,0,0,79.138
2889,0,0,0.000,0.000,-1,0,0,0,77.301
2890,0,0,0.000,0.000,-1,0,0,0,78.078
2891,0,0,0.000,0.000,-1,0,0,0,73.711
2892,0,0,0.000,0.000,-1,0,0,0,89.247
2893,0,0,0.000,0.000,-1,0,0,0,72.278
2894,0,0,0.000,0.000,-1,0,0,0,78.588
2895,0,0,0.000,0.000,-1,0,0,0,76.633
2896,0,0,0.000,0.000,-1,0,0,0,73.724
2897,0,0,0.000,0.000,-1,0,0,0,72.881
2898,0,0,0.000,0.000,-1,0,0,0,89.406
2899,0,0,0.000,0.000,-1,0,0,0,76.174
2900,0,0,0.000,0.000,-1,0,0,0,74.103
2901,0,0,0.000,0.000,-1,0,0,0,72.984
2902,0,0,0.000,0.000,-1,0,0,0,77.038
2903,0,0,0.000,0.000,-1,0,0,0,78.822
2904,0,0,0.000,0.000,-1,0,0,0,88.196
2905,0,0,0.000,0.000,-1,0,0,0,78.576
2906,0,0,0.000,0.000,-1,0,0,0,76.923
2907,0,0,0.000,0.000,-1,0,0,0,74.306
2908,0,0,0.000,0.000,-1,0,0,0,75.824
2909,0,0,0.000,0.000,-1,0,0,0,75.230
2910,0,0,0.000,0.000,-1,0,0,0,89.691
2911,0,0,0.000,0.000,-1,0,0,0,78.342
2912,0,1,91.794,97.492,-1,0,0,0,78.026
2913,0,0,0.000,0.000,-1,0,0,0,75.587
2914,0,0,0.000,0.000,-1,0,0,0,74.538
2915,0,0,0.000,0.000,-1,0,0,0,72.765
2916,0,0,0.000,0.000,-1,0,0,0,91.096
2917,0,0,0.000,0.000,-1,0,0,0,75.763
2918,0,0,0.000,0.000,-1,0,0,0,76.422
2919,0,0,0.000,0.000,-1,0,0,0,77.193
2920,0,0,0.000,0.000,-1,0,0,0,75.714
2921,0,0,0.000,0.000,-1,0,0,0,75.643
2922,0,0,0.000,0.000,-1,0,0,0,90.673
2923,0,0,0.000,0.000,-1,0,0,0,73.002
2924,0,0,0.000,0.000,-1,0,0,0,76.304
2925,0,0,0.000,0.000,-1,0,0,0,72.710
2926,0,0,0.000,0.000,-1,0,0,0,78.352
2927,0,0,0.000,0.000,-1,0,0,0,80.173
2928,0,0,0.000,0.000,-1,0,0,0,87.839
2929,0,0,0.000,0.000,-1,0,0,0,75.419
2930,0,0,0.000,0.000,-1,0,0,0,75.876
2931,0,0,0.000,0.000,-1,0,0,0,76.579
2932,0,0,0.000,0.000,-1,0,0,0,75.426
2933,0,0,0.000,0.000,-1,0,0,0,74.131
2934,0,0,0.000,0.000,-1,0,0,0,87.336
2935,0,0,0.000,0.000,-1,0,0,0,73.974
2936,0,0,0.000,0.000,-1,0,0,0,81.292
2937,0,0,0.000,0.000,-1,0,0,0,77.252
2938,0,0,0.000,0.000,-1,0,0,0,77.789
2939,0,0,0.000,0.000,-1,0,0,0,75.815
2940,0,0,0.000,0.000,-1,0,0,0,87.597
2941,0,0,0.000,0.000,-1,0,0,0,73.671
2942,0,0,0.000,0.000,-1,0,0,0,77.993
2943,0,0,0.000,0.000,-1,0,0,0,74.410
2944,0,1,93.433,98.047,-1,0,0,0,76.577
2945,0,0,0.000,0.000,-1,0,0,0,77.052
2946,0,0,0.000,0.000,-1,0,0,0,91.574
2947,0,0,0.000,0.000,-1,0,0,0,77.653
2948,0,0,0.000,0.000,-1,0,0,0,74.069
2949,0,0,0.000,0.000,-1,0,0,0,73.294
2950,0,0,0.000,0.000,-1,0,0,0,78.223
2951,0,0,0.000,0.000,-1,0,0,0,75.550
2952,0,0,0.000,0.000,-1,0,0,0,88.685
2953,0,0,0.000,0.000,-1,0,0,0,75.415
2954,0,0,0.000,0.000,-1,0,0,0,75.800
2955,0,0,0.000,0.000,-1,0,0,0,75.532
2956,0,0,0.000,0.000,-1,0,0,0,77.062
2957,0,0,0.000,0.000,-1,0,0,0,78.155
2958,0,0,0.000,0.000,-1,0,0,0,87.984
2959,0,0,0.000,0.000,-1,0,0,0,74.608
2960,0,0,0.000,0.000,-1,0,0,0,72.912
2961,0,0,0.000,0.000,-1,0,0,0,77.394
2962,0,0,0.000,0.000,-1,0,0,0,76.540
2963,0,0,0.000,0.000,-1,0,0,0,76.258
2964,0,0,0.000,0.000,-1,0,0,0,86.526
2965,0,0,0.000,0.000,-1,0,0,0,75.007
2966,0,0,0.000,0.000,-1,0,0,0,73.303
2967,0,0,0.000,0.000,-1,0,0,0,75.495
2968,0,0,0.000,0.000,-1,0,0,0,77.862
2969,0,0,0.000,0.000,-1,0,0,0,80.536
2970,0,0,0.000,0.000,-1,0,0,0,90.848
2971,0,0,0.000,0.000,-1,0,0,0,75.667
2972,0,0,0.000,0.000,-1,0,0,0,76.218
2973,0,0,0.000,0.000,-1,0,0,0,74.536
2974,0,0,0.000,0.000,-1,0,0,0,76.938
2975,0,0,0.000,0.000,-1,0,0,0,75.449
2976,0,1,85.726,91.123,-1,0,0,0,86.801
2977,0,0,0.000,0.000,-1,0,0,0,75.066
2978,0,0,0.000,0.000,-1,0,0,0,76.071
2979,0,0,0.000,0.000,-1,0,0,0,75.225
2980,0,0,0.000,0.000,-1,0,0,0,76.759
2981,0,0,0.000,0.000,-1,0,0,0,76.267
2982,0,0,0.000,0.000,-1,0,0,0,90.695
2983,0,0,0.000,0.000,-1,0,0,0,74.024
2984,0,0,0.000,0.000,-1,0,0,0,78.735
2985,0,0,0.000,0.000,-1,0,0,0,76.699
2986,0,0,0.000,0.000,-1,0,0,0,73.556
2987,0,0,0.000,0.000,-1,0,0,0,77.016
2988,0,0,0.000,0.000,-1,0,0,0,90.478
2989,0,0,0.000,0.000,-1,0,0,0,80.173
2990,0,0,0.000,0.000,-1,0,0,0,76.011
2991,0,0,0.000,0.000,-1,0,0,0,72.650
2992,0,0,0.000,0.000,-1,0,0,0,76.274
2993,0,0,0.000,0.000,-1,0,0,0,75.578
2994,0,0,0.000,0.000,-1,0,0,0,87.412
2995,0,0,0.000,0.000,-1,0,0,0,73.476
2996,0,0,0.000,0.000,-1,0,0,0,75.859
2997,0,0,0.000,0.000,-1,0,0,0,72.443
2998,0,0,0.000,0.000,-1,0,0,0,75.736
2999,0,0,0.000,0.000,-1,0,0,0,74.142
3000,0,0,0.000,0.000,-1,0,0,0,88.755
3001,0,0,0.000,0.000,-1,0,0,0,75.754
3002,0,0,0.000,0.000,-1,0,0,0,78.191
3003,0,0,0.000,0.000,-1,0,0,0,75.540
3004,0,0,0.000,0.000,-1,0,0,0,74.510
3005,0,0,0.000,0.000,-1,0,0,0,74.404
3006,0,0,0.000,0.000,-1,0,0,0,87.538
3007,0,0,0.000,0.000,-1,0,0,0,76.797
3008,0,1,92.983,97.630,-1,0,0,0,77.056
3009,0,0,0.000,0.000,-1,0,0,0,78.890
3010,0,0,0.000,0.000,-1,0,0,0,74.801
3011,0,0,0.000,0.000,-1,0,0,0,75.918
3012,0,0,0.000,0.000,-1,0,0,0,87.176
3013,0,0,0.000,0.000,-1,0,0,0,72.603
3014,0,0,0.000,0.000,-1,0,0,0,74.694
3015,0,0,0.000,0.000,-1,0,0,0,76.271
3016,0,0,0.000,0.000,-1,0,0,0,78.340
3017,0,0,0.000,0.000,-1,0,0,0,76.779
3018,0,0,0.000,0.000,-1,0,0,0,91.685
3019,0,0,0.000,0.000,-1,0,0,0,73.240
3020,0,0,0.000,0.000,-1,0,0,0,77.605
3021,0,0,0.000,0.000,-1,0,0,0,74.108
3022,0,0,0.000,0.000,-1,0,0,0,86.030
3023,0,0,0.000,0.000,-1,0,0,0,77.664
3024,0,0,0.000,0.000,-1,0,0,0,87.752
3025,0,0,0.000,0.000,-1,0,0,0,74.459
3026,0,0,0.000,0.000,-1,0,0,0,77.855
3027,0,0,0.000,0.000,-1,0,0,0,79.805
3028,0,0,0.000,0.000,-1,0,0,0,76.351
3029,0,0,0.000,0.000,-1,0,0,0,73.882
3030,0,0,0.000,0.000,-1,0,0,0,92.220
3031,0,0,0.000,0.000,-1,0,0,0,74.259
3032,0,0,0.000,0.000,-1,0,0,0,74.818
3033,0,0,0.000,0.000,-1,0,0,0,78.616
3034,0,0,0.000,0.000,-1,0,0,0,79.733
3035,0,0,0.000,0.000,-1,0,0,0,75.085
3036,0,0,0.000,0.000,-1,0,0,0,87.510
3037,0,0,0.000,0.000,-1,0,0,0,72.782
3038,0,0,0.000,0.000,-1,0,0,0,77.168
3039,0,0,0.000,0.000,-1,0,0,0,77.431
3040,0,1,94.561,99.692,-1,0,0,0,74.628
3041,0,0,0.000,0.000,-1,0,0,0,78.460
3042,0,0,0.000,0.000,-1,0,0,0,87.191
3043,0,0,0.000,0.000,-1,0,0,0,80.251
3044,0,0,0.000,0.000,-1,0,0,0,80.484
3045,0,0,0.000,0.000,-1,0,0,0,73.594
3046,0,0,0.000,0.000,-1,0,0,0,76.307
3047,0,0,0.000,0.000,-1,0,0,0,73.404
3048,0,0,0.000,0.000,-1,0,0,0,89.301
3049,0,0,0.000,0.000,-1,0,0,0,78.127
3050,0,0,0.000,0.000,-1,0,0,0,75.283
3051,0,0,0.000,0.000,-1,0,0,0,77.295
3052,0,0,0.000,0.000,-1,0,0,0,76.524
3053,0,0,0.000,0.000,-1,0,0,0,75.656
3054,0,0,0.000,0.000,-1,0,0,0,92.941
3055,0,0,0.000,0.000,-1,0,0,0,75.305
3056,0,0,0.000,0.000,-1,0,0,0,76.334
3057,0,0,0.000,0.000,-1,0,0,0,79.057
3058,0,0,0.000,0.000,-1,0,0,0,77.071
3059,0,0,0.000,0.000,-1,0,0,0,74.740
3060,0,0,0.000,0.000,-1,0,0,0,91.526
3061,0,0,0.000,0.000,-1,0,0,0,74.461
3062,0,0,0.000,0.000,-1,0,0,0,75.451
3063,0,0,0.000,0.000,-1,0,0,0,77.115
3064,0,0,0.000,0.000,-1,0,0,0,74.419
3065,0,0,0.000,0.000,-1,0,0,0,81.087
3066,0,0,0.000,0.000,-1,0,0,0,91.362
3067,0,0,0.000,0.000,-1,0,0,0,73.656
3068,0,0,0.000,0.000,-1,0,0,0,75.704
3069,0,0,0.000,0.000,-1,0,0,0,76.747
3070,0,0,0.000,0.000,-1,0,0,0,78.206
3071,0,0,0.000,0.000,-1,0,0,0,76.309
3072,0,1,86.351,91.147,-1,0,0,0,89.696
3073,0,0,0.000,0.000,-1,0,0,0,75.388
3074,0,0,0.000,0.000,-1,0,0,0,75.937
3075,0,0,0.000,0.000,-1,0,0,0,73.996
3076,0,0,0.000,0.000,-1,0,0,0,74.973
3077,0,0,0.000,0.000,-1,0,0,0,74.814
3078,0,0,0.000,0.000,-1,0,0,0,89.321
3079,0,0,0.000,0.000,-1,0,0,0,74.624
3080,0,0,0.000,0.000,-1,0,0,0,78.274
3081,0,0,0.000,0.000,-1,0,0,0,77.833
3082,0,0,0.000,0.000,-1,0,0,0,79.108
3083,0,0,0.000,0.000,-1,0,0,0,76.563
3084,0,0,0.000,0.000,-1,0,0,0,86.773
3085,0,0,0.000,0.000,-1,0,0,0,74.477
3086,0,0,0.000,0.000,-1,0,0,0,75.643
3087,0,0,0.000,0.000,-1,0,0,0,77.521
3088,0,0,0.000,0.000,-1,0,0,0,76.761
3089,0,0,0.000,0.000,-1,0,0,0,76.452
3090,0,0,0.000,0.000,-1,0,0,0,94.772
3091,0,0,0.000,0.000,-1,0,0,0,78.622
3092,0,0,0.000,0.000,-1,0,0,0,73.406
3093,0,0,0.000,0.000,-1,0,0,0,75.542
3094,0,0,0.000,0.000,-1,0,0,0,74.694
3095,0,0,0.000,0.000,-1,0,0,0,73.466
3096,0,0,0.000,0.000,-1,0,0,0,88.099
3097,0,0,0.000,0.000,-1,0,0,0,74.098
3098,0,0,0.000,0.000,-1,0,0,0,73.317
3099,0,0,0.000,0.000,-1,0,0,0,78.647
3100,0,0,0.000,0.000,-1,0,0,0,78.631
3101,0,0,0.000,0.000,-1,0,0,0,75.991
3102,0,0,0.000,0.000,-1,0,0,0,87.862
3103,0,0,0.000,0.000,-1,0,0,0,73.688
3104,0,1,94.934,99.840,-1,0,0,0,75.787
3105,0,0,0.000,0.000,-1,0,0,0,76.403
3106,0,0,0.000,0.000,-1,0,0,0,76.210
3107,0,0,0.000,0.000,-1,0,0,0,74.984
3108,0,0,0.000,0.000,-1,0,0,0,89.642
3109,0,0,0.000,0.000,-1,0,0,0,73.315
3110,0,0,0.000,0.000,-1,0,0,0,77.895
3111,0,0,0.000,0.000,-1,0,0,0,76.946
3112,0,0,0.000,0.000,-1,0,0,0,75.288
3113,0,0,0.000,0.000,-1,0,0,0,77.188
3114,0,0,0.000,0.000,-1,0,0,0,88.048
3115,0,0,0.000,0.000,-1,0,0,0,75.513
3116,0,0,0.000,0.000,-1,0,0,0,78.800
3117,0,0,0.000,0.000,-1,0,0,0,73.219
3118,0,0,0.000,0.000,-1,0,0,0,78.452
3119,0,0,0.000,0.000,-1,0,0,0,75.523
3120,0,0,0.000,0.000,-1,0,0,0,91.285
3121,0,0,0.000,0.000,-1,0,0,0,75.272
3122,0,0,0.000,0.000,-1,0,0,0,74.856
3123,0,0,0.000,0.000,-1,0,0,0,77.032
3124,0,0,0.000,0.000,-1,0,0,0,74.607
3125,0,0,0.000,0.000,-1,0,0,0,78.211
3126,0,0,0.000,0.000,-1,0,0,0,87.125
3127,0,0,0.000,0.000,-1,0,0,0,74.996
3128,0,0,0.000,0.000,-1,0,0,0,77.109
3129,0,0,0.000,0.000,-1,0,0,0,77.430
3130,0,0,0.000,0.000,-1,0,0,0,76.126
3131,0,0,0.000,0.000,-1,0,0,0,75.807
3132,0,0,0.000,0.000,-1,0,0,0,82.932
3133,0,0,0.000,0.000,-1,0,0,0,76.408
3134,0,0,0.000,0.000,-1,0,0,0,77.593
3135,0,0,0.000,0.000,-1,0,0,0,75.415
3136,0,1,94.671,99.787,-1,0,0,0,77.204
3137,0,0,0.000,0.000,-1,0,0,0,73.173
3138,0,0,0.000,0.000,-1,0,0,0,91.692
3139,0,0,0.000,0.000,-1,0,0,0,72.402
3140,0,0,0.000,0.000,-1,0,0,0,77.609
3141,0,0,0.000,0.000,-1,0,0,0,74.210
3142,0,0,0.000,0.000,-1,0,0,0,79.004
3143,0,0,0.000,0.000,-1,0,0,0,76.690
3144,0,0,0.000,0.000,-1,0,0,0,87.114
3145,0,0,0.000,0.000,-1,0,0,0,75.284
3146,0,0,0.000,0.000,-1,0,0,0,77.372
3147,0,0,0.000,0.000,-1,0,0,0,77.393
3148,0,0,0.000,0.000,-1,0,0,0,77.120
3149,0,0,0.000,0.000,-1,0,0,0,74.832
3150,0,0,0.000,0.000,-1,0,0,0,91.156
3151,0,0,0.000,0.000,-1,0,0,0,79.083
3152,0,0,0.000,0.000,-1,0,0,0,75.551
3153,0,0,0.000,0.000,-1,0,0,0,74.232
3154,0,0,0.000,0.000,-1,0,0,0,74.454
3155,0,0,0.000,0.000,-1,0,0,0,78.462
3156,0,0,0.000,0.000,-1,0,0,0,85.251
3157,0,0,0.000,0.000,-1,0,0,0,76.113
3158,0,0,0.000,0.000,-1,0,0,0,76.561
3159,0,0,0.000,0.000,-1,0,0,0,77.670
3160,0,0,0.000,0.000,-1,0,0,0,74.149
3161,0,0,0.000,0.000,-1,0,0,0,74.267
3162,0,0,0.000,0.000,-1,0,0,0,89.255
3163,0,0,0.000,0.000,-1,0,0,0,74.908
3164,0,0,0.000,0.000,-1,0,0,0,75.205
3165,0,0,0.000,0.000,-1,0,0,0,76.469
3166,0,0,0.000,0.000,-1,0,0,0,73.877
3167,0,0,0.000,0.000,-1,0,0,0,73.306
3168,0,1,86.925,92.067,-1,0,0,0,91.502
3169,0,0,0.000,0.000,-1,0,0,0,77.967
3170,0,0,0.000,0.000,-1,0,0,0,77.614
3171,0,0,0.000,0.000,-1,0,0,0,78.534
3172,0,0,0.000,0.000,-1,0,0,0,76.426
3173,0,0,0.000,0.000,-1,0,0,0,74.086
3174,0,0,0.000,0.000,-1,0,0,0,85.765
3175,0,0,0.000,0.000,-1,0,0,0,76.025
3176,0,0,0.000,0.000,-1,0,0,0,76.423
3177,0,0,0.000,0.000,-1,0,0,0,81.765
3178,0,0,0.000,0.000,-1,0,0,0,77.840
3179,0,0,0.000,0.000,-1,0,0,0,77.187
3180,0,0,0.000,0.000,-1,0,0,0,89.014
3181,0,0,0.000,0.000,-1,0,0,0,80.555
3182,0,0,0.000,0.000,-1,0,0,0,73.056
3183,0,0,0.000,0.000,-1,0,0,0,74.581
3184,0,0,0.000,0.000,-1,0,0,0,78.030
3185,0,0,0.000,0.000,-1,0,0,0,75.934
3186,0,0,0.000,0.000,-1,0,0,0,88.107
3187,0,0,0.000,0.000,-1,0,0,0,79.006
3188,0,0,0.000,0.000,-1,0,0,0,75.644
3189,0,0,0.000,0.000,-1,0,0,0,75.194
3190,0,0,0.000,0.000,-1,0,0,0,76.247
3191,0,0,0.000,0.000,-1,0,0,0,77.079
3192,0,0,0.000,0.000,-1,0,0,0,87.626
3193,0,0,0.000,0.000,-1,0,0,0,75.253
3194,0,0,0.000,0.000,-1,0,0,0,75.853
3195,0,0,0.000,0.000,-1,0,0,0,75.495
3196,0,0,0.000,0.000,-1,0,0,0,74.590
3197,0,0,0.000,0.000,-1,0,0,0,74.210
3198,0,0,0.000,0.000,-1,0,0,0,89.597
3199,0,0,0.000,0.000,-1,0,0,0,76.725
3200,0,1,96.493,101.321,-1,0,0,0,75.104
3201,0,0,0.000,0.000,-1,0,0,0,76.939
3202,0,0,0.000,0.000,-1,0,0,0,75.925
3203,0,0,0.000,0.000,-1,0,0,0,77.648
3204,0,0,0.000,0.000,-1,0,0,0,88.470
3205,0,0,0.000,0.000,-1,0,0,0,73.969
3206,0,0,0.000,0.000,-1,0,0,0,74.912
3207,0,0,0.000,0.000,-1,0,0,0,77.939
3208,0,0,0.000,0.000,-1,0,0,0,75.436
3209,0,0,0.000,0.000,-1,0,0,0,76.194
3210,0,0,0.000,0.000,-1,0,0,0,91.499
3211,0,0,0.000,0.000,-1,0,0,0,75.886
3212,0,0,0.000,0.000,-1,0,0,0,75.437
3213,0,0,0.000,0.000,-1,0,0,0,74.585
3214,0,0,0.000,0.000,-1,0,0,0,75.201
3215,0,0,0.000,0.000,-1,0,0,0,75.836
3216,0,0,0.000,0.000,-1,0,0,0,92.856
3217,0,0,0.000,0.000,-1,0,0,0,73.019
3218,0,0,0.000,0.000,-1,0,0,0,80.335
3219,0,0,0.000,0.000,-1,0,0,0,77.410
3220,0,0,0.000,0.000,-1,0,0,0,76.258
3221,0,0,0.000,0.000,-1,0,0,0,76.380
3222,0,0,0.000,0.000,-1,0,0,0,90.666
3223,0,0,0.000,0.000,-1,0,0,0,78.325
3224,0,0,0.000,0.000,-1,0,0,0,76.934
3225,0,0,0.000,0.000,-1,0,0,0,75.892
3226,0,0,0.000,0.000,-1,0,0,0,77.725
3227,0,0,0.000,0.000,-1,0,0,0,77.438
3228,0,0,0.000,0.000,-1,0,0,0,90.384
3229,0,0,0.000,0.000,-1,0,0,0,71.043
3230,0,0,0.000,0.000,-1,0,0,0,74.681
3231,0,0,0.000,0.000,-1,0,0,0,77.593
3232,0,1,93.971,98.623,-1,0,0,0,77.365
3233,0,0,0.000,0.000,-1,0,0,0,75.832
3234,0,0,0.000,0.000,-1,0,0,0,85.624
3235,0,0,0.000,0.000,-1,0,0,0,76.283
3236,0,0,0.000,0.000,-1,0,0,0,84.845
3237,0,0,0.000,0.000,-1,0,0,0,73.884
3238,0,0,0.000,0.000,-1,0,0,0,74.743
3239,0,0,0.000,0.000,-1,0,0,0,82.437
3240,0,0,0.000,0.000,-1,0,0,0,91.805
3241,0,0,0.000,0.000,-1,0,0,0,76.957
3242,0,0,0.000,0.000,-1,0,0,0,74.873
3243,0,0,0.000,0.000,-1,0,0,0,80.465
3244,0,0,0.000,0.000,-1,0,0,0,77.092
3245,0,0,0.000,0.000,-1,0,0,0,75.522
3246,0,0,0.000,0.000,-1,0,0,0,87.163
3247,0,0,0.000,0.000,-1,0,0,0,76.959
3248,0,0,0.000,0.000,-1,0,0,0,75.281
3249,0,0,0.000,0.000,-1,0,0,0,72.861
3250,0,0,0.000,0.000,-1,0,0,0,78.124
3251,0,0,0.000,0.000,-1,0,0,0,77.692
3252,0,0,0.000,0.000,-1,0,0,0,84.438
3253,0,0,0.000,0.000,-1,0,0,0,72.607
3254,0,0,0.000,0.000,-1,0,0,0,76.429
3255,0,0,0.000,0.000,-1,0,0,0,75.716
3256,0,0,0.000,0.000,-1,0,0,0,74.320
3257,0,0,0.000,0.000,-1,0,0,0,72.925
3258,0,0,0.000,0.000,-1,0,0,0,89.656
3259,0,0,0.000,0.000,-1,0,0,0,76.197
3260,0,0,0.000,0.000,-1,0,0,0,76.062
3261,0,0,0.000,0.000,-1,0,0,0,74.870
3262,0,0,0.000,0.000,-1,0,0,0,76.235
3263,0,0,0.000,0.000,-1,0,0,0,73.476
3264,0,1,87.025,91.453,-1,0,0,0,86.147
3265,0,0,0.000,0.000,-1,0,0,0,73.564
3266,0,0,0.000,0.000,-1,0,0,0,76.876
3267,0,0,0.000,0.000,-1,0,0,0,79.218
3268,0,0,0.000,0.000,-1,0,0,0,74.615
3269,0,0,0.000,0.000,-1,0,0,0,72.089
3270,0,0,0.000,0.000,-1,0,0,0,91.857
3271,0,0,0.000,0.000,-1,0,0,0,75.443
3272,0,0,0.000,0.000,-1,0,0,0,77.823
3273,0,0,0.000,0.000,-1,0,0,0,75.023
3274,0,0,0.000,0.000,-1,0,0,0,78.238
3275,0,0,0.000,0.000,-1,0,0,0,74.722
3276,0,0,0.000,0.000,-1,0,0,0,88.892
3277,0,0,0.000,0.000,-1,0,0,0,76.031
3278,0,0,0.000,0.000,-1,0,0,0,78.667
3279,0,0,0.000,0.000,-1,0,0,0,77.600
3280,0,0,0.000,0.000,-1,0,0,0,74.104
3281,0,0,0.000,0.000,-1,0,0,0,72.580
3282,0,0,0.000,0.000,-1,0,0,0,88.167
3283,0,0,0.000,0.000,-1,0,0,0,74.610
3284,0,0,0.000,0.000,-1,0,0,0,74.053
3285,0,0,0.000,0.000,-1,0,0,0,77.300
3286,0,0,0.000,0.000,-1,0,0,0,73.584
3287,0,0,0.000,0.000,-1,0,0,0,78.338
3288,0,0,0.000,0.000,-1,0,0,0,86.553
3289,0,0,0.000,0.000,-1,0,0,0,72.938
3290,0,0,0.000,0.000,-1,0,0,0,75.478
3291,0,0,0.000,0.000,-1,0,0,0,73.038
3292,0,0,0.000,0.000,-1,0,0,0,74.352
3293,0,0,0.000,0.000,-1,0,0,0,78.632
3294,0,0,0.000,0.000,-1,0,0,0,84.692
3295,0,0,0.000,0.000,-1,0,0,0,76.123
3296,0,1,93.034,97.670,-1,0,0,0,75.800
3297,0,0,0.000,0.000,-1,0,0,0,75.317
3298,0,0,0.000,0.000,-1,0,0,0,76.225
3299,0,0,0.000,0.000,-1,0,0,0,75.015
3300,0,0,0.000,0.000,-1,0,0,0,87.507
3301,0,0,0.000,0.000,-1,0,0,0,72.677
3302,0,0,0.000,0.000,-1,0,0,0,76.227
3303,0,0,0.000,0.000,-1,0,0,0,74.655
3304,0,0,0.000,0.000,-1,0,0,0,74.670
3305,0,0,0.000,0.000,-1,0,0,0,78.345
3306,0,0,0.000,0.000,-1,0,0,0,86.965
3307,0,0,0.000,0.000,-1,0,0,0,78.908
3308,0,0,0.000,0.000,-1,0,0,0,75.914
3309,0,0,0.000,0.000,-1,0,0,0,76.614
3310,0,0,0.000,0.000,-1,0,0,0,78.209
3311,0,0,0.000,0.000,-1,0,0,0,76.658
3312,0,0,0.000,0.000,-1,0,0,0,87.675
3313,0,0,0.000,0.000,-1,0,0,0,77.140
3314,0,0,0.000,0.000,-1,0,0,0,73.911
3315,0,0,0.000,0.000,-1,0,0,0,75.803
3316,0,0,0.000,0.000,-1,0,0,0,75.085
3317,0,0,0.000,0.000,-1,0,0,0,75.589
3318,0,0,0.000,0.000,-1,0,0,0,90.080
3319,0,0,0.000,0.000,-1,0,0,0,73.526
3320,0,0,0.000,0.000,-1,0,0,0,74.968
3321,0,0,0.000,0.000,-1,0,0,0,75.839
3322,0,0,0.000,0.000,-1,0,0,0,73.680
3323,0,0,0.000,0.000,-1,0,0,0,76.088
3324,0,0,0.000,0.000,-1,0,0,0,86.630
3325,0,0,0.000,0.000,-1,0,0,0,72.189
3326,0,0,0.000,0.000,-1,0,0,0,76.594
3327,0,0,0.000,0.000,-1,0,0,0,75.726
3328,0,1,95.827,99.923,-1,0,0,0,74.271
3329,0,0,0.000,0.000,-1,0,0,0,76.924
3330,0,0,0.000,0.000,-1,0,0,0,86.758
3331,0,0,0.000,0.000,-1,0,0,0,76.165
3332,0,0,0.000,0.000,-1,0,0,0,78.499
3333,0,0,0.000,0.000,-1,0,0,0,71.871
3334,0,0,0.000,0.000,-1,0,0,0,76.660
3335,0,0,0.000,0.000,-1,0,0,0,74.939
3336,0,0,0.000,0.000,-1,0,0,0,90.669
3337,0,0,0.000,0.000,-1,0,0,0,72.953
3338,0,0,0.000,0.000,-1,0,0,0,79.440
3339,0,0,0.000,0.000,-1,0,0,0,74.337
3340,0,0,0.000,0.000,-1,0,0,0,76.897
3341,0,0,0.000,0.000,-1,0,0,0,77.864
3342,0,0,0.000,0.000,-1,0,0,0,88.672
3343,0,0,0.000,0.000,-1,0,0,0,75.006
3344,0,0,0.000,0.000,-1,0,0,0,74.054
3345,0,0,0.000,0.000,-1,0,0,0,73.532
3346,0,0,0.000,0.000,-1,0,0,0,78.044
3347,0,0,0.000,0.000,-1,0,0,0,75.372
3348,0,0,0.000,0.000,-1,0,0,0,90.343
3349,0,0,0.000,0.000,-1,0,0,0,74.365
3350,0,0,0.000,0.000,-1,0,0,0,76.723
3351,0,0,0.000,0.000,-1,0,0,0,78.701
3352,0,0,0.000,0.000,-1,0,0,0,73.367
3353,0,0,0.000,0.000,-1,0,0,0,75.077
3354,0,0,0.000,0.000,-1,0,0,0,88.919
3355,0,0,0.000,0.000,-1,0,0,0,73.365
3356,0,0,0.000,0.000,-1,0,0,0,75.644
3357,0,0,0.000,0.000,-1,0,0,0,74.427
3358,0,0,0.000,0.000,-1,0,0,0,74.678
3359,0,0,0.000,0.000,-1,0,0,0,77.756
3360,0,1,85.821,90.148,-1,0,0,0,88.310
3361,0,0,0.000,0.000,-1,0,0,0,74.975
3362,0,0,0.000,0.000,-1,0,0,0,74.450
3363,0,0,0.000,0.000,-1,0,0,0,78.614
3364,0,0,0.000,0.000,-1,0,0,0,76.165
3365,0,0,0.000,0.000,-1,0,0,0,73.415
3366,0,0,0.000,0.000,-1,0,0,0,85.887
3367,0,0,0.000,0.000,-1,0,0,0,75.065
3368,0,0,0.000,0.000,-1,0,0,0,74.399
3369,0,0,0.000,0.000,-1,0,0,0,74.137
3370,0,0,0.000,0.000,-1,0,0,0,74.369
3371,0,0,0.000,0.000,-1,0,0,0,78.355
3372,0,0,0.000,0.000,-1,0,0,0,87.438
3373,0,0,0.000,0.000,-1,0,0,0,76.209
3374,0,0,0.000,0.000,-1,0,0,0,73.332
3375,0,0,0.000,0.000,-1,0,0,0,77.119
3376,0,0,0.000,0.000,-1,0,0,0,77.081
3377,0,0,0.000,0.000,-1,0,0,0,75.461
3378,0,0,0.000,0.000,-1,0,0,0,87.703
3379,0,0,0.000,0.000,-1,0,0,0,75.764
3380,0,0,0.000,0.000,-1,0,0,0,77.005
3381,0,0,0.000,0.000,-1,0,0,0,77.722
3382,0,0,0.000,0.000,-1,0,0,0,76.892
3383,0,0,0.000,0.000,-1,0,0,0,75.861
3384,0,0,0.000,0.000,-1,0,0,0,88.540
3385,0,0,0.000,0.000,-1,0,0,0,73.764
3386,0,0,0.000,0.000,-1,0,0,0,77.890
3387,0,0,0.000,0.000,-1,0,0,0,75.424
3388,0,0,0.000,0.000,-1,0,0,0,74.062
3389,0,0,0.000,0.000,-1,0,0,0,74.633
3390,0,0,0.000,0.000,-1,0,0,0,89.265
3391,0,0,0.000,0.000,-1,0,0,0,74.221
3392,0,1,93.855,98.764,-1,0,0,0,76.246
3393,0,0,0.000,0.000,-1,0,0,0,74.912
3394,0,0,0.000,0.000,-1,0,0,0,74.363
3395,0,0,0.000,0.000,-1,0,0,0,78.574
3396,0,0,0.000,0.000,-1,0,0,0,86.746
3397,0,0,0.000,0.000,-1,0,0,0,72.323
3398,0,0,0.000,0.000,-1,0,0,0,74.848
3399,0,0,0.000,0.000,-1,0,0,0,76.211
3400,0,0,0.000,0.000,-1,0,0,0,76.832
3401,0,0,0.000,0.000,-1,0,0,0,73.990
3402,0,0,0.000,0.000,-1,0,0,0,88.868
3403,0,0,0.000,0.000,-1,0,0,0,78.103
3404,0,0,0.000,0.000,-1,0,0,0,75.669
3405,0,0,0.000,0.000,-1,0,0,0,74.173
3406,0,0,0.000,0.000,-1,0,0,0,77.119
3407,0,0,0.000,0.000,-1,0,0,0,73.999
3408,0,0,0.000,0.000,-1,0,0,0,89.094
3409,0,0,0.000,0.000,-1,0,0,0,77.120
3410,0,0,0.000,0.000,-1,0,0,0,77.623
3411,0,0,0.000,0.000,-1,0,0,0,76.118
3412,0,0,0.000,0.000,-1,0,0,0,78.480
3413,0,0,0.000,0.000,-1,0,0,0,75.249
3414,0,0,0.000,0.000,-1,0,0,0,91.976
3415,0,0,0.000,0.000,-1,0,0,0,78.130
3416,0,0,0.000,0.000,-1,0,0,0,75.298
3417,0,0,0.000,0.000,-1,0,0,0,75.185
3418,0,0,0.000,0.000,-1,0,0,0,75.050
3419,0,0,0.000,0.000,-1,0,0,0,76.420
3420,0,0,0.000,0.000,-1,0,0,0,88.228
3421,0,0,0.000,0.000,-1,0,0,0,76.563
3422,0,0,0.000,0.000,-1,0,0,0,73.947
3423,0,0,0.000,0.000,-1,0,0,0,75.886
3424,0,1,93.072,99.038,-1,0,0,0,76.044
3425,0,0,0.000,0.000,-1,0,0,0,77.468
3426,0,0,0.000,0.000,-1,0,0,0,84.886
3427,0,0,0.000,0.000,-1,0,0,0,79.044
3428,0,0,0.000,0.000,-1,0,0,0,76.571
3429,0,0,0.000,0.000,-1,0,0,0,74.589
3430,0,0,0.000,0.000,-1,0,0,0,75.265
3431,0,0,0.000,0.000,-1,0,0,0,75.713
3432,0,0,0.000,0.000,-1,0,0,0,90.932
3433,0,0,0.000,0.000,-1,0,0,0,74.082
3434,0,0,0.000,0.000,-1,0,0,0,75.565
3435,0,0,0.000,0.000,-1,0,0,0,75.646
3436,0,0,0.000,0.000,-1,0,0,0,76.998
3437,0,0,0.000,0.000,-1,0,0,0,81.536
3438,0,0,0.000,0.000,-1,0,0,0,86.348
3439,0,0,0.000,0.000,-1,0,0,0,75.776
3440,0,0,0.000,0.000,-1,0,0,0,76.383
3441,0,0,0.000,0.000,-1,0,0,0,72.511
3442,0,0,0.000,0.000,-1,0,0,0,77.418
3443,0,0,0.000,0.000,-1,0,0,0,76.400
3444,0,0,0.000,0.000,-1,0,0,0,86.744
3445,0,0,0.000,0.000,-1,0,0,0,75.382
3446,0,0,0.000,0.000,-1,0,0,0,73.935
3447,0,0,0.000,0.000,-1,0,0,0,76.113
3448,0,0,0.000,0.000,-1,0,0,0,75.052
3449,0,0,0.000,0.000,-1,0,0,0,77.642
3450,0,0,0.000,0.000,-1,0,0,0,88.282
3451,0,0,0.000,0.000,-1,0,0,0,74.399
3452,0,0,0.000,0.000,-1,0,0,0,77.183
3453,0,0,0.000,0.000,-1,0,0,0,75.055
3454,0,0,0.000,0.000,-1,0,0,0,75.816
3455,0,0,0.000,0.000,-1,0,0,0,76.309
3456,0,1,86.790,91.637,-1,0,0,0,87.954
3457,0,0,0.000,0.000,-1,0,0,0,74.893
3458,0,0,0.000,0.000,-1,0,0,0,76.204
3459,0,0,0.000,0.000,-1,0,0,0,73.595
3460,0,0,0.000,0.000,-1,0,0,0,77.124
3461,0,0,0.000,0.000,-1,0,0,0,74.646
3462,0,0,0.000,0.000,-1,0,0,0,89.537
3463,0,0,0.000,0.000,-1,0,0,0,75.710
3464,0,0,0.000,0.000,-1,0,0,0,76.365
3465,0,0,0.000,0.000,-1,0,0,0,75.869
3466,0,0,0.000,0.000,-1,0,0,0,76.694
3467,0,0,0.000,0.000,-1,0,0,0,84.525
3468,0,0,0.000,0.000,-1,0,0,0,87.041
3469,0,0,0.000,0.000,-1,0,0,0,74.451
3470,0,0,0.000,0.000,-1,0,0,0,80.669
3471,0,0,0.000,0.000,-1,0,0,0,76.815
3472,0,0,0.000,0.000,-1,0,0,0,74.231
3473,0,0,0.000,0.000,-1,0,0,0,76.629
3474,0,0,0.000,0.000,-1,0,0,0,90.234
3475,0,0,0.000,0.000,-1,0,0,0,76.208
3476,0,0,0.000,0.000,-1,0,0,0,76.911
3477,0,0,0.000,0.000,-1,0,0,0,75.860
3478,0,0,0.000,0.000,-1,0,0,0,73.210
3479,0,0,0.000,0.000,-1,0,0,0,75.119
3480,0,0,0.000,0.000,-1,0,0,0,91.908
3481,0,0,0.000,0.000,-1,0,0,0,77.728
3482,0,0,0.000,0.000,-1,0,0,0,75.059
3483,0,0,0.000,0.000,-1,0,0,0,81.005
3484,0,0,0.000,0.000,-1,0,0,0,79.542
3485,0,0,0.000,0.000,-1,0,0,0,76.399
3486,0,0,0.000,0.000,-1,0,0,0,89.239
3487,0,0,0.000,0.000,-1,0,0,0,76.691
3488,0,1,93.865,98.848,-1,0,0,0,75.647
3489,0,0,0.000,0.000,-1,0,0,0,75.353
3490,0,0,0.000,0.000,-1,0,0,0,74.542
3491,0,0,0.000,0.000,-1,0,0,0,74.334
3492,0,0,0.000,0.000,-1,0,0,0,88.658
3493,0,0,0.000,0.000,-1,0,0,0,73.428
3494,0,0,0.000,0.000,-1,0,0,0,76.838
3495,0,0,0.000,0.000,-1,0,0,0,73.180
3496,0,0,0.000,0.000,-1,0,0,0,77.249
3497,0,0,0.000,0.000,-1,0,0,0,75.016
3498,0,0,0.000,0.000,-1,0,0,0,89.172
3499,0,0,0.000,0.000,-1,0,0,0,77.480
3500,0,0,0.000,0.000,-1,0,0,0,77.507
3501,0,0,0.000,0.000,-1,0,0,0,74.742
3502,0,0,0.000,0.000,-1,0,0,0,74.201
3503,0,0,0.000,0.000,-1,0,0,0,76.910
3504,0,0,0.000,0.000,-1,0,0,0,85.970
3505,0,0,0.000,0.000,-1,0,0,0,75.113
3506,0,0,0.000,0.000,-1,0,0,0,78.118
3507,0,0,0.000,0.000,-1,0,0,0,73.765
3508,0,0,0.000,0.000,-1,0,0,0,75.266
3509,0,0,0.000,0.000,-1,0,0,0,72.880
3510,0,0,0.000,0.000,-1,0,0,0,88.556
3511,0,0,0.000,0.000,-1,0,0,0,72.816
3512,0,0,0.000,0.000,-1,0,0,0,75.771
3513,0,0,0.000,0.000,-1,0,0,0,77.158
3514,0,0,0.000,0.000,-1,0,0,0,76.060
3515,0,0,0.000,0.000,-1,0,0,0,77.130
3516,0,0,0.000,0.000,-1,0,0,0,86.251
3517,0,0,0.000,0.000,-1,0,0,0,74.524
3518,0,0,0.000,0.000,-1,0,0,0,77.801
3519,0,0,0.000,0.000,-1,0,0,0,75.494
3520,0,1,95.673,100.029,-1,0,0,0,73.906
3521,0,0,0.000,0.000,-1,0,0,0,77.683
3522,0,0,0.000,0.000,-1,0,0,0,87.478
3523,0,0,0.000,0.000,-1,0,0,0,75.719
3524,0,0,0.000,0.000,-1,0,0,0,73.935
3525,0,0,0.000,0.000,-1,0,0,0,78.994
3526,0,0,0.000,0.000,-1,0,0,0,76.890
3527,0,0,0.000,0.000,-1,0,0,0,78.665
3528,0,0,0.000,0.000,-1,0,0,0,88.334
3529,0,0,0.000,0.000,-1,0,0,0,76.477
3530,0,0,0.000,0.000,-1,0,0,0,76.645
3531,0,0,0.000,0.000,-1,0,0,0,76.671
3532,0,0,0.000,0.000,-1,0,0,0,76.060
3533,0,0,0.000,0.000,-1,0,0,0,74.553
3534,0,0,0.000,0.000,-1,0,0,0,86.558
3535,0,0,0.000,0.000,-1,0,0,0,78.305
3536,0,0,0.000,0.000,-1,0,0,0,75.530
3537,0,0,0.000,0.000,-1,0,0,0,76.966
3538,0,0,0.000,0.000,-1,0,0,0,78.935
3539,0,0,0.000,0.000,-1,0,0,0,75.337
3540,0,0,0.000,0.000,-1,0,0,0,88.911
3541,0,0,0.000,0.000,-1,0,0,0,72.544
3542,0,0,0.000,0.000,-1,0,0,0,74.946
3543,0,0,0.000,0.000,-1,0,0,0,75.808
3544,0,0,0.000,0.000,-1,0,0,0,74.441
3545,0,0,0.000,0.000,-1,0,0,0,75.530
3546,0,0,0.000,0.000,-1,0,0,0,86.654
3547,0,0,0.000,0.000,-1,0,0,0,78.188
3548,0,0,0.000,0.000,-1,0,0,0,77.903
3549,0,0,0.000,0.000,-1,0,0,0,74.536
3550,0,0,0.000,0.000,-1,0,0,0,76.876
3551,0,0,0.000,0.000,-1,0,0,0,80.081
3552,0,1,87.249,92.356,-1,0,0,0,85.968
3553,0,0,0.000,0.000,-1,0,0,0,76.379
3554,0,0,0.000,0.000,-1,0,0,0,75.164
3555,0,0,0.000,0.000,-1,0,0,0,75.064
3556,0,0,0.000,0.000,-1,0,0,0,79.808
3557,0,0,0.000,0.000,-1,0,0,0,76.297
3558,0,0,0.000,0.000,-1,0,0,0,91.836
3559,0,0,0.000,0.000,-1,0,0,0,75.106
3560,0,0,0.000,0.000,-1,0,0,0,74.571
3561,0,0,0.000,0.000,-1,0,0,0,73.958
3562,0,0,0.000,0.000,-1,0,0,0,73.877
3563,0,0,0.000,0.000,-1,0,0,0,73.267
3564,0,0,0.000,0.000,-1,0,0,0,85.898
3565,0,0,0.000,0.000,-1,0,0,0,76.577
3566,0,0,0.000,0.000,-1,0,0,0,75.940
3567,0,0,0.000,0.000,-1,0,0,0,77.516
3568,0,0,0.000,0.000,-1,0,0,0,75.147
3569,0,0,0.000,0.000,-1,0,0,0,74.160
3570,0,0,0.000,0.000,-1,0,0,0,92.473
3571,0,0,0.000,0.000,-1,0,0,0,74.782
3572,0,0,0.000,0.000,-1,0,0,0,75.202
3573,0,0,0.000,0.000,-1,0,0,0,73.378
3574,0,0,0.000,0.000,-1,0,0,0,76.737
3575,0,0,0.000,0.000,-1,0,0,0,76.004
3576,0,0,0.000,0.000,-1,0,0,0,88.131
3577,0,0,0.000,0.000,-1,0,0,0,74.685
3578,0,0,0.000,0.000,-1,0,0,0,74.956
3579,0,0,0.000,0.000,-1,0,0,0,73.372
3580,0,0,0.000,0.000,-1,0,0,0,78.736
3581,0,0,0.000,0.000,-1,0,0,0,75.111
3582,0,0,0.000,0.000,-1,0,0,0,89.276
3583,0,0,0.000,0.000,-1,0,0,0,76.855
3584,0,1,94.802,100.501,-1,0,0,0,75.657
3585,0,0,0.000,0.000,-1,0,0,0,77.534
3586,0,0,0.000,0.000,-1,0,0,0,78.235
3587,0,0,0.000,0.000,-1,0,0,0,76.862
3588,0,0,0.000,0.000,-1,0,0,0,85.335
3589,0,0,0.000,0.000,-1,0,0,0,73.269
3590,0,0,0.000,0.000,-1,0,0,0,78.954
3591,0,0,0.000,0.000,-1,0,0,0,73.722
3592,0,0,0.000,0.000,-1,0,0,0,77.168
3593,0,0,0.000,0.000,-1,0,0,0,73.680
3594,0,0,0.000,0.000,-1,0,0,0,88.377
3595,0,0,0.000,0.000,-1,0,0,0,77.542
3596,0,0,0.000,0.000,-1,0,0,0,76.560
3597,0,0,0.000,0.000,-1,0,0,0,78.290
3598,0,0,0.000,0.000,-1,0,0,0,75.434
3599,0,0,0.000,0.000,-1,0,0,0,75.854
3600,0,0,0.000,0.000,-1,0,0,0,91.778
3601,0,0,0.000,0.000,-1,0,0,0,72.695
3602,0,0,0.000,0.000,-1,0,0,0,75.401
3603,0,0,0.000,0.000,-1,0,0,0,74.524
3604,0,0,0.000,0.000,-1,0,0,0,78.285
3605,0,0,0.000,0.000,-1,0,0,0,74.108
3606,0,0,0.000,0.000,-1,0,0,0,87.669
3607,0,0,0.000,0.000,-1,0,0,0,79.033
3608,0,0,0.000,0.000,-1,0,0,0,75.838
3609,0,0,0.000,0.000,-1,0,0,0,76.002
3610,0,0,0.000,0.000,-1,0,0,0,73.627
3611,0,0,0.000,0.000,-1,0,0,0,75.779
3612,0,0,0.000,0.000,-1,0,0,0,88.217
3613,0,0,0.000,0.000,-1,0,0,0,71.958
3614,0,0,0.000,0.000,-1,0,0,0,77.420
3615,0,0,0.000,0.000,-1,0,0,0,75.695
3616,0,1,95.461,100.480,-1,0,0,0,74.738
3617,0,0,0.000,0.000,-1,0,0,0,75.614
3618,0,0,0.000,0.000,-1,0,0,0,88.099
3619,0,0,0.000,0.000,-1,0,0,0,76.394
3620,0,0,0.000,0.000,-1,0,0,0,76.474
3621,0,0,0.000,0.000,-1,0,0,0,75.919
3622,0,0,0.000,0.000,-1,0,0,0,74.620
3623,0,0,0.000,0.000,-1,0,0,0,76.802
3624,0,0,0.000,0.000,-1,0,0,0,87.422
3625,0,0,0.000,0.000,-1,0,0,0,77.408
3626,0,0,0.000,0.000,-1,0,0,0,76.619
3627,0,0,0.000,0.000,-1,0,0,0,73.671
3628,0,0,0.000,0.000,-1,0,0,0,79.254
3629,0,0,0.000,0.000,-1,0,0,0,73.830
3630,0,0,0.000,0.000,-1,0,0,0,88.160
3631,0,0,0.000,0.000,-1,0,0,0,75.004
3632,0,0,0.000,0.000,-1,0,0,0,79.828
3633,0,0,0.000,0.000,-1,0,0,0,77.285
3634,0,0,0.000,0.000,-1,0,0,0,77.788
3635,0,0,0.000,0.000,-1,0,0,0,75.965
3636,0,0,0.000,0.000,-1,0,0,0,89.759
3637,0,0,0.000,0.000,-1,0,0,0,75.837
3638,0,0,0.000,0.000,-1,0,0,0,77.380
3639,0,0,0.000,0.000,-1,0,0,0,76.297
3640,0,0,0.000,0.000,-1,0,0,0,74.982
3641,0,0,0.000,0.000,-1,0,0,0,73.909
3642,0,0,0.000,0.000,-1,0,0,0,89.467
3643,0,0,0.000,0.000,-1,0,0,0,78.931
3644,0,0,0.000,0.000,-1,0,0,0,73.623
3645,0,0,0.000,0.000,-1,0,0,0,75.671
3646,0,0,0.000,0.000,-1,0,0,0,77.590
3647,0,0,0.000,0.000,-1,0,0,0,71.258
3648,0,1,88.199,92.779,-1,0,0,0,83.948
3649,0,0,0.000,0.000,-1,0,0,0,77.714
3650,0,0,0.000,0.000,-1,0,0,0,75.747
3651,0,0,0.000,0.000,-1,0,0,0,75.727
3652,0,0,0.000,0.000,-1,0,0,0,78.053
3653,0,0,0.000,0.000,-1,0,0,0,74.823
3654,0,0,0.000,0.000,-1,0,0,0,86.477
3655,0,0,0.000,0.000,-1,0,0,0,75.442
3656,0,0,0.000,0.000,-1,0,0,0,79.132
3657,0,0,0.000,0.000,-1,0,0,0,73.011
3658,0,0,0.000,0.000,-1,0,0,0,75.812
3659,0,0,0.000,0.000,-1,0,0,0,75.428
3660,0,0,0.000,0.000,-1,0,0,0,87.463
3661,0,0,0.000,0.000,-1,0,0,0,75.294
3662,0,0,0.000,0.000,-1,0,0,0,76.794
3663,0,0,0.000,0.000,-1,0,0,0,77.197
3664,0,0,0.000,0.000,-1,0,0,0,74.763
3665,0,0,0.000,0.000,-1,0,0,0,76.683
3666,0,0,0.000,0.000,-1,0,0,0,87.193
3667,0,0,0.000,0.000,-1,0,0,0,76.390
3668,0,0,0.000,0.000,-1,0,0,0,74.449
3669,0,0,0.000,0.000,-1,0,0,0,75.231
3670,0,0,0.000,0.000,-1,0,0,0,76.425
3671,0,0,0.000,0.000,-1,0,0,0,76.516
3672,0,0,0.000,0.000,-1,0,0,0,93.274
3673,0,0,0.000,0.000,-1,0,0,0,72.349
3674,0,0,0.000,0.000,-1,0,0,0,77.179
3675,0,0,0.000,0.000,-1,0,0,0,76.648
3676,0,0,0.000,0.000,-1,0,0,0,75.319
3677,0,0,0.000,0.000,-1,0,0,0,74.769
3678,0,0,0.000,0.000,-1,0,0,0,91.606
3679,0,0,0.000,0.000,-1,0,0,0,73.735
3680,0,1,95.512,100.608,-1,0,0,0,75.685
3681,0,0,0.000,0.000,-1,0,0,0,76.711
3682,0,0,0.000,0.000,-1,0,0,0,72.407
3683,0,0,0.000,0.000,-1,0,0,0,80.290
3684,0,0,0.000,0.000,-1,0,0,0,92.963
3685,0,0,0.000,0.000,-1,0,0,0,73.190
3686,0,0,0.000,0.000,-1,0,0,0,80.046
3687,0,0,0.000,0.000,-1,0,0,0,79.727
3688,0,0,0.000,0.000,-1,0,0,0,77.217
3689,0,0,0.000,0.000,-1,0,0,0,74.723
3690,0,0,0.000,0.000,-1,0,0,0,91.564
3691,0,0,0.000,0.000,-1,0,0,0,77.628
3692,0,0,0.000,0.000,-1,0,0,0,76.738
3693,0,0,0.000,0.000,-1,0,0,0,77.658
3694,0,0,0.000,0.000,-1,0,0,0,74.982
3695,0,0,0.000,0.000,-1,0,0,0,78.628
3696,0,0,0.000,0.000,-1,0,0,0,90.420
3697,0,0,0.000,0.000,-1,0,0,0,75.354
3698,0,0,0.000,0.000,-1,0,0,0,75.614
3699,0,0,0.000,0.000,-1,0,0,0,75.818
3700,0,0,0.000,0.000,-1,0,0,0,75.942
3701,0,0,0.000,0.000,-1,0,0,0,76.845
3702,0,0,0.000,0.000,-1,0,0,0,92.640
3703,0,0,0.000,0.000,-1,0,0,0,76.896
3704,0,0,0.000,0.000,-1,0,0,0,78.309
3705,0,0,0.000,0.000,-1,0,0,0,75.135
3706,0,0,0.000,0.000,-1,0,0,0,78.699
3707,0,0,0.000,0.000,-1,0,0,0,73.080
3708,0,0,0.000,0.000,-1,0,0,0,90.070
3709,0,0,0.000,0.000,-1,0,0,0,80.125
3710,0,0,0.000,0.000,-1,0,0,0,74.929
3711,0,0,0.000,0.000,-1,0,0,0,79.881
3712,0,1,94.873,99.760,-1,0,0,0,76.055
3713,0,0,0.000,0.000,-1,0,0,0,75.093
3714,0,0,0.000,0.000,-1,0,0,0,89.998
3715,0,0,0.000,0.000,-1,0,0,0,80.125
3716,0,0,0.000,0.000,-1,0,0,0,85.171
3717,0,0,0.000,0.000,-1,0,0,0,89.596
3718,0,0,0.000,0.000,-1,0,0,0,89.004
3719,0,0,0.000,0.000,-1,0,0,0,79.085
3720,0,0,0.000,0.000,-1,0,0,0,94.252
3721,0,0,0.000,0.000,-1,0,0,0,81.173
3722,0,0,0.000,0.000,-1,0,0,0,78.580
3723,0,0,0.000,0.000,-1,0,0,0,79.163
3724,0,0,0.000,0.000,-1,0,0,0,77.856
3725,0,0,0.000,0.000,-1,0,0,0,76.917
3726,0,0,0.000,0.000,-1,0,0,0,91.435
3727,0,0,0.000,0.000,-1,0,0,0,83.402
3728,0,0,0.000,0.000,-1,0,0,0,85.592
3729,0,0,0.000,0.000,-1,0,0,0,84.623
3730,0,0,0.000,0.000,-1,0,0,0,80.206
3731,0,0,0.000,0.000,-1,0,0,0,75.719
3732,0,0,0.000,0.000,-1,0,0,0,90.284
3733,0,0,0.000,0.000,-1,0,0,0,81.477
3734,0,0,0.000,0.000,-1,0,0,0,77.911
3735,0,0,0.000,0.000,-1,0,0,0,74.470
3736,0,0,0.000,0.000,-1,0,0,0,77.610
3737,0,0,0.000,0.000,-1,0,0,0,81.181
3738,0,0,0.000,0.000,-1,0,0,0,91.466
3739,0,0,0.000,0.000,-1,0,0,0,78.059
3740,0,0,0.000,0.000,-1,0,0,0,78.525
3741,0,0,0.000,0.000,-1,0,0,0,77.666
3742,0,0,0.000,0.000,-1,0,0,0,74.479
3743,0,0,0.000,0.000,-1,0,0,0,83.830
3744,0,1,99.440,104.337,-1,0,0,0,100.403
3745,0,0,0.000,0.000,-1,0,0,0,86.040
3746,0,0,0.000,0.000,-1,0,0,0,88.331
3747,0,0,0.000,0.000,-1,0,0,0,90.990
3748,0,0,0.000,0.000,-1,0,0,0,85.672
3749,0,0,0.000,0.000,-1,0,0,0,83.799
3750,0,0,0.000,0.000,-1,0,0,0,98.902
3751,0,0,0.000,0.000,-1,0,0,0,83.719
3752,0,0,0.000,0.000,-1,0,0,0,88.246
3753,0,0,0.000,0.000,-1,0,0,0,89.980
3754,0,0,0.000,0.000,-1,0,0,0,86.757
3755,0,0,0.000,0.000,-1,0,0,0,87.553
3756,0,0,0.000,0.000,-1,0,0,0,101.109
3757,0,0,0.000,0.000,-1,0,0,0,88.056
3758,0,0,0.000,0.000,-1,0,0,0,88.452
3759,0,0,0.000,0.000,-1,0,0,0,89.782
3760,0,0,0.000,0.000,-1,0,0,0,92.954
3761,0,0,0.000,0.000,-1,0,0,0,86.740
3762,0,0,0.000,0.000,-1,0,0,0,95.552
3763,0,0,0.000,0.000,-1,0,0,0,81.771
3764,0,0,0.000,0.000,-1,0,0,0,81.600
3765,0,0,0.000,0.000,-1,0,0,0,83.121
3766,0,0,0.000,0.000,-1,0,0,0,82.477
3767,0,0,0.000,0.000,-1,0,0,0,80.777
3768,0,0,0.000,0.000,-1,0,0,0,97.614
3769,0,0,0.000,0.000,-1,0,0,0,82.629
3770,0,0,0.000,0.000,-1,0,0,0,80.084
3771,0,0,0.000,0.000,-1,0,0,0,77.160
3772,0,0,0.000,0.000,-1,0,0,0,81.444
3773,0,0,0.000,0.000,-1,0,0,0,80.953
3774,0,0,0.000,0.000,-1,0,0,0,94.310
3775,0,0,0.000,0.000,-1,0,0,0,76.660
3776,0,1,86.177,91.145,-1,0,0,0,78.233
3777,0,0,0.000,0.000,-1,0,0,0,76.961
3778,0,0,0.000,0.000,-1,0,0,0,81.506
3779,0,0,0.000,0.000,-1,0,0,0,75.902
3780,0,0,0.000,0.000,-1,0,0,0,111.735
3781,0,0,0.000,0.000,-1,0,0,0,76.150
3782,0,0,0.000,0.000,-1,0,0,0,74.719
3783,0,0,0.000,0.000,-1,0,0,0,71.236
3784,0,0,0.000,0.000,-1,0,0,0,77.308
3785,0,0,0.000,0.000,-1,0,0,0,76.295
3786,0,0,0.000,0.000,-1,0,0,0,91.199
3787,0,0,0.000,0.000,-1,0,0,0,75.157
3788,0,0,0.000,0.000,-1,0,0,0,97.145
3789,0,0,0.000,0.000,-1,0,0,0,71.607
3790,0,0,0.000,0.000,-1,0,0,0,78.205
3791,0,0,0.000,0.000,-1,0,0,0,74.753
3792,0,0,0.000,0.000,-1,0,0,0,114.753
3793,0,0,0.000,0.000,-1,0,0,0,83.464
3794,0,0,0.000,0.000,-1,0,0,0,85.009
3795,0,0,0.000,0.000,-1,0,0,0,82.720
3796,0,0,0.000,0.000,-1,0,0,0,89.951
3797,0,0,0.000,0.000,-1,0,0,0,118.826
3798,0,0,0.000,0.000,-1,0,0,0,99.173
3799,0,0,0.000,0.000,-1,0,0,0,84.373
3800,0,0,0.000,0.000,-1,0,0,0,80.929
3801,0,0,0.000,0.000,-1,0,0,0,87.681
3802,0,0,0.000,0.000,-1,0,0,0,89.032
3803,0,0,0.000,0.000,-1,0,0,0,92.381
3804,0,0,0.000,0.000,-1,0,0,0,91.042
3805,0,0,0.000,0.000,-1,0,0,0,83.562
3806,0,0,0.000,0.000,-1,0,0,0,75.755
3807,0,0,0.000,0.000,-1,0,0,0,80.455
3808,0,1,88.093,92.996,-1,0,0,0,85.245
3809,0,0,0.000,0.000,-1,0,0,0,81.574
3810,0,0,0.000,0.000,-1,0,0,0,87.009
3811,0,0,0.000,0.000,-1,0,0,0,77.798
3812,0,0,0.000,0.000,-1,0,0,0,73.849
3813,0,0,0.000,0.000,-1,0,0,0,80.577
3814,0,0,0.000,0.000,-1,0,0,0,95.989
3815,0,0,0.000,0.000,-1,0,0,0,75.758
3816,0,0,0.000,0.000,-1,0,0,0,91.754
3817,0,0,0.000,0.000,-1,0,0,0,77.984
3818,0,0,0.000,0.000,-1,0,0,0,75.188
3819,0,0,0.000,0.000,-1,0,0,0,77.007
3820,0,0,0.000,0.000,-1,0,0,0,78.366
3821,0,0,0.000,0.000,-1,0,0,0,79.400
3822,0,0,0.000,0.000,-1,0,0,0,96.665
3823,0,0,0.000,0.000,-1,0,0,0,80.435
3824,0,0,0.000,0.000,-1,0,0,0,76.385
3825,0,0,0.000,0.000,-1,0,0,0,77.811
3826,0,0,0.000,0.000,-1,0,0,0,77.068
3827,0,0,0.000,0.000,-1,0,0,0,74.605
3828,0,0,0.000,0.000,-1,0,0,0,92.020
3829,0,0,0.000,0.000,-1,0,0,0,79.548
3830,0,0,0.000,0.000,-1,0,0,0,81.000
3831,0,0,0.000,0.000,-1,0,0,0,80.857
3832,0,0,0.000,0.000,-1,0,0,0,79.843
3833,0,0,0.000,0.000,-1,0,0,0,75.801
3834,0,0,0.000,0.000,-1,0,0,0,87.356
3835,0,0,0.000,0.000,-1,0,0,0,75.909
3836,0,0,0.000,0.000,-1,0,0,0,80.088
3837,0,0,0.000,0.000,-1,0,0,0,79.581
3838,0,0,0.000,0.000,-1,0,0,0,79.920
3839,0,0,0.000,0.000,-1,0,0,0,84.419
3840,0,1,85.461,91.018,-1,0,0,0,94.854
3841,0,0,0.000,0.000,-1,0,0,0,81.102
3842,0,0,0.000,0.000,-1,0,0,0,80.076
3843,0,0,0.000,0.000,-1,0,0,0,76.499
3844,0,0,0.000,0.000,-1,0,0,0,76.912
3845,0,0,0.000,0.000,-1,0,0,0,75.295
3846,0,0,0.000,0.000,-1,0,0,0,91.497
3847,0,0,0.000,0.000,-1,0,0,0,76.945
3848,0,0,0.000,0.000,-1,0,0,0,76.277
3849,0,0,0.000,0.000,-1,0,0,0,78.814
3850,0,0,0.000,0.000,-1,0,0,0,77.715
3851,0,0,0.000,0.000,-1,0,0,0,71.304
3852,0,0,0.000,0.000,-1,0,0,0,92.658
3853,0,0,0.000,0.000,-1,0,0,0,78.948
3854,0,0,0.000,0.000,-1,0,0,0,74.317
3855,0,0,0.000,0.000,-1,0,0,0,74.196
3856,0,0,0.000,0.000,-1,0,0,0,77.815
3857,0,0,0.000,0.000,-1,0,0,0,79.137
3858,0,0,0.000,0.000,-1,0,0,0,89.378
3859,0,0,0.000,0.000,-1,0,0,0,73.245
3860,0,0,0.000,0.000,-1,0,0,0,74.615
3861,0,0,0.000,0.000,-1,0,0,0,73.996
3862,0,0,0.000,0.000,-1,0,0,0,73.807
3863,0,0,0.000,0.000,-1,0,0,0,75.753
3864,0,0,0.000,0.000,-1,0,0,0,87.323
3865,0,0,0.000,0.000,-1,0,0,0,72.192
3866,0,0,0.000,0.000,-1,0,0,0,71.365
3867,0,0,0.000,0.000,-1,0,0,0,75.016
3868,0,0,0.000,0.000,-1,0,0,0,74.438
3869,0,0,0.000,0.000,-1,0,0,0,72.112
3870,0,0,0.000,0.000,-1,0,0,0,88.519
3871,0,0,0.000,0.000,-1,0,0,0,71.737
3872,0,1,89.760,94.247,-1,0,0,0,75.502
3873,0,0,0.000,0.000,-1,0,0,0,78.904
3874,0,0,0.000,0.000,-1,0,0,0,75.526
3875,0,0,0.000,0.000,-1,0,0,0,72.445
3876,0,0,0.000,0.000,-1,0,0,0,88.420
3877,0,0,0.000,0.000,-1,0,0,0,72.418
3878,0,0,0.000,0.000,-1,0,0,0,73.237
3879,0,0,0.000,0.000,-1,0,0,0,72.749
3880,0,0,0.000,0.000,-1,0,0,0,75.163
3881,0,0,0.000,0.000,-1,0,0,0,73.235
3882,0,0,0.000,0.000,-1,0,0,0,88.358
3883,0,0,0.000,0.000,-1,0,0,0,72.297
3884,0,0,0.000,0.000,-1,0,0,0,72.376
3885,0,0,0.000,0.000,-1,0,0,0,72.654
3886,0,0,0.000,0.000,-1,0,0,0,74.440
3887,0,0,0.000,0.000,-1,0,0,0,77.322
3888,0,0,0.000,0.000,-1,0,0,0,85.088
3889,0,0,0.000,0.000,-1,0,0,0,75.795
3890,0,0,0.000,0.000,-1,0,0,0,74.328
3891,0,0,0.000,0.000,-1,0,0,0,73.441
3892,0,0,0.000,0.000,-1,0,0,0,78.141
3893,0,0,0.000,0.000,-1,0,0,0,75.011
3894,0,0,0.000,0.000,-1,0,0,0,87.070
3895,0,0,0.000,0.000,-1,0,0,0,75.421
3896,0,0,0.000,0.000,-1,0,0,0,73.503
3897,0,0,0.000,0.000,-1,0,0,0,77.073
3898,0,0,0.000,0.000,-1,0,0,0,75.776
3899,0,0,0.000,0.000,-1,0,0,0,76.167
3900,0,0,0.000,0.000,-1,0,0,0,83.775
3901,0,0,0.000,0.000,-1,0,0,0,75.275
3902,0,0,0.000,0.000,-1,0,0,0,70.665
3903,0,0,0.000,0.000,-1,0,0,0,73.694
3904,0,1,88.556,93.274,-1,0,0,0,75.102
3905,0,0,0.000,0.000,-1,0,0,0,76.886
3906,0,0,0.000,0.000,-1,0,0,0,89.382
3907,0,0,0.000,0.000,-1,0,0,0,73.983
3908,0,0,0.000,0.000,-1,0,0,0,77.908
3909,0,0,0.000,0.000,-1,0,0,0,74.422
3910,0,0,0.000,0.000,-1,0,0,0,74.069
3911,0,0,0.000,0.000,-1,0,0,0,72.339
3912,0,0,0.000,0.000,-1,0,0,0,87.600
3913,0,0,0.000,0.000,-1,0,0,0,73.108
3914,0,0,0.000,0.000,-1,0,0,0,76.176
3915,0,0,0.000,0.000,-1,0,0,0,74.811
3916,0,0,0.000,0.000,-1,0,0,0,72.018
3917,0,0,0.000,0.000,-1,0,0,0,73.565
3918,0,0,0.000,0.000,-1,0,0,0,89.904
3919,0,0,0.000,0.000,-1,0,0,0,73.034
3920,0,0,0.000,0.000,-1,0,0,0,73.498
3921,0,0,0.000,0.000,-1,0,0,0,75.639
3922,0,0,0.000,0.000,-1,0,0,0,73.138
3923,0,0,0.000,0.000,-1,0,0,0,76.939
3924,0,0,0.000,0.000,-1,0,0,0,86.440
3925,0,0,0.000,0.000,-1,0,0,0,73.057
3926,0,0,0.000,0.000,-1,0,0,0,75.906
3927,0,0,0.000,0.000,-1,0,0,0,76.088
3928,0,0,0.000,0.000,-1,0,0,0,77.983
3929,0,0,0.000,0.000,-1,0,0,0,73.724
3930,0,0,0.000,0.000,-1,0,0,0,94.283
3931,0,0,0.000,0.000,-1,0,0,0,80.119
3932,0,0,0.000,0.000,-1,0,0,0,75.138
3933,0,0,0.000,0.000,-1,0,0,0,74.576
3934,0,0,0.000,0.000,-1,0,0,0,76.093
3935,0,0,0.000,0.000,-1,0,0,0,72.695
3936,0,1,84.100,87.879,-1,0,0,0,84.504
3937,0,0,0.000,0.000,-1,0,0,0,75.025
3938,0,0,0.000,0.000,-1,0,0,0,74.448
3939,0,0,0.000,0.000,-1,0,0,0,71.045
3940,0,0,0.000,0.000,-1,0,0,0,75.438
3941,0,0,0.000,0.000,-1,0,0,0,75.080
3942,0,0,0.000,0.000,-1,0,0,0,88.181
3943,0,0,0.000,0.000,-1,0,0,0,71.396
3944,0,0,0.000,0.000,-1,0,0,0,75.365
3945,0,0,0.000,0.000,-1,0,0,0,75.230
3946,0,0,0.000,0.000,-1,0,0,0,77.238
3947,0,0,0.000,0.000,-1,0,0,0,74.327
3948,0,0,0.000,0.000,-1,0,0,0,88.244
3949,0,0,0.000,0.000,-1,0,0,0,73.497
3950,0,0,0.000,0.000,-1,0,0,0,75.899
3951,0,0,0.000,0.000,-1,0,0,0,75.758
3952,0,0,0.000,0.000,-1,0,0,0,73.744
3953,0,0,0.000,0.000,-1,0,0,0,75.287
3954,0,0,0.000,0.000,-1,0,0,0,84.173
3955,0,0,0.000,0.000,-1,0,0,0,73.349
3956,0,0,0.000,0.000,-1,0,0,0,78.188
3957,0,0,0.000,0.000,-1,0,0,0,75.853
3958,0,0,0.000,0.000,-1,0,0,0,77.322
3959,0,0,0.000,0.000,-1,0,0,0,75.548
3960,0,0,0.000,0.000,-1,0,0,0,90.917
3961,0,0,0.000,0.000,-1,0,0,0,73.483
3962,0,0,0.000,0.000,-1,0,0,0,77.792
3963,0,0,0.000,0.000,-1,0,0,0,72.812
3964,0,0,0.000,0.000,-1,0,0,0,74.615
3965,0,0,0.000,0.000,-1,0,0,0,84.404
3966,0,0,0.000,0.000,-1,0,0,0,93.003
3967,0,0,0.000,0.000,-1,0,0,0,76.595
3968,0,1,88.784,93.104,-1,0,0,0,75.812
3969,0,0,0.000,0.000,-1,0,0,0,77.221
3970,0,0,0.000,0.000,-1,0,0,0,72.693
3971,0,0,0.000,0.000,-1,0,0,0,74.724
3972,0,0,0.000,0.000,-1,0,0,0,87.799
3973,0,0,0.000,0.000,-1,0,0,0,73.078
3974,0,0,0.000,0.000,-1,0,0,0,73.357
3975,0,0,0.000,0.000,-1,0,0,0,73.225
3976,0,0,0.000,0.000,-1,0,0,0,73.455
3977,0,0,0.000,0.000,-1,0,0,0,74.951
3978,0,0,0.000,0.000,-1,0,0,0,88.252
3979,0,0,0.000,0.000,-1,0,0,0,73.801
3980,0,0,0.000,0.000,-1,0,0,0,77.189
3981,0,0,0.000,0.000,-1,0,0,0,74.598
3982,0,0,0.000,0.000,-1,0,0,0,73.177
3983,0,0,0.000,0.000,-1,0,0,0,77.993
3984,0,0,0.000,0.000,-1,0,0,0,87.647
3985,0,0,0.000,0.000,-1,0,0,0,72.842
3986,0,0,0.000,0.000,-1,0,0,0,76.120
3987,0,0,0.000,0.000,-1,0,0,0,73.548
3988,0,0,0.000,0.000,-1,0,0,0,77.105
3989,0,0,0.000,0.000,-1,0,0,0,72.885
3990,0,0,0.000,0.000,-1,0,0,0,89.649
3991,0,0,0.000,0.000,-1,0,0,0,76.570
3992,0,0,0.000,0.000,-1,0,0,0,75.513
3993,0,0,0.000,0.000,-1,0,0,0,74.669
3994,0,0,0.000,0.000,-1,0,0,0,74.770
3995,0,0,0.000,0.000,-1,0,0,0,72.933
3996,0,0,0.000,0.000,-1,0,0,0,87.771
3997,0,0,0.000,0.000,-1,0,0,0,72.497
3998,0,0,0.000,0.000,-1,0,0,0,70.919
3999,0,0,0.000,0.000,-1,0,0,0,75.841
4000,0,1,90.147,95.308,-1,0,0,0,72.664
4001,0,0,0.000,0.000,-1,0,0,0,73.602
4002,0,0,0.000,0.000,-1,0,0,0,84.274
4003,0,0,0.000,0.000,-1,0,0,0,74.040
4004,0,0,0.000,0.000,-1,0,0,0,74.527
4005,0,0,0.000,0.000,-1,0,0,0,75.664
4006,0,0,0.000,0.000,-1,0,0,0,77.071
4007,0,0,0.000,0.000,-1,0,0,0,73.705
4008,0,0,0.000,0.000,-1,0,0,0,85.719
4009,0,0,0.000,0.000,-1,0,0,0,72.137
4010,0,0,0.000,0.000,-1,0,0,0,73.862
4011,0,0,0.000,0.000,-1,0,0,0,74.431
4012,0,0,0.000,0.000,-1,0,0,0,77.205
4013,0,0,0.000,0.000,-1,0,0,0,77.876
4014,0,0,0.000,0.000,-1,0,0,0,84.957
4015,0,0,0.000,0.000,-1,0,0,0,72.343
4016,0,0,0.000,0.000,-1,0,0,0,74.130
4017,0,0,0.000,0.000,-1,0,0,0,75.406
4018,0,0,0.000,0.000,-1,0,0,0,73.430
4019,0,0,0.000,0.000,-1,0,0,0,79.714
4020,0,0,0.000,0.000,-1,0,0,0,86.453
4021,0,0,0.000,0.000,-1,0,0,0,73.678
4022,0,0,0.000,0.000,-1,0,0,0,73.138
4023,0,0,0.000,0.000,-1,0,0,0,73.690
4024,0,0,0.000,0.000,-1,0,0,0,72.253
4025,0,0,0.000,0.000,-1,0,0,0,74.116
4026,0,0,0.000,0.000,-1,0,0,0,84.757
4027,0,0,0.000,0.000,-1,0,0,0,71.530
4028,0,0,0.000,0.000,-1,0,0,0,72.604
4029,0,0,0.000,0.000,-1,0,0,0,71.451
4030,0,0,0.000,0.000,-1,0,0,0,74.637
4031,0,0,0.000,0.000,-1,0,0,0,76.741
4032,0,1,83.917,87.726,-1,0,0,0,84.543
4033,0,0,0.000,0.000,-1,0,0,0,72.967
4034,0,0,0.000,0.000,-1,0,0,0,72.646
4035,0,0,0.000,0.000,-1,0,0,0,74.871
4036,0,0,0.000,0.000,-1,0,0,0,72.609
4037,0,0,0.000,0.000,-1,0,0,0,73.925
4038,0,0,0.000,0.000,-1,0,0,0,85.369
4039,0,0,0.000,0.000,-1,0,0,0,73.696
4040,0,0,0.000,0.000,-1,0,0,0,76.191
4041,0,0,0.000,0.000,-1,0,0,0,76.193
4042,0,0,0.000,0.000,-1,0,0,0,90.515
4043,0,0,0.000,0.000,-1,0,0,0,73.700
4044,0,0,0.000,0.000,-1,0,0,0,83.836
4045,0,0,0.000,0.000,-1,0,0,0,75.533
4046,0,0,0.000,0.000,-1,0,0,0,70.901
4047,0,0,0.000,0.000,-1,0,0,0,77.675
4048,0,0,0.000,0.000,-1,0,0,0,75.320
4049,0,0,0.000,0.000,-1,0,0,0,74.249
4050,0,0,0.000,0.000,-1,0,0,0,87.315
4051,0,0,0.000,0.000,-1,0,0,0,74.363
4052,0,0,0.000,0.000,-1,0,0,0,72.995
4053,0,0,0.000,0.000,-1,0,0,0,72.861
4054,0,0,0.000,0.000,-1,0,0,0,75.483
4055,0,0,0.000,0.000,-1,0,0,0,74.901
4056,0,0,0.000,0.000,-1,0,0,0,84.068
4057,0,0,0.000,0.000,-1,0,0,0,75.567
4058,0,0,0.000,0.000,-1,0,0,0,75.124
4059,0,0,0.000,0.000,-1,0,0,0,75.934
4060,0,0,0.000,0.000,-1,0,0,0,74.645
4061,0,0,0.000,0.000,-1,0,0,0,75.416
4062,0,0,0.000,0.000,-1,0,0,0,85.257
4063,0,0,0.000,0.000,-1,0,0,0,71.615
4064,0,1,90.732,95.440,-1,0,0,0,71.786
4065,0,0,0.000,0.000,-1,0,0,0,76.346
4066,0,0,0.000,0.000,-1,0,0,0,75.732
4067,0,0,0.000,0.000,-1,0,0,0,73.919
4068,0,0,0.000,0.000,-1,0,0,0,86.584
4069,0,0,0.000,0.000,-1,0,0,0,74.541
4070,0,0,0.000,0.000,-1,0,0,0,74.113
4071,0,0,0.000,0.000,-1,0,0,0,75.286
4072,0,0,0.000,0.000,-1,0,0,0,74.918
4073,0,0,0.000,0.000,-1,0,0,0,77.780
4074,0,0,0.000,0.000,-1,0,0,0,85.919
4075,0,0,0.000,0.000,-1,0,0,0,75.389
4076,0,0,0.000,0.000,-1,0,0,0,73.353
4077,0,0,0.000,0.000,-1,0,0,0,74.357
4078,0,0,0.000,0.000,-1,0,0,0,75.133
4079,0,0,0.000,0.000,-1,0,0,0,73.628
4080,0,0,0.000,0.000,-1,0,0,0,87.815
4081,0,0,0.000,0.000,-1,0,0,0,78.054
4082,0,0,0.000,0.000,-1,0,0,0,73.233
4083,0,0,0.000,0.000,-1,0,0,0,75.258
4084,0,0,0.000,0.000,-1,0,0,0,74.335
4085,0,0,0.000,0.000,-1,0,0,0,75.615
4086,0,0,0.000,0.000,-1,0,0,0,85.026
4087,0,0,0.000,0.000,-1,0,0,0,75.244
4088,0,0,0.000,0.000,-1,0,0,0,73.650
4089,0,0,0.000,0.000,-1,0,0,0,73.143
4090,0,0,0.000,0.000,-1,0,0,0,73.869
4091,0,0,0.000,0.000,-1,0,0,0,73.384
4092,0,0,0.000,0.000,-1,0,0,0,87.308
4093,0,0,0.000,0.000,-1,0,0,0,75.416
4094,0,0,0.000,0.000,-1,0,0,0,74.499
4095,0,0,0.000,0.000,-1,0,0,0,72.739
4096,0,1,89.116,94.113,-1,0,0,0,74.057
4097,0,0,0.000,0.000,-1,0,0,0,73.211
4098,0,0,0.000,0.000,-1,0,0,0,85.850
4099,0,0,0.000,0.000,-1,0,0,0,72.731
4100,0,0,0.000,0.000,-1,0,0,0,73.844
4101,0,0,0.000,0.000,-1,0,0,0,72.960
4102,0,0,0.000,0.000,-1,0,0,0,74.751
4103,0,0,0.000,0.000,-1,0,0,0,72.400
4104,0,0,0.000,0.000,-1,0,0,0,83.361
4105,0,0,0.000,0.000,-1,0,0,0,72.687
4106,0,0,0.000,0.000,-1,0,0,0,73.298
4107,0,0,0.000,0.000,-1,0,0,0,73.896
4108,0,0,0.000,0.000,-1,0,0,0,73.840
4109,0,0,0.000,0.000,-1,0,0,0,74.407
4110,0,0,0.000,0.000,-1,0,0,0,85.776
4111,0,0,0.000,0.000,-1,0,0,0,74.965
4112,0,0,0.000,0.000,-1,0,0,0,74.204
4113,0,0,0.000,0.000,-1,0,0,0,71.720
4114,0,0,0.000,0.000,-1,0,0,0,75.001
4115,0,0,0.000,0.000,-1,0,0,0,73.969
4116,0,0,0.000,0.000,-1,0,0,0,84.107
4117,0,0,0.000,0.000,-1,0,0,0,75.016
4118,0,0,0.000,0.000,-1,0,0,0,72.129
4119,0,0,0.000,0.000,-1,0,0,0,71.509
4120,0,0,0.000,0.000,-1,0,0,0,72.762
4121,0,0,0.000,0.000,-1,0,0,0,71.150
4122,0,0,0.000,0.000,-1,0,0,0,84.130
4123,0,0,0.000,0.000,-1,0,0,0,74.654
4124,0,0,0.000,0.000,-1,0,0,0,74.313
4125,0,0,0.000,0.000,-1,0,0,0,73.176
4126,0,0,0.000,0.000,-1,0,0,0,73.607
4127,0,0,0.000,0.000,-1,0,0,0,74.840
4128,0,1,84.206,89.417,-1,0,0,0,83.921
4129,0,0,0.000,0.000,-1,0,0,0,72.413
4130,0,0,0.000,0.000,-1,0,0,0,76.570
4131,0,0,0.000,0.000,-1,0,0,0,71.234
4132,0,0,0.000,0.000,-1,0,0,0,74.627
4133,0,0,0.000,0.000,-1,0,0,0,79.344
4134,0,0,0.000,0.000,-1,0,0,0,88.594
4135,0,0,0.000,0.000,-1,0,0,0,73.089
4136,0,0,0.000,0.000,-1,0,0,0,74.973
4137,0,0,0.000,0.000,-1,0,0,0,75.009
4138,0,0,0.000,0.000,-1,0,0,0,75.565
4139,0,0,0.000,0.000,-1,0,0,0,76.136
4140,0,0,0.000,0.000,-1,0,0,0,86.919
4141,0,0,0.000,0.000,-1,0,0,0,76.360
4142,0,0,0.000,0.000,-1,0,0,0,75.287
4143,0,0,0.000,0.000,-1,0,0,0,74.406
4144,0,0,0.000,0.000,-1,0,0,0,74.210
4145,0,0,0.000,0.000,-1,0,0,0,73.574
4146,0,0,0.000,0.000,-1,0,0,0,82.392
4147,0,0,0.000,0.000,-1,0,0,0,75.650
4148,0,0,0.000,0.000,-1,0,0,0,72.858
4149,0,0,0.000,0.000,-1,0,0,0,72.715
4150,0,0,0.000,0.000,-1,0,0,0,71.213
4151,0,0,0.000,0.000,-1,0,0,0,76.125
4152,0,0,0.000,0.000,-1,0,0,0,90.472
4153,0,0,0.000,0.000,-1,0,0,0,77.751
4154,0,0,0.000,0.000,-1,0,0,0,75.141
4155,0,0,0.000,0.000,-1,0,0,0,79.777
4156,0,0,0.000,0.000,-1,0,0,0,72.631
4157,0,0,0.000,0.000,-1,0,0,0,75.534
4158,0,0,0.000,0.000,-1,0,0,0,86.094
4159,0,0,0.000,0.000,-1,0,0,0,73.672
4160,0,1,89.848,94.872,-1,0,0,0,76.457
4161,0,0,0.000,0.000,-1,0,0,0,73.093
4162,0,0,0.000,0.000,-1,0,0,0,72.407
4163,0,0,0.000,0.000,-1,0,0,0,73.727
4164,0,0,0.000,0.000,-1,0,0,0,84.922
4165,0,0,0.000,0.000,-1,0,0,0,70.886
4166,0,0,0.000,0.000,-1,0,0,0,73.046
4167,0,0,0.000,0.000,-1,0,0,0,76.652
4168,0,0,0.000,0.000,-1,0,0,0,73.827
4169,0,0,0.000,0.000,-1,0,0,0,72.163
4170,0,0,0.000,0.000,-1,0,0,0,85.224
4171,0,0,0.000,0.000,-1,0,0,0,74.723
4172,0,0,0.000,0.000,-1,0,0,0,74.704
4173,0,0,0.000,0.000,-1,0,0,0,74.949
4174,0,0,0.000,0.000,-1,0,0,0,71.634
4175,0,0,0.000,0.000,-1,0,0,0,73.844
4176,0,0,0.000,0.000,-1,0,0,0,86.013
4177,0,0,0.000,0.000,-1,0,0,0,72.472
4178,0,0,0.000,0.000,-1,0,0,0,72.892
4179,0,0,0.000,0.000,-1,0,0,0,75.863
4180,0,0,0.000,0.000,-1,0,0,0,74.344
4181,0,0,0.000,0.000,-1,0,0,0,73.676
4182,0,0,0.000,0.000,-1,0,0,0,85.860
4183,0,0,0.000,0.000,-1,0,0,0,78.238
4184,0,0,0.000,0.000,-1,0,0,0,75.281
4185,0,0,0.000,0.000,-1,0,0,0,72.493
4186,0,0,0.000,0.000,-1,0,0,0,72.541
4187,0,0,0.000,0.000,-1,0,0,0,75.378
4188,0,0,0.000,0.000,-1,0,0,0,83.631
4189,0,0,0.000,0.000,-1,0,0,0,76.136
4190,0,0,0.000,0.000,-1,0,0,0,73.917
4191,0,0,0.000,0.000,-1,0,0,0,76.092
4192,0,1,90.735,96.092,-1,0,0,0,71.830
4193,0,0,0.000,0.000,-1,0,0,0,75.330
4194,0,0,0.000,0.000,-1,0,0,0,82.829
4195,0,0,0.000,0.000,-1,0,0,0,72.158
4196,0,0,0.000,0.000,-1,0,0,0,74.768
4197,0,0,0.000,0.000,-1,0,0,0,73.668
4198,0,0,0.000,0.000,-1,0,0,0,80.578
4199,0,0,0.000,0.000,-1,0,0,0,75.996
4200,0,0,0.000,0.000,-1,0,0,0,86.131
4201,0,0,0.000,0.000,-1,0,0,0,75.566
4202,0,0,0.000,0.000,-1,0,0,0,658.292
4203,0,0,0.000,0.000,-1,0,0,0,96.734
4204,0,0,0.000,0.000,-1,0,0,0,95.026
4205,0,0,0.000,0.000,-1,0,0,0,84.900
4206,0,0,0.000,0.000,-1,0,0,0,93.124
4207,0,0,0.000,0.000,-1,0,0,0,85.113
4208,0,0,0.000,0.000,-1,0,0,0,81.687
4209,0,0,0.000,0.000,-1,0,0,0,81.841
4210,0,0,0.000,0.000,-1,0,0,0,81.437
4211,0,0,0.000,0.000,-1,0,0,0,81.916
4212,0,0,0.000,0.000,-1,0,0,0,91.604
4213,0,0,0.000,0.000,-1,0,0,0,80.459
4214,0,0,0.000,0.000,-1,0,0,0,83.603
4215,0,0,0.000,0.000,-1,0,0,0,79.350
4216,0,0,0.000,0.000,-1,0,0,0,82.060
4217,0,0,0.000,0.000,-1,0,0,0,81.663
4218,0,0,0.000,0.000,-1,0,0,0,96.016
4219,0,0,0.000,0.000,-1,0,0,0,80.819
4220,0,0,0.000,0.000,-1,0,0,0,81.117
4221,0,0,0.000,0.000,-1,0,0,0,79.923
4222,0,0,0.000,0.000,-1,0,0,0,81.239
4223,0,0,0.000,0.000,-1,0,0,0,80.470
4224,0,1,87.431,92.623,-1,0,0,0,91.426
4225,0,0,0.000,0.000,-1,0,0,0,78.813
4226,0,0,0.000,0.000,-1,0,0,0,80.121
4227,0,0,0.000,0.000,-1,0,0,0,78.966
4228,0,0,0.000,0.000,-1,0,0,0,82.956
4229,0,0,0.000,0.000,-1,0,0,0,78.423
4230,0,0,0.000,0.000,-1,0,0,0,124.683
4231,0,0,0.000,0.000,-1,0,0,0,135.123
4232,0,0,0.000,0.000,-1,0,0,0,83.225
4233,0,0,0.000,0.000,-1,0,0,0,135.412
4234,0,0,0.000,0.000,-1,0,0,0,89.690
4235,0,0,0.000,0.000,-1,0,0,0,91.629
4236,0,0,0.000,0.000,-1,0,0,0,92.446
4237,0,0,0.000,0.000,-1,0,0,0,82.063
4238,0,0,0.000,0.000,-1,0,0,0,81.027
4239,0,0,0.000,0.000,-1,0,0,0,79.208
4240,0,0,0.000,0.000,-1,0,0,0,81.402
4241,0,0,0.000,0.000,-1,0,0,0,81.102
4242,0,0,0.000,0.000,-1,0,0,0,91.292
4243,0,0,0.000,0.000,-1,0,0,0,78.716
4244,0,0,0.000,0.000,-1,0,0,0,78.974
4245,0,0,0.000,0.000,-1,0,0,0,79.802
4246,0,0,0.000,0.000,-1,0,0,0,79.034
4247,0,0,0.000,0.000,-1,0,0,0,78.980
4248,0,0,0.000,0.000,-1,0,0,0,91.962
4249,0,0,0.000,0.000,-1,0,0,0,81.059
4250,0,0,0.000,0.000,-1,0,0,0,78.288
4251,0,0,0.000,0.000,-1,0,0,0,77.871
4252,0,0,0.000,0.000,-1,0,0,0,82.282
4253,0,0,0.000,0.000,-1,0,0,0,77.829
4254,0,0,0.000,0.000,-1,0,0,0,90.907
4255,0,0,0.000,0.000,-1,0,0,0,76.986
4256,0,1,96.506,101.162,-1,0,0,0,78.303
4257,0,0,0.000,0.000,-1,0,0,0,107.788
4258,0,0,0.000,0.000,-1,0,0,0,92.754
4259,0,0,0.000,0.000,-1,0,0,0,84.963
4260,0,0,0.000,0.000,-1,0,0,0,91.247
4261,0,0,0.000,0.000,-1,0,0,0,85.825
4262,0,0,0.000,0.000,-1,0,0,0,81.678
4263,0,0,0.000,0.000,-1,0,0,0,80.808
4264,0,0,0.000,0.000,-1,0,0,0,83.498
4265,0,0,0.000,0.000,-1,0,0,0,80.236
4266,0,0,0.000,0.000,-1,0,0,0,91.997
4267,0,0,0.000,0.000,-1,0,0,0,78.869
4268,0,0,0.000,0.000,-1,0,0,0,80.094
4269,0,0,0.000,0.000,-1,0,0,0,78.758
4270,0,0,0.000,0.000,-1,0,0,0,81.388
4271,0,0,0.000,0.000,-1,0,0,0,78.423
4272,0,0,0.000,0.000,-1,0,0,0,88.963
4273,0,0,0.000,0.000,-1,0,0,0,78.332
4274,0,0,0.000,0.000,-1,0,0,0,80.528
4275,0,0,0.000,0.000,-1,0,0,0,78.654
4276,0,0,0.000,0.000,-1,0,0,0,83.991
4277,0,0,0.000,0.000,-1,0,0,0,79.223
4278,0,0,0.000,0.000,-1,0,0,0,91.027
4279,0,0,0.000,0.000,-1,0,0,0,75.782
4280,0,0,0.000,0.000,-1,0,0,0,79.807
4281,0,0,0.000,0.000,-1,0,0,0,112.963
4282,0,0,0.000,0.000,-1,0,0,0,76.541
4283,0,0,0.000,0.000,-1,0,0,0,74.781
4284,0,0,0.000,0.000,-1,0,0,0,87.021
4285,0,0,0.000,0.000,-1,0,0,0,74.154
4286,0,0,0.000,0.000,-1,0,0,0,77.144
4287,0,0,0.000,0.000,-1,0,0,0,78.231
4288,0,1,94.416,99.489,-1,0,0,0,74.509
4289,0,0,0.000,0.000,-1,0,0,0,74.502
4290,0,0,0.000,0.000,-1,0,0,0,92.992
4291,0,0,0.000,0.000,-1,0,0,0,71.441
4292,0,0,0.000,0.000,-1,0,0,0,73.217
4293,0,0,0.000,0.000,-1,0,0,0,76.239
4294,0,0,0.000,0.000,-1,0,0,0,74.275
4295,0,0,0.000,0.000,-1,0,0,0,75.708
4296,0,0,0.000,0.000,-1,0,0,0,86.465
4297,0,0,0.000,0.000,-1,0,0,0,77.653
4298,0,0,0.000,0.000,-1,0,0,0,73.895
4299,0,0,0.000,0.000,-1,0,0,0,76.878
4300,0,0,0.000,0.000,-1,0,0,0,78.401
4301,0,0,0.000,0.000,-1,0,0,0,76.306
4302,0,0,0.000,0.000,-1,0,0,0,87.191
4303,0,0,0.000,0.000,-1,0,0,0,77.602
4304,0,0,0.000,0.000,-1,0,0,0,75.115
4305,0,0,0.000,0.000,-1,0,0,0,76.012
4306,0,0,0.000,0.000,-1,0,0,0,78.080
4307,0,0,0.000,0.000,-1,0,0,0,78.626
4308,0,0,0.000,0.000,-1,0,0,0,86.746
4309,0,0,0.000,0.000,-1,0,0,0,75.073
4310,0,0,0.000,0.000,-1,0,0,0,79.674
4311,0,0,0.000,0.000,-1,0,0,0,76.046
4312,0,0,0.000,0.000,-1,0,0,0,75.270
4313,0,0,0.000,0.000,-1,0,0,0,71.666
4314,0,0,0.000,0.000,-1,0,0,0,88.285
4315,0,0,0.000,0.000,-1,0,0,0,72.886
4316,0,0,0.000,0.000,-1,0,0,0,74.021
4317,0,0,0.000,0.000,-1,0,0,0,78.782
4318,0,0,0.000,0.000,-1,0,0,0,72.921
4319,0,0,0.000,0.000,-1,0,0,0,74.186
4320,0,1,86.217,92.065,-1,0,0,0,87.138
4321,0,0,0.000,0.000,-1,0,0,0,75.659
4322,0,0,0.000,0.000,-1,0,0,0,76.715
4323,0,0,0.000,0.000,-1,0,0,0,76.979
4324,0,0,0.000,0.000,-1,0,0,0,73.985
4325,0,0,0.000,0.000,-1,0,0,0,76.487
4326,0,0,0.000,0.000,-1,0,0,0,86.009
4327,0,0,0.000,0.000,-1,0,0,0,74.762
4328,0,0,0.000,0.000,-1,0,0,0,78.047
4329,0,0,0.000,0.000,-1,0,0,0,75.517
4330,0,0,0.000,0.000,-1,0,0,0,77.539
4331,0,0,0.000,0.000,-1,0,0,0,77.983
4332,0,0,0.000,0.000,-1,0,0,0,93.884
4333,0,0,0.000,0.000,-1,0,0,0,72.592
4334,0,0,0.000,0.000,-1,0,0,0,76.713
4335,0,0,0.000,0.000,-1,0,0,0,75.129
4336,0,0,0.000,0.000,-1,0,0,0,75.242
4337,0,0,0.000,0.000,-1,0,0,0,74.056
4338,0,0,0.000,0.000,-1,0,0,0,86.047
4339,0,0,0.000,0.000,-1,0,0,0,73.876
4340,0,0,0.000,0.000,-1,0,0,0,77.792
4341,0,0,0.000,0.000,-1,0,0,0,75.286
4342,0,0,0.000,0.000,-1,0,0,0,74.821
4343,0,0,0.000,0.000,-1,0,0,0,75.552
4344,0,0,0.000,0.000,-1,0,0,0,85.057
4345,0,0,0.000,0.000,-1,0,0,0,78.711
4346,0,0,0.000,0.000,-1,0,0,0,76.906
4347,0,0,0.000,0.000,-1,0,0,0,75.133
4348,0,0,0.000,0.000,-1,0,0,0,76.352
4349,0,0,0.000,0.000,-1,0,0,0,74.625
4350,0,0,0.000,0.000,-1,0,0,0,92.894
4351,0,0,0.000,0.000,-1,0,0,0,75.659
4352,0,1,95.108,100.197,-1,0,0,0,76.113
4353,0,0,0.000,0.000,-1,0,0,0,76.702
4354,0,0,0.000,0.000,-1,0,0,0,76.093
4355,0,0,0.000,0.000,-1,0,0,0,79.331
4356,0,0,0.000,0.000,-1,0,0,0,87.029
4357,0,0,0.000,0.000,-1,0,0,0,72.709
4358,0,0,0.000,0.000,-1,0,0,0,74.828
4359,0,0,0.000,0.000,-1,0,0,0,76.974
4360,0,0,0.000,0.000,-1,0,0,0,76.444
4361,0,0,0.000,0.000,-1,0,0,0,73.191
4362,0,0,0.000,0.000,-1,0,0,0,86.834
4363,0,0,0.000,0.000,-1,0,0,0,72.927
4364,0,0,0.000,0.000,-1,0,0,0,72.940
4365,0,0,0.000,0.000,-1,0,0,0,76.823
4366,0,0,0.000,0.000,-1,0,0,0,73.421
4367,0,0,0.000,0.000,-1,0,0,0,73.785
4368,0,0,0.000,0.000,-1,0,0,0,82.959
4369,0,0,0.000,0.000,-1,0,0,0,74.307
4370,0,0,0.000,0.000,-1,0,0,0,75.719
4371,0,0,0.000,0.000,-1,0,0,0,76.017
4372,0,0,0.000,0.000,-1,0,0,0,77.034
4373,0,0,0.000,0.000,-1,0,0,0,77.400
4374,0,0,0.000,0.000,-1,0,0,0,86.979
4375,0,0,0.000,0.000,-1,0,0,0,73.636
4376,0,0,0.000,0.000,-1,0,0,0,75.934
4377,0,0,0.000,0.000,-1,0,0,0,76.536
4378,0,0,0.000,0.000,-1,0,0,0,75.354
4379,0,0,0.000,0.000,-1,0,0,0,103.148
4380,0,0,0.000,0.000,-1,0,0,0,84.250
4381,0,0,0.000,0.000,-1,0,0,0,72.899
4382,0,0,0.000,0.000,-1,0,0,0,74.844
4383,0,0,0.000,0.000,-1,0,0,0,76.736
4384,0,1,91.905,97.621,-1,0,0,0,74.304
4385,0,0,0.000,0.000,-1,0,0,0,75.593
4386,0,0,0.000,0.000,-1,0,0,0,86.391
4387,0,0,0.000,0.000,-1,0,0,0,74.825
4388,0,0,0.000,0.000,-1,0,0,0,72.775
4389,0,0,0.000,0.000,-1,0,0,0,72.740
4390,0,0,0.000,0.000,-1,0,0,0,76.322
4391,0,0,0.000,0.000,-1,0,0,0,75.963
4392,0,0,0.000,0.000,-1,0,0,0,85.451
4393,0,0,0.000,0.000,-1,0,0,0,75.688
4394,0,0,0.000,0.000,-1,0,0,0,74.846
4395,0,0,0.000,0.000,-1,0,0,0,74.986
4396,0,0,0.000,0.000,-1,0,0,0,76.321
4397,0,0,0.000,0.000,-1,0,0,0,75.296
4398,0,0,0.000,0.000,-1,0,0,0,90.125
4399,0,0,0.000,0.000,-1,0,0,0,73.105
4400,0,0,0.000,0.000,-1,0,0,0,74.768
4401,0,0,0.000,0.000,-1,0,0,0,76.343
4402,0,0,0.000,0.000,-1,0,0,0,75.305
4403,0,0,0.000,0.000,-1,0,0,0,76.751
4404,0,0,0.000,0.000,-1,0,0,0,88.180
4405,0,0,0.000,0.000,-1,0,0,0,72.601
4406,0,0,0.000,0.000,-1,0,0,0,75.702
4407,0,0,0.000,0.000,-1,0,0,0,77.297
4408,0,0,0.000,0.000,-1,0,0,0,73.631
4409,0,0,0.000,0.000,-1,0,0,0,77.199
4410,0,0,0.000,0.000,-1,0,0,0,87.979
4411,0,0,0.000,0.000,-1,0,0,0,76.749
4412,0,0,0.000,0.000,-1,0,0,0,73.643
4413,0,0,0.000,0.000,-1,0,0,0,77.609
4414,0,0,0.000,0.000,-1,0,0,0,75.839
4415,0,0,0.000,0.000,-1,0,0,0,74.086
4416,0,1,90.035,95.010,-1,0,0,0,85.438
4417,0,0,0.000,0.000,-1,0,0,0,72.418
4418,0,0,0.000,0.000,-1,0,0,0,73.550
4419,0,0,0.000,0.000,-1,0,0,0,72.647
4420,0,0,0.000,0.000,-1,0,0,0,75.322
4421,0,0,0.000,0.000,-1,0,0,0,75.823
4422,0,0,0.000,0.000,-1,0,0,0,84.868
4423,0,0,0.000,0.000,-1,0,0,0,77.885
4424,0,0,0.000,0.000,-1,0,0,0,74.358
4425,0,0,0.000,0.000,-1,0,0,0,74.514
4426,0,0,0.000,0.000,-1,0,0,0,75.420
4427,0,0,0.000,0.000,-1,0,0,0,75.399
4428,0,0,0.000,0.000,-1,0,0,0,86.901
4429,0,0,0.000,0.000,-1,0,0,0,76.673
4430,0,0,0.000,0.000,-1,0,0,0,75.489
4431,0,0,0.000,0.000,-1,0,0,0,75.465
4432,0,0,0.000,0.000,-1,0,0,0,75.046
4433,0,0,0.000,0.000,-1,0,0,0,76.899
4434,0,0,0.000,0.000,-1,0,0,0,90.739
4435,0,0,0.000,0.000,-1,0,0,0,75.111
4436,0,0,0.000,0.000,-1,0,0,0,78.566
4437,0,0,0.000,0.000,-1,0,0,0,80.317
4438,0,0,0.000,0.000,-1,0,0,0,76.661
4439,0,0,0.000,0.000,-1,0,0,0,78.836
4440,0,0,0.000,0.000,-1,0,0,0,132.838
4441,0,0,0.000,0.000,-1,0,0,0,76.896
4442,0,0,0.000,0.000,-1,0,0,0,77.826
4443,0,0,0.000,0.000,-1,0,0,0,76.073
4444,0,0,0.000,0.000,-1,0,0,0,74.651
4445,0,0,0.000,0.000,-1,0,0,0,76.661
4446,0,0,0.000,0.000,-1,0,0,0,86.588
4447,0,0,0.000,0.000,-1,0,0,0,72.863
4448,0,1,93.078,98.014,-1,0,0,0,78.057
4449,0,0,0.000,0.000,-1,0,0,0,71.852
4450,0,0,0.000,0.000,-1,0,0,0,73.516
4451,0,0,0.000,0.000,-1,0,0,0,72.844
4452,0,0,0.000,0.000,-1,0,0,0,84.876
4453,0,0,0.000,0.000,-1,0,0,0,74.376
4454,0,0,0.000,0.000,-1,0,0,0,75.444
4455,0,0,0.000,0.000,-1,0,0,0,74.544
4456,0,0,0.000,0.000,-1,0,0,0,77.812
4457,0,0,0.000,0.000,-1,0,0,0,74.821
4458,0,0,0.000,0.000,-1,0,0,0,86.479
4459,0,0,0.000,0.000,-1,0,0,0,77.041
4460,0,0,0.000,0.000,-1,0,0,0,75.644
4461,0,0,0.000,0.000,-1,0,0,0,76.977
4462,0,0,0.000,0.000,-1,0,0,0,77.987
4463,0,0,0.000,0.000,-1,0,0,0,74.102
4464,0,0,0.000,0.000,-1,0,0,0,90.172
4465,0,0,0.000,0.000,-1,0,0,0,76.783
4466,0,0,0.000,0.000,-1,0,0,0,76.881
4467,0,0,0.000,0.000,-1,0,0,0,78.387
4468,0,0,0.000,0.000,-1,0,0,0,73.144
4469,0,0,0.000,0.000,-1,0,0,0,78.139
4470,0,0,0.000,0.000,-1,0,0,0,89.350
4471,0,0,0.000,0.000,-1,0,0,0,73.474
4472,0,0,0.000,0.000,-1,0,0,0,75.053
4473,0,0,0.000,0.000,-1,0,0,0,73.499
4474,0,0,0.000,0.000,-1,0,0,0,76.159
4475,0,0,0.000,0.000,-1,0,0,0,77.254
4476,0,0,0.000,0.000,-1,0,0,0,87.746
4477,0,0,0.000,0.000,-1,0,0,0,76.449
4478,0,0,0.000,0.000,-1,0,0,0,77.537
4479,0,0,0.000,0.000,-1,0,0,0,78.869
4480,0,1,94.719,99.354,-1,0,0,0,74.511
4481,0,0,0.000,0.000,-1,0,0,0,75.996
4482,0,0,0.000,0.000,-1,0,0,0,130.824
4483,0,0,0.000,0.000,-1,0,0,0,78.906
4484,0,0,0.000,0.000,-1,0,0,0,81.177
4485,0,0,0.000,0.000,-1,0,0,0,76.396
4486,0,0,0.000,0.000,-1,0,0,0,79.799
4487,0,0,0.000,0.000,-1,0,0,0,78.686
4488,0,0,0.000,0.000,-1,0,0,0,87.709
4489,0,0,0.000,0.000,-1,0,0,0,77.217
4490,0,0,0.000,0.000,-1,0,0,0,75.488
4491,0,0,0.000,0.000,-1,0,0,0,77.411
4492,0,0,0.000,0.000,-1,0,0,0,75.368
4493,0,0,0.000,0.000,-1,0,0,0,89.066
4494,0,0,0.000,0.000,-1,0,0,0,88.578
4495,0,0,0.000,0.000,-1,0,0,0,80.962
4496,0,0,0.000,0.000,-1,0,0,0,78.030
4497,0,0,0.000,0.000,-1,0,0,0,79.606
4498,0,0,0.000,0.000,-1,0,0,0,78.569
4499,0,0,0.000,0.000,-1,0,0,0,82.111
4500,0,0,0.000,0.000,-1,0,0,0,87.260
4501,0,0,0.000,0.000,-1,0,0,0,76.215
4502,0,0,0.000,0.000,-1,0,0,0,77.845
4503,0,0,0.000,0.000,-1,0,0,0,76.966
4504,0,0,0.000,0.000,-1,0,0,0,75.239
4505,0,0,0.000,0.000,-1,0,0,0,73.455
4506,0,0,0.000,0.000,-1,0,0,0,90.402
4507,0,0,0.000,0.000,-1,0,0,0,77.243
4508,0,0,0.000,0.000,-1,0,0,0,77.612
4509,0,0,0.000,0.000,-1,0,0,0,78.543
4510,0,0,0.000,0.000,-1,0,0,0,80.657
4511,0,0,0.000,0.000,-1,0,0,0,77.286
4512,0,1,87.859,92.360,-1,0,0,0,86.885
4513,0,0,0.000,0.000,-1,0,0,0,75.285
4514,0,0,0.000,0.000,-1,0,0,0,77.372
4515,0,0,0.000,0.000,-1,0,0,0,79.605
4516,0,0,0.000,0.000,-1,0,0,0,72.415
4517,0,0,0.000,0.000,-1,0,0,0,77.270
4518,0,0,0.000,0.000,-1,0,0,0,85.985
4519,0,0,0.000,0.000,-1,0,0,0,73.882
4520,0,0,0.000,0.000,-1,0,0,0,79.383
4521,0,0,0.000,0.000,-1,0,0,0,74.104
4522,0,0,0.000,0.000,-1,0,0,0,75.441
4523,0,0,0.000,0.000,-1,0,0,0,76.410
4524,0,0,0.000,0.000,-1,0,0,0,87.173
4525,0,0,0.000,0.000,-1,0,0,0,73.718
4526,0,0,0.000,0.000,-1,0,0,0,77.397
4527,0,0,0.000,0.000,-1,0,0,0,75.727
4528,0,0,0.000,0.000,-1,0,0,0,81.395
4529,0,0,0.000,0.000,-1,0,0,0,80.379
4530,0,0,0.000,0.000,-1,0,0,0,91.309
4531,0,0,0.000,0.000,-1,0,0,0,76.211
4532,0,0,0.000,0.000,-1,0,0,0,77.654
4533,0,0,0.000,0.000,-1,0,0,0,73.265
4534,0,0,0.000,0.000,-1,0,0,0,74.145
4535,0,0,0.000,0.000,-1,0,0,0,80.394
4536,0,0,0.000,0.000,-1,0,0,0,86.978
4537,0,0,0.000,0.000,-1,0,0,0,75.512
4538,0,0,0.000,0.000,-1,0,0,0,75.375
4539,0,0,0.000,0.000,-1,0,0,0,78.449
4540,0,0,0.000,0.000,-1,0,0,0,74.659
4541,0,0,0.000,0.000,-1,0,0,0,74.116
4542,0,0,0.000,0.000,-1,0,0,0,84.207
4543,0,0,0.000,0.000,-1,0,0,0,80.025
4544,0,1,95.492,99.681,-1,0,0,0,73.847
4545,0,0,0.000,0.000,-1,0,0,0,76.481
4546,0,0,0.000,0.000,-1,0,0,0,73.688
4547,0,0,0.000,0.000,-1,0,0,0,76.742
4548,0,0,0.000,0.000,-1,0,0,0,87.318
4549,0,0,0.000,0.000,-1,0,0,0,71.660
4550,0,0,0.000,0.000,-1,0,0,0,77.553
4551,0,0,0.000,0.000,-1,0,0,0,77.021
4552,0,0,0.000,0.000,-1,0,0,0,124.997
4553,0,0,0.000,0.000,-1,0,0,0,75.493
4554,0,0,0.000,0.000,-1,0,0,0,89.553
4555,0,0,0.000,0.000,-1,0,0,0,71.976
4556,0,0,0.000,0.000,-1,0,0,0,78.567
4557,0,0,0.000,0.000,-1,0,0,0,75.888
4558,0,0,0.000,0.000,-1,0,0,0,78.477
4559,0,0,0.000,0.000,-1,0,0,0,75.674
4560,0,0,0.000,0.000,-1,0,0,0,87.900
4561,0,0,0.000,0.000,-1,0,0,0,78.271
4562,0,0,0.000,0.000,-1,0,0,0,76.027
4563,0,0,0.000,0.000,-1,0,0,0,78.830
4564,0,0,0.000,0.000,-1,0,0,0,79.522
4565,0,0,0.000,0.000,-1,0,0,0,80.182
4566,0,0,0.000,0.000,-1,0,0,0,87.814
4567,0,0,0.000,0.000,-1,0,0,0,77.049
4568,0,0,0.000,0.000,-1,0,0,0,79.141
4569,0,0,0.000,0.000,-1,0,0,0,76.813
4570,0,0,0.000,0.000,-1,0,0,0,74.556
4571,0,0,0.000,0.000,-1,0,0,0,82.079
4572,0,0,0.000,0.000,-1,0,0,0,88.523
4573,0,0,0.000,0.000,-1,0,0,0,76.901
4574,0,0,0.000,0.000,-1,0,0,0,76.753
4575,0,0,0.000,0.000,-1,0,0,0,77.334
4576,0,1,94.831,99.125,-1,0,0,0,78.623
4577,0,0,0.000,0.000,-1,0,0,0,76.006
4578,0,0,0.000,0.000,-1,0,0,0,87.841
4579,0,0,0.000,0.000,-1,0,0,0,73.855
4580,0,0,0.000,0.000,-1,0,0,0,74.016
4581,0,0,0.000,0.000,-1,0,0,0,78.225
4582,0,0,0.000,0.000,-1,0,0,0,77.289
4583,0,0,0.000,0.000,-1,0,0,0,72.865
4584,0,0,0.000,0.000,-1,0,0,0,88.636
4585,0,0,0.000,0.000,-1,0,0,0,75.163
4586,0,0,0.000,0.000,-1,0,0,0,75.888
4587,0,0,0.000,0.000,-1,0,0,0,74.855
4588,0,0,0.000,0.000,-1,0,0,0,78.474
4589,0,0,0.000,0.000,-1,0,0,0,76.401
4590,0,0,0.000,0.000,-1,0,0,0,85.277
4591,0,0,0.000,0.000,-1,0,0,0,77.432
4592,0,0,0.000,0.000,-1,0,0,0,74.307
4593,0,0,0.000,0.000,-1,0,0,0,73.583
4594,0,0,0.000,0.000,-1,0,0,0,75.497
4595,0,0,0.000,0.000,-1,0,0,0,78.155
4596,0,0,0.000,0.000,-1,0,0,0,90.958
4597,0,0,0.000,0.000,-1,0,0,0,73.302
4598,0,0,0.000,0.000,-1,0,0,0,75.421
4599,0,0,0.000,0.000,-1,0,0,0,78.567
4600,0,0,0.000,0.000,-1,0,0,0,77.907
4601,0,0,0.000,0.000,-1,0,0,0,75.460
4602,0,0,0.000,0.000,-1,0,0,0,86.310
4603,0,0,0.000,0.000,-1,0,0,0,74.839
4604,0,0,0.000,0.000,-1,0,0,0,73.726
4605,0,0,0.000,0.000,-1,0,0,0,75.637
4606,0,0,0.000,0.000,-1,0,0,0,78.132
4607,0,0,0.000,0.000,-1,0,0,0,78.378
4608,0,1,85.781,91.405,-1,0,0,0,87.163
4609,0,0,0.000,0.000,-1,0,0,0,75.646
4610,0,0,0.000,0.000,-1,0,0,0,73.942
4611,0,0,0.000,0.000,-1,0,0,0,76.057
4612,0,0,0.000,0.000,-1,0,0,0,73.535
4613,0,0,0.000,0.000,-1,0,0,0,75.277
4614,0,0,0.000,0.000,-1,0,0,0,90.409
4615,0,0,0.000,0.000,-1,0,0,0,75.294
4616,0,0,0.000,0.000,-1,0,0,0,114.620
4617,0,0,0.000,0.000,-1,0,0,0,75.425
4618,0,0,0.000,0.000,-1,0,0,0,74.772
4619,0,0,0.000,0.000,-1,0,0,0,74.467
4620,0,0,0.000,0.000,-1,0,0,0,88.370
4621,0,0,0.000,0.000,-1,0,0,0,75.026
4622,0,0,0.000,0.000,-1,0,0,0,76.479
4623,0,0,0.000,0.000,-1,0,0,0,75.034
4624,0,0,0.000,0.000,-1,0,0,0,77.697
4625,0,0,0.000,0.000,-1,0,0,0,74.968
4626,0,0,0.000,0.000,-1,0,0,0,84.176
4627,0,0,0.000,0.000,-1,0,0,0,74.845
4628,0,0,0.000,0.000,-1,0,0,0,74.480
4629,0,0,0.000,0.000,-1,0,0,0,76.115
4630,0,0,0.000,0.000,-1,0,0,0,74.117
4631,0,0,0.000,0.000,-1,0,0,0,74.306
4632,0,0,0.000,0.000,-1,0,0,0,84.249
4633,0,0,0.000,0.000,-1,0,0,0,72.073
4634,0,0,0.000,0.000,-1,0,0,0,77.829
4635,0,0,0.000,0.000,-1,0,0,0,79.067
4636,0,0,0.000,0.000,-1,0,0,0,76.305
4637,0,0,0.000,0.000,-1,0,0,0,77.715
4638,0,0,0.000,0.000,-1,0,0,0,88.911
4639,0,0,0.000,0.000,-1,0,0,0,75.824
4640,0,1,97.405,102.124,-1,0,0,0,73.691
4641,0,0,0.000,0.000,-1,0,0,0,75.229
4642,0,0,0.000,0.000,-1,0,0,0,83.413
4643,0,0,0.000,0.000,-1,0,0,0,74.816
4644,0,0,0.000,0.000,-1,0,0,0,84.394
4645,0,0,0.000,0.000,-1,0,0,0,76.322
4646,0,0,0.000,0.000,-1,0,0,0,76.101
4647,0,0,0.000,0.000,-1,0,0,0,78.578
4648,0,0,0.000,0.000,-1,0,0,0,79.776
4649,0,0,0.000,0.000,-1,0,0,0,76.237
4650,0,0,0.000,0.000,-1,0,0,0,88.088
4651,0,0,0.000,0.000,-1,0,0,0,76.606
4652,0,0,0.000,0.000,-1,0,0,0,79.362
4653,0,0,0.000,0.000,-1,0,0,0,75.506
4654,0,0,0.000,0.000,-1,0,0,0,75.741
4655,0,0,0.000,0.000,-1,0,0,0,72.964
4656,0,0,0.000,0.000,-1,0,0,0,86.554
4657,0,0,0.000,0.000,-1,0,0,0,73.468
4658,0,0,0.000,0.000,-1,0,0,0,75.097
4659,0,0,0.000,0.000,-1,0,0,0,76.110
4660,0,0,0.000,0.000,-1,0,0,0,72.965
4661,0,0,0.000,0.000,-1,0,0,0,75.901
4662,0,0,0.000,0.000,-1,0,0,0,89.365
4663,0,0,0.000,0.000,-1,0,0,0,73.076
4664,0,0,0.000,0.000,-1,0,0,0,79.732
4665,0,0,0.000,0.000,-1,0,0,0,76.057
4666,0,0,0.000,0.000,-1,0,0,0,78.634
4667,0,0,0.000,0.000,-1,0,0,0,81.235
4668,0,0,0.000,0.000,-1,0,0,0,86.903
4669,0,0,0.000,0.000,-1,0,0,0,81.682
4670,0,0,0.000,0.000,-1,0,0,0,80.825
4671,0,0,0.000,0.000,-1,0,0,0,78.133
4672,0,1,94.121,99.412,-1,0,0,0,76.380
4673,0,0,0.000,0.000,-1,0,0,0,81.564
4674,0,0,0.000,0.000,-1,0,0,0,88.727
4675,0,0,0.000,0.000,-1,0,0,0,74.484
4676,0,0,0.000,0.000,-1,0,0,0,76.808
4677,0,0,0.000,0.000,-1,0,0,0,76.930
4678,0,0,0.000,0.000,-1,0,0,0,75.496
4679,0,0,0.000,0.000,-1,0,0,0,78.193
4680,0,0,0.000,0.000,-1,0,0,0,95.783
4681,0,0,0.000,0.000,-1,0,0,0,75.805
4682,0,0,0.000,0.000,-1,0,0,0,73.095
4683,0,0,0.000,0.000,-1,0,0,0,76.260
4684,0,0,0.000,0.000,-1,0,0,0,74.475
4685,0,0,0.000,0.000,-1,0,0,0,79.114
4686,0,0,0.000,0.000,-1,0,0,0,89.817
4687,0,0,0.000,0.000,-1,0,0,0,73.913
4688,0,0,0.000,0.000,-1,0,0,0,74.470
4689,0,0,0.000,0.000,-1,0,0,0,78.676
4690,0,0,0.000,0.000,-1,0,0,0,79.232
4691,0,0,0.000,0.000,-1,0,0,0,74.131
4692,0,0,0.000,0.000,-1,0,0,0,86.508
4693,0,0,0.000,0.000,-1,0,0,0,74.017
4694,0,0,0.000,0.000,-1,0,0,0,79.287
4695,0,0,0.000,0.000,-1,0,0,0,77.202
4696,0,0,0.000,0.000,-1,0,0,0,74.927
4697,0,0,0.000,0.000,-1,0,0,0,77.680
4698,0,0,0.000,0.000,-1,0,0,0,87.445
4699,0,0,0.000,0.000,-1,0,0,0,75.431
4700,0,0,0.000,0.000,-1,0,0,0,75.721
4701,0,0,0.000,0.000,-1,0,0,0,79.123
4702,0,0,0.000,0.000,-1,0,0,0,76.108
4703,0,0,0.000,0.000,-1,0,0,0,78.029
4704,0,1,88.573,92.769,-1,0,0,0,87.003
4705,0,0,0.000,0.000,-1,0,0,0,75.583
4706,0,0,0.000,0.000,-1,0,0,0,79.053
4707,0,0,0.000,0.000,-1,0,0,0,75.889
4708,0,0,0.000,0.000,-1,0,0,0,74.809
4709,0,0,0.000,0.000,-1,0,0,0,78.357
4710,0,0,0.000,0.000,-1,0,0,0,86.322
4711,0,0,0.000,0.000,-1,0,0,0,76.731
4712,0,0,0.000,0.000,-1,0,0,0,76.025
4713,0,0,0.000,0.000,-1,0,0,0,77.132
4714,0,0,0.000,0.000,-1,0,0,0,76.426
4715,0,0,0.000,0.000,-1,0,0,0,77.446
4716,0,0,0.000,0.000,-1,0,0,0,85.919
4717,0,0,0.000,0.000,-1,0,0,0,74.075
4718,0,0,0.000,0.000,-1,0,0,0,78.082
4719,0,0,0.000,0.000,-1,0,0,0,75.890
4720,0,0,0.000,0.000,-1,0,0,0,75.946
4721,0,0,0.000,0.000,-1,0,0,0,74.465
4722,0,0,0.000,0.000,-1,0,0,0,83.435
4723,0,0,0.000,0.000,-1,0,0,0,76.019
4724,0,0,0.000,0.000,-1,0,0,0,74.568
4725,0,0,0.000,0.000,-1,0,0,0,74.763
4726,0,0,0.000,0.000,-1,0,0,0,77.314
4727,0,0,0.000,0.000,-1,0,0,0,74.494
4728,0,0,0.000,0.000,-1,0,0,0,85.500
4729,0,0,0.000,0.000,-1,0,0,0,71.819
4730,0,0,0.000,0.000,-1,0,0,0,76.138
4731,0,0,0.000,0.000,-1,0,0,0,74.358
4732,0,0,0.000,0.000,-1,0,0,0,76.745
4733,0,0,0.000,0.000,-1,0,0,0,74.438
4734,0,0,0.000,0.000,-1,0,0,0,85.043
4735,0,0,0.000,0.000,-1,0,0,0,79.379
4736,0,1,94.450,99.056,-1,0,0,0,74.894
4737,0,0,0.000,0.000,-1,0,0,0,75.737
4738,0,0,0.000,0.000,-1,0,0,0,75.654
4739,0,0,0.000,0.000,-1,0,0,0,74.542
4740,0,0,0.000,0.000,-1,0,0,0,91.781
4741,0,0,0.000,0.000,-1,0,0,0,78.920
4742,0,0,0.000,0.000,-1,0,0,0,74.982
4743,0,0,0.000,0.000,-1,0,0,0,74.923
4744,0,0,0.000,0.000,-1,0,0,0,74.582
4745,0,0,0.000,0.000,-1,0,0,0,73.912
4746,0,0,0.000,0.000,-1,0,0,0,84.294
4747,0,0,0.000,0.000,-1,0,0,0,76.752
4748,0,0,0.000,0.000,-1,0,0,0,75.309
4749,0,0,0.000,0.000,-1,0,0,0,72.658
4750,0,0,0.000,0.000,-1,0,0,0,76.574
4751,0,0,0.000,0.000,-1,0,0,0,75.474
4752,0,0,0.000,0.000,-1,0,0,0,84.549
4753,0,0,0.000,0.000,-1,0,0,0,73.330
4754,0,0,0.000,0.000,-1,0,0,0,78.048
4755,0,0,0.000,0.000,-1,0,0,0,78.127
4756,0,0,0.000,0.000,-1,0,0,0,74.119
4757,0,0,0.000,0.000,-1,0,0,0,74.875
4758,0,0,0.000,0.000,-1,0,0,0,85.637
4759,0,0,0.000,0.000,-1,0,0,0,78.420
4760,0,0,0.000,0.000,-1,0,0,0,82.089
4761,0,0,0.000,0.000,-1,0,0,0,84.895
4762,0,0,0.000,0.000,-1,0,0,0,76.183
4763,0,0,0.000,0.000,-1,0,0,0,79.081
4764,0,0,0.000,0.000,-1,0,0,0,86.973
4765,0,0,0.000,0.000,-1,0,0,0,75.634
4766,0,0,0.000,0.000,-1,0,0,0,79.212
4767,0,0,0.000,0.000,-1,0,0,0,76.211
4768,0,1,96.484,101.118,-1,0,0,0,74.656
4769,0,0,0.000,0.000,-1,0,0,0,74.621
4770,0,0,0.000,0.000,-1,0,0,0,84.971
4771,0,0,0.000,0.000,-1,0,0,0,73.674
4772,0,0,0.000,0.000,-1,0,0,0,77.335
4773,0,0,0.000,0.000,-1,0,0,0,77.772
4774,0,0,0.000,0.000,-1,0,0,0,76.496
4775,0,0,0.000,0.000,-1,0,0,0,76.525
4776,0,0,0.000,0.000,-1,0,0,0,85.724
4777,0,0,0.000,0.000,-1,0,0,0,73.213
4778,0,0,0.000,0.000,-1,0,0,0,75.581
4779,0,0,0.000,0.000,-1,0,0,0,78.434
4780,0,0,0.000,0.000,-1,0,0,0,72.019
4781,0,0,0.000,0.000,-1,0,0,0,73.667
4782,0,0,0.000,0.000,-1,0,0,0,86.206
4783,0,0,0.000,0.000,-1,0,0,0,72.792
4784,0,0,0.000,0.000,-1,0,0,0,77.234
4785,0,0,0.000,0.000,-1,0,0,0,76.354
4786,0,0,0.000,0.000,-1,0,0,0,76.774
4787,0,0,0.000,0.000,-1,0,0,0,77.069
4788,0,0,0.000,0.000,-1,0,0,0,87.214
4789,0,0,0.000,0.000,-1,0,0,0,74.001
4790,0,0,0.000,0.000,-1,0,0,0,75.863
4791,0,0,0.000,0.000,-1,0,0,0,75.156
4792,0,0,0.000,0.000,-1,0,0,0,75.186
4793,0,0,0.000,0.000,-1,0,0,0,75.709
4794,0,0,0.000,0.000,-1,0,0,0,88.467
4795,0,0,0.000,0.000,-1,0,0,0,75.207
4796,0,0,0.000,0.000,-1,0,0,0,75.779
4797,0,0,0.000,0.000,-1,0,0,0,74.852
4798,0,0,0.000,0.000,-1,0,0,0,75.949
4799,0,0,0.000,0.000,-1,0,0,0,78.281
4800,0,1,86.078,91.687,-1,0,0,0,86.332
4801,0,0,0.000,0.000,-1,0,0,0,76.255
4802,0,0,0.000,0.000,-1,0,0,0,74.635
4803,0,0,0.000,0.000,-1,0,0,0,72.805
4804,0,0,0.000,0.000,-1,0,0,0,75.232
4805,0,0,0.000,0.000,-1,0,0,0,79.972
4806,0,0,0.000,0.000,-1,0,0,0,88.792
4807,0,0,0.000,0.000,-1,0,0,0,73.270
4808,0,0,0.000,0.000,-1,0,0,0,73.500
4809,0,0,0.000,0.000,-1,0,0,0,77.051
4810,0,0,0.000,0.000,-1,0,0,0,75.513
4811,0,0,0.000,0.000,-1,0,0,0,73.979
4812,0,0,0.000,0.000,-1,0,0,0,86.551
4813,0,0,0.000,0.000,-1,0,0,0,73.785
4814,0,0,0.000,0.000,-1,0,0,0,75.667
4815,0,0,0.000,0.000,-1,0,0,0,78.568
4816,0,0,0.000,0.000,-1,0,0,0,74.557
4817,0,0,0.000,0.000,-1,0,0,0,74.238
4818,0,0,0.000,0.000,-1,0,0,0,87.585
4819,0,0,0.000,0.000,-1,0,0,0,72.670
4820,0,0,0.000,0.000,-1,0,0,0,77.564
4821,0,0,0.000,0.000,-1,0,0,0,75.770
4822,0,0,0.000,0.000,-1,0,0,0,75.315
4823,0,0,0.000,0.000,-1,0,0,0,78.287
4824,0,0,0.000,0.000,-1,0,0,0,84.938
4825,0,0,0.000,0.000,-1,0,0,0,75.210
4826,0,0,0.000,0.000,-1,0,0,0,75.720
4827,0,0,0.000,0.000,-1,0,0,0,79.137
4828,0,0,0.000,0.000,-1,0,0,0,74.867
4829,0,0,0.000,0.000,-1,0,0,0,74.081
4830,0,0,0.000,0.000,-1,0,0,0,85.893
4831,0,0,0.000,0.000,-1,0,0,0,74.059
4832,0,1,93.852,99.366,-1,0,0,0,76.204
4833,0,0,0.000,0.000,-1,0,0,0,75.012
4834,0,0,0.000,0.000,-1,0,0,0,75.310
4835,0,0,0.000,0.000,-1,0,0,0,76.973
4836,0,0,0.000,0.000,-1,0,0,0,84.219
4837,0,0,0.000,0.000,-1,0,0,0,74.646
4838,0,0,0.000,0.000,-1,0,0,0,78.793
4839,0,0,0.000,0.000,-1,0,0,0,80.495
4840,0,0,0.000,0.000,-1,0,0,0,75.133
4841,0,0,0.000,0.000,-1,0,0,0,79.473
4842,0,0,0.000,0.000,-1,0,0,0,85.224
4843,0,0,0.000,0.000,-1,0,0,0,76.980
4844,0,0,0.000,0.000,-1,0,0,0,79.534
4845,0,0,0.000,0.000,-1,0,0,0,79.535
4846,0,0,0.000,0.000,-1,0,0,0,83.008
4847,0,0,0.000,0.000,-1,0,0,0,80.320
4848,0,0,0.000,0.000,-1,0,0,0,96.985
4849,0,0,0.000,0.000,-1,0,0,0,80.854
4850,0,0,0.000,0.000,-1,0,0,0,82.716
4851,0,0,0.000,0.000,-1,0,0,0,83.845
4852,0,0,0.000,0.000,-1,0,0,0,85.403
4853,0,0,0.000,0.000,-1,0,0,0,79.001
4854,0,0,0.000,0.000,-1,0,0,0,88.610
4855,0,0,0.000,0.000,-1,0,0,0,73.762
4856,0,0,0.000,0.000,-1,0,0,0,78.590
4857,0,0,0.000,0.000,-1,0,0,0,77.110
4858,0,0,0.000,0.000,-1,0,0,0,78.656
4859,0,0,0.000,0.000,-1,0,0,0,75.573
4860,0,0,0.000,0.000,-1,0,0,0,87.296
4861,0,0,0.000,0.000,-1,0,0,0,73.748
4862,0,0,0.000,0.000,-1,0,0,0,72.825
4863,0,0,0.000,0.000,-1,0,0,0,78.376
4864,0,1,92.357,97.660,-1,0,0,0,78.604
4865,0,0,0.000,0.000,-1,0,0,0,81.411
4866,0,0,0.000,0.000,-1,0,0,0,87.717
4867,0,0,0.000,0.000,-1,0,0,0,77.067
4868,0,0,0.000,0.000,-1,0,0,0,76.606
4869,0,0,0.000,0.000,-1,0,0,0,78.960
4870,0,0,0.000,0.000,-1,0,0,0,80.502
4871,0,0,0.000,0.000,-1,0,0,0,77.611
4872,0,0,0.000,0.000,-1,0,0,0,93.564
4873,0,0,0.000,0.000,-1,0,0,0,77.971
4874,0,0,0.000,0.000,-1,0,0,0,76.388
4875,0,0,0.000,0.000,-1,0,0,0,75.573
4876,0,0,0.000,0.000,-1,0,0,0,80.571
4877,0,0,0.000,0.000,-1,0,0,0,74.538
4878,0,0,0.000,0.000,-1,0,0,0,87.076
4879,0,0,0.000,0.000,-1,0,0,0,72.669
4880,0,0,0.000,0.000,-1,0,0,0,74.837
4881,0,0,0.000,0.000,-1,0,0,0,75.615
4882,0,0,0.000,0.000,-1,0,0,0,76.860
4883,0,0,0.000,0.000,-1,0,0,0,74.601
4884,0,0,0.000,0.000,-1,0,0,0,92.258
4885,0,0,0.000,0.000,-1,0,0,0,75.168
4886,0,0,0.000,0.000,-1,0,0,0,77.303
4887,0,0,0.000,0.000,-1,0,0,0,77.539
4888,0,0,0.000,0.000,-1,0,0,0,78.947
4889,0,0,0.000,0.000,-1,0,0,0,75.233
4890,0,0,0.000,0.000,-1,0,0,0,90.060
4891,0,0,0.000,0.000,-1,0,0,0,80.508
4892,0,0,0.000,0.000,-1,0,0,0,91.592
4893,0,0,0.000,0.000,-1,0,0,0,77.586
4894,0,0,0.000,0.000,-1,0,0,0,76.648
4895,0,0,0.000,0.000,-1,0,0,0,77.438
4896,0,1,84.773,89.632,-1,0,0,0,91.251
4897,0,0,0.000,0.000,-1,0,0,0,74.085
4898,0,0,0.000,0.000,-1,0,0,0,76.552
4899,0,0,0.000,0.000,-1,0,0,0,78.014
4900,0,0,0.000,0.000,-1,0,0,0,79.127
4901,0,0,0.000,0.000,-1,0,0,0,80.182
4902,0,0,0.000,0.000,-1,0,0,0,90.101
4903,0,0,0.000,0.000,-1,0,0,0,80.874
4904,0,0,0.000,0.000,-1,0,0,0,77.870
4905,0,0,0.000,0.000,-1,0,0,0,76.535
4906,0,0,0.000,0.000,-1,0,0,0,74.267
4907,0,0,0.000,0.000,-1,0,0,0,73.269
4908,0,0,0.000,0.000,-1,0,0,0,93.953
4909,0,0,0.000,0.000,-1,0,0,0,76.449
4910,0,0,0.000,0.000,-1,0,0,0,71.314
4911,0,0,0.000,0.000,-1,0,0,0,73.517
4912,0,0,0.000,0.000,-1,0,0,0,77.838
4913,0,0,0.000,0.000,-1,0,0,0,77.416
4914,0,0,0.000,0.000,-1,0,0,0,88.684
4915,0,0,0.000,0.000,-1,0,0,0,75.998
4916,0,0,0.000,0.000,-1,0,0,0,75.305
4917,0,0,0.000,0.000,-1,0,0,0,74.996
4918,0,0,0.000,0.000,-1,0,0,0,78.513
4919,0,0,0.000,0.000,-1,0,0,0,77.852
4920,0,0,0.000,0.000,-1,0,0,0,91.416
4921,0,0,0.000,0.000,-1,0,0,0,78.593
4922,0,0,0.000,0.000,-1,0,0,0,75.848
4923,0,0,0.000,0.000,-1,0,0,0,75.438
4924,0,0,0.000,0.000,-1,0,0,0,81.396
4925,0,0,0.000,0.000,-1,0,0,0,84.648
4926,0,0,0.000,0.000,-1,0,0,0,97.571
4927,0,0,0.000,0.000,-1,0,0,0,83.043
4928,0,1,93.600,98.287,-1,0,0,0,81.988
4929,0,0,0.000,0.000,-1,0,0,0,79.268
4930,0,0,0.000,0.000,-1,0,0,0,77.945
4931,0,0,0.000,0.000,-1,0,0,0,86.428
4932,0,0,0.000,0.000,-1,0,0,0,90.996
4933,0,0,0.000,0.000,-1,0,0,0,77.435
4934,0,0,0.000,0.000,-1,0,0,0,78.563
4935,0,0,0.000,0.000,-1,0,0,0,76.795
4936,0,0,0.000,0.000,-1,0,0,0,75.793
4937,0,0,0.000,0.000,-1,0,0,0,83.415
4938,0,0,0.000,0.000,-1,0,0,0,88.446
4939,0,0,0.000,0.000,-1,0,0,0,75.910
4940,0,0,0.000,0.000,-1,0,0,0,80.959
4941,0,0,0.000,0.000,-1,0,0,0,75.576
4942,0,0,0.000,0.000,-1,0,0,0,75.420
4943,0,0,0.000,0.000,-1,0,0,0,80.747
4944,0,0,0.000,0.000,-1,0,0,0,89.128
4945,0,0,0.000,0.000,-1,0,0,0,78.124
4946,0,0,0.000,0.000,-1,0,0,0,76.983
4947,0,0,0.000,0.000,-1,0,0,0,75.757
4948,0,0,0.000,0.000,-1,0,0,0,77.123
4949,0,0,0.000,0.000,-1,0,0,0,75.396
4950,0,0,0.000,0.000,-1,0,0,0,93.144
4951,0,0,0.000,0.000,-1,0,0,0,74.557
4952,0,0,0.000,0.000,-1,0,0,0,77.591
4953,0,0,0.000,0.000,-1,0,0,0,78.100
4954,0,0,0.000,0.000,-1,0,0,0,77.420
4955,0,0,0.000,0.000,-1,0,0,0,77.722
4956,0,0,0.000,0.000,-1,0,0,0,89.533
4957,0,0,0.000,0.000,-1,0,0,0,75.175
4958,0,0,0.000,0.000,-1,0,0,0,74.637
4959,0,0,0.000,0.000,-1,0,0,0,75.742
4960,0,1,95.579,99.779,-1,0,0,0,77.970
4961,0,0,0.000,0.000,-1,0,0,0,74.312
4962,0,0,0.000,0.000,-1,0,0,0,89.524
4963,0,0,0.000,0.000,-1,0,0,0,72.761
4964,0,0,0.000,0.000,-1,0,0,0,77.788
4965,0,0,0.000,0.000,-1,0,0,0,75.354
4966,0,0,0.000,0.000,-1,0,0,0,77.228
4967,0,0,0.000,0.000,-1,0,0,0,74.021
4968,0,0,0.000,0.000,-1,0,0,0,88.232
4969,0,0,0.000,0.000,-1,0,0,0,79.718
4970,0,0,0.000,0.000,-1,0,0,0,74.592
4971,0,0,0.000,0.000,-1,0,0,0,76.432
4972,0,0,0.000,0.000,-1,0,0,0,75.309
4973,0,0,0.000,0.000,-1,0,0,0,74.796
4974,0,0,0.000,0.000,-1,0,0,0,91.796
4975,0,0,0.000,0.000,-1,0,0,0,73.539
4976,0,0,0.000,0.000,-1,0,0,0,75.930
4977,0,0,0.000,0.000,-1,0,0,0,75.621
4978,0,0,0.000,0.000,-1,0,0,0,99.469
4979,0,0,0.000,0.000,-1,0,0,0,71.336
4980,0,0,0.000,0.000,-1,0,0,0,89.146
4981,0,0,0.000,0.000,-1,0,0,0,75.091
4982,0,0,0.000,0.000,-1,0,0,0,73.728
4983,0,0,0.000,0.000,-1,0,0,0,76.656
4984,0,0,0.000,0.000,-1,0,0,0,76.300
4985,0,0,0.000,0.000,-1,0,0,0,77.824
4986,0,0,0.000,0.000,-1,0,0,0,96.206
4987,0,0,0.000,0.000,-1,0,0,0,74.179
4988,0,0,0.000,0.000,-1,0,0,0,78.316
4989,0,0,0.000,0.000,-1,0,0,0,77.331
4990,0,0,0.000,0.000,-1,0,0,0,73.972
4991,0,0,0.000,0.000,-1,0,0,0,73.427
4992,0,1,86.612,91.951,-1,0,0,0,91.843
4993,0,0,0.000,0.000,-1,0,0,0,74.696
4994,0,0,0.000,0.000,-1,0,0,0,75.267
4995,0,0,0.000,0.000,-1,0,0,0,76.735
4996,0,0,0.000,0.000,-1,0,0,0,76.268
4997,0,0,0.000,0.000,-1,0,0,0,76.685
4998,0,0,0.000,0.000,-1,0,0,0,88.398
4999,0,0,0.000,0.000,-1,0,0,0,74.913
5000,0,0,0.000,0.000,-1,0,0,0,76.901
5001,0,0,0.000,0.000,-1,0,0,0,72.841
5002,0,0,0.000,0.000,-1,0,0,0,78.189
5003,0,0,0.000,0.000,-1,0,0,0,77.248
5004,0,0,0.000,0.000,-1,0,0,0,86.699
5005,0,0,0.000,0.000,-1,0,0,0,73.321
5006,0,0,0.000,0.000,-1,0,0,0,77.574
5007,0,0,0.000,0.000,-1,0,0,0,74.212
5008,0,0,0.000,0.000,-1,0,0,0,76.909
5009,0,0,0.000,0.000,-1,0,0,0,74.208
5010,0,0,0.000,0.000,-1,0,0,0,88.214
5011,0,0,0.000,0.000,-1,0,0,0,76.550
5012,0,0,0.000,0.000,-1,0,0,0,76.934
5013,0,0,0.000,0.000,-1,0,0,0,76.064
5014,0,0,0.000,0.000,-1,0,0,0,75.228
5015,0,0,0.000,0.000,-1,0,0,0,75.282
5016,0,0,0.000,0.000,-1,0,0,0,87.440
5017,0,0,0.000,0.000,-1,0,0,0,71.913
5018,0,0,0.000,0.000,-1,0,0,0,77.109
5019,0,0,0.000,0.000,-1,0,0,0,73.992
5020,0,0,0.000,0.000,-1,0,0,0,75.670
5021,0,0,0.000,0.000,-1,0,0,0,73.921
5022,0,0,0.000,0.000,-1,0,0,0,86.650
5023,0,0,0.000,0.000,-1,0,0,0,74.807
5024,0,1,94.015,98.838,-1,0,0,0,75.732
5025,0,0,0.000,0.000,-1,0,0,0,77.244
5026,0,0,0.000,0.000,-1,0,0,0,75.843
5027,0,0,0.000,0.000,-1,0,0,0,75.114
5028,0,0,0.000,0.000,-1,0,0,0,90.211
5029,0,0,0.000,0.000,-1,0,0,0,75.148
5030,0,0,0.000,0.000,-1,0,0,0,72.893
5031,0,0,0.000,0.000,-1,0,0,0,74.124
5032,0,0,0.000,0.000,-1,0,0,0,77.949
5033,0,0,0.000,0.000,-1,0,0,0,75.807
5034,0,0,0.000,0.000,-1,0,0,0,88.456
5035,0,0,0.000,0.000,-1,0,0,0,72.578
5036,0,0,0.000,0.000,-1,0,0,0,74.559
5037,0,0,0.000,0.000,-1,0,0,0,74.760
5038,0,0,0.000,0.000,-1,0,0,0,79.936
5039,0,0,0.000,0.000,-1,0,0,0,75.635
5040,0,0,0.000,0.000,-1,0,0,0,88.551
5041,0,0,0.000,0.000,-1,0,0,0,76.517
5042,0,0,0.000,0.000,-1,0,0,0,75.164
5043,0,0,0.000,0.000,-1,0,0,0,77.251
5044,0,0,0.000,0.000,-1,0,0,0,75.025
5045,0,0,0.000,0.000,-1,0,0,0,74.984
5046,0,0,0.000,0.000,-1,0,0,0,88.797
5047,0,0,0.000,0.000,-1,0,0,0,72.945
5048,0,0,0.000,0.000,-1,0,0,0,75.622
5049,0,0,0.000,0.000,-1,0,0,0,83.378
5050,0,0,0.000,0.000,-1,0,0,0,79.861
5051,0,0,0.000,0.000,-1,0,0,0,75.554
5052,0,0,0.000,0.000,-1,0,0,0,88.535
5053,0,0,0.000,0.000,-1,0,0,0,77.693
5054,0,0,0.000,0.000,-1,0,0,0,95.717
5055,0,0,0.000,0.000,-1,0,0,0,70.774
5056,0,1,94.140,99.193,-1,0,0,0,75.954
5057,0,0,0.000,0.000,-1,0,0,0,75.741
5058,0,0,0.000,0.000,-1,0,0,0,88.796
5059,0,0,0.000,0.000,-1,0,0,0,73.138
5060,0,0,0.000,0.000,-1,0,0,0,75.111
5061,0,0,0.000,0.000,-1,0,0,0,74.292
5062,0,0,0.000,0.000,-1,0,0,0,82.183
5063,0,0,0.000,0.000,-1,0,0,0,72.449
5064,0,0,0.000,0.000,-1,0,0,0,90.402
5065,0,0,0.000,0.000,-1,0,0,0,74.891
5066,0,0,0.000,0.000,-1,0,0,0,75.837
5067,0,0,0.000,0.000,-1,0,0,0,76.029
5068,0,0,0.000,0.000,-1,0,0,0,73.611
5069,0,0,0.000,0.000,-1,0,0,0,77.345
5070,0,0,0.000,0.000,-1,0,0,0,91.181
5071,0,0,0.000,0.000,-1,0,0,0,73.921
5072,0,0,0.000,0.000,-1,0,0,0,76.114
5073,0,0,0.000,0.000,-1,0,0,0,74.583
5074,0,0,0.000,0.000,-1,0,0,0,76.739
5075,0,0,0.000,0.000,-1,0,0,0,75.152
5076,0,0,0.000,0.000,-1,0,0,0,85.852
5077,0,0,0.000,0.000,-1,0,0,0,78.328
5078,0,0,0.000,0.000,-1,0,0,0,74.141
5079,0,0,0.000,0.000,-1,0,0,0,77.652
5080,0,0,0.000,0.000,-1,0,0,0,76.797
5081,0,0,0.000,0.000,-1,0,0,0,76.151
5082,0,0,0.000,0.000,-1,0,0,0,87.831
5083,0,0,0.000,0.000,-1,0,0,0,76.010
5084,0,0,0.000,0.000,-1,0,0,0,76.174
5085,0,0,0.000,0.000,-1,0,0,0,75.563
5086,0,0,0.000,0.000,-1,0,0,0,75.043
5087,0,0,0.000,0.000,-1,0,0,0,75.802
5088,0,1,88.956,94.393,-1,0,0,0,86.432
5089,0,0,0.000,0.000,-1,0,0,0,77.060
5090,0,0,0.000,0.000,-1,0,0,0,73.174
5091,0,0,0.000,0.000,-1,0,0,0,79.070
5092,0,0,0.000,0.000,-1,0,0,0,74.966
5093,0,0,0.000,0.000,-1,0,0,0,77.815
5094,0,0,0.000,0.000,-1,0,0,0,89.594
5095,0,0,0.000,0.000,-1,0,0,0,71.952
5096,0,0,0.000,0.000,-1,0,0,0,78.107
5097,0,0,0.000,0.000,-1,0,0,0,76.166
5098,0,0,0.000,0.000,-1,0,0,0,79.105
5099,0,0,0.000,0.000,-1,0,0,0,76.086
5100,0,0,0.000,0.000,-1,0,0,0,87.972
5101,0,0,0.000,0.000,-1,0,0,0,74.746
5102,0,0,0.000,0.000,-1,0,0,0,75.155
5103,0,0,0.000,0.000,-1,0,0,0,75.216
5104,0,0,0.000,0.000,-1,0,0,0,76.484
5105,0,0,0.000,0.000,-1,0,0,0,78.288
5106,0,0,0.000,0.000,-1,0,0,0,88.192
5107,0,0,0.000,0.000,-1,0,0,0,82.327
5108,0,0,0.000,0.000,-1,0,0,0,78.060
5109,0,0,0.000,0.000,-1,0,0,0,74.524
5110,0,0,0.000,0.000,-1,0,0,0,79.624
5111,0,0,0.000,0.000,-1,0,0,0,75.067
5112,0,0,0.000,0.000,-1,0,0,0,88.252
5113,0,0,0.000,0.000,-1,0,0,0,108.490
5114,0,0,0.000,0.000,-1,0,0,0,76.782
5115,0,0,0.000,0.000,-1,0,0,0,76.463
5116,0,0,0.000,0.000,-1,0,0,0,74.430
5117,0,0,0.000,0.000,-1,0,0,0,75.753
5118,0,0,0.000,0.000,-1,0,0,0,85.436
5119,0,0,0.000,0.000,-1,0,0,0,72.579
5120,0,1,95.936,100.435,-1,0,0,0,77.310
5121,0,0,0.000,0.000,-1,0,0,0,74.182
5122,0,0,0.000,0.000,-1,0,0,0,73.417
5123,0,0,0.000,0.000,-1,0,0,0,76.819
5124,0,0,0.000,0.000,-1,0,0,0,86.735
5125,0,0,0.000,0.000,-1,0,0,0,76.992
5126,0,0,0.000,0.000,-1,0,0,0,78.478
5127,0,0,0.000,0.000,-1,0,0,0,78.121
5128,0,0,0.000,0.000,-1,0,0,0,76.000
5129,0,0,0.000,0.000,-1,0,0,0,78.803
5130,0,0,0.000,0.000,-1,0,0,0,90.510
5131,0,0,0.000,0.000,-1,0,0,0,75.828
5132,0,0,0.000,0.000,-1,0,0,0,78.247
5133,0,0,0.000,0.000,-1,0,0,0,73.610
5134,0,0,0.000,0.000,-1,0,0,0,74.502
5135,0,0,0.000,0.000,-1,0,0,0,77.600
5136,0,0,0.000,0.000,-1,0,0,0,84.988
5137,0,0,0.000,0.000,-1,0,0,0,79.381
5138,0,0,0.000,0.000,-1,0,0,0,73.734
5139,0,0,0.000,0.000,-1,0,0,0,81.263
5140,0,0,0.000,0.000,-1,0,0,0,75.441
5141,0,0,0.000,0.000,-1,0,0,0,79.311
5142,0,0,0.000,0.000,-1,0,0,0,90.403
5143,0,0,0.000,0.000,-1,0,0,0,77.972
5144,0,0,0.000,0.000,-1,0,0,0,74.853
5145,0,0,0.000,0.000,-1,0,0,0,78.637
5146,0,0,0.000,0.000,-1,0,0,0,77.815
5147,0,0,0.000,0.000,-1,0,0,0,76.181
5148,0,0,0.000,0.000,-1,0,0,0,98.937
5149,0,0,0.000,0.000,-1,0,0,0,77.404
5150,0,0,0.000,0.000,-1,0,0,0,74.911
5151,0,0,0.000,0.000,-1,0,0,0,78.503
5152,0,1,97.426,101.811,-1,0,0,0,80.050
5153,0,0,0.000,0.000,-1,0,0,0,80.645
5154,0,0,0.000,0.000,-1,0,0,0,85.136
5155,0,0,0.000,0.000,-1,0,0,0,74.305
5156,0,0,0.000,0.000,-1,0,0,0,77.601
5157,0,0,0.000,0.000,-1,0,0,0,75.898
5158,0,0,0.000,0.000,-1,0,0,0,75.424
5159,0,0,0.000,0.000,-1,0,0,0,79.832
5160,0,0,0.000,0.000,-1,0,0,0,85.364
5161,0,0,0.000,0.000,-1,0,0,0,74.371
5162,0,0,0.000,0.000,-1,0,0,0,73.664
5163,0,0,0.000,0.000,-1,0,0,0,74.552
5164,0,0,0.000,0.000,-1,0,0,0,76.470
5165,0,0,0.000,0.000,-1,0,0,0,75.198
5166,0,0,0.000,0.000,-1,0,0,0,85.835
5167,0,0,0.000,0.000,-1,0,0,0,76.023
5168,0,0,0.000,0.000,-1,0,0,0,75.033
5169,0,0,0.000,0.000,-1,0,0,0,76.143
5170,0,0,0.000,0.000,-1,0,0,0,75.075
5171,0,0,0.000,0.000,-1,0,0,0,77.935
5172,0,0,0.000,0.000,-1,0,0,0,91.262
5173,0,0,0.000,0.000,-1,0,0,0,72.717
5174,0,0,0.000,0.000,-1,0,0,0,77.682
5175,0,0,0.000,0.000,-1,0,0,0,75.591
5176,0,0,0.000,0.000,-1,0,0,0,76.540
5177,0,0,0.000,0.000,-1,0,0,0,78.092
5178,0,0,0.000,0.000,-1,0,0,0,85.499
5179,0,0,0.000,0.000,-1,0,0,0,76.508
5180,0,0,0.000,0.000,-1,0,0,0,77.589
5181,0,0,0.000,0.000,-1,0,0,0,76.251
5182,0,0,0.000,0.000,-1,0,0,0,77.900
5183,0,0,0.000,0.000,-1,0,0,0,77.294
5184,0,1,87.079,92.777,-1,0,0,0,89.122
5185,0,0,0.000,0.000,-1,0,0,0,77.930
5186,0,0,0.000,0.000,-1,0,0,0,79.270
5187,0,0,0.000,0.000,-1,0,0,0,77.594
5188,0,0,0.000,0.000,-1,0,0,0,78.978
5189,0,0,0.000,0.000,-1,0,0,0,79.461
5190,0,0,0.000,0.000,-1,0,0,0,88.015
5191,0,0,0.000,0.000,-1,0,0,0,76.977
5192,0,0,0.000,0.000,-1,0,0,0,76.692
5193,0,0,0.000,0.000,-1,0,0,0,78.060
5194,0,0,0.000,0.000,-1,0,0,0,75.599
5195,0,0,0.000,0.000,-1,0,0,0,77.662
5196,0,0,0.000,0.000,-1,0,0,0,86.024
5197,0,0,0.000,0.000,-1,0,0,0,77.506
5198,0,0,0.000,0.000,-1,0,0,0,75.372
5199,0,0,0.000,0.000,-1,0,0,0,75.758
5200,0,0,0.000,0.000,-1,0,0,0,76.298
5201,0,0,0.000,0.000,-1,0,0,0,78.463
5202,0,0,0.000,0.000,-1,0,0,0,87.528
5203,0,0,0.000,0.000,-1,0,0,0,72.688
5204,0,0,0.000,0.000,-1,0,0,0,75.373
5205,0,0,0.000,0.000,-1,0,0,0,77.030
5206,0,0,0.000,0.000,-1,0,0,0,75.255
5207,0,0,0.000,0.000,-1,0,0,0,72.077
5208,0,0,0.000,0.000,-1,0,0,0,83.636
5209,0,0,0.000,0.000,-1,0,0,0,73.747
5210,0,0,0.000,0.000,-1,0,0,0,78.481
5211,0,0,0.000,0.000,-1,0,0,0,76.324
5212,0,0,0.000,0.000,-1,0,0,0,76.387
5213,0,0,0.000,0.000,-1,0,0,0,75.787
5214,0,0,0.000,0.000,-1,0,0,0,88.752
5215,0,0,0.000,0.000,-1,0,0,0,78.427
5216,0,1,96.402,100.743,-1,0,0,0,76.415
5217,0,0,0.000,0.000,-1,0,0,0,76.676
5218,0,0,0.000,0.000,-1,0,0,0,77.072
5219,0,0,0.000,0.000,-1,0,0,0,76.682
5220,0,0,0.000,0.000,-1,0,0,0,88.198
5221,0,0,0.000,0.000,-1,0,0,0,72.521
5222,0,0,0.000,0.000,-1,0,0,0,74.707
5223,0,0,0.000,0.000,-1,0,0,0,76.218
5224,0,0,0.000,0.000,-1,0,0,0,75.505
5225,0,0,0.000,0.000,-1,0,0,0,76.606
5226,0,0,0.000,0.000,-1,0,0,0,85.872
5227,0,0,0.000,0.000,-1,0,0,0,79.627
5228,0,0,0.000,0.000,-1,0,0,0,74.395
5229,0,0,0.000,0.000,-1,0,0,0,75.269
5230,0,0,0.000,0.000,-1,0,0,0,75.091
5231,0,0,0.000,0.000,-1,0,0,0,74.852
5232,0,0,0.000,0.000,-1,0,0,0,89.781
5233,0,0,0.000,0.000,-1,0,0,0,74.261
5234,0,0,0.000,0.000,-1,0,0,0,76.606
5235,0,0,0.000,0.000,-1,0,0,0,74.711
5236,0,0,0.000,0.000,-1,0,0,0,75.847
5237,0,0,0.000,0.000,-1,0,0,0,77.698
5238,0,0,0.000,0.000,-1,0,0,0,98.339
5239,0,0,0.000,0.000,-1,0,0,0,75.582
5240,0,0,0.000,0.000,-1,0,0,0,76.197
5241,0,0,0.000,0.000,-1,0,0,0,77.860
5242,0,0,0.000,0.000,-1,0,0,0,73.726
5243,0,0,0.000,0.000,-1,0,0,0,75.593
5244,0,0,0.000,0.000,-1,0,0,0,85.016
5245,0,0,0.000,0.000,-1,0,0,0,75.321
5246,0,0,0.000,0.000,-1,0,0,0,76.291
5247,0,0,0.000,0.000,-1,0,0,0,76.299
5248,0,1,96.314,101.416,-1,0,0,0,74.807
5249,0,0,0.000,0.000,-1,0,0,0,78.214
5250,0,0,0.000,0.000,-1,0,0,0,87.928
5251,0,0,0.000,0.000,-1,0,0,0,73.005
5252,0,0,0.000,0.000,-1,0,0,0,73.018
5253,0,0,0.000,0.000,-1,0,0,0,74.015
5254,0,0,0.000,0.000,-1,0,0,0,73.214
5255,0,0,0.000,0.000,-1,0,0,0,74.584
5256,0,0,0.000,0.000,-1,0,0,0,87.215
5257,0,0,0.000,0.000,-1,0,0,0,77.844
5258,0,0,0.000,0.000,-1,0,0,0,76.431
5259,0,0,0.000,0.000,-1,0,0,0,76.243
5260,0,0,0.000,0.000,-1,0,0,0,77.320
5261,0,0,0.000,0.000,-1,0,0,0,75.828
5262,0,0,0.000,0.000,-1,0,0,0,86.667
5263,0,0,0.000,0.000,-1,0,0,0,73.314
5264,0,0,0.000,0.000,-1,0,0,0,76.853
5265,0,0,0.000,0.000,-1,0,0,0,77.569
5266,0,0,0.000,0.000,-1,0,0,0,79.269
5267,0,0,0.000,0.000,-1,0,0,0,74.918
5268,0,0,0.000,0.000,-1,0,0,0,85.388
5269,0,0,0.000,0.000,-1,0,0,0,75.095
5270,0,0,0.000,0.000,-1,0,0,0,76.336
5271,0,0,0.000,0.000,-1,0,0,0,73.827
5272,0,0,0.000,0.000,-1,0,0,0,75.774
5273,0,0,0.000,0.000,-1,0,0,0,78.859
5274,0,0,0.000,0.000,-1,0,0,0,87.040
5275,0,0,0.000,0.000,-1,0,0,0,75.469
5276,0,0,0.000,0.000,-1,0,0,0,78.538
5277,0,0,0.000,0.000,-1,0,0,0,77.260
5278,0,0,0.000,0.000,-1,0,0,0,75.174
5279,0,0,0.000,0.000,-1,0,0,0,78.230
5280,0,1,88.238,93.085,-1,0,0,0,85.512
5281,0,0,0.000,0.000,-1,0,0,0,75.813
5282,0,0,0.000,0.000,-1,0,0,0,74.192
5283,0,0,0.000,0.000,-1,0,0,0,75.351
5284,0,0,0.000,0.000,-1,0,0,0,73.335
5285,0,0,0.000,0.000,-1,0,0,0,77.221
5286,0,0,0.000,0.000,-1,0,0,0,88.410
5287,0,0,0.000,0.000,-1,0,0,0,75.589
5288,0,0,0.000,0.000,-1,0,0,0,73.711
5289,0,0,0.000,0.000,-1,0,0,0,73.533
5290,0,0,0.000,0.000,-1,0,0,0,79.312
5291,0,0,0.000,0.000,-1,0,0,0,74.986
5292,0,0,0.000,0.000,-1,0,0,0,87.802
5293,0,0,0.000,0.000,-1,0,0,0,76.352
5294,0,0,0.000,0.000,-1,0,0,0,76.485
5295,0,0,0.000,0.000,-1,0,0,0,75.122
5296,0,0,0.000,0.000,-1,0,0,0,74.613
5297,0,0,0.000,0.000,-1,0,0,0,77.722
5298,0,0,0.000,0.000,-1,0,0,0,86.559
5299,0,0,0.000,0.000,-1,0,0,0,72.677
5300,0,0,0.000,0.000,-1,0,0,0,74.469
5301,0,0,0.000,0.000,-1,0,0,0,76.165
5302,0,0,0.000,0.000,-1,0,0,0,74.887
5303,0,0,0.000,0.000,-1,0,0,0,77.909
5304,0,0,0.000,0.000,-1,0,0,0,84.505
5305,0,0,0.000,0.000,-1,0,0,0,77.204
5306,0,0,0.000,0.000,-1,0,0,0,76.861
5307,0,0,0.000,0.000,-1,0,0,0,77.860
5308,0,0,0.000,0.000,-1,0,0,0,75.724
5309,0,0,0.000,0.000,-1,0,0,0,76.661
5310,0,0,0.000,0.000,-1,0,0,0,86.791
5311,0,0,0.000,0.000,-1,0,0,0,75.538
5312,0,1,94.756,99.443,-1,0,0,0,79.229
5313,0,0,0.000,0.000,-1,0,0,0,81.186
5314,0,0,0.000,0.000,-1,0,0,0,75.159
5315,0,0,0.000,0.000,-1,0,0,0,73.815
5316,0,0,0.000,0.000,-1,0,0,0,89.869
5317,0,0,0.000,0.000,-1,0,0,0,78.396
5318,0,0,0.000,0.000,-1,0,0,0,76.294
5319,0,0,0.000,0.000,-1,0,0,0,76.349
5320,0,0,0.000,0.000,-1,0,0,0,73.822
5321,0,0,0.000,0.000,-1,0,0,0,74.776
5322,0,0,0.000,0.000,-1,0,0,0,87.330
5323,0,0,0.000,0.000,-1,0,0,0,75.113
5324,0,0,0.000,0.000,-1,0,0,0,75.156
5325,0,0,0.000,0.000,-1,0,0,0,76.495
5326,0,0,0.000,0.000,-1,0,0,0,74.948
5327,0,0,0.000,0.000,-1,0,0,0,74.269
5328,0,0,0.000,0.000,-1,0,0,0,85.567
5329,0,0,0.000,0.000,-1,0,0,0,75.017
5330,0,0,0.000,0.000,-1,0,0,0,77.740
5331,0,0,0.000,0.000,-1,0,0,0,75.089
5332,0,0,0.000,0.000,-1,0,0,0,74.106
5333,0,0,0.000,0.000,-1,0,0,0,76.381
5334,0,0,0.000,0.000,-1,0,0,0,83.333
5335,0,0,0.000,0.000,-1,0,0,0,74.783
5336,0,0,0.000,0.000,-1,0,0,0,76.064
5337,0,0,0.000,0.000,-1,0,0,0,76.159
5338,0,0,0.000,0.000,-1,0,0,0,78.118
5339,0,0,0.000,0.000,-1,0,0,0,73.324
5340,0,0,0.000,0.000,-1,0,0,0,85.961
5341,0,0,0.000,0.000,-1,0,0,0,78.719
5342,0,0,0.000,0.000,-1,0,0,0,78.472
5343,0,0,0.000,0.000,-1,0,0,0,80.005
5344,0,1,95.399,100.998,-1,0,0,0,76.549
5345,0,0,0.000,0.000,-1,0,0,0,74.947
5346,0,0,0.000,0.000,-1,0,0,0,87.940
5347,0,0,0.000,0.000,-1,0,0,0,74.866
5348,0,0,0.000,0.000,-1,0,0,0,75.207
5349,0,0,0.000,0.000,-1,0,0,0,74.766
5350,0,0,0.000,0.000,-1,0,0,0,74.967
5351,0,0,0.000,0.000,-1,0,0,0,76.125
5352,0,0,0.000,0.000,-1,0,0,0,88.897
5353,0,0,0.000,0.000,-1,0,0,0,75.486
5354,0,0,0.000,0.000,-1,0,0,0,76.795
5355,0,0,0.000,0.000,-1,0,0,0,78.252
5356,0,0,0.000,0.000,-1,0,0,0,77.694
5357,0,0,0.000,0.000,-1,0,0,0,76.939
5358,0,0,0.000,0.000,-1,0,0,0,87.008
5359,0,0,0.000,0.000,-1,0,0,0,73.569
5360,0,0,0.000,0.000,-1,0,0,0,76.806
5361,0,0,0.000,0.000,-1,0,0,0,75.294
5362,0,0,0.000,0.000,-1,0,0,0,73.532
5363,0,0,0.000,0.000,-1,0,0,0,78.095
5364,0,0,0.000,0.000,-1,0,0,0,88.168
5365,0,0,0.000,0.000,-1,0,0,0,73.301
5366,0,0,0.000,0.000,-1,0,0,0,76.780
5367,0,0,0.000,0.000,-1,0,0,0,77.684
5368,0,0,0.000,0.000,-1,0,0,0,77.034
5369,0,0,0.000,0.000,-1,0,0,0,72.030
5370,0,0,0.000,0.000,-1,0,0,0,87.807
5371,0,0,0.000,0.000,-1,0,0,0,73.404
5372,0,0,0.000,0.000,-1,0,0,0,75.290
5373,0,0,0.000,0.000,-1,0,0,0,75.177
5374,0,0,0.000,0.000,-1,0,0,0,73.015
5375,0,0,0.000,0.000,-1,0,0,0,76.534
5376,0,1,89.887,94.497,-1,0,0,0,84.996
5377,0,0,0.000,0.000,-1,0,0,0,75.451
5378,0,0,0.000,0.000,-1,0,0,0,75.607
5379,0,0,0.000,0.000,-1,0,0,0,71.606
5380,0,0,0.000,0.000,-1,0,0,0,72.686
5381,0,0,0.000,0.000,-1,0,0,0,74.141
5382,0,0,0.000,0.000,-1,0,0,0,85.145
5383,0,0,0.000,0.000,-1,0,0,0,75.382
5384,0,0,0.000,0.000,-1,0,0,0,79.000
5385,0,0,0.000,0.000,-1,0,0,0,74.310
5386,0,0,0.000,0.000,-1,0,0,0,74.333
5387,0,0,0.000,0.000,-1,0,0,0,76.746
5388,0,0,0.000,0.000,-1,0,0,0,84.623
5389,0,0,0.000,0.000,-1,0,0,0,74.906
5390,0,0,0.000,0.000,-1,0,0,0,74.981
5391,0,0,0.000,0.000,-1,0,0,0,75.223
5392,0,0,0.000,0.000,-1,0,0,0,79.060
5393,0,0,0.000,0.000,-1,0,0,0,76.477
5394,0,0,0.000,0.000,-1,0,0,0,87.793
5395,0,0,0.000,0.000,-1,0,0,0,75.365
5396,0,0,0.000,0.000,-1,0,0,0,75.478
5397,0,0,0.000,0.000,-1,0,0,0,77.656
5398,0,0,0.000,0.000,-1,0,0,0,76.342
5399,0,0,0.000,0.000,-1,0,0,0,77.584
5400,0,0,0.000,0.000,-1,0,0,0,88.220
5401,0,0,0.000,0.000,-1,0,0,0,73.382
5402,0,0,0.000,0.000,-1,0,0,0,75.654
5403,0,0,0.000,0.000,-1,0,0,0,74.067
5404,0,0,0.000,0.000,-1,0,0,0,74.232
5405,0,0,0.000,0.000,-1,0,0,0,74.991
5406,0,0,0.000,0.000,-1,0,0,0,86.465
5407,0,0,0.000,0.000,-1,0,0,0,76.178
5408,0,1,95.466,99.866,-1,0,0,0,73.513
5409,0,0,0.000,0.000,-1,0,0,0,74.568
5410,0,0,0.000,0.000,-1,0,0,0,78.151
5411,0,0,0.000,0.000,-1,0,0,0,75.971
5412,0,0,0.000,0.000,-1,0,0,0,87.595
5413,0,0,0.000,0.000,-1,0,0,0,79.256
5414,0,0,0.000,0.000,-1,0,0,0,80.478
5415,0,0,0.000,0.000,-1,0,0,0,76.633
5416,0,0,0.000,0.000,-1,0,0,0,74.189
5417,0,0,0.000,0.000,-1,0,0,0,77.532
5418,0,0,0.000,0.000,-1,0,0,0,91.179
5419,0,0,0.000,0.000,-1,0,0,0,74.742
5420,0,0,0.000,0.000,-1,0,0,0,73.488
5421,0,0,0.000,0.000,-1,0,0,0,77.051
5422,0,0,0.000,0.000,-1,0,0,0,75.400
5423,0,0,0.000,0.000,-1,0,0,0,74.830
5424,0,0,0.000,0.000,-1,0,0,0,87.242
5425,0,0,0.000,0.000,-1,0,0,0,73.625
5426,0,0,0.000,0.000,-1,0,0,0,77.993
5427,0,0,0.000,0.000,-1,0,0,0,74.064
5428,0,0,0.000,0.000,-1,0,0,0,77.406
5429,0,0,0.000,0.000,-1,0,0,0,75.933
5430,0,0,0.000,0.000,-1,0,0,0,83.464
5431,0,0,0.000,0.000,-1,0,0,0,76.421
5432,0,0,0.000,0.000,-1,0,0,0,72.203
5433,0,0,0.000,0.000,-1,0,0,0,76.346
5434,0,0,0.000,0.000,-1,0,0,0,77.486
5435,0,0,0.000,0.000,-1,0,0,0,75.918
5436,0,0,0.000,0.000,-1,0,0,0,86.045
5437,0,0,0.000,0.000,-1,0,0,0,75.088
5438,0,0,0.000,0.000,-1,0,0,0,72.799
5439,0,0,0.000,0.000,-1,0,0,0,74.884
5440,0,1,94.779,98.861,-1,0,0,0,76.789
5441,0,0,0.000,0.000,-1,0,0,0,72.695
5442,0,0,0.000,0.000,-1,0,0,0,84.447
5443,0,0,0.000,0.000,-1,0,0,0,70.701
5444,0,0,0.000,0.000,-1,0,0,0,76.819
5445,0,0,0.000,0.000,-1,0,0,0,76.339
5446,0,0,0.000,0.000,-1,0,0,0,74.787
5447,0,0,0.000,0.000,-1,0,0,0,75.100
5448,0,0,0.000,0.000,-1,0,0,0,84.203
5449,0,0,0.000,0.000,-1,0,0,0,72.448
5450,0,0,0.000,0.000,-1,0,0,0,74.836
5451,0,0,0.000,0.000,-1,0,0,0,74.199
5452,0,0,0.000,0.000,-1,0,0,0,72.960
5453,0,0,0.000,0.000,-1,0,0,0,76.685
5454,0,0,0.000,0.000,-1,0,0,0,84.297
5455,0,0,0.000,0.000,-1,0,0,0,72.532
5456,0,0,0.000,0.000,-1,0,0,0,72.574
5457,0,0,0.000,0.000,-1,0,0,0,74.645
5458,0,0,0.000,0.000,-1,0,0,0,74.780
5459,0,0,0.000,0.000,-1,0,0,0,78.261
5460,0,0,0.000,0.000,-1,0,0,0,87.338
5461,0,0,0.000,0.000,-1,0,0,0,73.157
5462,0,0,0.000,0.000,-1,0,0,0,74.550
5463,0,0,0.000,0.000,-1,0,0,0,74.349
5464,0,0,0.000,0.000,-1,0,0,0,75.270
5465,0,0,0.000,0.000,-1,0,0,0,75.247
5466,0,0,0.000,0.000,-1,0,0,0,86.582
5467,0,0,0.000,0.000,-1,0,0,0,72.235
5468,0,0,0.000,0.000,-1,0,0,0,76.951
5469,0,0,0.000,0.000,-1,0,0,0,73.701
5470,0,0,0.000,0.000,-1,0,0,0,76.140
5471,0,0,0.000,0.000,-1,0,0,0,75.174
5472,0,1,88.884,93.562,-1,0,0,0,84.970
5473,0,0,0.000,0.000,-1,0,0,0,73.428
5474,0,0,0.000,0.000,-1,0,0,0,76.807
5475,0,0,0.000,0.000,-1,0,0,0,76.171
5476,0,0,0.000,0.000,-1,0,0,0,76.868
5477,0,0,0.000,0.000,-1,0,0,0,73.889
5478,0,0,0.000,0.000,-1,0,0,0,84.227
5479,0,0,0.000,0.000,-1,0,0,0,77.444
5480,0,0,0.000,0.000,-1,0,0,0,74.203
5481,0,0,0.000,0.000,-1,0,0,0,73.959
5482,0,0,0.000,0.000,-1,0,0,0,74.644
5483,0,0,0.000,0.000,-1,0,0,0,75.128
5484,0,0,0.000,0.000,-1,0,0,0,86.556
5485,0,0,0.000,0.000,-1,0,0,0,73.199
5486,0,0,0.000,0.000,-1,0,0,0,75.186
5487,0,0,0.000,0.000,-1,0,0,0,75.345
5488,0,0,0.000,0.000,-1,0,0,0,77.504
5489,0,0,0.000,0.000,-1,0,0,0,73.248
5490,0,0,0.000,0.000,-1,0,0,0,85.638
5491,0,0,0.000,0.000,-1,0,0,0,72.886
5492,0,0,0.000,0.000,-1,0,0,0,74.670
5493,0,0,0.000,0.000,-1,0,0,0,76.578
5494,0,0,0.000,0.000,-1,0,0,0,77.845
5495,0,0,0.000,0.000,-1,0,0,0,74.998
5496,0,0,0.000,0.000,-1,0,0,0,86.692
5497,0,0,0.000,0.000,-1,0,0,0,113.193
5498,0,0,0.000,0.000,-1,0,0,0,75.209
5499,0,0,0.000,0.000,-1,0,0,0,73.809
5500,0,0,0.000,0.000,-1,0,0,0,77.648
5501,0,0,0.000,0.000,-1,0,0,0,75.874
5502,0,0,0.000,0.000,-1,0,0,0,86.038
5503,0,0,0.000,0.000,-1,0,0,0,74.190
5504,0,1,95.082,99.861,-1,0,0,0,73.187
5505,0,0,0.000,0.000,-1,0,0,0,76.121
5506,0,0,0.000,0.000,-1,0,0,0,77.442
5507,0,0,0.000,0.000,-1,0,0,0,74.431
5508,0,0,0.000,0.000,-1,0,0,0,85.198
5509,0,0,0.000,0.000,-1,0,0,0,71.769
5510,0,0,0.000,0.000,-1,0,0,0,77.078
5511,0,0,0.000,0.000,-1,0,0,0,78.364
5512,0,0,0.000,0.000,-1,0,0,0,76.095
5513,0,0,0.000,0.000,-1,0,0,0,73.982
5514,0,0,0.000,0.000,-1,0,0,0,86.728
5515,0,0,0.000,0.000,-1,0,0,0,75.375
5516,0,0,0.000,0.000,-1,0,0,0,77.407
5517,0,0,0.000,0.000,-1,0,0,0,74.336
5518,0,0,0.000,0.000,-1,0,0,0,73.476
5519,0,0,0.000,0.000,-1,0,0,0,79.793
5520,0,0,0.000,0.000,-1,0,0,0,83.713
5521,0,0,0.000,0.000,-1,0,0,0,76.311
5522,0,0,0.000,0.000,-1,0,0,0,74.652
5523,0,0,0.000,0.000,-1,0,0,0,77.214
5524,0,0,0.000,0.000,-1,0,0,0,74.502
5525,0,0,0.000,0.000,-1,0,0,0,75.106
5526,0,0,0.000,0.000,-1,0,0,0,85.387
5527,0,0,0.000,0.000,-1,0,0,0,77.112
5528,0,0,0.000,0.000,-1,0,0,0,75.430
5529,0,0,0.000,0.000,-1,0,0,0,76.533
5530,0,0,0.000,0.000,-1,0,0,0,75.925
5531,0,0,0.000,0.000,-1,0,0,0,75.211
5532,0,0,0.000,0.000,-1,0,0,0,84.293
5533,0,0,0.000,0.000,-1,0,0,0,76.878
5534,0,0,0.000,0.000,-1,0,0,0,74.339
5535,0,0,0.000,0.000,-1,0,0,0,75.665
5536,0,1,94.462,99.304,-1,0,0,0,77.889
5537,0,0,0.000,0.000,-1,0,0,0,77.492
5538,0,0,0.000,0.000,-1,0,0,0,85.141
5539,0,0,0.000,0.000,-1,0,0,0,72.929
5540,0,0,0.000,0.000,-1,0,0,0,76.538
5541,0,0,0.000,0.000,-1,0,0,0,72.661
5542,0,0,0.000,0.000,-1,0,0,0,74.561
5543,0,0,0.000,0.000,-1,0,0,0,76.295
5544,0,0,0.000,0.000,-1,0,0,0,86.693
5545,0,0,0.000,0.000,-1,0,0,0,75.693
5546,0,0,0.000,0.000,-1,0,0,0,77.435
5547,0,0,0.000,0.000,-1,0,0,0,77.549
5548,0,0,0.000,0.000,-1,0,0,0,72.896
5549,0,0,0.000,0.000,-1,0,0,0,77.830
5550,0,0,0.000,0.000,-1,0,0,0,85.769
5551,0,0,0.000,0.000,-1,0,0,0,74.962
5552,0,0,0.000,0.000,-1,0,0,0,76.306
5553,0,0,0.000,0.000,-1,0,0,0,77.731
5554,0,0,0.000,0.000,-1,0,0,0,77.067
5555,0,0,0.000,0.000,-1,0,0,0,74.356
5556,0,0,0.000,0.000,-1,0,0,0,84.957
5557,0,0,0.000,0.000,-1,0,0,0,76.548
5558,0,0,0.000,0.000,-1,0,0,0,74.880
5559,0,0,0.000,0.000,-1,0,0,0,76.130
5560,0,0,0.000,0.000,-1,0,0,0,75.090
5561,0,0,0.000,0.000,-1,0,0,0,74.140
5562,0,0,0.000,0.000,-1,0,0,0,86.778
5563,0,0,0.000,0.000,-1,0,0,0,72.661
5564,0,0,0.000,0.000,-1,0,0,0,74.454
5565,0,0,0.000,0.000,-1,0,0,0,75.181
5566,0,0,0.000,0.000,-1,0,0,0,74.887
5567,0,0,0.000,0.000,-1,0,0,0,75.359
5568,0,1,88.192,92.350,-1,0,0,0,89.557
5569,0,0,0.000,0.000,-1,0,0,0,74.266
5570,0,0,0.000,0.000,-1,0,0,0,77.124
5571,0,0,0.000,0.000,-1,0,0,0,73.337
5572,0,0,0.000,0.000,-1,0,0,0,76.557
5573,0,0,0.000,0.000,-1,0,0,0,79.820
5574,0,0,0.000,0.000,-1,0,0,0,89.317
5575,0,0,0.000,0.000,-1,0,0,0,73.877
5576,0,0,0.000,0.000,-1,0,0,0,75.041
5577,0,0,0.000,0.000,-1,0,0,0,76.514
5578,0,0,0.000,0.000,-1,0,0,0,72.718
5579,0,0,0.000,0.000,-1,0,0,0,74.230
5580,0,0,0.000,0.000,-1,0,0,0,89.085
5581,0,0,0.000,0.000,-1,0,0,0,75.074
5582,0,0,0.000,0.000,-1,0,0,0,76.798
5583,0,0,0.000,0.000,-1,0,0,0,76.905
5584,0,0,0.000,0.000,-1,0,0,0,74.995
5585,0,0,0.000,0.000,-1,0,0,0,74.337
5586,0,0,0.000,0.000,-1,0,0,0,84.933
5587,0,0,0.000,0.000,-1,0,0,0,72.655
5588,0,0,0.000,0.000,-1,0,0,0,76.873
5589,0,0,0.000,0.000,-1,0,0,0,77.379
5590,0,0,0.000,0.000,-1,0,0,0,76.930
5591,0,0,0.000,0.000,-1,0,0,0,74.207
5592,0,0,0.000,0.000,-1,0,0,0,84.890
5593,0,0,0.000,0.000,-1,0,0,0,73.510
5594,0,0,0.000,0.000,-1,0,0,0,75.350
5595,0,0,0.000,0.000,-1,0,0,0,75.139
5596,0,0,0.000,0.000,-1,0,0,0,73.181
5597,0,0,0.000,0.000,-1,0,0,0,74.465
5598,0,0,0.000,0.000,-1,0,0,0,87.185
5599,0,0,0.000,0.000,-1,0,0,0,75.212
5600,0,1,92.363,98.336,-1,0,0,0,77.754
5601,0,0,0.000,0.000,-1,0,0,0,72.487
5602,0,0,0.000,0.000,-1,0,0,0,74.466
5603,0,0,0.000,0.000,-1,0,0,0,74.604
5604,0,0,0.000,0.000,-1,0,0,0,84.971
5605,0,0,0.000,0.000,-1,0,0,0,76.324
5606,0,0,0.000,0.000,-1,0,0,0,74.818
5607,0,0,0.000,0.000,-1,0,0,0,77.980
5608,0,0,0.000,0.000,-1,0,0,0,74.755
5609,0,0,0.000,0.000,-1,0,0,0,74.802
5610,0,0,0.000,0.000,-1,0,0,0,88.662
5611,0,0,0.000,0.000,-1,0,0,0,73.410
5612,0,0,0.000,0.000,-1,0,0,0,73.037
5613,0,0,0.000,0.000,-1,0,0,0,76.449
5614,0,0,0.000,0.000,-1,0,0,0,76.531
5615,0,0,0.000,0.000,-1,0,0,0,75.110
5616,0,0,0.000,0.000,-1,0,0,0,83.690
5617,0,0,0.000,0.000,-1,0,0,0,75.836
5618,0,0,0.000,0.000,-1,0,0,0,76.671
5619,0,0,0.000,0.000,-1,0,0,0,76.010
5620,0,0,0.000,0.000,-1,0,0,0,76.512
5621,0,0,0.000,0.000,-1,0,0,0,75.878
5622,0,0,0.000,0.000,-1,0,0,0,88.213
5623,0,0,0.000,0.000,-1,0,0,0,69.761
5624,0,0,0.000,0.000,-1,0,0,0,74.161
5625,0,0,0.000,0.000,-1,0,0,0,74.111
5626,0,0,0.000,0.000,-1,0,0,0,77.019
5627,0,0,0.000,0.000,-1,0,0,0,74.744
5628,0,0,0.000,0.000,-1,0,0,0,88.992
5629,0,0,0.000,0.000,-1,0,0,0,73.713
5630,0,0,0.000,0.000,-1,0,0,0,74.527
5631,0,0,0.000,0.000,-1,0,0,0,77.795
5632,0,1,94.255,99.144,-1,0,0,0,76.606
5633,0,0,0.000,0.000,-1,0,0,0,74.919
5634,0,0,0.000,0.000,-1,0,0,0,91.612
5635,0,0,0.000,0.000,-1,0,0,0,71.785
5636,0,0,0.000,0.000,-1,0,0,0,78.965
5637,0,0,0.000,0.000,-1,0,0,0,73.442
5638,0,0,0.000,0.000,-1,0,0,0,74.308
5639,0,0,0.000,0.000,-1,0,0,0,78.468
5640,0,0,0.000,0.000,-1,0,0,0,86.980
5641,0,0,0.000,0.000,-1,0,0,0,71.017
5642,0,0,0.000,0.000,-1,0,0,0,79.488
5643,0,0,0.000,0.000,-1,0,0,0,76.627
5644,0,0,0.000,0.000,-1,0,0,0,75.090
5645,0,0,0.000,0.000,-1,0,0,0,74.121
5646,0,0,0.000,0.000,-1,0,0,0,90.605
5647,0,0,0.000,0.000,-1,0,0,0,73.120
5648,0,0,0.000,0.000,-1,0,0,0,74.826
5649,0,0,0.000,0.000,-1,0,0,0,75.619
5650,0,0,0.000,0.000,-1,0,0,0,75.956
5651,0,0,0.000,0.000,-1,0,0,0,75.171
5652,0,0,0.000,0.000,-1,0,0,0,86.500
5653,0,0,0.000,0.000,-1,0,0,0,70.138
5654,0,0,0.000,0.000,-1,0,0,0,75.294
5655,0,0,0.000,0.000,-1,0,0,0,75.528
5656,0,0,0.000,0.000,-1,0,0,0,74.991
5657,0,0,0.000,0.000,-1,0,0,0,76.894
5658,0,0,0.000,0.000,-1,0,0,0,89.415
5659,0,0,0.000,0.000,-1,0,0,0,73.244
5660,0,0,0.000,0.000,-1,0,0,0,76.795
5661,0,0,0.000,0.000,-1,0,0,0,75.793
5662,0,0,0.000,0.000,-1,0,0,0,74.549
5663,0,0,0.000,0.000,-1,0,0,0,77.141
5664,0,1,88.977,93.500,-1,0,0,0,85.065
5665,0,0,0.000,0.000,-1,0,0,0,73.258
5666,0,0,0.000,0.000,-1,0,0,0,76.060
5667,0,0,0.000,0.000,-1,0,0,0,75.463
5668,0,0,0.000,0.000,-1,0,0,0,74.312
5669,0,0,0.000,0.000,-1,0,0,0,73.765
5670,0,0,0.000,0.000,-1,0,0,0,86.746
5671,0,0,0.000,0.000,-1,0,0,0,73.642
5672,0,0,0.000,0.000,-1,0,0,0,74.259
5673,0,0,0.000,0.000,-1,0,0,0,76.789
5674,0,0,0.000,0.000,-1,0,0,0,72.947
5675,0,0,0.000,0.000,-1,0,0,0,75.907
5676,0,0,0.000,0.000,-1,0,0,0,86.009
5677,0,0,0.000,0.000,-1,0,0,0,72.811
5678,0,0,0.000,0.000,-1,0,0,0,76.840
5679,0,0,0.000,0.000,-1,0,0,0,76.903
5680,0,0,0.000,0.000,-1,0,0,0,74.805
5681,0,0,0.000,0.000,-1,0,0,0,76.061
5682,0,0,0.000,0.000,-1,0,0,0,85.675
5683,0,0,0.000,0.000,-1,0,0,0,75.444
5684,0,0,0.000,0.000,-1,0,0,0,74.758
5685,0,0,0.000,0.000,-1,0,0,0,74.576
5686,0,0,0.000,0.000,-1,0,0,0,74.387
5687,0,0,0.000,0.000,-1,0,0,0,76.291
5688,0,0,0.000,0.000,-1,0,0,0,86.350
5689,0,0,0.000,0.000,-1,0,0,0,73.955
5690,0,0,0.000,0.000,-1,0,0,0,76.152
5691,0,0,0.000,0.000,-1,0,0,0,76.839
5692,0,0,0.000,0.000,-1,0,0,0,73.741
5693,0,0,0.000,0.000,-1,0,0,0,78.430
5694,0,0,0.000,0.000,-1,0,0,0,89.395
5695,0,0,0.000,0.000,-1,0,0,0,73.165
5696,0,1,94.278,98.894,-1,0,0,0,75.668
5697,0,0,0.000,0.000,-1,0,0,0,73.571
5698,0,0,0.000,0.000,-1,0,0,0,73.825
5699,0,0,0.000,0.000,-1,0,0,0,74.719
5700,0,0,0.000,0.000,-1,0,0,0,89.103
5701,0,0,0.000,0.000,-1,0,0,0,75.603
5702,0,0,0.000,0.000,-1,0,0,0,75.248
5703,0,0,0.000,0.000,-1,0,0,0,79.187
5704,0,0,0.000,0.000,-1,0,0,0,72.382
5705,0,0,0.000,0.000,-1,0,0,0,73.742
5706,0,0,0.000,0.000,-1,0,0,0,90.839
5707,0,0,0.000,0.000,-1,0,0,0,73.082
5708,0,0,0.000,0.000,-1,0,0,0,75.583
5709,0,0,0.000,0.000,-1,0,0,0,78.994
5710,0,0,0.000,0.000,-1,0,0,0,77.404
5711,0,0,0.000,0.000,-1,0,0,0,75.381
5712,0,0,0.000,0.000,-1,0,0,0,89.739
5713,0,0,0.000,0.000,-1,0,0,0,76.299
5714,0,0,0.000,0.000,-1,0,0,0,75.411
5715,0,0,0.000,0.000,-1,0,0,0,75.493
5716,0,0,0.000,0.000,-1,0,0,0,75.594
5717,0,0,0.000,0.000,-1,0,0,0,75.104
5718,0,0,0.000,0.000,-1,0,0,0,86.276
5719,0,0,0.000,0.000,-1,0,0,0,73.283
5720,0,0,0.000,0.000,-1,0,0,0,75.438
5721,0,0,0.000,0.000,-1,0,0,0,75.774
5722,0,0,0.000,0.000,-1,0,0,0,75.461
5723,0,0,0.000,0.000,-1,0,0,0,77.983
5724,0,0,0.000,0.000,-1,0,0,0,88.270
5725,0,0,0.000,0.000,-1,0,0,0,75.777
5726,0,0,0.000,0.000,-1,0,0,0,77.327
5727,0,0,0.000,0.000,-1,0,0,0,74.998
5728,0,1,94.781,99.643,-1,0,0,0,77.017
5729,0,0,0.000,0.000,-1,0,0,0,76.344
5730,0,0,0.000,0.000,-1,0,0,0,91.820
5731,0,0,0.000,0.000,-1,0,0,0,75.456
5732,0,0,0.000,0.000,-1,0,0,0,76.276
5733,0,0,0.000,0.000,-1,0,0,0,76.178
5734,0,0,0.000,0.000,-1,0,0,0,74.976
5735,0,0,0.000,0.000,-1,0,0,0,75.509
5736,0,0,0.000,0.000,-1,0,0,0,88.960
5737,0,0,0.000,0.000,-1,0,0,0,74.314
5738,0,0,0.000,0.000,-1,0,0,0,77.350
5739,0,0,0.000,0.000,-1,0,0,0,77.314
5740,0,0,0.000,0.000,-1,0,0,0,76.315
5741,0,0,0.000,0.000,-1,0,0,0,73.288
5742,0,0,0.000,0.000,-1,0,0,0,87.890
5743,0,0,0.000,0.000,-1,0,0,0,76.334
5744,0,0,0.000,0.000,-1,0,0,0,76.309
5745,0,0,0.000,0.000,-1,0,0,0,76.937
5746,0,0,0.000,0.000,-1,0,0,0,75.549
5747,0,0,0.000,0.000,-1,0,0,0,76.776
5748,0,0,0.000,0.000,-1,0,0,0,87.938
5749,0,0,0.000,0.000,-1,0,0,0,75.890
5750,0,0,0.000,0.000,-1,0,0,0,75.427
5751,0,0,0.000,0.000,-1,0,0,0,75.761
5752,0,0,0.000,0.000,-1,0,0,0,74.698
5753,0,0,0.000,0.000,-1,0,0,0,75.713
5754,0,0,0.000,0.000,-1,0,0,0,85.804
5755,0,0,0.000,0.000,-1,0,0,0,76.542
5756,0,0,0.000,0.000,-1,0,0,0,76.301
5757,0,0,0.000,0.000,-1,0,0,0,78.697
5758,0,0,0.000,0.000,-1,0,0,0,76.375
5759,0,0,0.000,0.000,-1,0,0,0,76.669
5760,0,1,84.742,89.929,-1,0,0,0,88.709
5761,0,0,0.000,0.000,-1,0,0,0,75.235
5762,0,0,0.000,0.000,-1,0,0,0,77.066
5763,0,0,0.000,0.000,-1,0,0,0,75.406
5764,0,0,0.000,0.000,-1,0,0,0,75.846
5765,0,0,0.000,0.000,-1,0,0,0,75.741
5766,0,0,0.000,0.000,-1,0,0,0,90.012
5767,0,0,0.000,0.000,-1,0,0,0,75.124
5768,0,0,0.000,0.000,-1,0,0,0,75.672
5769,0,0,0.000,0.000,-1,0,0,0,78.518
5770,0,0,0.000,0.000,-1,0,0,0,75.578
5771,0,0,0.000,0.000,-1,0,0,0,77.438
5772,0,0,0.000,0.000,-1,0,0,0,87.982
5773,0,0,0.000,0.000,-1,0,0,0,76.492
5774,0,0,0.000,0.000,-1,0,0,0,74.839
5775,0,0,0.000,0.000,-1,0,0,0,76.287
5776,0,0,0.000,0.000,-1,0,0,0,75.262
5777,0,0,0.000,0.000,-1,0,0,0,75.326
5778,0,0,0.000,0.000,-1,0,0,0,89.147
5779,0,0,0.000,0.000,-1,0,0,0,76.844
5780,0,0,0.000,0.000,-1,0,0,0,74.812
5781,0,0,0.000,0.000,-1,0,0,0,78.461
5782,0,0,0.000,0.000,-1,0,0,0,77.107
5783,0,0,0.000,0.000,-1,0,0,0,75.178
5784,0,0,0.000,0.000,-1,0,0,0,86.635
5785,0,0,0.000,0.000,-1,0,0,0,75.182
5786,0,0,0.000,0.000,-1,0,0,0,86.167
5787,0,0,0.000,0.000,-1,0,0,0,77.008
5788,0,0,0.000,0.000,-1,0,0,0,78.374
5789,0,0,0.000,0.000,-1,0,0,0,78.904
5790,0,0,0.000,0.000,-1,0,0,0,86.329
5791,0,0,0.000,0.000,-1,0,0,0,73.581
5792,0,1,94.999,100.100,-1,0,0,0,72.758
5793,0,0,0.000,0.000,-1,0,0,0,74.164
5794,0,0,0.000,0.000,-1,0,0,0,76.026
5795,0,0,0.000,0.000,-1,0,0,0,73.923
5796,0,0,0.000,0.000,-1,0,0,0,85.703
5797,0,0,0.000,0.000,-1,0,0,0,70.530
5798,0,0,0.000,0.000,-1,0,0,0,71.431
5799,0,0,0.000,0.000,-1,0,0,0,73.495
5800,0,0,0.000,0.000,-1,0,0,0,70.724
5801,0,0,0.000,0.000,-1,0,0,0,72.188
5802,0,0,0.000,0.000,-1,0,0,0,81.323
5803,0,0,0.000,0.000,-1,0,0,0,69.523
5804,0,0,0.000,0.000,-1,0,0,0,73.330
5805,0,0,0.000,0.000,-1,0,0,0,74.348
5806,0,0,0.000,0.000,-1,0,0,0,72.285
5807,0,0,0.000,0.000,-1,0,0,0,70.653
5808,0,0,0.000,0.000,-1,0,0,0,86.602
5809,0,0,0.000,0.000,-1,0,0,0,70.090
5810,0,0,0.000,0.000,-1,0,0,0,72.355
5811,0,0,0.000,0.000,-1,0,0,0,73.143
5812,0,0,0.000,0.000,-1,0,0,0,72.581
5813,0,0,0.000,0.000,-1,0,0,0,75.356
5814,0,0,0.000,0.000,-1,0,0,0,83.252
5815,0,0,0.000,0.000,-1,0,0,0,71.524
5816,0,0,0.000,0.000,-1,0,0,0,76.426
5817,0,0,0.000,0.000,-1,0,0,0,82.865
5818,0,0,0.000,0.000,-1,0,0,0,75.202
5819,0,0,0.000,0.000,-1,0,0,0,73.145
5820,0,0,0.000,0.000,-1,0,0,0,88.453
5821,0,0,0.000,0.000,-1,0,0,0,69.366
5822,0,0,0.000,0.000,-1,0,0,0,72.387
5823,0,0,0.000,0.000,-1,0,0,0,73.996
5824,0,1,94.173,99.281,-1,0,0,0,72.381
5825,0,0,0.000,0.000,-1,0,0,0,71.802
5826,0,0,0.000,0.000,-1,0,0,0,82.053
5827,0,0,0.000,0.000,-1,0,0,0,71.320
5828,0,0,0.000,0.000,-1,0,0,0,70.799
5829,0,0,0.000,0.000,-1,0,0,0,73.856
5830,0,0,0.000,0.000,-1,0,0,0,74.341
5831,0,0,0.000,0.000,-1,0,0,0,73.760
5832,0,0,0.000,0.000,-1,0,0,0,84.274
5833,0,0,0.000,0.000,-1,0,0,0,73.517
5834,0,0,0.000,0.000,-1,0,0,0,73.753
5835,0,0,0.000,0.000,-1,0,0,0,72.128
5836,0,0,0.000,0.000,-1,0,0,0,71.012
5837,0,0,0.000,0.000,-1,0,0,0,74.193
5838,0,0,0.000,0.000,-1,0,0,0,82.127
5839,0,0,0.000,0.000,-1,0,0,0,72.073
5840,0,0,0.000,0.000,-1,0,0,0,73.304
5841,0,0,0.000,0.000,-1,0,0,0,73.366
5842,0,0,0.000,0.000,-1,0,0,0,73.190
5843,0,0,0.000,0.000,-1,0,0,0,74.942
5844,0,0,0.000,0.000,-1,0,0,0,84.186
5845,0,0,0.000,0.000,-1,0,0,0,68.377
5846,0,0,0.000,0.000,-1,0,0,0,78.327
5847,0,0,0.000,0.000,-1,0,0,0,71.901
5848,0,0,0.000,0.000,-1,0,0,0,74.233
5849,0,0,0.000,0.000,-1,0,0,0,73.479
5850,0,0,0.000,0.000,-1,0,0,0,88.606
5851,0,0,0.000,0.000,-1,0,0,0,71.604
5852,0,0,0.000,0.000,-1,0,0,0,78.864
5853,0,0,0.000,0.000,-1,0,0,0,73.954
5854,0,0,0.000,0.000,-1,0,0,0,99.282
5855,0,0,0.000,0.000,-1,0,0,0,73.083
5856,0,1,88.246,92.339,-1,0,0,0,85.616
5857,0,0,0.000,0.000,-1,0,0,0,71.234
5858,0,0,0.000,0.000,-1,0,0,0,77.409
5859,0,0,0.000,0.000,-1,0,0,0,73.936
5860,0,0,0.000,0.000,-1,0,0,0,75.140
5861,0,0,0.000,0.000,-1,0,0,0,73.861
5862,0,0,0.000,0.000,-1,0,0,0,89.659
5863,0,0,0.000,0.000,-1,0,0,0,81.273
5864,0,0,0.000,0.000,-1,0,0,0,80.658
5865,0,0,0.000,0.000,-1,0,0,0,78.181
5866,0,0,0.000,0.000,-1,0,0,0,80.308
5867,0,0,0.000,0.000,-1,0,0,0,77.082
5868,0,0,0.000,0.000,-1,0,0,0,91.374
5869,0,0,0.000,0.000,-1,0,0,0,73.324
5870,0,0,0.000,0.000,-1,0,0,0,77.801
5871,0,0,0.000,0.000,-1,0,0,0,75.528
5872,0,0,0.000,0.000,-1,0,0,0,76.505
5873,0,0,0.000,0.000,-1,0,0,0,74.878
5874,0,0,0.000,0.000,-1,0,0,0,86.583
5875,0,0,0.000,0.000,-1,0,0,0,73.317
5876,0,0,0.000,0.000,-1,0,0,0,76.395
5877,0,0,0.000,0.000,-1,0,0,0,73.578
5878,0,0,0.000,0.000,-1,0,0,0,76.005
5879,0,0,0.000,0.000,-1,0,0,0,76.280
5880,0,0,0.000,0.000,-1,0,0,0,90.943
5881,0,0,0.000,0.000,-1,0,0,0,71.926
5882,0,0,0.000,0.000,-1,0,0,0,77.377
5883,0,0,0.000,0.000,-1,0,0,0,73.651
5884,0,0,0.000,0.000,-1,0,0,0,75.849
5885,0,0,0.000,0.000,-1,0,0,0,70.366
5886,0,0,0.000,0.000,-1,0,0,0,87.912
5887,0,0,0.000,0.000,-1,0,0,0,73.948
5888,0,1,91.588,97.051,-1,0,0,0,76.849
5889,0,0,0.000,0.000,-1,0,0,0,74.792
5890,0,0,0.000,0.000,-1,0,0,0,75.572
5891,0,0,0.000,0.000,-1,0,0,0,78.094
5892,0,0,0.000,0.000,-1,0,0,0,89.082
5893,0,0,0.000,0.000,-1,0,0,0,74.852
5894,0,0,0.000,0.000,-1,0,0,0,74.455
5895,0,0,0.000,0.000,-1,0,0,0,74.908
5896,0,0,0.000,0.000,-1,0,0,0,75.973
5897,0,0,0.000,0.000,-1,0,0,0,75.207
5898,0,0,0.000,0.000,-1,0,0,0,83.794
5899,0,0,0.000,0.000,-1,0,0,0,81.360
5900,0,0,0.000,0.000,-1,0,0,0,78.141
5901,0,0,0.000,0.000,-1,0,0,0,70.250
5902,0,0,0.000,0.000,-1,0,0,0,74.021
5903,0,0,0.000,0.000,-1,0,0,0,72.968
5904,0,0,0.000,0.000,-1,0,0,0,91.885
5905,0,0,0.000,0.000,-1,0,0,0,72.918
5906,0,0,0.000,0.000,-1,0,0,0,73.173
5907,0,0,0.000,0.000,-1,0,0,0,70.999
5908,0,0,0.000,0.000,-1,0,0,0,72.330
5909,0,0,0.000,0.000,-1,0,0,0,73.632
5910,0,0,0.000,0.000,-1,0,0,0,86.767
5911,0,0,0.000,0.000,-1,0,0,0,70.150
5912,0,0,0.000,0.000,-1,0,0,0,71.740
5913,0,0,0.000,0.000,-1,0,0,0,75.144
5914,0,0,0.000,0.000,-1,0,0,0,71.143
5915,0,0,0.000,0.000,-1,0,0,0,71.560
5916,0,0,0.000,0.000,-1,0,0,0,84.733
5917,0,0,0.000,0.000,-1,0,0,0,71.757
5918,0,0,0.000,0.000,-1,0,0,0,72.704
5919,0,0,0.000,0.000,-1,0,0,0,72.488
5920,0,1,94.582,99.811,-1,0,0,0,71.621
5921,0,0,0.000,0.000,-1,0,0,0,70.453
5922,0,0,0.000,0.000,-1,0,0,0,81.605
5923,0,0,0.000,0.000,-1,0,0,0,67.547
5924,0,0,0.000,0.000,-1,0,0,0,73.919
5925,0,0,0.000,0.000,-1,0,0,0,73.072
5926,0,0,0.000,0.000,-1,0,0,0,71.693
5927,0,0,0.000,0.000,-1,0,0,0,77.012
5928,0,0,0.000,0.000,-1,0,0,0,79.295
5929,0,0,0.000,0.000,-1,0,0,0,72.355
5930,0,0,0.000,0.000,-1,0,0,0,78.195
5931,0,0,0.000,0.000,-1,0,0,0,70.074
5932,0,0,0.000,0.000,-1,0,0,0,75.555
5933,0,0,0.000,0.000,-1,0,0,0,72.351
5934,0,0,0.000,0.000,-1,0,0,0,84.330
5935,0,0,0.000,0.000,-1,0,0,0,71.305
5936,0,0,0.000,0.000,-1,0,0,0,75.002
5937,0,0,0.000,0.000,-1,0,0,0,72.226
5938,0,0,0.000,0.000,-1,0,0,0,71.482
5939,0,0,0.000,0.000,-1,0,0,0,71.610
5940,0,0,0.000,0.000,-1,0,0,0,86.412
5941,0,0,0.000,0.000,-1,0,0,0,71.062
5942,0,0,0.000,0.000,-1,0,0,0,72.137
5943,0,0,0.000,0.000,-1,0,0,0,72.803
5944,0,0,0.000,0.000,-1,0,0,0,71.937
5945,0,0,0.000,0.000,-1,0,0,0,70.958
5946,0,0,0.000,0.000,-1,0,0,0,85.269
5947,0,0,0.000,0.000,-1,0,0,0,72.975
5948,0,0,0.000,0.000,-1,0,0,0,73.142
5949,0,0,0.000,0.000,-1,0,0,0,70.585
5950,0,0,0.000,0.000,-1,0,0,0,70.991
5951,0,0,0.000,0.000,-1,0,0,0,73.633
5952,0,1,89.744,94.334,-1,0,0,0,82.683
5953,0,0,0.000,0.000,-1,0,0,0,71.397
5954,0,0,0.000,0.000,-1,0,0,0,71.225
5955,0,0,0.000,0.000,-1,0,0,0,72.595
5956,0,0,0.000,0.000,-1,0,0,0,72.105
5957,0,0,0.000,0.000,-1,0,0,0,75.500
5958,0,0,0.000,0.000,-1,0,0,0,84.111
5959,0,0,0.000,0.000,-1,0,0,0,70.620
5960,0,0,0.000,0.000,-1,0,0,0,75.230
5961,0,0,0.000,0.000,-1,0,0,0,72.183
5962,0,0,0.000,0.000,-1,0,0,0,73.664
5963,0,0,0.000,0.000,-1,0,0,0,71.558
5964,0,0,0.000,0.000,-1,0,0,0,85.018
5965,0,0,0.000,0.000,-1,0,0,0,70.146
5966,0,0,0.000,0.000,-1,0,0,0,72.219
5967,0,0,0.000,0.000,-1,0,0,0,73.513
5968,0,0,0.000,0.000,-1,0,0,0,74.840
5969,0,0,0.000,0.000,-1,0,0,0,71.375
5970,0,0,0.000,0.000,-1,0,0,0,84.284
5971,0,0,0.000,0.000,-1,0,0,0,71.510
5972,0,0,0.000,0.000,-1,0,0,0,74.751
5973,0,0,0.000,0.000,-1,0,0,0,71.772
5974,0,0,0.000,0.000,-1,0,0,0,74.030
5975,0,0,0.000,0.000,-1,0,0,0,75.061
5976,0,0,0.000,0.000,-1,0,0,0,83.921
5977,0,0,0.000,0.000,-1,0,0,0,70.850
5978,0,0,0.000,0.000,-1,0,0,0,71.649
5979,0,0,0.000,0.000,-1,0,0,0,74.460
5980,0,0,0.000,0.000,-1,0,0,0,73.178
5981,0,0,0.000,0.000,-1,0,0,0,71.580
5982,0,0,0.000,0.000,-1,0,0,0,83.958
5983,0,0,0.000,0.000,-1,0,0,0,71.030
5984,0,1,95.583,101.162,-1,0,0,0,71.868
5985,0,0,0.000,0.000,-1,0,0,0,72.590
5986,0,0,0.000,0.000,-1,0,0,0,73.875
5987,0,0,0.000,0.000,-1,0,0,0,71.045
5988,0,0,0.000,0.000,-1,0,0,0,82.450
5989,0,0,0.000,0.000,-1,0,0,0,72.187
5990,0,0,0.000,0.000,-1,0,0,0,72.630
5991,0,0,0.000,0.000,-1,0,0,0,73.365
5992,0,0,0.000,0.000,-1,0,0,0,74.823
5993,0,0,0.000,0.000,-1,0,0,0,92.964
5994,0,0,0.000,0.000,-1,0,0,0,80.808
5995,0,0,0.000,0.000,-1,0,0,0,71.215
5996,0,0,0.000,0.000,-1,0,0,0,71.771
5997,0,0,0.000,0.000,-1,0,0,0,72.452
5998,0,0,0.000,0.000,-1,0,0,0,73.004
5999,0,0,0.000,0.000,-1,0,0,0,74.420
6000,0,0,0.000,0.000,-1,0,0,0,83.498
6001,0,0,0.000,0.000,-1,0,0,0,70.576
6002,0,0,0.000,0.000,-1,0,0,0,74.006
6003,0,0,0.000,0.000,-1,0,0,0,70.898
6004,0,0,0.000,0.000,-1,0,0,0,72.106
6005,0,0,0.000,0.000,-1,0,0,0,74.781
6006,0,0,0.000,0.000,-1,0,0,0,85.372
6007,0,0,0.000,0.000,-1,0,0,0,72.486
6008,0,0,0.000,0.000,-1,0,0,0,77.086
6009,0,0,0.000,0.000,-1,0,0,0,71.543
6010,0,0,0.000,0.000,-1,0,0,0,74.171
6011,0,0,0.000,0.000,-1,0,0,0,72.033
6012,0,0,0.000,0.000,-1,0,0,0,83.099
6013,0,0,0.000,0.000,-1,0,0,0,70.958
6014,0,0,0.000,0.000,-1,0,0,0,73.332
6015,0,0,0.000,0.000,-1,0,0,0,73.091
6016,0,1,94.004,98.742,-1,0,0,0,75.726
6017,0,0,0.000,0.000,-1,0,0,0,73.463
6018,0,0,0.000,0.000,-1,0,0,0,84.673
6019,0,0,0.000,0.000,-1,0,0,0,72.649
6020,0,0,0.000,0.000,-1,0,0,0,72.485
6021,0,0,0.000,0.000,-1,0,0,0,74.276
6022,0,0,0.000,0.000,-1,0,0,0,73.352
6023,0,0,0.000,0.000,-1,0,0,0,73.438
6024,0,0,0.000,0.000,-1,0,0,0,83.741
6025,0,0,0.000,0.000,-1,0,0,0,72.102
6026,0,0,0.000,0.000,-1,0,0,0,74.180
6027,0,0,0.000,0.000,-1,0,0,0,75.686
6028,0,0,0.000,0.000,-1,0,0,0,75.755
6029,0,0,0.000,0.000,-1,0,0,0,94.165
6030,0,0,0.000,0.000,-1,0,0,0,120.557
6031,0,0,0.000,0.000,-1,0,0,0,70.097
6032,0,0,0.000,0.000,-1,0,0,0,76.697
6033,0,0,0.000,0.000,-1,0,0,0,93.677
6034,0,0,0.000,0.000,-1,0,0,0,71.345
6035,0,0,0.000,0.000,-1,0,0,0,87.642
6036,0,0,0.000,0.000,-1,0,0,0,80.749
6037,0,0,0.000,0.000,-1,0,0,0,71.677
6038,0,0,0.000,0.000,-1,0,0,0,73.022
6039,0,0,0.000,0.000,-1,0,0,0,72.452
6040,0,0,0.000,0.000,-1,0,0,0,74.846
6041,0,0,0.000,0.000,-1,0,0,0,71.739
6042,0,0,0.000,0.000,-1,0,0,0,84.451
6043,0,0,0.000,0.000,-1,0,0,0,72.119
6044,0,0,0.000,0.000,-1,0,0,0,73.515
6045,0,0,0.000,0.000,-1,0,0,0,75.596
6046,0,0,0.000,0.000,-1,0,0,0,74.956
6047,0,0,0.000,0.000,-1,0,0,0,75.830
6048,0,1,85.793,90.925,-1,0,0,0,89.615
6049,0,0,0.000,0.000,-1,0,0,0,72.253
6050,0,0,0.000,0.000,-1,0,0,0,74.059
6051,0,0,0.000,0.000,-1,0,0,0,76.169
6052,0,0,0.000,0.000,-1,0,0,0,72.617
6053,0,0,0.000,0.000,-1,0,0,0,73.455
6054,0,0,0.000,0.000,-1,0,0,0,83.741
6055,0,0,0.000,0.000,-1,0,0,0,75.933
6056,0,0,0.000,0.000,-1,0,0,0,74.246
6057,0,0,0.000,0.000,-1,0,0,0,74.395
6058,0,0,0.000,0.000,-1,0,0,0,80.453
6059,0,0,0.000,0.000,-1,0,0,0,77.816
6060,0,0,0.000,0.000,-1,0,0,0,84.217
6061,0,0,0.000,0.000,-1,0,0,0,76.138
6062,0,0,0.000,0.000,-1,0,0,0,75.132
6063,0,0,0.000,0.000,-1,0,0,0,74.884
6064,0,0,0.000,0.000,-1,0,0,0,79.626
6065,0,0,0.000,0.000,-1,0,0,0,74.465
6066,0,0,0.000,0.000,-1,0,0,0,83.980
6067,0,0,0.000,0.000,-1,0,0,0,76.334
6068,0,0,0.000,0.000,-1,0,0,0,75.506
6069,0,0,0.000,0.000,-1,0,0,0,76.728
6070,0,0,0.000,0.000,-1,0,0,0,74.827
6071,0,0,0.000,0.000,-1,0,0,0,80.631
6072,0,0,0.000,0.000,-1,0,0,0,87.744
6073,0,0,0.000,0.000,-1,0,0,0,73.578
6074,0,0,0.000,0.000,-1,0,0,0,77.239
6075,0,0,0.000,0.000,-1,0,0,0,77.482
6076,0,0,0.000,0.000,-1,0,0,0,74.482
6077,0,0,0.000,0.000,-1,0,0,0,76.296
6078,0,0,0.000,0.000,-1,0,0,0,88.687
6079,0,0,0.000,0.000,-1,0,0,0,72.778
6080,0,1,94.862,100.163,-1,0,0,0,76.522
6081,0,0,0.000,0.000,-1,0,0,0,76.480
6082,0,0,0.000,0.000,-1,0,0,0,75.856
6083,0,0,0.000,0.000,-1,0,0,0,73.628
6084,0,0,0.000,0.000,-1,0,0,0,86.933
6085,0,0,0.000,0.000,-1,0,0,0,73.542
6086,0,0,0.000,0.000,-1,0,0,0,75.185
6087,0,0,0.000,0.000,-1,0,0,0,74.386
6088,0,0,0.000,0.000,-1,0,0,0,74.063
6089,0,0,0.000,0.000,-1,0,0,0,77.443
6090,0,0,0.000,0.000,-1,0,0,0,85.569
6091,0,0,0.000,0.000,-1,0,0,0,76.230
6092,0,0,0.000,0.000,-1,0,0,0,74.817
6093,0,0,0.000,0.000,-1,0,0,0,77.649
6094,0,0,0.000,0.000,-1,0,0,0,80.875
6095,0,0,0.000,0.000,-1,0,0,0,76.273
6096,0,0,0.000,0.000,-1,0,0,0,87.608
6097,0,0,0.000,0.000,-1,0,0,0,74.105
6098,0,0,0.000,0.000,-1,0,0,0,77.020
6099,0,0,0.000,0.000,-1,0,0,0,76.266
6100,0,0,0.000,0.000,-1,0,0,0,77.838
6101,0,0,0.000,0.000,-1,0,0,0,76.655
6102,0,0,0.000,0.000,-1,0,0,0,88.123
6103,0,0,0.000,0.000,-1,0,0,0,76.226
6104,0,0,0.000,0.000,-1,0,0,0,77.125
6105,0,0,0.000,0.000,-1,0,0,0,74.424
6106,0,0,0.000,0.000,-1,0,0,0,76.634
6107,0,0,0.000,0.000,-1,0,0,0,76.007
6108,0,0,0.000,0.000,-1,0,0,0,86.475
6109,0,0,0.000,0.000,-1,0,0,0,72.638
6110,0,0,0.000,0.000,-1,0,0,0,72.722
6111,0,0,0.000,0.000,-1,0,0,0,74.102
6112,0,1,95.144,100.255,-1,0,0,0,73.457
6113,0,0,0.000,0.000,-1,0,0,0,73.653
6114,0,0,0.000,0.000,-1,0,0,0,86.305
6115,0,0,0.000,0.000,-1,0,0,0,74.033
6116,0,0,0.000,0.000,-1,0,0,0,76.349
6117,0,0,0.000,0.000,-1,0,0,0,76.669
6118,0,0,0.000,0.000,-1,0,0,0,73.269
6119,0,0,0.000,0.000,-1,0,0,0,75.632
6120,0,0,0.000,0.000,-1,0,0,0,118.093
6121,0,0,0.000,0.000,-1,0,0,0,73.205
6122,0,0,0.000,0.000,-1,0,0,0,76.139
6123,0,0,0.000,0.000,-1,0,0,0,71.945
6124,0,0,0.000,0.000,-1,0,0,0,76.044
6125,0,0,0.000,0.000,-1,0,0,0,80.030
6126,0,0,0.000,0.000,-1,0,0,0,85.067
6127,0,0,0.000,0.000,-1,0,0,0,73.538
6128,0,0,0.000,0.000,-1,0,0,0,74.312
6129,0,0,0.000,0.000,-1,0,0,0,73.098
6130,0,0,0.000,0.000,-1,0,0,0,74.505
6131,0,0,0.000,0.000,-1,0,0,0,71.308
6132,0,0,0.000,0.000,-1,0,0,0,90.598
6133,0,0,0.000,0.000,-1,0,0,0,74.062
6134,0,0,0.000,0.000,-1,0,0,0,76.675
6135,0,0,0.000,0.000,-1,0,0,0,79.011
6136,0,0,0.000,0.000,-1,0,0,0,77.291
6137,0,0,0.000,0.000,-1,0,0,0,75.273
6138,0,0,0.000,0.000,-1,0,0,0,84.478
6139,0,0,0.000,0.000,-1,0,0,0,75.654
6140,0,0,0.000,0.000,-1,0,0,0,74.108
6141,0,0,0.000,0.000,-1,0,0,0,77.605
6142,0,0,0.000,0.000,-1,0,0,0,74.755
6143,0,0,0.000,0.000,-1,0,0,0,76.826
6144,0,1,88.169,92.291,-1,0,0,0,85.585
6145,0,0,0.000,0.000,-1,0,0,0,74.650
6146,0,0,0.000,0.000,-1,0,0,0,73.799
6147,0,0,0.000,0.000,-1,0,0,0,76.712
6148,0,0,0.000,0.000,-1,0,0,0,74.334
6149,0,0,0.000,0.000,-1,0,0,0,74.548
6150,0,0,0.000,0.000,-1,0,0,0,88.207
6151,0,0,0.000,0.000,-1,0,0,0,73.987
6152,0,0,0.000,0.000,-1,0,0,0,77.294
6153,0,0,0.000,0.000,-1,0,0,0,73.911
6154,0,0,0.000,0.000,-1,0,0,0,74.732
6155,0,0,0.000,0.000,-1,0,0,0,71.873
6156,0,0,0.000,0.000,-1,0,0,0,84.580
6157,0,0,0.000,0.000,-1,0,0,0,72.439
6158,0,0,0.000,0.000,-1,0,0,0,75.615
6159,0,0,0.000,0.000,-1,0,0,0,74.367
6160,0,0,0.000,0.000,-1,0,0,0,76.305
6161,0,0,0.000,0.000,-1,0,0,0,76.433
6162,0,0,0.000,0.000,-1,0,0,0,90.565
6163,0,0,0.000,0.000,-1,0,0,0,73.115
6164,0,0,0.000,0.000,-1,0,0,0,74.312
6165,0,0,0.000,0.000,-1,0,0,0,81.249
6166,0,0,0.000,0.000,-1,0,0,0,74.834
6167,0,0,0.000,0.000,-1,0,0,0,73.539
6168,0,0,0.000,0.000,-1,0,0,0,84.143
6169,0,0,0.000,0.000,-1,0,0,0,77.745
6170,0,0,0.000,0.000,-1,0,0,0,77.556
6171,0,0,0.000,0.000,-1,0,0,0,77.739
6172,0,0,0.000,0.000,-1,0,0,0,75.867
6173,0,0,0.000,0.000,-1,0,0,0,70.630
6174,0,0,0.000,0.000,-1,0,0,0,87.438
6175,0,0,0.000,0.000,-1,0,0,0,74.726
6176,0,1,91.540,97.636,-1,0,0,0,75.660
6177,0,0,0.000,0.000,-1,0,0,0,71.812
6178,0,0,0.000,0.000,-1,0,0,0,74.445
6179,0,0,0.000,0.000,-1,0,0,0,73.239
6180,0,0,0.000,0.000,-1,0,0,0,88.181
6181,0,0,0.000,0.000,-1,0,0,0,76.328
6182,0,0,0.000,0.000,-1,0,0,0,73.692
6183,0,0,0.000,0.000,-1,0,0,0,76.377
6184,0,0,0.000,0.000,-1,0,0,0,75.219
6185,0,0,0.000,0.000,-1,0,0,0,76.763
6186,0,0,0.000,0.000,-1,0,0,0,83.447
6187,0,0,0.000,0.000,-1,0,0,0,73.646
6188,0,0,0.000,0.000,-1,0,0,0,74.180
6189,0,0,0.000,0.000,-1,0,0,0,75.958
6190,0,0,0.000,0.000,-1,0,0,0,74.894
6191,0,0,0.000,0.000,-1,0,0,0,75.178
6192,0,0,0.000,0.000,-1,0,0,0,86.473
6193,0,0,0.000,0.000,-1,0,0,0,73.195
6194,0,0,0.000,0.000,-1,0,0,0,74.924
6195,0,0,0.000,0.000,-1,0,0,0,73.585
6196,0,0,0.000,0.000,-1,0,0,0,78.088
6197,0,0,0.000,0.000,-1,0,0,0,72.990
6198,0,0,0.000,0.000,-1,0,0,0,86.320
6199,0,0,0.000,0.000,-1,0,0,0,71.734
6200,0,0,0.000,0.000,-1,0,0,0,78.154
6201,0,0,0.000,0.000,-1,0,0,0,73.386
6202,0,0,0.000,0.000,-1,0,0,0,77.828
6203,0,0,0.000,0.000,-1,0,0,0,75.585
6204,0,0,0.000,0.000,-1,0,0,0,83.806
6205,0,0,0.000,0.000,-1,0,0,0,73.870
6206,0,0,0.000,0.000,-1,0,0,0,71.675
6207,0,0,0.000,0.000,-1,0,0,0,74.371
6208,0,1,94.273,98.812,-1,0,0,0,75.653
6209,0,0,0.000,0.000,-1,0,0,0,73.919
6210,0,0,0.000,0.000,-1,0,0,0,85.257
6211,0,0,0.000,0.000,-1,0,0,0,73.983
6212,0,0,0.000,0.000,-1,0,0,0,77.525
6213,0,0,0.000,0.000,-1,0,0,0,76.880
6214,0,0,0.000,0.000,-1,0,0,0,74.881
6215,0,0,0.000,0.000,-1,0,0,0,74.916
6216,0,0,0.000,0.000,-1,0,0,0,82.321
6217,0,0,0.000,0.000,-1,0,0,0,75.103
6218,0,0,0.000,0.000,-1,0,0,0,74.952
6219,0,0,0.000,0.000,-1,0,0,0,75.434
6220,0,0,0.000,0.000,-1,0,0,0,73.765
6221,0,0,0.000,0.000,-1,0,0,0,75.115
6222,0,0,0.000,0.000,-1,0,0,0,82.964
6223,0,0,0.000,0.000,-1,0,0,0,73.603
6224,0,0,0.000,0.000,-1,0,0,0,74.277
6225,0,0,0.000,0.000,-1,0,0,0,78.485
6226,0,0,0.000,0.000,-1,0,0,0,74.386
6227,0,0,0.000,0.000,-1,0,0,0,73.433
6228,0,0,0.000,0.000,-1,0,0,0,85.887
6229,0,0,0.000,0.000,-1,0,0,0,77.788
6230,0,0,0.000,0.000,-1,0,0,0,74.214
6231,0,0,0.000,0.000,-1,0,0,0,77.948
6232,0,0,0.000,0.000,-1,0,0,0,74.957
6233,0,0,0.000,0.000,-1,0,0,0,73.015
6234,0,0,0.000,0.000,-1,0,0,0,88.564
6235,0,0,0.000,0.000,-1,0,0,0,74.134
6236,0,0,0.000,0.000,-1,0,0,0,75.519
6237,0,0,0.000,0.000,-1,0,0,0,76.904
6238,0,0,0.000,0.000,-1,0,0,0,74.867
6239,0,0,0.000,0.000,-1,0,0,0,78.100
6240,0,1,86.209,91.355,-1,0,0,0,85.964
6241,0,0,0.000,0.000,-1,0,0,0,74.141
6242,0,0,0.000,0.000,-1,0,0,0,74.468
6243,0,0,0.000,0.000,-1,0,0,0,75.883
6244,0,0,0.000,0.000,-1,0,0,0,74.728
6245,0,0,0.000,0.000,-1,0,0,0,76.698
6246,0,0,0.000,0.000,-1,0,0,0,86.070
6247,0,0,0.000,0.000,-1,0,0,0,77.815
6248,0,0,0.000,0.000,-1,0,0,0,72.338
6249,0,0,0.000,0.000,-1,0,0,0,76.696
6250,0,0,0.000,0.000,-1,0,0,0,75.402
6251,0,0,0.000,0.000,-1,0,0,0,74.977
6252,0,0,0.000,0.000,-1,0,0,0,84.667
6253,0,0,0.000,0.000,-1,0,0,0,72.150
6254,0,0,0.000,0.000,-1,0,0,0,76.801
6255,0,0,0.000,0.000,-1,0,0,0,74.082
6256,0,0,0.000,0.000,-1,0,0,0,73.297
6257,0,0,0.000,0.000,-1,0,0,0,73.672
6258,0,0,0.000,0.000,-1,0,0,0,84.845
6259,0,0,0.000,0.000,-1,0,0,0,73.194
6260,0,0,0.000,0.000,-1,0,0,0,77.427
6261,0,0,0.000,0.000,-1,0,0,0,75.407
6262,0,0,0.000,0.000,-1,0,0,0,79.011
6263,0,0,0.000,0.000,-1,0,0,0,70.722
6264,0,0,0.000,0.000,-1,0,0,0,84.603
6265,0,0,0.000,0.000,-1,0,0,0,74.866
6266,0,0,0.000,0.000,-1,0,0,0,73.924
6267,0,0,0.000,0.000,-1,0,0,0,75.351
6268,0,0,0.000,0.000,-1,0,0,0,77.323
6269,0,0,0.000,0.000,-1,0,0,0,74.654
6270,0,0,0.000,0.000,-1,0,0,0,87.862
6271,0,0,0.000,0.000,-1,0,0,0,74.912
6272,0,1,93.461,98.632,-1,0,0,0,75.026
6273,0,0,0.000,0.000,-1,0,0,0,77.133
6274,0,0,0.000,0.000,-1,0,0,0,75.360
6275,0,0,0.000,0.000,-1,0,0,0,73.892
6276,0,0,0.000,0.000,-1,0,0,0,84.316
6277,0,0,0.000,0.000,-1,0,0,0,75.537
6278,0,0,0.000,0.000,-1,0,0,0,74.170
6279,0,0,0.000,0.000,-1,0,0,0,74.323
6280,0,0,0.000,0.000,-1,0,0,0,75.498
6281,0,0,0.000,0.000,-1,0,0,0,74.463
6282,0,0,0.000,0.000,-1,0,0,0,83.763
6283,0,0,0.000,0.000,-1,0,0,0,74.408
6284,0,0,0.000,0.000,-1,0,0,0,76.733
6285,0,0,0.000,0.000,-1,0,0,0,75.087
6286,0,0,0.000,0.000,-1,0,0,0,75.516
6287,0,0,0.000,0.000,-1,0,0,0,72.454
6288,0,0,0.000,0.000,-1,0,0,0,85.101
6289,0,0,0.000,0.000,-1,0,0,0,77.975
6290,0,0,0.000,0.000,-1,0,0,0,76.072
6291,0,0,0.000,0.000,-1,0,0,0,76.419
6292,0,0,0.000,0.000,-1,0,0,0,75.634
6293,0,0,0.000,0.000,-1,0,0,0,74.126
6294,0,0,0.000,0.000,-1,0,0,0,89.769
6295,0,0,0.000,0.000,-1,0,0,0,73.275
6296,0,0,0.000,0.000,-1,0,0,0,77.537
6297,0,0,0.000,0.000,-1,0,0,0,74.328
6298,0,0,0.000,0.000,-1,0,0,0,76.351
6299,0,0,0.000,0.000,-1,0,0,0,76.325
6300,0,0,0.000,0.000,-1,0,0,0,84.689
6301,0,0,0.000,0.000,-1,0,0,0,72.800
6302,0,0,0.000,0.000,-1,0,0,0,79.529
6303,0,0,0.000,0.000,-1,0,0,0,75.610
6304,0,1,94.445,98.764,-1,0,0,0,72.977
6305,0,0,0.000,0.000,-1,0,0,0,74.049
6306,0,0,0.000,0.000,-1,0,0,0,85.214
6307,0,0,0.000,0.000,-1,0,0,0,72.621
6308,0,0,0.000,0.000,-1,0,0,0,73.782
6309,0,0,0.000,0.000,-1,0,0,0,72.629
6310,0,0,0.000,0.000,-1,0,0,0,76.737
6311,0,0,0.000,0.000,-1,0,0,0,74.616
6312,0,0,0.000,0.000,-1,0,0,0,84.840
6313,0,0,0.000,0.000,-1,0,0,0,71.928
6314,0,0,0.000,0.000,-1,0,0,0,76.520
6315,0,0,0.000,0.000,-1,0,0,0,73.829
6316,0,0,0.000,0.000,-1,0,0,0,76.379
6317,0,0,0.000,0.000,-1,0,0,0,74.618
6318,0,0,0.000,0.000,-1,0,0,0,85.139
6319,0,0,0.000,0.000,-1,0,0,0,75.008
6320,0,0,0.000,0.000,-1,0,0,0,74.654
6321,0,0,0.000,0.000,-1,0,0,0,76.432
6322,0,0,0.000,0.000,-1,0,0,0,74.121
6323,0,0,0.000,0.000,-1,0,0,0,74.707
6324,0,0,0.000,0.000,-1,0,0,0,86.969
6325,0,0,0.000,0.000,-1,0,0,0,74.181
6326,0,0,0.000,0.000,-1,0,0,0,75.497
6327,0,0,0.000,0.000,-1,0,0,0,74.578
6328,0,0,0.000,0.000,-1,0,0,0,76.608
6329,0,0,0.000,0.000,-1,0,0,0,77.013
6330,0,0,0.000,0.000,-1,0,0,0,87.705
6331,0,0,0.000,0.000,-1,0,0,0,74.222
6332,0,0,0.000,0.000,-1,0,0,0,78.897
6333,0,0,0.000,0.000,-1,0,0,0,77.451
6334,0,0,0.000,0.000,-1,0,0,0,75.371
6335,0,0,0.000,0.000,-1,0,0,0,79.508
6336,0,1,88.081,92.342,-1,0,0,0,86.335
6337,0,0,0.000,0.000,-1,0,0,0,76.733
6338,0,0,0.000,0.000,-1,0,0,0,76.008
6339,0,0,0.000,0.000,-1,0,0,0,74.211
6340,0,0,0.000,0.000,-1,0,0,0,76.018
6341,0,0,0.000,0.000,-1,0,0,0,74.779
6342,0,0,0.000,0.000,-1,0,0,0,89.164
6343,0,0,0.000,0.000,-1,0,0,0,74.198
6344,0,0,0.000,0.000,-1,0,0,0,77.514
6345,0,0,0.000,0.000,-1,0,0,0,74.150
6346,0,0,0.000,0.000,-1,0,0,0,78.769
6347,0,0,0.000,0.000,-1,0,0,0,74.331
6348,0,0,0.000,0.000,-1,0,0,0,89.618
6349,0,0,0.000,0.000,-1,0,0,0,75.113
6350,0,0,0.000,0.000,-1,0,0,0,75.623
6351,0,0,0.000,0.000,-1,0,0,0,75.571
6352,0,0,0.000,0.000,-1,0,0,0,76.563
6353,0,0,0.000,0.000,-1,0,0,0,73.551
6354,0,0,0.000,0.000,-1,0,0,0,90.129
6355,0,0,0.000,0.000,-1,0,0,0,75.851
6356,0,0,0.000,0.000,-1,0,0,0,75.006
6357,0,0,0.000,0.000,-1,0,0,0,78.461
6358,0,0,0.000,0.000,-1,0,0,0,72.174
6359,0,0,0.000,0.000,-1,0,0,0,74.115
6360,0,0,0.000,0.000,-1,0,0,0,85.455
6361,0,0,0.000,0.000,-1,0,0,0,74.158
6362,0,0,0.000,0.000,-1,0,0,0,74.441
6363,0,0,0.000,0.000,-1,0,0,0,75.763
6364,0,0,0.000,0.000,-1,0,0,0,75.900
6365,0,0,0.000,0.000,-1,0,0,0,74.985
6366,0,0,0.000,0.000,-1,0,0,0,84.826
6367,0,0,0.000,0.000,-1,0,0,0,78.460
6368,0,1,94.749,99.472,-1,0,0,0,75.014
6369,0,0,0.000,0.000,-1,0,0,0,75.501
6370,0,0,0.000,0.000,-1,0,0,0,74.664
6371,0,0,0.000,0.000,-1,0,0,0,75.499
6372,0,0,0.000,0.000,-1,0,0,0,85.786
6373,0,0,0.000,0.000,-1,0,0,0,73.927
6374,0,0,0.000,0.000,-1,0,0,0,73.274
6375,0,0,0.000,0.000,-1,0,0,0,75.093
6376,0,0,0.000,0.000,-1,0,0,0,74.744
6377,0,0,0.000,0.000,-1,0,0,0,77.536
6378,0,0,0.000,0.000,-1,0,0,0,85.120
6379,0,0,0.000,0.000,-1,0,0,0,75.118
6380,0,0,0.000,0.000,-1,0,0,0,73.272
6381,0,0,0.000,0.000,-1,0,0,0,75.104
6382,0,0,0.000,0.000,-1,0,0,0,74.189
6383,0,0,0.000,0.000,-1,0,0,0,73.374
6384,0,0,0.000,0.000,-1,0,0,0,88.749
6385,0,0,0.000,0.000,-1,0,0,0,73.856
6386,0,0,0.000,0.000,-1,0,0,0,75.219
6387,0,0,0.000,0.000,-1,0,0,0,74.965
6388,0,0,0.000,0.000,-1,0,0,0,75.569
6389,0,0,0.000,0.000,-1,0,0,0,75.608
6390,0,0,0.000,0.000,-1,0,0,0,88.903
6391,0,0,0.000,0.000,-1,0,0,0,75.652
6392,0,0,0.000,0.000,-1,0,0,0,74.440
6393,0,0,0.000,0.000,-1,0,0,0,76.052
6394,0,0,0.000,0.000,-1,0,0,0,73.158
6395,0,0,0.000,0.000,-1,0,0,0,74.989
6396,0,0,0.000,0.000,-1,0,0,0,87.285
6397,0,0,0.000,0.000,-1,0,0,0,74.965
6398,0,0,0.000,0.000,-1,0,0,0,75.130
6399,0,0,0.000,0.000,-1,0,0,0,74.784
6400,0,1,93.728,98.751,-1,0,0,0,74.162
6401,0,0,0.000,0.000,-1,0,0,0,78.474
6402,0,0,0.000,0.000,-1,0,0,0,93.998
6403,0,0,0.000,0.000,-1,0,0,0,73.650
6404,0,0,0.000,0.000,-1,0,0,0,76.791
6405,0,0,0.000,0.000,-1,0,0,0,75.458
6406,0,0,0.000,0.000,-1,0,0,0,74.859
6407,0,0,0.000,0.000,-1,0,0,0,74.308
6408,0,0,0.000,0.000,-1,0,0,0,83.948
6409,0,0,0.000,0.000,-1,0,0,0,74.771
6410,0,0,0.000,0.000,-1,0,0,0,75.580
6411,0,0,0.000,0.000,-1,0,0,0,72.672
6412,0,0,0.000,0.000,-1,0,0,0,76.583
6413,0,0,0.000,0.000,-1,0,0,0,76.965
6414,0,0,0.000,0.000,-1,0,0,0,84.722
6415,0,0,0.000,0.000,-1,0,0,0,73.819
6416,0,0,0.000,0.000,-1,0,0,0,75.262
6417,0,0,0.000,0.000,-1,0,0,0,76.961
6418,0,0,0.000,0.000,-1,0,0,0,73.098
6419,0,0,0.000,0.000,-1,0,0,0,74.326
6420,0,0,0.000,0.000,-1,0,0,0,88.532
6421,0,0,0.000,0.000,-1,0,0,0,72.614
6422,0,0,0.000,0.000,-1,0,0,0,72.586
6423,0,0,0.000,0.000,-1,0,0,0,75.126
6424,0,0,0.000,0.000,-1,0,0,0,76.778
6425,0,0,0.000,0.000,-1,0,0,0,73.441
6426,0,0,0.000,0.000,-1,0,0,0,86.644
6427,0,0,0.000,0.000,-1,0,0,0,75.738
6428,0,0,0.000,0.000,-1,0,0,0,76.201
6429,0,0,0.000,0.000,-1,0,0,0,77.851
6430,0,0,0.000,0.000,-1,0,0,0,77.260
6431,0,0,0.000,0.000,-1,0,0,0,75.443
6432,0,1,86.438,91.558,-1,0,0,0,87.085
6433,0,0,0.000,0.000,-1,0,0,0,77.054
6434,0,0,0.000,0.000,-1,0,0,0,75.537
6435,0,0,0.000,0.000,-1,0,0,0,73.450
6436,0,0,0.000,0.000,-1,0,0,0,75.627
6437,0,0,0.000,0.000,-1,0,0,0,74.007
6438,0,0,0.000,0.000,-1,0,0,0,82.687
6439,0,0,0.000,0.000,-1,0,0,0,74.019
6440,0,0,0.000,0.000,-1,0,0,0,76.081
6441,0,0,0.000,0.000,-1,0,0,0,76.739
6442,0,0,0.000,0.000,-1,0,0,0,76.619
6443,0,0,0.000,0.000,-1,0,0,0,75.576
6444,0,0,0.000,0.000,-1,0,0,0,84.371
6445,0,0,0.000,0.000,-1,0,0,0,74.800
6446,0,0,0.000,0.000,-1,0,0,0,75.355
6447,0,0,0.000,0.000,-1,0,0,0,72.802
6448,0,0,0.000,0.000,-1,0,0,0,76.174
6449,0,0,0.000,0.000,-1,0,0,0,75.329
6450,0,0,0.000,0.000,-1,0,0,0,85.754
6451,0,0,0.000,0.000,-1,0,0,0,76.011
6452,0,0,0.000,0.000,-1,0,0,0,76.587
6453,0,0,0.000,0.000,-1,0,0,0,76.047
6454,0,0,0.000,0.000,-1,0,0,0,77.485
6455,0,0,0.000,0.000,-1,0,0,0,74.492
6456,0,0,0.000,0.000,-1,0,0,0,85.462
6457,0,0,0.000,0.000,-1,0,0,0,72.653
6458,0,0,0.000,0.000,-1,0,0,0,78.632
6459,0,0,0.000,0.000,-1,0,0,0,76.467
6460,0,0,0.000,0.000,-1,0,0,0,73.933
6461,0,0,0.000,0.000,-1,0,0,0,75.600
6462,0,0,0.000,0.000,-1,0,0,0,86.342
6463,0,0,0.000,0.000,-1,0,0,0,74.775
6464,0,1,94.798,99.278,-1,0,0,0,77.940
6465,0,0,0.000,0.000,-1,0,0,0,75.085
6466,0,0,0.000,0.000,-1,0,0,0,80.846
6467,0,0,0.000,0.000,-1,0,0,0,70.966
6468,0,0,0.000,0.000,-1,0,0,0,86.918
6469,0,0,0.000,0.000,-1,0,0,0,76.716
6470,0,0,0.000,0.000,-1,0,0,0,76.205
6471,0,0,0.000,0.000,-1,0,0,0,73.992
6472,0,0,0.000,0.000,-1,0,0,0,75.049
6473,0,0,0.000,0.000,-1,0,0,0,74.108
6474,0,0,0.000,0.000,-1,0,0,0,89.551
6475,0,0,0.000,0.000,-1,0,0,0,72.731
6476,0,0,0.000,0.000,-1,0,0,0,76.648
6477,0,0,0.000,0.000,-1,0,0,0,76.775
6478,0,0,0.000,0.000,-1,0,0,0,76.088
6479,0,0,0.000,0.000,-1,0,0,0,77.281
6480,0,0,0.000,0.000,-1,0,0,0,85.914
6481,0,0,0.000,0.000,-1,0,0,0,74.220
6482,0,0,0.000,0.000,-1,0,0,0,78.543
6483,0,0,0.000,0.000,-1,0,0,0,99.034
6484,0,0,0.000,0.000,-1,0,0,0,75.441
6485,0,0,0.000,0.000,-1,0,0,0,73.936
6486,0,0,0.000,0.000,-1,0,0,0,87.315
6487,0,0,0.000,0.000,-1,0,0,0,77.567
6488,0,0,0.000,0.000,-1,0,0,0,74.595
6489,0,0,0.000,0.000,-1,0,0,0,76.150
6490,0,0,0.000,0.000,-1,0,0,0,77.184
6491,0,0,0.000,0.000,-1,0,0,0,73.986
6492,0,0,0.000,0.000,-1,0,0,0,87.169
6493,0,0,0.000,0.000,-1,0,0,0,74.603
6494,0,0,0.000,0.000,-1,0,0,0,74.221
6495,0,0,0.000,0.000,-1,0,0,0,76.063
6496,0,1,93.305,98.535,-1,0,0,0,77.809
6497,0,0,0.000,0.000,-1,0,0,0,74.560
6498,0,0,0.000,0.000,-1,0,0,0,90.483
6499,0,0,0.000,0.000,-1,0,0,0,72.475
6500,0,0,0.000,0.000,-1,0,0,0,77.014
6501,0,0,0.000,0.000,-1,0,0,0,76.608
6502,0,0,0.000,0.000,-1,0,0,0,76.659
6503,0,0,0.000,0.000,-1,0,0,0,74.961
6504,0,0,0.000,0.000,-1,0,0,0,85.274
6505,0,0,0.000,0.000,-1,0,0,0,79.878
6506,0,0,0.000,0.000,-1,0,0,0,77.879
6507,0,0,0.000,0.000,-1,0,0,0,77.351
6508,0,0,0.000,0.000,-1,0,0,0,74.931
6509,0,0,0.000,0.000,-1,0,0,0,76.724
6510,0,0,0.000,0.000,-1,0,0,0,90.983
6511,0,0,0.000,0.000,-1,0,0,0,78.078
6512,0,0,0.000,0.000,-1,0,0,0,75.988
6513,0,0,0.000,0.000,-1,0,0,0,77.945
6514,0,0,0.000,0.000,-1,0,0,0,78.281
6515,0,0,0.000,0.000,-1,0,0,0,80.697
6516,0,0,0.000,0.000,-1,0,0,0,85.904
6517,0,0,0.000,0.000,-1,0,0,0,71.833
6518,0,0,0.000,0.000,-1,0,0,0,78.672
6519,0,0,0.000,0.000,-1,0,0,0,77.142
6520,0,0,0.000,0.000,-1,0,0,0,75.334
6521,0,0,0.000,0.000,-1,0,0,0,76.387
6522,0,0,0.000,0.000,-1,0,0,0,88.753
6523,0,0,0.000,0.000,-1,0,0,0,75.232
6524,0,0,0.000,0.000,-1,0,0,0,76.832
6525,0,0,0.000,0.000,-1,0,0,0,74.110
6526,0,0,0.000,0.000,-1,0,0,0,76.963
6527,0,0,0.000,0.000,-1,0,0,0,77.967
6528,0,1,86.684,91.957,-1,0,0,0,88.255
6529,0,0,0.000,0.000,-1,0,0,0,74.721
6530,0,0,0.000,0.000,-1,0,0,0,77.282
6531,0,0,0.000,0.000,-1,0,0,0,75.853
6532,0,0,0.000,0.000,-1,0,0,0,75.083
6533,0,0,0.000,0.000,-1,0,0,0,72.984
6534,0,0,0.000,0.000,-1,0,0,0,88.549
6535,0,0,0.000,0.000,-1,0,0,0,71.388
6536,0,0,0.000,0.000,-1,0,0,0,74.553
6537,0,0,0.000,0.000,-1,0,0,0,75.509
6538,0,0,0.000,0.000,-1,0,0,0,72.325
6539,0,0,0.000,0.000,-1,0,0,0,74.373
6540,0,0,0.000,0.000,-1,0,0,0,89.424
6541,0,0,0.000,0.000,-1,0,0,0,76.096
6542,0,0,0.000,0.000,-1,0,0,0,74.764
6543,0,0,0.000,0.000,-1,0,0,0,73.909
6544,0,0,0.000,0.000,-1,0,0,0,77.226
6545,0,0,0.000,0.000,-1,0,0,0,73.159
6546,0,0,0.000,0.000,-1,0,0,0,85.975
6547,0,0,0.000,0.000,-1,0,0,0,74.898
6548,0,0,0.000,0.000,-1,0,0,0,73.299
6549,0,0,0.000,0.000,-1,0,0,0,73.767
6550,0,0,0.000,0.000,-1,0,0,0,79.068
6551,0,0,0.000,0.000,-1,0,0,0,76.036
6552,0,0,0.000,0.000,-1,0,0,0,89.100
6553,0,0,0.000,0.000,-1,0,0,0,73.605
6554,0,0,0.000,0.000,-1,0,0,0,76.320
6555,0,0,0.000,0.000,-1,0,0,0,79.995
6556,0,0,0.000,0.000,-1,0,0,0,75.308
6557,0,0,0.000,0.000,-1,0,0,0,76.604
6558,0,0,0.000,0.000,-1,0,0,0,87.208
6559,0,0,0.000,0.000,-1,0,0,0,74.782
6560,0,1,94.093,98.553,-1,0,0,0,73.936
6561,0,0,0.000,0.000,-1,0,0,0,73.541
6562,0,0,0.000,0.000,-1,0,0,0,74.151
6563,0,0,0.000,0.000,-1,0,0,0,75.645
6564,0,0,0.000,0.000,-1,0,0,0,85.134
6565,0,0,0.000,0.000,-1,0,0,0,77.359
6566,0,0,0.000,0.000,-1,0,0,0,72.697
6567,0,0,0.000,0.000,-1,0,0,0,78.875
6568,0,0,0.000,0.000,-1,0,0,0,79.528
6569,0,0,0.000,0.000,-1,0,0,0,75.111
6570,0,0,0.000,0.000,-1,0,0,0,86.490
6571,0,0,0.000,0.000,-1,0,0,0,76.284
6572,0,0,0.000,0.000,-1,0,0,0,73.613
6573,0,0,0.000,0.000,-1,0,0,0,75.502
6574,0,0,0.000,0.000,-1,0,0,0,75.873
6575,0,0,0.000,0.000,-1,0,0,0,76.774
6576,0,0,0.000,0.000,-1,0,0,0,83.996
6577,0,0,0.000,0.000,-1,0,0,0,73.350
6578,0,0,0.000,0.000,-1,0,0,0,74.417
6579,0,0,0.000,0.000,-1,0,0,0,75.947
6580,0,0,0.000,0.000,-1,0,0,0,77.322
6581,0,0,0.000,0.000,-1,0,0,0,74.619
6582,0,0,0.000,0.000,-1,0,0,0,86.421
6583,0,0,0.000,0.000,-1,0,0,0,74.037
6584,0,0,0.000,0.000,-1,0,0,0,78.323
6585,0,0,0.000,0.000,-1,0,0,0,76.029
6586,0,0,0.000,0.000,-1,0,0,0,75.546
6587,0,0,0.000,0.000,-1,0,0,0,76.907
6588,0,0,0.000,0.000,-1,0,0,0,92.786
6589,0,0,0.000,0.000,-1,0,0,0,73.526
6590,0,0,0.000,0.000,-1,0,0,0,73.695
6591,0,0,0.000,0.000,-1,0,0,0,75.433
6592,0,1,94.869,99.058,-1,0,0,0,73.297
6593,0,0,0.000,0.000,-1,0,0,0,74.156
6594,0,0,0.000,0.000,-1,0,0,0,84.592
6595,0,0,0.000,0.000,-1,0,0,0,72.442
6596,0,0,0.000,0.000,-1,0,0,0,74.919
6597,0,0,0.000,0.000,-1,0,0,0,74.049
6598,0,0,0.000,0.000,-1,0,0,0,73.007
6599,0,0,0.000,0.000,-1,0,0,0,78.117
6600,0,0,0.000,0.000,-1,0,0,0,86.081
6601,0,0,0.000,0.000,-1,0,0,0,76.070
6602,0,0,0.000,0.000,-1,0,0,0,74.147
6603,0,0,0.000,0.000,-1,0,0,0,77.367
6604,0,0,0.000,0.000,-1,0,0,0,76.590
6605,0,0,0.000,0.000,-1,0,0,0,73.947
6606,0,0,0.000,0.000,-1,0,0,0,87.341
6607,0,0,0.000,0.000,-1,0,0,0,75.541
6608,0,0,0.000,0.000,-1,0,0,0,74.872
6609,0,0,0.000,0.000,-1,0,0,0,73.032
6610,0,0,0.000,0.000,-1,0,0,0,75.680
6611,0,0,0.000,0.000,-1,0,0,0,76.246
6612,0,0,0.000,0.000,-1,0,0,0,85.659
6613,0,0,0.000,0.000,-1,0,0,0,73.707
6614,0,0,0.000,0.000,-1,0,0,0,75.702
6615,0,0,0.000,0.000,-1,0,0,0,75.143
6616,0,0,0.000,0.000,-1,0,0,0,74.040
6617,0,0,0.000,0.000,-1,0,0,0,73.817
6618,0,0,0.000,0.000,-1,0,0,0,86.604
6619,0,0,0.000,0.000,-1,0,0,0,73.493
6620,0,0,0.000,0.000,-1,0,0,0,78.379
6621,0,0,0.000,0.000,-1,0,0,0,73.897
6622,0,0,0.000,0.000,-1,0,0,0,73.952
6623,0,0,0.000,0.000,-1,0,0,0,76.165
6624,0,1,84.703,90.090,-1,0,0,0,90.029
6625,0,0,0.000,0.000,-1,0,0,0,74.745
6626,0,0,0.000,0.000,-1,0,0,0,76.223
6627,0,0,0.000,0.000,-1,0,0,0,74.413
6628,0,0,0.000,0.000,-1,0,0,0,76.607
6629,0,0,0.000,0.000,-1,0,0,0,74.709
6630,0,0,0.000,0.000,-1,0,0,0,88.745
6631,0,0,0.000,0.000,-1,0,0,0,76.832
6632,0,0,0.000,0.000,-1,0,0,0,73.857
6633,0,0,0.000,0.000,-1,0,0,0,78.050
6634,0,0,0.000,0.000,-1,0,0,0,79.289
6635,0,0,0.000,0.000,-1,0,0,0,74.180
6636,0,0,0.000,0.000,-1,0,0,0,82.803
6637,0,0,0.000,0.000,-1,0,0,0,71.948
6638,0,0,0.000,0.000,-1,0,0,0,75.356
6639,0,0,0.000,0.000,-1,0,0,0,74.181
6640,0,0,0.000,0.000,-1,0,0,0,75.246
6641,0,0,0.000,0.000,-1,0,0,0,75.157
6642,0,0,0.000,0.000,-1,0,0,0,87.211
6643,0,0,0.000,0.000,-1,0,0,0,76.831
6644,0,0,0.000,0.000,-1,0,0,0,76.539
6645,0,0,0.000,0.000,-1,0,0,0,74.004
6646,0,0,0.000,0.000,-1,0,0,0,76.050
6647,0,0,0.000,0.000,-1,0,0,0,72.340
6648,0,0,0.000,0.000,-1,0,0,0,87.943
6649,0,0,0.000,0.000,-1,0,0,0,72.090
6650,0,0,0.000,0.000,-1,0,0,0,77.539
6651,0,0,0.000,0.000,-1,0,0,0,74.008
6652,0,0,0.000,0.000,-1,0,0,0,77.830
6653,0,0,0.000,0.000,-1,0,0,0,77.097
6654,0,0,0.000,0.000,-1,0,0,0,86.805
6655,0,0,0.000,0.000,-1,0,0,0,74.771
6656,0,1,91.557,96.980,-1,0,0,0,76.006
6657,0,0,0.000,0.000,-1,0,0,0,75.749
6658,0,0,0.000,0.000,-1,0,0,0,73.908
6659,0,0,0.000,0.000,-1,0,0,0,73.307
6660,0,0,0.000,0.000,-1,0,0,0,85.750
6661,0,0,0.000,0.000,-1,0,0,0,75.958
6662,0,0,0.000,0.000,-1,0,0,0,75.817
6663,0,0,0.000,0.000,-1,0,0,0,76.951
6664,0,0,0.000,0.000,-1,0,0,0,75.756
6665,0,0,0.000,0.000,-1,0,0,0,75.257
6666,0,0,0.000,0.000,-1,0,0,0,84.727
6667,0,0,0.000,0.000,-1,0,0,0,72.515
6668,0,0,0.000,0.000,-1,0,0,0,74.400
6669,0,0,0.000,0.000,-1,0,0,0,76.131
6670,0,0,0.000,0.000,-1,0,0,0,76.447
6671,0,0,0.000,0.000,-1,0,0,0,76.690
6672,0,0,0.000,0.000,-1,0,0,0,86.529
6673,0,0,0.000,0.000,-1,0,0,0,72.986
6674,0,0,0.000,0.000,-1,0,0,0,76.698
6675,0,0,0.000,0.000,-1,0,0,0,74.189
6676,0,0,0.000,0.000,-1,0,0,0,76.566
6677,0,0,0.000,0.000,-1,0,0,0,74.282
6678,0,0,0.000,0.000,-1,0,0,0,87.142
6679,0,0,0.000,0.000,-1,0,0,0,78.680
6680,0,0,0.000,0.000,-1,0,0,0,76.965
6681,0,0,0.000,0.000,-1,0,0,0,80.472
6682,0,0,0.000,0.000,-1,0,0,0,74.240
6683,0,0,0.000,0.000,-1,0,0,0,74.699
6684,0,0,0.000,0.000,-1,0,0,0,85.569
6685,0,0,0.000,0.000,-1,0,0,0,73.533
6686,0,0,0.000,0.000,-1,0,0,0,73.281
6687,0,0,0.000,0.000,-1,0,0,0,76.909
6688,0,1,94.686,98.900,-1,0,0,0,75.604
6689,0,0,0.000,0.000,-1,0,0,0,76.730
6690,0,0,0.000,0.000,-1,0,0,0,84.638
6691,0,0,0.000,0.000,-1,0,0,0,72.813
6692,0,0,0.000,0.000,-1,0,0,0,75.847
6693,0,0,0.000,0.000,-1,0,0,0,77.220
6694,0,0,0.000,0.000,-1,0,0,0,117.105
6695,0,0,0.000,0.000,-1,0,0,0,73.812
6696,0,0,0.000,0.000,-1,0,0,0,83.577
6697,0,0,0.000,0.000,-1,0,0,0,76.640
6698,0,0,0.000,0.000,-1,0,0,0,74.847
6699,0,0,0.000,0.000,-1,0,0,0,76.470
6700,0,0,0.000,0.000,-1,0,0,0,72.838
6701,0,0,0.000,0.000,-1,0,0,0,75.146
6702,0,0,0.000,0.000,-1,0,0,0,86.782
6703,0,0,0.000,0.000,-1,0,0,0,74.713
6704,0,0,0.000,0.000,-1,0,0,0,71.837
6705,0,0,0.000,0.000,-1,0,0,0,75.916
6706,0,0,0.000,0.000,-1,0,0,0,75.232
6707,0,0,0.000,0.000,-1,0,0,0,73.055
6708,0,0,0.000,0.000,-1,0,0,0,88.239
6709,0,0,0.000,0.000,-1,0,0,0,72.310
6710,0,0,0.000,0.000,-1,0,0,0,75.912
6711,0,0,0.000,0.000,-1,0,0,0,76.120
6712,0,0,0.000,0.000,-1,0,0,0,71.590
6713,0,0,0.000,0.000,-1,0,0,0,73.372
6714,0,0,0.000,0.000,-1,0,0,0,85.386
6715,0,0,0.000,0.000,-1,0,0,0,75.029
6716,0,0,0.000,0.000,-1,0,0,0,79.086
6717,0,0,0.000,0.000,-1,0,0,0,76.121
6718,0,0,0.000,0.000,-1,0,0,0,119.523
6719,0,0,0.000,0.000,-1,0,0,0,115.588
6720,0,1,88.529,93.683,-1,0,0,0,96.749
6721,0,0,0.000,0.000,-1,0,0,0,79.013
6722,0,0,0.000,0.000,-1,0,0,0,80.772
6723,0,0,0.000,0.000,-1,0,0,0,80.480
6724,0,0,0.000,0.000,-1,0,0,0,78.806
6725,0,0,0.000,0.000,-1,0,0,0,75.826
6726,0,0,0.000,0.000,-1,0,0,0,88.596
6727,0,0,0.000,0.000,-1,0,0,0,117.181
6728,0,0,0.000,0.000,-1,0,0,0,88.141
6729,0,0,0.000,0.000,-1,0,0,0,86.606
6730,0,0,0.000,0.000,-1,0,0,0,80.996
6731,0,0,0.000,0.000,-1,0,0,0,82.691
6732,0,0,0.000,0.000,-1,0,0,0,93.832
6733,0,0,0.000,0.000,-1,0,0,0,79.397
6734,0,0,0.000,0.000,-1,0,0,0,275.018
6735,0,0,0.000,0.000,-1,0,0,0,97.904
6736,0,0,0.000,0.000,-1,0,0,0,85.735
6737,0,0,0.000,0.000,-1,0,0,0,80.725
6738,0,0,0.000,0.000,-1,0,0,0,94.291
6739,0,0,0.000,0.000,-1,0,0,0,78.844
6740,0,0,0.000,0.000,-1,0,0,0,82.896
6741,0,0,0.000,0.000,-1,0,0,0,81.516
6742,0,0,0.000,0.000,-1,0,0,0,80.162
6743,0,0,0.000,0.000,-1,0,0,0,81.092
6744,0,0,0.000,0.000,-1,0,0,0,91.610
6745,0,0,0.000,0.000,-1,0,0,0,76.773
6746,0,0,0.000,0.000,-1,0,0,0,78.943
6747,0,0,0.000,0.000,-1,0,0,0,80.276
6748,0,0,0.000,0.000,-1,0,0,0,79.658
6749,0,0,0.000,0.000,-1,0,0,0,80.533
6750,0,0,0.000,0.000,-1,0,0,0,93.275
6751,0,0,0.000,0.000,-1,0,0,0,81.032
6752,0,1,96.251,100.834,-1,0,0,0,77.211
6753,0,0,0.000,0.000,-1,0,0,0,77.657
6754,0,0,0.000,0.000,-1,0,0,0,79.370
6755,0,0,0.000,0.000,-1,0,0,0,80.821
6756,0,0,0.000,0.000,-1,0,0,0,91.554
6757,0,0,0.000,0.000,-1,0,0,0,78.773
6758,0,0,0.000,0.000,-1,0,0,0,81.094
6759,0,0,0.000,0.000,-1,0,0,0,81.330
6760,0,0,0.000,0.000,-1,0,0,0,79.924
6761,0,0,0.000,0.000,-1,0,0,0,77.213
6762,0,0,0.000,0.000,-1,0,0,0,90.064
6763,0,0,0.000,0.000,-1,0,0,0,80.419
6764,0,0,0.000,0.000,-1,0,0,0,78.825
6765,0,0,0.000,0.000,-1,0,0,0,79.862
6766,0,0,0.000,0.000,-1,0,0,0,78.534
6767,0,0,0.000,0.000,-1,0,0,0,82.261
6768,0,0,0.000,0.000,-1,0,0,0,90.660
6769,0,0,0.000,0.000,-1,0,0,0,78.743
6770,0,0,0.000,0.000,-1,0,0,0,81.338
6771,0,0,0.000,0.000,-1,0,0,0,81.838
6772,0,0,0.000,0.000,-1,0,0,0,80.100
6773,0,0,0.000,0.000,-1,0,0,0,81.329
6774,0,0,0.000,0.000,-1,0,0,0,88.131
6775,0,0,0.000,0.000,-1,0,0,0,76.615
6776,0,0,0.000,0.000,-1,0,0,0,81.002
6777,0,0,0.000,0.000,-1,0,0,0,81.256
6778,0,0,0.000,0.000,-1,0,0,0,77.913
6779,0,0,0.000,0.000,-1,0,0,0,82.453
6780,0,0,0.000,0.000,-1,0,0,0,91.112
6781,0,0,0.000,0.000,-1,0,0,0,79.106
6782,0,0,0.000,0.000,-1,0,0,0,79.166
6783,0,0,0.000,0.000,-1,0,0,0,82.347
6784,0,1,94.580,100.134,-1,0,0,0,79.384
6785,0,0,0.000,0.000,-1,0,0,0,78.476
6786,0,0,0.000,0.000,-1,0,0,0,88.816
6787,0,0,0.000,0.000,-1,0,0,0,77.487
6788,0,0,0.000,0.000,-1,0,0,0,81.240
6789,0,0,0.000,0.000,-1,0,0,0,81.003
6790,0,0,0.000,0.000,-1,0,0,0,80.651
6791,0,0,0.000,0.000,-1,0,0,0,80.126
6792,0,0,0.000,0.000,-1,0,0,0,88.193
6793,0,0,0.000,0.000,-1,0,0,0,76.841
6794,0,0,0.000,0.000,-1,0,0,0,81.400
6795,0,0,0.000,0.000,-1,0,0,0,81.062
6796,0,0,0.000,0.000,-1,0,0,0,80.389
6797,0,0,0.000,0.000,-1,0,0,0,81.616
6798,0,0,0.000,0.000,-1,0,0,0,92.686
6799,0,0,0.000,0.000,-1,0,0,0,79.850
