step,slot,new_chunk,gpu_ms,total_ms,stage,black_head,black_left,black_right,step_ms
0,0,1,106.843,110.749,0,0,0,0,nan
1,0,0,0.000,0.000,0,0,0,0,152.073
2,0,0,0.000,0.000,0,0,0,0,65.921
3,0,0,0.000,0.000,0,0,0,0,65.487
4,0,0,0.000,0.000,0,0,0,0,66.992
5,0,0,0.000,0.000,0,0,0,0,52.052
6,0,0,0.000,0.000,0,0,0,0,63.446
7,0,0,0.000,0.000,0,0,0,0,64.081
8,0,0,0.000,0.000,0,0,0,0,64.330
9,0,0,0.000,0.000,0,0,0,0,144.640
10,0,0,0.000,0.000,0,0,0,0,88.489
11,0,0,0.000,0.000,0,0,0,0,97.765
12,0,0,0.000,0.000,0,0,0,0,71.211
13,0,0,0.000,0.000,0,0,0,0,66.965
14,0,0,0.000,0.000,0,0,0,0,67.387
15,0,0,0.000,0.000,0,0,0,0,66.414
16,0,0,0.000,0.000,0,0,0,0,61.242
17,0,0,0.000,0.000,0,0,0,0,65.899
18,0,0,0.000,0.000,0,0,0,0,64.430
19,0,0,0.000,0.000,0,0,0,0,60.759
20,0,1,95.537,99.820,0,0,0,0,62.638
21,0,0,0.000,0.000,0,0,0,0,65.099
22,0,0,0.000,0.000,0,0,0,0,64.437
23,0,0,0.000,0.000,0,0,0,0,72.447
24,0,0,0.000,0.000,0,0,0,0,65.372
25,0,0,0.000,0.000,0,0,0,0,62.119
26,0,0,0.000,0.000,0,0,0,0,63.343
27,0,0,0.000,0.000,0,0,0,0,62.929
28,0,0,0.000,0.000,0,0,0,0,61.565
29,0,0,0.000,0.000,0,0,0,0,59.658
30,0,0,0.000,0.000,0,0,0,0,61.219
31,0,0,0.000,0.000,0,0,0,0,57.334
32,0,0,0.000,0.000,0,0,0,0,59.738
33,0,0,0.000,0.000,0,0,0,0,58.811
34,0,0,0.000,0.000,0,0,0,0,61.306
35,0,0,0.000,0.000,0,0,0,0,60.303
36,0,0,0.000,0.000,0,0,0,0,60.483
37,0,0,0.000,0.000,0,0,0,0,61.436
38,0,0,0.000,0.000,0,0,0,0,61.403
39,0,0,0.000,0.000,0,0,0,0,60.937
40,0,1,95.847,99.688,0,0,0,0,61.697
41,0,0,0.000,0.000,0,0,0,0,62.673
42,0,0,0.000,0.000,0,0,0,0,62.830
43,0,0,0.000,0.000,0,0,0,0,62.319
44,0,0,0.000,0.000,0,0,0,0,77.553
45,0,0,0.000,0.000,0,0,0,0,67.871
46,0,0,0.000,0.000,0,0,0,0,65.900
47,0,0,0.000,0.000,0,0,0,0,63.444
48,0,0,0.000,0.000,0,0,0,0,63.386
49,0,0,0.000,0.000,0,0,0,0,65.519
50,0,0,0.000,0.000,0,0,0,0,65.100
51,0,0,0.000,0.000,0,0,0,0,62.663
52,0,0,0.000,0.000,0,0,0,0,79.788
53,0,0,0.000,0.000,0,0,0,0,67.986
54,0,0,0.000,0.000,0,0,0,0,64.513
55,0,0,0.000,0.000,0,0,0,0,63.450
56,0,0,0.000,0.000,0,0,0,0,63.606
57,0,0,0.000,0.000,0,0,0,0,60.989
58,0,0,0.000,0.000,0,0,0,0,59.794
59,0,0,0.000,0.000,0,0,0,0,62.485
60,0,1,96.146,99.910,0,0,0,0,61.085
61,0,0,0.000,0.000,0,0,0,0,62.903
62,0,0,0.000,0.000,0,0,0,0,62.262
63,0,0,0.000,0.000,0,0,0,0,61.293
64,0,0,0.000,0.000,0,0,0,0,61.806
65,0,0,0.000,0.000,0,0,0,0,70.559
66,0,0,0.000,0.000,0,0,0,0,63.601
67,0,0,0.000,0.000,0,0,0,0,64.312
68,0,0,0.000,0.000,0,0,0,0,65.023
69,0,0,0.000,0.000,0,0,0,0,65.297
70,0,0,0.000,0.000,0,0,0,0,63.277
71,0,0,0.000,0.000,0,0,0,0,62.171
72,0,0,0.000,0.000,0,0,0,0,61.577
73,0,0,0.000,0.000,0,0,0,0,62.358
74,0,0,0.000,0.000,0,0,0,0,61.386
75,0,0,0.000,0.000,0,0,0,0,76.524
76,0,0,0.000,0.000,0,0,0,0,74.154
77,0,0,0.000,0.000,0,0,0,0,64.821
78,0,0,0.000,0.000,0,0,0,0,64.087
79,0,0,0.000,0.000,0,0,0,0,62.146
80,0,1,102.908,106.191,0,0,0,0,77.359
81,0,0,0.000,0.000,0,0,0,0,73.277
82,0,0,0.000,0.000,0,0,0,0,64.015
83,0,0,0.000,0.000,0,0,0,0,67.638
84,0,0,0.000,0.000,0,0,0,0,65.563
85,0,0,0.000,0.000,0,0,0,0,67.405
86,0,0,0.000,0.000,0,0,0,0,63.505
87,0,0,0.000,0.000,0,0,0,0,60.906
88,0,0,0.000,0.000,0,0,0,0,107.028
89,0,0,0.000,0.000,0,0,0,0,67.455
90,0,0,0.000,0.000,0,0,0,0,61.568
91,0,0,0.000,0.000,0,0,0,0,60.541
92,0,0,0.000,0.000,0,0,0,0,63.399
93,0,0,0.000,0.000,0,0,0,0,64.991
94,0,0,0.000,0.000,0,0,0,0,64.655
95,0,0,0.000,0.000,0,0,0,0,62.601
96,0,0,0.000,0.000,0,0,0,0,62.648
97,0,0,0.000,0.000,0,0,0,0,69.109
98,0,0,0.000,0.000,0,0,0,0,80.715
99,0,0,0.000,0.000,0,0,0,0,69.492
100,0,1,95.116,98.881,0,0,0,0,67.911
101,0,0,0.000,0.000,0,0,0,0,64.095
102,0,0,0.000,0.000,0,0,0,0,64.074
103,0,0,0.000,0.000,0,0,0,0,65.942
104,0,0,0.000,0.000,0,0,0,0,64.043
105,0,0,0.000,0.000,0,0,0,0,63.785
106,0,0,0.000,0.000,0,0,0,0,63.080
107,0,0,0.000,0.000,0,0,0,0,66.369
108,0,0,0.000,0.000,0,0,0,0,63.699
109,0,0,0.000,0.000,0,0,0,0,60.775
110,0,0,0.000,0.000,0,0,0,0,62.527
111,0,0,0.000,0.000,0,0,0,0,61.201
112,0,0,0.000,0.000,0,0,0,0,64.598
113,0,0,0.000,0.000,0,0,0,0,64.899
114,0,0,0.000,0.000,0,0,0,0,70.734
115,0,0,0.000,0.000,0,0,0,0,64.158
116,0,0,0.000,0.000,0,0,0,0,62.832
117,0,0,0.000,0.000,0,0,0,0,63.611
118,0,0,0.000,0.000,0,0,0,0,78.443
119,0,0,0.000,0.000,0,0,0,0,71.834
120,0,1,97.285,101.124,0,0,0,0,64.938
121,0,0,0.000,0.000,0,0,0,0,64.892
122,0,0,0.000,0.000,0,0,0,0,63.965
123,0,0,0.000,0.000,0,0,0,0,66.602
124,0,0,0.000,0.000,0,0,0,0,64.427
125,0,0,0.000,0.000,0,0,0,0,64.828
126,0,0,0.000,0.000,0,0,0,0,65.423
127,0,0,0.000,0.000,0,0,0,0,64.085
128,0,0,0.000,0.000,0,0,0,0,63.869
129,0,0,0.000,0.000,0,0,0,0,64.856
130,0,0,0.000,0.000,0,0,0,0,64.715
131,0,0,0.000,0.000,0,0,0,0,64.276
132,0,0,0.000,0.000,0,0,0,0,64.816
133,0,0,0.000,0.000,0,0,0,0,64.729
134,0,0,0.000,0.000,0,0,0,0,64.150
135,0,0,0.000,0.000,0,0,0,0,64.107
136,0,0,0.000,0.000,0,0,0,0,64.623
137,0,0,0.000,0.000,0,0,0,0,65.099
138,0,0,0.000,0.000,0,0,0,0,64.566
139,0,0,0.000,0.000,0,0,0,0,65.109
140,0,1,95.099,98.562,0,0,0,0,66.405
141,0,0,0.000,0.000,0,0,0,0,65.778
142,0,0,0.000,0.000,0,0,0,0,64.884
143,0,0,0.000,0.000,0,0,0,0,65.081
144,0,0,0.000,0.000,0,0,0,0,63.364
145,0,0,0.000,0.000,0,0,0,0,62.271
146,0,0,0.000,0.000,0,0,0,0,66.405
147,0,0,0.000,0.000,0,0,0,0,66.614
148,0,0,0.000,0.000,0,0,0,0,67.846
149,0,0,0.000,0.000,0,0,0,0,62.468
150,0,0,0.000,0.000,0,0,0,0,65.890
151,0,0,0.000,0.000,0,0,0,0,64.173
152,0,0,0.000,0.000,0,0,0,0,61.932
153,0,0,0.000,0.000,0,0,0,0,67.081
154,0,0,0.000,0.000,0,0,0,0,64.056
155,0,0,0.000,0.000,0,0,0,0,64.143
156,0,0,0.000,0.000,0,0,0,0,62.849
157,0,0,0.000,0.000,0,0,0,0,63.584
158,0,0,0.000,0.000,0,0,0,0,64.911
159,0,0,0.000,0.000,0,0,0,0,64.837
160,0,1,97.185,100.883,0,0,0,0,64.724
161,0,0,0.000,0.000,0,0,0,0,65.102
162,0,0,0.000,0.000,0,0,0,0,64.925
163,0,0,0.000,0.000,0,0,0,0,60.462
164,0,0,0.000,0.000,0,0,0,0,66.342
165,0,0,0.000,0.000,0,0,0,0,62.695
166,0,0,0.000,0.000,0,0,0,0,64.127
167,0,0,0.000,0.000,0,0,0,0,62.899
168,0,0,0.000,0.000,0,0,0,0,64.225
169,0,0,0.000,0.000,0,0,0,0,63.167
170,0,0,0.000,0.000,0,0,0,0,64.586
171,0,0,0.000,0.000,0,0,0,0,62.788
172,0,0,0.000,0.000,0,0,0,0,64.959
173,0,0,0.000,0.000,0,0,0,0,66.028
174,0,0,0.000,0.000,0,0,0,0,64.671
175,0,0,0.000,0.000,0,0,0,0,65.295
176,0,0,0.000,0.000,0,0,0,0,65.717
177,0,0,0.000,0.000,0,0,0,0,64.211
178,0,0,0.000,0.000,0,0,0,0,63.182
179,0,0,0.000,0.000,0,0,0,0,64.290
180,0,1,99.031,102.784,0,0,0,0,62.791
181,0,0,0.000,0.000,0,0,0,0,65.089
182,0,0,0.000,0.000,0,0,0,0,63.348
183,0,0,0.000,0.000,0,0,0,0,63.250
184,0,0,0.000,0.000,0,0,0,0,61.150
185,0,0,0.000,0.000,0,0,0,0,67.153
186,0,0,0.000,0.000,0,0,0,0,65.374
187,0,0,0.000,0.000,0,0,0,0,86.773
188,0,0,0.000,0.000,0,0,0,0,63.635
189,0,0,0.000,0.000,0,0,0,0,61.862
190,0,0,0.000,0.000,0,0,0,0,63.468
191,0,0,0.000,0.000,0,0,0,0,65.185
192,0,0,0.000,0.000,0,0,0,0,64.902
193,0,0,0.000,0.000,0,0,0,0,66.701
194,0,0,0.000,0.000,0,0,0,0,64.320
195,0,0,0.000,0.000,0,0,0,0,62.239
196,0,0,0.000,0.000,0,0,0,0,63.615
197,0,0,0.000,0.000,0,0,0,0,65.082
198,0,0,0.000,0.000,0,0,0,0,64.252
199,0,0,0.000,0.000,0,0,0,0,64.383
200,0,1,98.044,102.333,0,0,0,0,64.844
201,0,0,0.000,0.000,0,0,0,0,65.385
202,0,0,0.000,0.000,0,0,0,0,64.357
203,0,0,0.000,0.000,0,0,0,0,63.409
204,0,0,0.000,0.000,0,0,0,0,65.552
205,0,0,0.000,0.000,0,0,0,0,65.594
206,0,0,0.000,0.000,0,0,0,0,65.663
207,0,0,0.000,0.000,0,0,0,0,68.246
208,0,0,0.000,0.000,0,0,0,0,64.949
209,0,0,0.000,0.000,0,0,0,0,66.419
210,0,0,0.000,0.000,0,0,0,0,63.666
211,0,0,0.000,0.000,0,0,0,0,64.873
212,0,0,0.000,0.000,0,0,0,0,63.606
213,0,0,0.000,0.000,0,0,0,0,63.901
214,0,0,0.000,0.000,0,0,0,0,66.440
215,0,0,0.000,0.000,0,0,0,0,64.277
216,0,0,0.000,0.000,0,0,0,0,64.499
217,0,0,0.000,0.000,0,0,0,0,65.043
218,0,0,0.000,0.000,0,0,0,0,64.960
219,0,0,0.000,0.000,0,0,0,0,66.853
220,0,1,102.479,108.099,0,0,0,0,65.739
221,0,0,0.000,0.000,0,0,0,0,65.855
222,0,0,0.000,0.000,0,0,0,0,65.672
223,0,0,0.000,0.000,0,0,0,0,61.524
224,0,0,0.000,0.000,0,0,0,0,66.971
225,0,0,0.000,0.000,0,0,0,0,64.734
226,0,0,0.000,0.000,0,0,0,0,63.793
227,0,0,0.000,0.000,0,0,0,0,65.998
228,0,0,0.000,0.000,0,0,0,0,64.783
229,0,0,0.000,0.000,0,0,0,0,62.296
230,0,0,0.000,0.000,0,0,0,0,64.750
231,0,0,0.000,0.000,0,0,0,0,61.519
232,0,0,0.000,0.000,0,0,0,0,62.598
233,0,0,0.000,0.000,0,0,0,0,63.115
234,0,0,0.000,0.000,0,0,0,0,62.008
235,0,0,0.000,0.000,0,0,0,0,64.582
236,0,0,0.000,0.000,0,0,0,0,65.493
237,0,0,0.000,0.000,0,0,0,0,64.930
238,0,0,0.000,0.000,0,0,0,0,65.839
239,0,0,0.000,0.000,0,0,0,0,66.587
240,0,1,98.048,102.536,0,0,0,0,63.636
241,0,0,0.000,0.000,0,0,0,0,64.727
242,0,0,0.000,0.000,0,0,0,0,63.988
243,0,0,0.000,0.000,0,0,0,0,62.671
244,0,0,0.000,0.000,0,0,0,0,63.927
245,0,0,0.000,0.000,0,0,0,0,67.275
246,0,0,0.000,0.000,0,0,0,0,63.979
247,0,0,0.000,0.000,0,0,0,0,64.435
248,0,0,0.000,0.000,0,0,0,0,66.011
249,0,0,0.000,0.000,0,0,0,0,65.793
250,0,0,0.000,0.000,0,0,0,0,61.447
251,0,0,0.000,0.000,0,0,0,0,62.550
252,0,0,0.000,0.000,0,0,0,0,64.325
253,0,0,0.000,0.000,0,0,0,0,65.097
254,0,0,0.000,0.000,0,0,0,0,64.413
255,0,0,0.000,0.000,0,0,0,0,63.453
256,0,0,0.000,0.000,0,0,0,0,63.886
257,0,0,0.000,0.000,0,0,0,0,65.983
258,0,0,0.000,0.000,0,0,0,0,64.833
259,0,0,0.000,0.000,0,0,0,0,63.883
260,0,1,99.446,103.393,0,0,0,0,65.801
261,0,0,0.000,0.000,0,0,0,0,61.535
262,0,0,0.000,0.000,0,0,0,0,63.066
263,0,0,0.000,0.000,0,0,0,0,62.759
264,0,0,0.000,0.000,0,0,0,0,62.957
265,0,0,0.000,0.000,0,0,0,0,62.417
266,0,0,0.000,0.000,0,0,0,0,64.113
267,0,0,0.000,0.000,0,0,0,0,62.331
268,0,0,0.000,0.000,0,0,0,0,64.672
269,0,0,0.000,0.000,0,0,0,0,62.611
270,0,0,0.000,0.000,0,0,0,0,62.461
271,0,0,0.000,0.000,0,0,0,0,60.714
272,0,0,0.000,0.000,0,0,0,0,65.427
273,0,0,0.000,0.000,0,0,0,0,65.908
274,0,0,0.000,0.000,0,0,0,0,65.492
275,0,0,0.000,0.000,0,0,0,0,61.459
276,0,0,0.000,0.000,0,0,0,0,61.644
277,0,0,0.000,0.000,0,0,0,0,64.932
278,0,0,0.000,0.000,0,0,0,0,62.936
279,0,0,0.000,0.000,0,0,0,0,62.589
280,0,1,96.238,100.286,0,0,0,0,66.369
281,0,0,0.000,0.000,0,0,0,0,63.295
282,0,0,0.000,0.000,0,0,0,0,61.454
283,0,0,0.000,0.000,0,0,0,0,60.974
284,0,0,0.000,0.000,0,0,0,0,61.691
285,0,0,0.000,0.000,0,0,0,0,62.587
286,0,0,0.000,0.000,0,0,0,0,61.566
287,0,0,0.000,0.000,0,0,0,0,62.576
288,0,0,0.000,0.000,0,0,0,0,60.038
289,0,0,0.000,0.000,0,0,0,0,60.474
290,0,0,0.000,0.000,0,0,0,0,63.607
291,0,0,0.000,0.000,0,0,0,0,62.151
292,0,0,0.000,0.000,0,0,0,0,62.449
293,0,0,0.000,0.000,0,0,0,0,61.082
294,0,0,0.000,0.000,0,0,0,0,63.523
295,0,0,0.000,0.000,0,0,0,0,62.273
296,0,0,0.000,0.000,0,0,0,0,61.514
297,0,0,0.000,0.000,0,0,0,0,60.871
298,0,0,0.000,0.000,0,0,0,0,61.814
299,0,0,0.000,0.000,0,0,0,0,63.161
300,0,1,100.764,105.138,1,0,0,0,62.268
301,0,0,0.000,0.000,1,0,0,0,63.286
302,0,0,0.000,0.000,1,0,0,0,63.310
303,0,0,0.000,0.000,1,0,0,0,62.229
304,0,0,0.000,0.000,1,0,0,0,62.005
305,0,0,0.000,0.000,1,0,0,0,63.438
306,0,0,0.000,0.000,1,0,0,0,64.099
307,0,0,0.000,0.000,1,0,0,0,63.874
308,0,0,0.000,0.000,1,0,0,0,65.123
309,0,0,0.000,0.000,1,0,0,0,68.123
310,0,0,0.000,0.000,1,0,0,0,64.353
311,0,0,0.000,0.000,1,0,0,0,64.379
312,0,0,0.000,0.000,1,0,0,0,65.488
313,0,0,0.000,0.000,1,0,0,0,62.978
314,0,0,0.000,0.000,1,0,0,0,63.622
315,0,0,0.000,0.000,1,0,0,0,63.266
316,0,0,0.000,0.000,1,0,0,0,61.713
317,0,0,0.000,0.000,1,0,0,0,62.513
318,0,0,0.000,0.000,1,0,0,0,63.677
319,0,0,0.000,0.000,1,0,0,0,63.666
320,0,1,99.842,104.438,1,0,0,0,63.611
321,0,0,0.000,0.000,1,0,0,0,64.328
322,0,0,0.000,0.000,1,0,0,0,61.434
323,0,0,0.000,0.000,1,0,0,0,61.737
324,0,0,0.000,0.000,1,0,0,0,63.387
325,0,0,0.000,0.000,1,0,0,0,63.377
326,0,0,0.000,0.000,1,0,0,0,65.208
327,0,0,0.000,0.000,1,0,0,0,63.294
328,0,0,0.000,0.000,1,0,0,0,62.041
329,0,0,0.000,0.000,1,0,0,0,63.982
330,0,0,0.000,0.000,1,0,0,0,62.607
331,0,0,0.000,0.000,1,0,0,0,61.313
332,0,0,0.000,0.000,1,0,0,0,60.111
333,0,0,0.000,0.000,1,0,0,0,60.884
334,0,0,0.000,0.000,1,0,0,0,58.969
335,0,0,0.000,0.000,1,0,0,0,63.793
336,0,0,0.000,0.000,1,0,0,0,60.963
337,0,0,0.000,0.000,1,0,0,0,61.169
338,0,0,0.000,0.000,1,0,0,0,61.815
339,0,0,0.000,0.000,1,0,0,0,64.812
340,0,1,99.344,103.464,1,0,0,0,61.218
341,0,0,0.000,0.000,1,0,0,0,59.958
342,0,0,0.000,0.000,1,0,0,0,60.613
343,0,0,0.000,0.000,1,0,0,0,62.657
344,0,0,0.000,0.000,1,0,0,0,64.739
345,0,0,0.000,0.000,1,0,0,0,62.684
346,0,0,0.000,0.000,1,0,0,0,62.739
347,0,0,0.000,0.000,1,0,0,0,63.813
348,0,0,0.000,0.000,1,0,0,0,63.111
349,0,0,0.000,0.000,1,0,0,0,64.000
350,0,0,0.000,0.000,1,0,0,0,63.384
351,0,0,0.000,0.000,1,0,0,0,62.658
352,0,0,0.000,0.000,1,0,0,0,63.332
353,0,0,0.000,0.000,1,0,0,0,62.826
354,0,0,0.000,0.000,1,0,0,0,62.052
355,0,0,0.000,0.000,1,0,0,0,61.753
356,0,0,0.000,0.000,1,0,0,0,65.081
357,0,0,0.000,0.000,1,0,0,0,63.751
358,0,0,0.000,0.000,1,0,0,0,63.161
359,0,0,0.000,0.000,1,0,0,0,61.373
360,0,1,97.859,102.521,1,0,0,0,61.538
361,0,0,0.000,0.000,1,0,0,0,62.516
362,0,0,0.000,0.000,1,0,0,0,62.667
363,0,0,0.000,0.000,1,0,0,0,62.082
364,0,0,0.000,0.000,1,0,0,0,63.758
365,0,0,0.000,0.000,1,0,0,0,68.298
366,0,0,0.000,0.000,1,0,0,0,65.512
367,0,0,0.000,0.000,1,0,0,0,63.639
368,0,0,0.000,0.000,1,0,0,0,64.207
369,0,0,0.000,0.000,1,0,0,0,62.421
370,0,0,0.000,0.000,1,0,0,0,61.705
371,0,0,0.000,0.000,1,0,0,0,63.501
372,0,0,0.000,0.000,1,0,0,0,63.300
373,0,0,0.000,0.000,1,0,0,0,64.494
374,0,0,0.000,0.000,1,0,0,0,61.840
375,0,0,0.000,0.000,1,0,0,0,59.304
376,0,0,0.000,0.000,1,0,0,0,61.388
377,0,0,0.000,0.000,1,0,0,0,62.092
378,0,0,0.000,0.000,1,0,0,0,61.701
379,0,0,0.000,0.000,1,0,0,0,60.707
380,0,1,96.717,101.345,1,0,0,0,63.399
381,0,0,0.000,0.000,1,0,0,0,60.666
382,0,0,0.000,0.000,1,0,0,0,60.503
383,0,0,0.000,0.000,1,0,0,0,67.755
384,0,0,0.000,0.000,1,0,0,0,62.059
385,0,0,0.000,0.000,1,0,0,0,64.551
386,0,0,0.000,0.000,1,0,0,0,61.456
387,0,0,0.000,0.000,1,0,0,0,60.985
388,0,0,0.000,0.000,1,0,0,0,62.577
389,0,0,0.000,0.000,1,0,0,0,63.067
390,0,0,0.000,0.000,1,0,0,0,61.919
391,0,0,0.000,0.000,1,0,0,0,63.613
392,0,0,0.000,0.000,1,0,0,0,60.229
393,0,0,0.000,0.000,1,0,0,0,62.230
394,0,0,0.000,0.000,1,0,0,0,60.853
395,0,0,0.000,0.000,1,0,0,0,63.177
396,0,0,0.000,0.000,1,0,0,0,61.927
397,0,0,0.000,0.000,1,0,0,0,61.084
398,0,0,0.000,0.000,1,0,0,0,59.569
399,0,0,0.000,0.000,1,0,0,0,60.227
400,0,1,101.557,104.757,1,0,0,0,59.839
401,0,0,0.000,0.000,1,0,0,0,63.055
402,0,0,0.000,0.000,1,0,0,0,59.999
403,0,0,0.000,0.000,1,0,0,0,60.353
404,0,0,0.000,0.000,1,0,0,0,60.576
405,0,0,0.000,0.000,1,0,0,0,62.920
406,0,0,0.000,0.000,1,0,0,0,59.502
407,0,0,0.000,0.000,1,0,0,0,61.842
408,0,0,0.000,0.000,1,0,0,0,66.214
409,0,0,0.000,0.000,1,0,0,0,61.186
410,0,0,0.000,0.000,1,0,0,0,63.361
411,0,0,0.000,0.000,1,0,0,0,63.663
412,0,0,0.000,0.000,1,0,0,0,61.179
413,0,0,0.000,0.000,1,0,0,0,62.884
414,0,0,0.000,0.000,1,0,0,0,62.420
415,0,0,0.000,0.000,1,0,0,0,60.809
416,0,0,0.000,0.000,1,0,0,0,62.595
417,0,0,0.000,0.000,1,0,0,0,64.209
418,0,0,0.000,0.000,1,0,0,0,60.703
419,0,0,0.000,0.000,1,0,0,0,62.896
420,0,1,98.065,102.864,1,0,0,0,63.033
421,0,0,0.000,0.000,1,0,0,0,61.308
422,0,0,0.000,0.000,1,0,0,0,60.931
423,0,0,0.000,0.000,1,0,0,0,64.037
424,0,0,0.000,0.000,1,0,0,0,61.891
425,0,0,0.000,0.000,1,0,0,0,62.564
426,0,0,0.000,0.000,1,0,0,0,62.722
427,0,0,0.000,0.000,1,0,0,0,62.579
428,0,0,0.000,0.000,1,0,0,0,63.635
429,0,0,0.000,0.000,1,0,0,0,63.364
430,0,0,0.000,0.000,1,0,0,0,60.269
431,0,0,0.000,0.000,1,0,0,0,61.061
432,0,0,0.000,0.000,1,0,0,0,61.427
433,0,0,0.000,0.000,1,0,0,0,61.623
434,0,0,0.000,0.000,1,0,0,0,61.561
435,0,0,0.000,0.000,1,0,0,0,62.542
436,0,0,0.000,0.000,1,0,0,0,60.937
437,0,0,0.000,0.000,1,0,0,0,61.977
438,0,0,0.000,0.000,1,0,0,0,62.463
439,0,0,0.000,0.000,1,0,0,0,63.222
440,0,1,98.253,103.178,1,0,0,0,63.629
441,0,0,0.000,0.000,1,0,0,0,60.549
442,0,0,0.000,0.000,1,0,0,0,62.344
443,0,0,0.000,0.000,1,0,0,0,60.098
444,0,0,0.000,0.000,1,0,0,0,62.571
445,0,0,0.000,0.000,1,0,0,0,62.857
446,0,0,0.000,0.000,1,0,0,0,63.658
447,0,0,0.000,0.000,1,0,0,0,62.752
448,0,0,0.000,0.000,1,0,0,0,62.249
449,0,0,0.000,0.000,1,0,0,0,63.205
450,0,0,0.000,0.000,1,0,0,0,64.232
451,0,0,0.000,0.000,1,0,0,0,62.698
452,0,0,0.000,0.000,1,0,0,0,64.497
453,0,0,0.000,0.000,1,0,0,0,63.237
454,0,0,0.000,0.000,1,0,0,0,62.563
455,0,0,0.000,0.000,1,0,0,0,64.216
456,0,0,0.000,0.000,1,0,0,0,65.496
457,0,0,0.000,0.000,1,0,0,0,62.879
458,0,0,0.000,0.000,1,0,0,0,63.609
459,0,0,0.000,0.000,1,0,0,0,63.122
460,0,1,100.135,104.390,1,0,0,0,63.519
461,0,0,0.000,0.000,1,0,0,0,62.854
462,0,0,0.000,0.000,1,0,0,0,59.693
463,0,0,0.000,0.000,1,0,0,0,59.167
464,0,0,0.000,0.000,1,0,0,0,60.569
465,0,0,0.000,0.000,1,0,0,0,60.847
466,0,0,0.000,0.000,1,0,0,0,62.965
467,0,0,0.000,0.000,1,0,0,0,57.930
468,0,0,0.000,0.000,1,0,0,0,62.513
469,0,0,0.000,0.000,1,0,0,0,62.690
470,0,0,0.000,0.000,1,0,0,0,62.845
471,0,0,0.000,0.000,1,0,0,0,63.249
472,0,0,0.000,0.000,1,0,0,0,60.732
473,0,0,0.000,0.000,1,0,0,0,66.072
474,0,0,0.000,0.000,1,0,0,0,61.316
475,0,0,0.000,0.000,1,0,0,0,65.453
476,0,0,0.000,0.000,1,0,0,0,64.417
477,0,0,0.000,0.000,1,0,0,0,62.899
478,0,0,0.000,0.000,1,0,0,0,63.077
479,0,0,0.000,0.000,1,0,0,0,62.701
480,0,1,99.689,104.666,1,0,0,0,64.529
481,0,0,0.000,0.000,1,0,0,0,62.496
482,0,0,0.000,0.000,1,0,0,0,64.408
483,0,0,0.000,0.000,1,0,0,0,64.814
484,0,0,0.000,0.000,1,0,0,0,64.874
485,0,0,0.000,0.000,1,0,0,0,62.089
486,0,0,0.000,0.000,1,0,0,0,62.042
487,0,0,0.000,0.000,1,0,0,0,63.244
488,0,0,0.000,0.000,1,0,0,0,63.721
489,0,0,0.000,0.000,1,0,0,0,66.327
490,0,0,0.000,0.000,1,0,0,0,65.864
491,0,0,0.000,0.000,1,0,0,0,62.859
492,0,0,0.000,0.000,1,0,0,0,63.904
493,0,0,0.000,0.000,1,0,0,0,61.496
494,0,0,0.000,0.000,1,0,0,0,60.529
495,0,0,0.000,0.000,1,0,0,0,62.638
496,0,0,0.000,0.000,1,0,0,0,61.973
497,0,0,0.000,0.000,1,0,0,0,64.280
498,0,0,0.000,0.000,1,0,0,0,62.054
499,0,0,0.000,0.000,1,0,0,0,61.260
500,0,1,102.362,106.995,1,0,0,0,60.966
501,0,0,0.000,0.000,1,0,0,0,62.297
502,0,0,0.000,0.000,1,0,0,0,60.684
503,0,0,0.000,0.000,1,0,0,0,63.755
504,0,0,0.000,0.000,1,0,0,0,63.957
505,0,0,0.000,0.000,1,0,0,0,63.229
506,0,0,0.000,0.000,1,0,0,0,61.534
507,0,0,0.000,0.000,1,0,0,0,63.280
508,0,0,0.000,0.000,1,0,0,0,62.683
509,0,0,0.000,0.000,1,0,0,0,63.635
510,0,0,0.000,0.000,1,0,0,0,62.982
511,0,0,0.000,0.000,1,0,0,0,63.302
512,0,0,0.000,0.000,1,0,0,0,62.894
513,0,0,0.000,0.000,1,0,0,0,63.589
514,0,0,0.000,0.000,1,0,0,0,65.197
515,0,0,0.000,0.000,1,0,0,0,64.264
516,0,0,0.000,0.000,1,0,0,0,64.410
517,0,0,0.000,0.000,1,0,0,0,63.456
518,0,0,0.000,0.000,1,0,0,0,61.936
519,0,0,0.000,0.000,1,0,0,0,64.570
520,0,1,98.278,103.253,1,0,0,0,63.063
521,0,0,0.000,0.000,1,0,0,0,61.727
522,0,0,0.000,0.000,1,0,0,0,63.260
523,0,0,0.000,0.000,1,0,0,0,61.826
524,0,0,0.000,0.000,1,0,0,0,61.670
525,0,0,0.000,0.000,1,0,0,0,58.794
526,0,0,0.000,0.000,1,0,0,0,61.982
527,0,0,0.000,0.000,1,0,0,0,63.815
528,0,0,0.000,0.000,1,0,0,0,65.832
529,0,0,0.000,0.000,1,0,0,0,62.956
530,0,0,0.000,0.000,1,0,0,0,62.417
531,0,0,0.000,0.000,1,0,0,0,62.728
532,0,0,0.000,0.000,1,0,0,0,60.382
533,0,0,0.000,0.000,1,0,0,0,59.647
534,0,0,0.000,0.000,1,0,0,0,57.920
535,0,0,0.000,0.000,1,0,0,0,61.816
536,0,0,0.000,0.000,1,0,0,0,60.769
537,0,0,0.000,0.000,1,0,0,0,63.857
538,0,0,0.000,0.000,1,0,0,0,66.293
539,0,0,0.000,0.000,1,0,0,0,65.269
540,0,1,99.397,103.574,1,0,0,0,67.606
541,0,0,0.000,0.000,1,0,0,0,65.742
542,0,0,0.000,0.000,1,0,0,0,66.683
543,0,0,0.000,0.000,1,0,0,0,66.472
544,0,0,0.000,0.000,1,0,0,0,65.688
545,0,0,0.000,0.000,1,0,0,0,64.560
546,0,0,0.000,0.000,1,0,0,0,65.916
547,0,0,0.000,0.000,1,0,0,0,65.720
548,0,0,0.000,0.000,1,0,0,0,67.619
549,0,0,0.000,0.000,1,0,0,0,65.531
550,0,0,0.000,0.000,1,0,0,0,64.193
551,0,0,0.000,0.000,1,0,0,0,67.063
552,0,0,0.000,0.000,1,0,0,0,66.426
553,0,0,0.000,0.000,1,0,0,0,66.516
554,0,0,0.000,0.000,1,0,0,0,67.784
555,0,0,0.000,0.000,1,0,0,0,66.342
556,0,0,0.000,0.000,1,0,0,0,65.894
557,0,0,0.000,0.000,1,0,0,0,66.190
558,0,0,0.000,0.000,1,0,0,0,178.046
559,0,0,0.000,0.000,1,0,0,0,66.943
560,0,1,99.383,104.184,1,0,0,0,63.708
561,0,0,0.000,0.000,1,0,0,0,65.387
562,0,0,0.000,0.000,1,0,0,0,66.008
563,0,0,0.000,0.000,1,0,0,0,65.526
564,0,0,0.000,0.000,1,0,0,0,62.981
565,0,0,0.000,0.000,1,0,0,0,69.051
566,0,0,0.000,0.000,1,0,0,0,68.648
567,0,0,0.000,0.000,1,0,0,0,69.308
568,0,0,0.000,0.000,1,0,0,0,66.910
569,0,0,0.000,0.000,1,0,0,0,67.442
570,0,0,0.000,0.000,1,0,0,0,63.859
571,0,0,0.000,0.000,1,0,0,0,67.783
572,0,0,0.000,0.000,1,0,0,0,77.173
573,0,0,0.000,0.000,1,0,0,0,73.512
574,0,0,0.000,0.000,1,0,0,0,73.100
575,0,0,0.000,0.000,1,0,0,0,71.810
576,0,0,0.000,0.000,1,0,0,0,76.160
577,0,0,0.000,0.000,1,0,0,0,68.863
578,0,0,0.000,0.000,1,0,0,0,67.816
579,0,0,0.000,0.000,1,0,0,0,68.333
580,0,1,98.245,101.675,1,0,0,0,66.038
581,0,0,0.000,0.000,1,0,0,0,63.805
582,0,0,0.000,0.000,1,0,0,0,64.686
583,0,0,0.000,0.000,1,0,0,0,63.714
584,0,0,0.000,0.000,1,0,0,0,68.396
585,0,0,0.000,0.000,1,0,0,0,68.026
586,0,0,0.000,0.000,1,0,0,0,66.722
587,0,0,0.000,0.000,1,0,0,0,63.447
588,0,0,0.000,0.000,1,0,0,0,62.509
589,0,0,0.000,0.000,1,0,0,0,63.346
590,0,0,0.000,0.000,1,0,0,0,66.454
591,0,0,0.000,0.000,1,0,0,0,70.901
592,0,0,0.000,0.000,1,0,0,0,68.459
593,0,0,0.000,0.000,1,0,0,0,66.085
594,0,0,0.000,0.000,1,0,0,0,64.014
595,0,0,0.000,0.000,1,0,0,0,61.953
596,0,0,0.000,0.000,1,0,0,0,63.600
597,0,0,0.000,0.000,1,0,0,0,67.696
598,0,0,0.000,0.000,1,0,0,0,62.112
599,0,0,0.000,0.000,1,0,0,0,62.324
600,0,1,93.030,96.049,1,0,0,0,61.090
601,0,0,0.000,0.000,1,0,0,0,72.772
602,0,0,0.000,0.000,1,0,0,0,61.874
603,0,0,0.000,0.000,1,0,0,0,63.285
604,0,0,0.000,0.000,1,0,0,0,64.394
605,0,0,0.000,0.000,1,0,0,0,68.920
606,0,0,0.000,0.000,1,0,0,0,61.451
607,0,0,0.000,0.000,1,0,0,0,61.489
608,0,0,0.000,0.000,1,0,0,0,64.105
609,0,0,0.000,0.000,1,0,0,0,64.222
610,0,0,0.000,0.000,1,0,0,0,68.653
611,0,0,0.000,0.000,1,0,0,0,68.080
612,0,0,0.000,0.000,1,0,0,0,67.337
613,0,0,0.000,0.000,1,0,0,0,65.080
614,0,0,0.000,0.000,1,0,0,0,64.833
615,0,0,0.000,0.000,1,0,0,0,60.593
616,0,0,0.000,0.000,1,0,0,0,63.024
617,0,0,0.000,0.000,1,0,0,0,60.626
618,0,0,0.000,0.000,1,0,0,0,63.510
619,0,0,0.000,0.000,1,0,0,0,65.840
620,0,1,92.997,94.646,2,0,0,0,66.377
621,0,0,0.000,0.000,2,0,0,0,65.588
622,0,0,0.000,0.000,2,0,0,0,60.384
623,0,0,0.000,0.000,2,0,0,0,61.336
624,0,0,0.000,0.000,2,0,0,0,62.458
625,0,0,0.000,0.000,2,0,0,0,67.589
626,0,0,0.000,0.000,2,0,0,0,66.386
627,0,0,0.000,0.000,2,0,0,0,64.428
628,0,0,0.000,0.000,2,0,0,0,68.130
629,0,0,0.000,0.000,2,0,0,0,66.031
630,0,0,0.000,0.000,2,0,0,0,64.182
631,0,0,0.000,0.000,2,0,0,0,65.695
632,0,0,0.000,0.000,2,0,0,0,71.847
633,0,0,0.000,0.000,2,0,0,0,65.960
634,0,0,0.000,0.000,2,0,0,0,68.541
635,0,0,0.000,0.000,2,0,0,0,65.179
636,0,0,0.000,0.000,2,0,0,0,72.542
637,0,0,0.000,0.000,2,0,0,0,66.429
638,0,0,0.000,0.000,2,0,0,0,72.226
639,0,0,0.000,0.000,2,0,0,0,68.857
640,0,1,93.155,95.484,2,0,0,0,70.607
641,0,0,0.000,0.000,2,0,0,0,64.066
642,0,0,0.000,0.000,2,0,0,0,65.039
643,0,0,0.000,0.000,2,0,0,0,59.823
644,0,0,0.000,0.000,2,0,0,0,62.557
645,0,0,0.000,0.000,2,0,0,0,62.819
646,0,0,0.000,0.000,2,0,0,0,63.548
647,0,0,0.000,0.000,2,0,0,0,64.675
648,0,0,0.000,0.000,2,0,0,0,60.362
649,0,0,0.000,0.000,2,0,0,0,69.213
650,0,0,0.000,0.000,2,0,0,0,62.569
651,0,0,0.000,0.000,2,0,0,0,64.509
652,0,0,0.000,0.000,2,0,0,0,65.076
653,0,0,0.000,0.000,2,0,0,0,62.893
654,0,0,0.000,0.000,2,0,0,0,62.073
655,0,0,0.000,0.000,2,0,0,0,61.822
656,0,0,0.000,0.000,2,0,0,0,63.943
657,0,0,0.000,0.000,2,0,0,0,59.782
658,0,0,0.000,0.000,2,0,0,0,65.935
659,0,0,0.000,0.000,2,0,0,0,62.437
660,0,1,94.725,96.695,2,0,0,0,61.398
661,0,0,0.000,0.000,2,0,0,0,59.177
662,0,0,0.000,0.000,2,0,0,0,62.658
663,0,0,0.000,0.000,2,0,0,0,61.002
664,0,0,0.000,0.000,2,0,0,0,63.668
665,0,0,0.000,0.000,2,0,0,0,59.393
666,0,0,0.000,0.000,2,0,0,0,64.041
667,0,0,0.000,0.000,2,0,0,0,60.144
668,0,0,0.000,0.000,2,0,0,0,60.564
669,0,0,0.000,0.000,2,0,0,0,58.826
670,0,0,0.000,0.000,2,0,0,0,63.388
671,0,0,0.000,0.000,2,0,0,0,60.780
672,0,0,0.000,0.000,2,0,0,0,63.974
673,0,0,0.000,0.000,2,0,0,0,58.329
674,0,0,0.000,0.000,2,0,0,0,60.462
675,0,0,0.000,0.000,2,0,0,0,57.627
676,0,0,0.000,0.000,2,0,0,0,60.364
677,0,0,0.000,0.000,2,0,0,0,61.654
678,0,0,0.000,0.000,2,0,0,0,64.951
679,0,0,0.000,0.000,2,0,0,0,62.167
680,0,1,93.490,96.661,2,0,0,0,59.897
681,0,0,0.000,0.000,2,0,0,0,58.060
682,0,0,0.000,0.000,2,0,0,0,61.414
683,0,0,0.000,0.000,2,0,0,0,58.445
684,0,0,0.000,0.000,2,0,0,0,61.813
685,0,0,0.000,0.000,2,0,0,0,56.679
686,0,0,0.000,0.000,2,0,0,0,60.229
687,0,0,0.000,0.000,2,0,0,0,59.352
688,0,0,0.000,0.000,2,0,0,0,62.882
689,0,0,0.000,0.000,2,0,0,0,60.523
690,0,0,0.000,0.000,2,0,0,0,56.699
691,0,0,0.000,0.000,2,0,0,0,61.877
692,0,0,0.000,0.000,2,0,0,0,58.042
693,0,0,0.000,0.000,2,0,0,0,57.721
694,0,0,0.000,0.000,2,0,0,0,62.695
695,0,0,0.000,0.000,2,0,0,0,62.968
696,0,0,0.000,0.000,2,0,0,0,61.273
697,0,0,0.000,0.000,2,0,0,0,60.667
698,0,0,0.000,0.000,2,0,0,0,60.337
699,0,0,0.000,0.000,2,0,0,0,61.040
700,0,1,95.151,97.620,2,0,0,0,61.527
701,0,0,0.000,0.000,2,0,0,0,59.824
702,0,0,0.000,0.000,2,0,0,0,62.432
703,0,0,0.000,0.000,2,0,0,0,60.704
704,0,0,0.000,0.000,2,0,0,0,61.738
705,0,0,0.000,0.000,2,0,0,0,60.957
706,0,0,0.000,0.000,2,0,0,0,59.056
707,0,0,0.000,0.000,2,0,0,0,62.285
708,0,0,0.000,0.000,2,0,0,0,62.301
709,0,0,0.000,0.000,2,0,0,0,61.785
710,0,0,0.000,0.000,2,0,0,0,61.067
711,0,0,0.000,0.000,2,0,0,0,60.332
712,0,0,0.000,0.000,2,0,0,0,61.439
713,0,0,0.000,0.000,2,0,0,0,61.995
714,0,0,0.000,0.000,2,0,0,0,63.026
715,0,0,0.000,0.000,2,0,0,0,60.188
716,0,0,0.000,0.000,2,0,0,0,59.528
717,0,0,0.000,0.000,2,0,0,0,65.497
718,0,0,0.000,0.000,2,0,0,0,61.661
719,0,0,0.000,0.000,2,0,0,0,60.133
720,0,1,93.969,96.958,2,0,0,0,63.744
721,0,0,0.000,0.000,2,0,0,0,61.264
722,0,0,0.000,0.000,2,0,0,0,60.231
723,0,0,0.000,0.000,2,0,0,0,60.340
724,0,0,0.000,0.000,2,0,0,0,61.548
725,0,0,0.000,0.000,2,0,0,0,62.281
726,0,0,0.000,0.000,2,0,0,0,61.018
727,0,0,0.000,0.000,2,0,0,0,61.849
728,0,0,0.000,0.000,2,0,0,0,65.406
729,0,0,0.000,0.000,2,0,0,0,63.818
730,0,0,0.000,0.000,2,0,0,0,61.796
731,0,0,0.000,0.000,2,0,0,0,60.903
732,0,0,0.000,0.000,2,0,0,0,59.163
733,0,0,0.000,0.000,2,0,0,0,57.312
734,0,0,0.000,0.000,2,0,0,0,170.704
735,0,0,0.000,0.000,2,0,0,0,56.221
736,0,0,0.000,0.000,2,0,0,0,58.281
737,0,0,0.000,0.000,2,0,0,0,56.373
738,0,0,0.000,0.000,2,0,0,0,58.546
739,0,0,0.000,0.000,2,0,0,0,59.042
740,0,1,93.673,97.260,2,0,0,0,58.935
741,0,0,0.000,0.000,2,0,0,0,170.699
742,0,0,0.000,0.000,2,0,0,0,59.485
743,0,0,0.000,0.000,2,0,0,0,59.372
744,0,0,0.000,0.000,2,0,0,0,60.774
745,0,0,0.000,0.000,2,0,0,0,57.802
746,0,0,0.000,0.000,2,0,0,0,58.397
747,0,0,0.000,0.000,2,0,0,0,61.537
748,0,0,0.000,0.000,2,0,0,0,59.520
749,0,0,0.000,0.000,2,0,0,0,60.429
750,0,0,0.000,0.000,2,0,0,0,58.917
751,0,0,0.000,0.000,2,0,0,0,58.942
752,0,0,0.000,0.000,2,0,0,0,63.773
753,0,0,0.000,0.000,2,0,0,0,59.373
754,0,0,0.000,0.000,2,0,0,0,58.127
755,0,0,0.000,0.000,2,0,0,0,63.242
756,0,0,0.000,0.000,2,0,0,0,60.113
757,0,0,0.000,0.000,2,0,0,0,177.209
758,0,0,0.000,0.000,2,0,0,0,58.854
759,0,0,0.000,0.000,2,0,0,0,57.791
760,0,1,93.005,96.724,2,0,0,0,55.944
761,0,0,0.000,0.000,2,0,0,0,57.071
762,0,0,0.000,0.000,2,0,0,0,55.259
763,0,0,0.000,0.000,2,0,0,0,55.196
764,0,0,0.000,0.000,2,0,0,0,55.531
765,0,0,0.000,0.000,2,0,0,0,55.997
766,0,0,0.000,0.000,2,0,0,0,57.998
767,0,0,0.000,0.000,2,0,0,0,58.289
768,0,0,0.000,0.000,2,0,0,0,56.125
769,0,0,0.000,0.000,2,0,0,0,56.270
770,0,0,0.000,0.000,2,0,0,0,56.052
771,0,0,0.000,0.000,2,0,0,0,58.056
772,0,0,0.000,0.000,2,0,0,0,61.488
773,0,0,0.000,0.000,2,0,0,0,60.511
774,0,0,0.000,0.000,2,0,0,0,59.007
775,0,0,0.000,0.000,2,0,0,0,58.020
776,0,0,0.000,0.000,2,0,0,0,60.006
777,0,0,0.000,0.000,2,0,0,0,57.761
778,0,0,0.000,0.000,2,0,0,0,60.503
779,0,0,0.000,0.000,2,0,0,0,58.407
780,0,1,92.957,96.815,2,0,0,0,55.344
781,0,0,0.000,0.000,2,0,0,0,56.440
782,0,0,0.000,0.000,2,0,0,0,58.625
783,0,0,0.000,0.000,2,0,0,0,56.670
784,0,0,0.000,0.000,2,0,0,0,55.032
785,0,0,0.000,0.000,2,0,0,0,57.727
786,0,0,0.000,0.000,2,0,0,0,59.545
787,0,0,0.000,0.000,2,0,0,0,58.985
788,0,0,0.000,0.000,2,0,0,0,61.026
789,0,0,0.000,0.000,2,0,0,0,58.048
790,0,0,0.000,0.000,2,0,0,0,55.435
791,0,0,0.000,0.000,2,0,0,0,54.433
792,0,0,0.000,0.000,2,0,0,0,58.465
793,0,0,0.000,0.000,2,0,0,0,56.562
794,0,0,0.000,0.000,2,0,0,0,58.560
795,0,0,0.000,0.000,2,0,0,0,56.655
796,0,0,0.000,0.000,2,0,0,0,55.306
797,0,0,0.000,0.000,2,0,0,0,57.751
798,0,0,0.000,0.000,2,0,0,0,57.903
799,0,0,0.000,0.000,2,0,0,0,57.884
800,0,1,93.925,97.475,3,0,0,0,56.773
801,0,0,0.000,0.000,3,0,0,0,57.805
802,0,0,0.000,0.000,3,0,0,0,57.550
803,0,0,0.000,0.000,3,0,0,0,55.639
804,0,0,0.000,0.000,3,0,0,0,56.790
805,0,0,0.000,0.000,3,0,0,0,57.199
806,0,0,0.000,0.000,3,0,0,0,57.565
807,0,0,0.000,0.000,3,0,0,0,58.300
808,0,0,0.000,0.000,3,0,0,0,57.944
809,0,0,0.000,0.000,3,0,0,0,58.089
810,0,0,0.000,0.000,3,0,0,0,58.560
811,0,0,0.000,0.000,3,0,0,0,56.250
812,0,0,0.000,0.000,3,0,0,0,56.030
813,0,0,0.000,0.000,3,0,0,0,57.464
814,0,0,0.000,0.000,3,0,0,0,56.947
815,0,0,0.000,0.000,3,0,0,0,56.460
816,0,0,0.000,0.000,3,0,0,0,60.897
817,0,0,0.000,0.000,3,0,0,0,58.614
818,0,0,0.000,0.000,3,0,0,0,59.835
819,0,0,0.000,0.000,3,0,0,0,58.554
820,0,1,96.096,99.032,3,0,0,0,57.044
821,0,0,0.000,0.000,3,0,0,0,58.013
822,0,0,0.000,0.000,3,0,0,0,57.844
823,0,0,0.000,0.000,3,0,0,0,53.866
824,0,0,0.000,0.000,3,0,0,0,57.026
825,0,0,0.000,0.000,3,0,0,0,55.851
826,0,0,0.000,0.000,3,0,0,0,57.518
827,0,0,0.000,0.000,3,0,0,0,57.273
828,0,0,0.000,0.000,3,0,0,0,59.202
829,0,0,0.000,0.000,3,0,0,0,55.930
830,0,0,0.000,0.000,3,0,0,0,57.606
831,0,0,0.000,0.000,3,0,0,0,57.838
832,0,0,0.000,0.000,3,0,0,0,55.569
833,0,0,0.000,0.000,3,0,0,0,54.332
834,0,0,0.000,0.000,3,0,0,0,58.023
835,0,0,0.000,0.000,3,0,0,0,55.317
836,0,0,0.000,0.000,3,0,0,0,57.024
837,0,0,0.000,0.000,3,0,0,0,53.818
838,0,0,0.000,0.000,3,0,0,0,58.614
839,0,0,0.000,0.000,3,0,0,0,57.493
840,0,1,92.986,96.692,3,0,0,0,60.196
841,0,0,0.000,0.000,3,0,0,0,56.405
842,0,0,0.000,0.000,3,0,0,0,58.259
843,0,0,0.000,0.000,3,0,0,0,57.825
844,0,0,0.000,0.000,3,0,0,0,58.881
845,0,0,0.000,0.000,3,0,0,0,54.367
846,0,0,0.000,0.000,3,0,0,0,54.816
847,0,0,0.000,0.000,3,0,0,0,59.266
848,0,0,0.000,0.000,3,0,0,0,57.765
849,0,0,0.000,0.000,3,0,0,0,55.328
850,0,0,0.000,0.000,3,0,0,0,59.145
851,0,0,0.000,0.000,3,0,0,0,60.162
852,0,0,0.000,0.000,3,0,0,0,55.606
853,0,0,0.000,0.000,3,0,0,0,55.654
854,0,0,0.000,0.000,3,0,0,0,56.853
855,0,0,0.000,0.000,3,0,0,0,56.645
856,0,0,0.000,0.000,3,0,0,0,61.406
857,0,0,0.000,0.000,3,0,0,0,55.922
858,0,0,0.000,0.000,3,0,0,0,57.490
859,0,0,0.000,0.000,3,0,0,0,58.675
860,0,1,96.122,98.903,3,0,0,0,59.072
861,0,0,0.000,0.000,3,0,0,0,60.152
862,0,0,0.000,0.000,3,0,0,0,54.402
863,0,0,0.000,0.000,3,0,0,0,56.631
864,0,0,0.000,0.000,3,0,0,0,57.823
865,0,0,0.000,0.000,3,0,0,0,56.239
866,0,0,0.000,0.000,3,0,0,0,55.466
867,0,0,0.000,0.000,3,0,0,0,54.487
868,0,0,0.000,0.000,3,0,0,0,55.207
869,0,0,0.000,0.000,3,0,0,0,57.887
870,0,0,0.000,0.000,3,0,0,0,57.912
871,0,0,0.000,0.000,3,0,0,0,57.823
872,0,0,0.000,0.000,3,0,0,0,59.431
873,0,0,0.000,0.000,3,0,0,0,58.744
874,0,0,0.000,0.000,3,0,0,0,55.139
875,0,0,0.000,0.000,3,0,0,0,55.013
876,0,0,0.000,0.000,3,0,0,0,56.846
877,0,0,0.000,0.000,3,0,0,0,55.901
878,0,0,0.000,0.000,3,0,0,0,57.912
879,0,0,0.000,0.000,3,0,0,0,57.422
880,0,1,93.002,96.219,3,0,0,0,57.573
881,0,0,0.000,0.000,3,0,0,0,57.408
882,0,0,0.000,0.000,3,0,0,0,55.515
883,0,0,0.000,0.000,3,0,0,0,57.007
884,0,0,0.000,0.000,3,0,0,0,59.064
885,0,0,0.000,0.000,3,0,0,0,56.541
886,0,0,0.000,0.000,3,0,0,0,55.138
887,0,0,0.000,0.000,3,0,0,0,56.686
888,0,0,0.000,0.000,3,0,0,0,59.503
889,0,0,0.000,0.000,3,0,0,0,57.756
890,0,0,0.000,0.000,3,0,0,0,55.978
891,0,0,0.000,0.000,3,0,0,0,58.403
892,0,0,0.000,0.000,3,0,0,0,57.758
893,0,0,0.000,0.000,3,0,0,0,56.087
894,0,0,0.000,0.000,3,0,0,0,58.616
895,0,0,0.000,0.000,3,0,0,0,59.795
896,0,0,0.000,0.000,3,0,0,0,55.260
897,0,0,0.000,0.000,3,0,0,0,56.385
898,0,0,0.000,0.000,3,0,0,0,56.635
899,0,0,0.000,0.000,3,0,0,0,56.332
900,0,1,92.973,96.243,3,0,0,0,55.152
901,0,0,0.000,0.000,3,0,0,0,53.824
902,0,0,0.000,0.000,3,0,0,0,52.646
903,0,0,0.000,0.000,3,0,0,0,51.948
904,0,0,0.000,0.000,3,0,0,0,59.290
905,0,0,0.000,0.000,3,0,0,0,58.071
906,0,0,0.000,0.000,3,0,0,0,58.183
907,0,0,0.000,0.000,3,0,0,0,58.458
908,0,0,0.000,0.000,3,0,0,0,55.749
909,0,0,0.000,0.000,3,0,0,0,55.687
910,0,0,0.000,0.000,3,0,0,0,57.811
911,0,0,0.000,0.000,3,0,0,0,58.141
912,0,0,0.000,0.000,3,0,0,0,57.279
913,0,0,0.000,0.000,3,0,0,0,56.446
914,0,0,0.000,0.000,3,0,0,0,58.422
915,0,0,0.000,0.000,3,0,0,0,55.625
916,0,0,0.000,0.000,3,0,0,0,57.916
917,0,0,0.000,0.000,3,0,0,0,57.957
918,0,0,0.000,0.000,3,0,0,0,58.035
919,0,0,0.000,0.000,3,0,0,0,55.612
920,0,1,94.342,98.198,3,0,0,0,57.258
921,0,0,0.000,0.000,3,0,0,0,61.245
922,0,0,0.000,0.000,3,0,0,0,55.657
923,0,0,0.000,0.000,3,0,0,0,56.395
924,0,0,0.000,0.000,3,0,0,0,56.000
925,0,0,0.000,0.000,3,0,0,0,54.231
926,0,0,0.000,0.000,3,0,0,0,58.366
927,0,0,0.000,0.000,3,0,0,0,59.307
928,0,0,0.000,0.000,3,0,0,0,52.629
929,0,0,0.000,0.000,3,0,0,0,56.085
930,0,0,0.000,0.000,3,0,0,0,60.106
931,0,0,0.000,0.000,3,0,0,0,60.070
932,0,0,0.000,0.000,3,0,0,0,56.685
933,0,0,0.000,0.000,3,0,0,0,60.266
934,0,0,0.000,0.000,3,0,0,0,59.529
935,0,0,0.000,0.000,3,0,0,0,57.558
936,0,0,0.000,0.000,3,0,0,0,57.840
937,0,0,0.000,0.000,3,0,0,0,57.772
938,0,0,0.000,0.000,3,0,0,0,55.099
939,0,0,0.000,0.000,3,0,0,0,56.003
940,0,1,94.381,98.420,3,0,0,0,55.708
941,0,0,0.000,0.000,3,0,0,0,58.059
942,0,0,0.000,0.000,3,0,0,0,55.717
943,0,0,0.000,0.000,3,0,0,0,55.738
944,0,0,0.000,0.000,3,0,0,0,57.412
945,0,0,0.000,0.000,3,0,0,0,55.078
946,0,0,0.000,0.000,3,0,0,0,55.908
947,0,0,0.000,0.000,3,0,0,0,57.111
948,0,0,0.000,0.000,3,0,0,0,56.194
949,0,0,0.000,0.000,3,0,0,0,54.933
950,0,0,0.000,0.000,3,0,0,0,56.432
951,0,0,0.000,0.000,3,0,0,0,57.828
952,0,0,0.000,0.000,3,0,0,0,57.333
953,0,0,0.000,0.000,3,0,0,0,58.528
954,0,0,0.000,0.000,3,0,0,0,60.767
955,0,0,0.000,0.000,3,0,0,0,61.753
956,0,0,0.000,0.000,3,0,0,0,61.048
957,0,0,0.000,0.000,3,0,0,0,60.221
958,0,0,0.000,0.000,3,0,0,0,59.378
959,0,0,0.000,0.000,3,0,0,0,60.320
960,0,1,94.038,97.396,3,0,0,0,60.615
961,0,0,0.000,0.000,3,0,0,0,60.615
962,0,0,0.000,0.000,3,0,0,0,57.928
963,0,0,0.000,0.000,3,0,0,0,58.935
964,0,0,0.000,0.000,3,0,0,0,60.947
965,0,0,0.000,0.000,3,0,0,0,57.421
966,0,0,0.000,0.000,3,0,0,0,59.298
967,0,0,0.000,0.000,3,0,0,0,56.505
968,0,0,0.000,0.000,3,0,0,0,57.117
969,0,0,0.000,0.000,3,0,0,0,59.719
970,0,0,0.000,0.000,3,0,0,0,57.725
971,0,0,0.000,0.000,3,0,0,0,59.157
972,0,0,0.000,0.000,3,0,0,0,58.536
973,0,0,0.000,0.000,3,0,0,0,59.214
974,0,0,0.000,0.000,3,0,0,0,59.317
975,0,0,0.000,0.000,3,0,0,0,61.027
976,0,0,0.000,0.000,3,0,0,0,59.602
977,0,0,0.000,0.000,3,0,0,0,61.695
978,0,0,0.000,0.000,3,0,0,0,59.512
979,0,0,0.000,0.000,3,0,0,0,59.151
980,0,1,92.874,95.561,3,0,0,0,58.760
981,0,0,0.000,0.000,3,0,0,0,61.362
982,0,0,0.000,0.000,3,0,0,0,59.241
983,0,0,0.000,0.000,3,0,0,0,58.756
984,0,0,0.000,0.000,3,0,0,0,58.774
985,0,0,0.000,0.000,3,0,0,0,58.503
986,0,0,0.000,0.000,3,0,0,0,59.444
987,0,0,0.000,0.000,3,0,0,0,58.389
988,0,0,0.000,0.000,3,0,0,0,60.242
989,0,0,0.000,0.000,3,0,0,0,59.170
990,0,0,0.000,0.000,3,0,0,0,61.092
991,0,0,0.000,0.000,3,0,0,0,60.615
992,0,0,0.000,0.000,3,0,0,0,58.858
993,0,0,0.000,0.000,3,0,0,0,59.642
994,0,0,0.000,0.000,3,0,0,0,59.939
995,0,0,0.000,0.000,3,0,0,0,58.961
996,0,0,0.000,0.000,3,0,0,0,59.528
997,0,0,0.000,0.000,3,0,0,0,60.367
998,0,0,0.000,0.000,3,0,0,0,58.110
999,0,0,0.000,0.000,3,0,0,0,60.232
1000,0,1,94.533,96.234,3,0,0,0,61.778
1001,0,0,0.000,0.000,3,0,0,0,61.289
1002,0,0,0.000,0.000,3,0,0,0,60.785
1003,0,0,0.000,0.000,3,0,0,0,58.545
1004,0,0,0.000,0.000,3,0,0,0,59.809
1005,0,0,0.000,0.000,3,0,0,0,58.017
1006,0,0,0.000,0.000,3,0,0,0,53.095
1007,0,0,0.000,0.000,3,0,0,0,54.857
1008,0,0,0.000,0.000,3,0,0,0,55.172
1009,0,0,0.000,0.000,3,0,0,0,57.649
1010,0,0,0.000,0.000,3,0,0,0,57.745
1011,0,0,0.000,0.000,3,0,0,0,57.790
1012,0,0,0.000,0.000,3,0,0,0,56.353
1013,0,0,0.000,0.000,3,0,0,0,59.114
1014,0,0,0.000,0.000,3,0,0,0,58.335
1015,0,0,0.000,0.000,3,0,0,0,55.183
1016,0,0,0.000,0.000,3,0,0,0,55.655
1017,0,0,0.000,0.000,3,0,0,0,58.450
1018,0,0,0.000,0.000,3,0,0,0,58.652
1019,0,0,0.000,0.000,3,0,0,0,57.096
1020,0,1,93.064,96.018,3,0,0,0,58.389
1021,0,0,0.000,0.000,3,0,0,0,63.762
1022,0,0,0.000,0.000,3,0,0,0,57.847
1023,0,0,0.000,0.000,3,0,0,0,55.049
1024,0,0,0.000,0.000,3,0,0,0,56.634
1025,0,0,0.000,0.000,3,0,0,0,59.843
1026,0,0,0.000,0.000,3,0,0,0,59.248
1027,0,0,0.000,0.000,3,0,0,0,59.108
1028,0,0,0.000,0.000,3,0,0,0,58.083
1029,0,0,0.000,0.000,3,0,0,0,59.598
1030,0,0,0.000,0.000,3,0,0,0,59.047
1031,0,0,0.000,0.000,3,0,0,0,58.026
1032,0,0,0.000,0.000,3,0,0,0,58.594
1033,0,0,0.000,0.000,3,0,0,0,56.966
1034,0,0,0.000,0.000,3,0,0,0,55.787
1035,0,0,0.000,0.000,3,0,0,0,56.768
1036,0,0,0.000,0.000,3,0,0,0,59.297
1037,0,0,0.000,0.000,3,0,0,0,58.385
1038,0,0,0.000,0.000,3,0,0,0,58.502
1039,0,0,0.000,0.000,3,0,0,0,57.905
1040,0,1,97.730,101.361,3,0,0,0,58.506
1041,0,0,0.000,0.000,3,0,0,0,60.290
1042,0,0,0.000,0.000,3,0,0,0,57.892
1043,0,0,0.000,0.000,3,0,0,0,53.240
1044,0,0,0.000,0.000,3,0,0,0,55.591
1045,0,0,0.000,0.000,3,0,0,0,56.009
1046,0,0,0.000,0.000,3,0,0,0,55.510
1047,0,0,0.000,0.000,3,0,0,0,54.140
1048,0,0,0.000,0.000,3,0,0,0,57.687
1049,0,0,0.000,0.000,3,0,0,0,57.106
1050,0,0,0.000,0.000,3,0,0,0,55.101
1051,0,0,0.000,0.000,3,0,0,0,58.637
1052,0,0,0.000,0.000,3,0,0,0,60.968
1053,0,0,0.000,0.000,3,0,0,0,58.530
1054,0,0,0.000,0.000,3,0,0,0,59.417
1055,0,0,0.000,0.000,3,0,0,0,56.763
1056,0,0,0.000,0.000,3,0,0,0,57.762
1057,0,0,0.000,0.000,3,0,0,0,60.805
1058,0,0,0.000,0.000,3,0,0,0,59.637
1059,0,0,0.000,0.000,3,0,0,0,59.515
1060,0,1,95.000,97.874,3,0,0,0,58.840
1061,0,0,0.000,0.000,3,0,0,0,57.336
1062,0,0,0.000,0.000,3,0,0,0,58.093
1063,0,0,0.000,0.000,3,0,0,0,56.734
1064,0,0,0.000,0.000,3,0,0,0,58.300
1065,0,0,0.000,0.000,3,0,0,0,57.761
1066,0,0,0.000,0.000,3,0,0,0,58.765
1067,0,0,0.000,0.000,3,0,0,0,57.096
1068,0,0,0.000,0.000,3,0,0,0,59.829
1069,0,0,0.000,0.000,3,0,0,0,56.172
1070,0,0,0.000,0.000,3,0,0,0,55.914
1071,0,0,0.000,0.000,3,0,0,0,57.691
1072,0,0,0.000,0.000,3,0,0,0,57.336
1073,0,0,0.000,0.000,3,0,0,0,58.239
1074,0,0,0.000,0.000,3,0,0,0,56.209
1075,0,0,0.000,0.000,3,0,0,0,53.909
1076,0,0,0.000,0.000,3,0,0,0,53.664
1077,0,0,0.000,0.000,3,0,0,0,56.511
1078,0,0,0.000,0.000,3,0,0,0,61.937
1079,0,0,0.000,0.000,3,0,0,0,57.770
1080,0,1,96.435,101.123,3,0,0,0,54.233
1081,0,0,0.000,0.000,3,0,0,0,57.738
1082,0,0,0.000,0.000,3,0,0,0,58.450
1083,0,0,0.000,0.000,3,0,0,0,56.651
1084,0,0,0.000,0.000,3,0,0,0,58.367
1085,0,0,0.000,0.000,3,0,0,0,55.710
1086,0,0,0.000,0.000,3,0,0,0,54.525
1087,0,0,0.000,0.000,3,0,0,0,55.745
1088,0,0,0.000,0.000,3,0,0,0,55.356
1089,0,0,0.000,0.000,3,0,0,0,57.585
1090,0,0,0.000,0.000,3,0,0,0,57.234
1091,0,0,0.000,0.000,3,0,0,0,54.252
1092,0,0,0.000,0.000,3,0,0,0,57.615
1093,0,0,0.000,0.000,3,0,0,0,56.059
1094,0,0,0.000,0.000,3,0,0,0,57.031
1095,0,0,0.000,0.000,3,0,0,0,57.552
1096,0,0,0.000,0.000,3,0,0,0,56.389
1097,0,0,0.000,0.000,3,0,0,0,57.732
1098,0,0,0.000,0.000,3,0,0,0,55.389
1099,0,0,0.000,0.000,3,0,0,0,57.137
1100,0,1,94.883,99.195,3,0,0,0,57.503
1101,0,0,0.000,0.000,3,0,0,0,58.495
1102,0,0,0.000,0.000,3,0,0,0,55.619
1103,0,0,0.000,0.000,3,0,0,0,54.730
1104,0,0,0.000,0.000,3,0,0,0,55.520
1105,0,0,0.000,0.000,3,0,0,0,55.306
1106,0,0,0.000,0.000,3,0,0,0,57.540
1107,0,0,0.000,0.000,3,0,0,0,55.044
1108,0,0,0.000,0.000,3,0,0,0,57.329
1109,0,0,0.000,0.000,3,0,0,0,56.294
1110,0,0,0.000,0.000,3,0,0,0,56.524
1111,0,0,0.000,0.000,3,0,0,0,55.310
1112,0,0,0.000,0.000,3,0,0,0,56.999
1113,0,0,0.000,0.000,3,0,0,0,55.603
1114,0,0,0.000,0.000,3,0,0,0,57.677
1115,0,0,0.000,0.000,3,0,0,0,57.643
1116,0,0,0.000,0.000,3,0,0,0,55.896
1117,0,0,0.000,0.000,3,0,0,0,57.088
1118,0,0,0.000,0.000,3,0,0,0,56.519
1119,0,0,0.000,0.000,3,0,0,0,59.273
1120,0,1,96.091,100.916,3,0,0,0,57.421
1121,0,0,0.000,0.000,3,0,0,0,58.440
1122,0,0,0.000,0.000,3,0,0,0,55.296
1123,0,0,0.000,0.000,3,0,0,0,55.084
1124,0,0,0.000,0.000,3,0,0,0,55.475
1125,0,0,0.000,0.000,3,0,0,0,59.063
1126,0,0,0.000,0.000,3,0,0,0,58.407
1127,0,0,0.000,0.000,3,0,0,0,58.354
1128,0,0,0.000,0.000,3,0,0,0,58.868
1129,0,0,0.000,0.000,3,0,0,0,59.815
1130,0,0,0.000,0.000,3,0,0,0,57.990
1131,0,0,0.000,0.000,3,0,0,0,60.349
1132,0,0,0.000,0.000,3,0,0,0,57.330
1133,0,0,0.000,0.000,3,0,0,0,57.421
1134,0,0,0.000,0.000,3,0,0,0,57.040
1135,0,0,0.000,0.000,3,0,0,0,58.379
1136,0,0,0.000,0.000,3,0,0,0,57.594
1137,0,0,0.000,0.000,3,0,0,0,59.841
1138,0,0,0.000,0.000,3,0,0,0,57.737
1139,0,0,0.000,0.000,3,0,0,0,58.739
1140,0,1,94.521,98.652,3,0,0,0,56.302
1141,0,0,0.000,0.000,3,0,0,0,56.148
1142,0,0,0.000,0.000,3,0,0,0,58.137
1143,0,0,0.000,0.000,3,0,0,0,56.956
1144,0,0,0.000,0.000,3,0,0,0,59.753
1145,0,0,0.000,0.000,3,0,0,0,57.786
1146,0,0,0.000,0.000,3,0,0,0,58.651
1147,0,0,0.000,0.000,3,0,0,0,58.931
1148,0,0,0.000,0.000,3,0,0,0,58.384
1149,0,0,0.000,0.000,3,0,0,0,55.509
1150,0,0,0.000,0.000,3,0,0,0,56.200
1151,0,0,0.000,0.000,3,0,0,0,57.611
1152,0,0,0.000,0.000,3,0,0,0,58.999
1153,0,0,0.000,0.000,3,0,0,0,56.560
1154,0,0,0.000,0.000,3,0,0,0,57.667
1155,0,0,0.000,0.000,3,0,0,0,56.990
1156,0,0,0.000,0.000,3,0,0,0,55.412
1157,0,0,0.000,0.000,3,0,0,0,53.547
1158,0,0,0.000,0.000,3,0,0,0,56.928
1159,0,0,0.000,0.000,3,0,0,0,56.035
1160,0,1,98.389,102.558,3,0,0,0,56.791
1161,0,0,0.000,0.000,3,0,0,0,58.430
1162,0,0,0.000,0.000,3,0,0,0,57.570
1163,0,0,0.000,0.000,3,0,0,0,54.732
1164,0,0,0.000,0.000,3,0,0,0,56.692
1165,0,0,0.000,0.000,3,0,0,0,56.407
1166,0,0,0.000,0.000,3,0,0,0,56.316
1167,0,0,0.000,0.000,3,0,0,0,57.955
1168,0,0,0.000,0.000,3,0,0,0,58.297
1169,0,0,0.000,0.000,3,0,0,0,57.237
1170,0,0,0.000,0.000,3,0,0,0,60.533
1171,0,0,0.000,0.000,3,0,0,0,58.031
1172,0,0,0.000,0.000,3,0,0,0,68.871
1173,0,0,0.000,0.000,3,0,0,0,57.182
1174,0,0,0.000,0.000,3,0,0,0,55.658
1175,0,0,0.000,0.000,3,0,0,0,59.549
1176,0,0,0.000,0.000,3,0,0,0,58.061
1177,0,0,0.000,0.000,3,0,0,0,55.761
1178,0,0,0.000,0.000,3,0,0,0,56.475
1179,0,0,0.000,0.000,3,0,0,0,66.452
1180,0,1,95.599,99.698,3,0,0,0,60.052
1181,0,0,0.000,0.000,3,0,0,0,57.159
1182,0,0,0.000,0.000,3,0,0,0,58.430
1183,0,0,0.000,0.000,3,0,0,0,55.581
1184,0,0,0.000,0.000,3,0,0,0,59.239
1185,0,0,0.000,0.000,3,0,0,0,57.396
1186,0,0,0.000,0.000,3,0,0,0,58.488
1187,0,0,0.000,0.000,3,0,0,0,59.862
1188,0,0,0.000,0.000,3,0,0,0,59.213
1189,0,0,0.000,0.000,3,0,0,0,59.118
1190,0,0,0.000,0.000,3,0,0,0,56.739
1191,0,0,0.000,0.000,3,0,0,0,57.648
1192,0,0,0.000,0.000,3,0,0,0,56.677
1193,0,0,0.000,0.000,3,0,0,0,58.573
1194,0,0,0.000,0.000,3,0,0,0,58.517
1195,0,0,0.000,0.000,3,0,0,0,57.503
1196,0,0,0.000,0.000,3,0,0,0,57.746
1197,0,0,0.000,0.000,3,0,0,0,56.315
1198,0,0,0.000,0.000,3,0,0,0,57.842
1199,0,0,0.000,0.000,3,0,0,0,56.792
1200,0,1,92.927,96.742,3,0,0,0,57.106
1201,0,0,0.000,0.000,3,0,0,0,59.271
1202,0,0,0.000,0.000,3,0,0,0,60.157
1203,0,0,0.000,0.000,3,0,0,0,53.959
1204,0,0,0.000,0.000,3,0,0,0,55.138
1205,0,0,0.000,0.000,3,0,0,0,55.171
1206,0,0,0.000,0.000,3,0,0,0,57.903
1207,0,0,0.000,0.000,3,0,0,0,58.084
1208,0,0,0.000,0.000,3,0,0,0,57.788
1209,0,0,0.000,0.000,3,0,0,0,56.834
1210,0,0,0.000,0.000,3,0,0,0,57.424
1211,0,0,0.000,0.000,3,0,0,0,58.240
1212,0,0,0.000,0.000,3,0,0,0,59.485
1213,0,0,0.000,0.000,3,0,0,0,58.281
1214,0,0,0.000,0.000,3,0,0,0,59.994
1215,0,0,0.000,0.000,3,0,0,0,55.675
1216,0,0,0.000,0.000,3,0,0,0,54.719
1217,0,0,0.000,0.000,3,0,0,0,57.505
1218,0,0,0.000,0.000,3,0,0,0,55.504
1219,0,0,0.000,0.000,3,0,0,0,57.152
1220,0,1,95.416,100.005,3,0,0,0,57.146
1221,0,0,0.000,0.000,3,0,0,0,56.592
1222,0,0,0.000,0.000,3,0,0,0,59.736
1223,0,0,0.000,0.000,3,0,0,0,55.582
1224,0,0,0.000,0.000,3,0,0,0,60.150
1225,0,0,0.000,0.000,3,0,0,0,56.218
1226,0,0,0.000,0.000,3,0,0,0,56.770
1227,0,0,0.000,0.000,3,0,0,0,60.734
1228,0,0,0.000,0.000,3,0,0,0,56.312
1229,0,0,0.000,0.000,3,0,0,0,59.087
1230,0,0,0.000,0.000,3,0,0,0,55.501
1231,0,0,0.000,0.000,3,0,0,0,57.619
1232,0,0,0.000,0.000,3,0,0,0,56.806
1233,0,0,0.000,0.000,3,0,0,0,54.074
1234,0,0,0.000,0.000,3,0,0,0,57.319
1235,0,0,0.000,0.000,3,0,0,0,57.940
1236,0,0,0.000,0.000,3,0,0,0,56.755
1237,0,0,0.000,0.000,3,0,0,0,58.711
1238,0,0,0.000,0.000,3,0,0,0,57.261
1239,0,0,0.000,0.000,3,0,0,0,58.396
1240,0,1,95.172,99.534,3,0,0,0,59.677
1241,0,0,0.000,0.000,3,0,0,0,60.177
1242,0,0,0.000,0.000,3,0,0,0,56.375
1243,0,0,0.000,0.000,3,0,0,0,56.052
1244,0,0,0.000,0.000,3,0,0,0,55.797
1245,0,0,0.000,0.000,3,0,0,0,56.338
1246,0,0,0.000,0.000,3,0,0,0,56.916
1247,0,0,0.000,0.000,3,0,0,0,60.329
1248,0,0,0.000,0.000,3,0,0,0,56.576
1249,0,0,0.000,0.000,3,0,0,0,59.003
1250,0,0,0.000,0.000,3,0,0,0,58.157
1251,0,0,0.000,0.000,3,0,0,0,57.697
1252,0,0,0.000,0.000,3,0,0,0,56.730
1253,0,0,0.000,0.000,3,0,0,0,58.824
1254,0,0,0.000,0.000,3,0,0,0,59.682
1255,0,0,0.000,0.000,3,0,0,0,58.606
1256,0,0,0.000,0.000,3,0,0,0,58.762
1257,0,0,0.000,0.000,3,0,0,0,56.965
1258,0,0,0.000,0.000,3,0,0,0,56.465
1259,0,0,0.000,0.000,3,0,0,0,54.791
1260,0,1,101.929,106.813,3,0,0,0,57.768
1261,0,0,0.000,0.000,3,0,0,0,58.672
1262,0,0,0.000,0.000,3,0,0,0,57.371
1263,0,0,0.000,0.000,3,0,0,0,54.374
1264,0,0,0.000,0.000,3,0,0,0,59.551
1265,0,0,0.000,0.000,3,0,0,0,56.880
1266,0,0,0.000,0.000,3,0,0,0,59.026
1267,0,0,0.000,0.000,3,0,0,0,58.229
1268,0,0,0.000,0.000,3,0,0,0,60.151
1269,0,0,0.000,0.000,3,0,0,0,59.010
1270,0,0,0.000,0.000,3,0,0,0,60.845
1271,0,0,0.000,0.000,3,0,0,0,60.528
1272,0,0,0.000,0.000,3,0,0,0,57.844
1273,0,0,0.000,0.000,3,0,0,0,63.252
1274,0,0,0.000,0.000,3,0,0,0,62.890
1275,0,0,0.000,0.000,3,0,0,0,60.725
1276,0,0,0.000,0.000,3,0,0,0,56.908
1277,0,0,0.000,0.000,3,0,0,0,58.937
1278,0,0,0.000,0.000,3,0,0,0,56.603
1279,0,0,0.000,0.000,3,0,0,0,59.293
1280,0,1,95.370,99.735,3,0,0,0,60.785
1281,0,0,0.000,0.000,3,0,0,0,60.315
1282,0,0,0.000,0.000,3,0,0,0,59.185
1283,0,0,0.000,0.000,3,0,0,0,57.658
1284,0,0,0.000,0.000,3,0,0,0,53.411
1285,0,0,0.000,0.000,3,0,0,0,57.325
1286,0,0,0.000,0.000,3,0,0,0,57.430
1287,0,0,0.000,0.000,3,0,0,0,57.474
1288,0,0,0.000,0.000,3,0,0,0,57.040
1289,0,0,0.000,0.000,3,0,0,0,56.199
1290,0,0,0.000,0.000,3,0,0,0,55.370
1291,0,0,0.000,0.000,3,0,0,0,60.133
1292,0,0,0.000,0.000,3,0,0,0,58.976
1293,0,0,0.000,0.000,3,0,0,0,58.463
1294,0,0,0.000,0.000,3,0,0,0,56.183
1295,0,0,0.000,0.000,3,0,0,0,56.911
1296,0,0,0.000,0.000,3,0,0,0,57.126
1297,0,0,0.000,0.000,3,0,0,0,58.513
1298,0,0,0.000,0.000,3,0,0,0,58.125
1299,0,0,0.000,0.000,3,0,0,0,58.720
1300,0,1,95.869,99.696,3,0,0,0,60.007
1301,0,0,0.000,0.000,3,0,0,0,56.915
1302,0,0,0.000,0.000,3,0,0,0,58.052
1303,0,0,0.000,0.000,3,0,0,0,58.017
1304,0,0,0.000,0.000,3,0,0,0,56.952
1305,0,0,0.000,0.000,3,0,0,0,56.756
1306,0,0,0.000,0.000,3,0,0,0,56.339
1307,0,0,0.000,0.000,3,0,0,0,57.108
1308,0,0,0.000,0.000,3,0,0,0,61.017
1309,0,0,0.000,0.000,3,0,0,0,58.001
1310,0,0,0.000,0.000,3,0,0,0,58.021
1311,0,0,0.000,0.000,3,0,0,0,57.087
1312,0,0,0.000,0.000,3,0,0,0,54.899
1313,0,0,0.000,0.000,3,0,0,0,58.065
1314,0,0,0.000,0.000,3,0,0,0,57.097
1315,0,0,0.000,0.000,3,0,0,0,59.628
1316,0,0,0.000,0.000,3,0,0,0,61.123
1317,0,0,0.000,0.000,3,0,0,0,57.424
1318,0,0,0.000,0.000,3,0,0,0,57.287
1319,0,0,0.000,0.000,3,0,0,0,58.595
1320,0,1,96.615,100.496,3,0,0,0,58.197
1321,0,0,0.000,0.000,3,0,0,0,56.905
1322,0,0,0.000,0.000,3,0,0,0,56.206
1323,0,0,0.000,0.000,3,0,0,0,54.815
1324,0,0,0.000,0.000,3,0,0,0,57.056
1325,0,0,0.000,0.000,3,0,0,0,57.524
1326,0,0,0.000,0.000,3,0,0,0,54.785
1327,0,0,0.000,0.000,3,0,0,0,56.651
1328,0,0,0.000,0.000,3,0,0,0,59.383
1329,0,0,0.000,0.000,3,0,0,0,57.325
1330,0,0,0.000,0.000,3,0,0,0,54.391
1331,0,0,0.000,0.000,3,0,0,0,57.637
1332,0,0,0.000,0.000,3,0,0,0,61.630
1333,0,0,0.000,0.000,3,0,0,0,54.527
1334,0,0,0.000,0.000,3,0,0,0,56.253
1335,0,0,0.000,0.000,3,0,0,0,56.482
1336,0,0,0.000,0.000,3,0,0,0,57.094
1337,0,0,0.000,0.000,3,0,0,0,57.230
1338,0,0,0.000,0.000,3,0,0,0,57.215
1339,0,0,0.000,0.000,3,0,0,0,57.510
1340,0,1,94.525,98.404,3,0,0,0,58.593
1341,0,0,0.000,0.000,3,0,0,0,55.598
1342,0,0,0.000,0.000,3,0,0,0,57.562
1343,0,0,0.000,0.000,3,0,0,0,55.022
1344,0,0,0.000,0.000,3,0,0,0,55.486
1345,0,0,0.000,0.000,3,0,0,0,56.412
1346,0,0,0.000,0.000,3,0,0,0,55.323
1347,0,0,0.000,0.000,3,0,0,0,56.547
1348,0,0,0.000,0.000,3,0,0,0,58.644
1349,0,0,0.000,0.000,3,0,0,0,57.340
1350,0,0,0.000,0.000,3,0,0,0,55.876
1351,0,0,0.000,0.000,3,0,0,0,57.078
1352,0,0,0.000,0.000,3,0,0,0,55.544
1353,0,0,0.000,0.000,3,0,0,0,54.434
1354,0,0,0.000,0.000,3,0,0,0,54.214
1355,0,0,0.000,0.000,3,0,0,0,54.252
1356,0,0,0.000,0.000,3,0,0,0,55.476
1357,0,0,0.000,0.000,3,0,0,0,57.113
1358,0,0,0.000,0.000,3,0,0,0,58.657
1359,0,0,0.000,0.000,3,0,0,0,57.774
1360,0,1,96.477,100.681,3,0,0,0,57.296
1361,0,0,0.000,0.000,3,0,0,0,56.540
1362,0,0,0.000,0.000,3,0,0,0,56.892
1363,0,0,0.000,0.000,3,0,0,0,55.684
1364,0,0,0.000,0.000,3,0,0,0,58.357
1365,0,0,0.000,0.000,3,0,0,0,57.208
1366,0,0,0.000,0.000,3,0,0,0,55.232
1367,0,0,0.000,0.000,3,0,0,0,56.226
1368,0,0,0.000,0.000,3,0,0,0,52.856
1369,0,0,0.000,0.000,3,0,0,0,57.291
1370,0,0,0.000,0.000,3,0,0,0,58.739
1371,0,0,0.000,0.000,3,0,0,0,57.914
1372,0,0,0.000,0.000,3,0,0,0,58.710
1373,0,0,0.000,0.000,3,0,0,0,55.896
1374,0,0,0.000,0.000,3,0,0,0,57.056
1375,0,0,0.000,0.000,3,0,0,0,55.314
1376,0,0,0.000,0.000,3,0,0,0,56.215
1377,0,0,0.000,0.000,3,0,0,0,54.743
1378,0,0,0.000,0.000,3,0,0,0,54.844
1379,0,0,0.000,0.000,3,0,0,0,55.966
1380,0,1,97.122,101.537,3,0,0,0,54.244
1381,0,0,0.000,0.000,3,0,0,0,59.149
1382,0,0,0.000,0.000,3,0,0,0,58.916
1383,0,0,0.000,0.000,3,0,0,0,56.956
1384,0,0,0.000,0.000,3,0,0,0,58.688
1385,0,0,0.000,0.000,3,0,0,0,56.128
1386,0,0,0.000,0.000,3,0,0,0,56.925
1387,0,0,0.000,0.000,3,0,0,0,57.890
1388,0,0,0.000,0.000,3,0,0,0,58.434
1389,0,0,0.000,0.000,3,0,0,0,57.331
1390,0,0,0.000,0.000,3,0,0,0,57.802
1391,0,0,0.000,0.000,3,0,0,0,55.060
1392,0,0,0.000,0.000,3,0,0,0,58.187
1393,0,0,0.000,0.000,3,0,0,0,53.641
1394,0,0,0.000,0.000,3,0,0,0,56.270
1395,0,0,0.000,0.000,3,0,0,0,56.906
1396,0,0,0.000,0.000,3,0,0,0,56.390
1397,0,0,0.000,0.000,3,0,0,0,56.568
1398,0,0,0.000,0.000,3,0,0,0,58.942
1399,0,0,0.000,0.000,3,0,0,0,59.473
1400,0,1,94.616,98.773,3,0,0,0,57.267
1401,0,0,0.000,0.000,3,0,0,0,57.449
1402,0,0,0.000,0.000,3,0,0,0,56.420
1403,0,0,0.000,0.000,3,0,0,0,62.513
1404,0,0,0.000,0.000,3,0,0,0,56.529
1405,0,0,0.000,0.000,3,0,0,0,58.733
1406,0,0,0.000,0.000,3,0,0,0,56.199
1407,0,0,0.000,0.000,3,0,0,0,57.341
1408,0,0,0.000,0.000,3,0,0,0,55.033
1409,0,0,0.000,0.000,3,0,0,0,55.416
1410,0,0,0.000,0.000,3,0,0,0,56.087
1411,0,0,0.000,0.000,3,0,0,0,57.138
1412,0,0,0.000,0.000,3,0,0,0,58.305
1413,0,0,0.000,0.000,3,0,0,0,57.333
1414,0,0,0.000,0.000,3,0,0,0,57.803
1415,0,0,0.000,0.000,3,0,0,0,59.318
1416,0,0,0.000,0.000,3,0,0,0,56.035
1417,0,0,0.000,0.000,3,0,0,0,59.307
1418,0,0,0.000,0.000,3,0,0,0,59.581
1419,0,0,0.000,0.000,3,0,0,0,58.405
1420,0,1,94.479,98.454,3,0,0,0,58.785
1421,0,0,0.000,0.000,3,0,0,0,56.738
1422,0,0,0.000,0.000,3,0,0,0,57.721
1423,0,0,0.000,0.000,3,0,0,0,55.878
1424,0,0,0.000,0.000,3,0,0,0,60.365
1425,0,0,0.000,0.000,3,0,0,0,57.803
1426,0,0,0.000,0.000,3,0,0,0,57.956
1427,0,0,0.000,0.000,3,0,0,0,58.960
1428,0,0,0.000,0.000,3,0,0,0,57.690
1429,0,0,0.000,0.000,3,0,0,0,58.771
1430,0,0,0.000,0.000,3,0,0,0,56.173
1431,0,0,0.000,0.000,3,0,0,0,60.784
1432,0,0,0.000,0.000,3,0,0,0,57.740
1433,0,0,0.000,0.000,3,0,0,0,56.511
1434,0,0,0.000,0.000,3,0,0,0,57.307
1435,0,0,0.000,0.000,3,0,0,0,56.406
1436,0,0,0.000,0.000,3,0,0,0,57.089
1437,0,0,0.000,0.000,3,0,0,0,58.720
1438,0,0,0.000,0.000,3,0,0,0,58.725
1439,0,0,0.000,0.000,3,0,0,0,56.003
1440,0,1,93.733,97.894,3,0,0,0,56.694
1441,0,0,0.000,0.000,3,0,0,0,57.404
1442,0,0,0.000,0.000,3,0,0,0,59.681
1443,0,0,0.000,0.000,3,0,0,0,57.981
1444,0,0,0.000,0.000,3,0,0,0,57.976
1445,0,0,0.000,0.000,3,0,0,0,59.716
1446,0,0,0.000,0.000,3,0,0,0,59.726
1447,0,0,0.000,0.000,3,0,0,0,57.802
1448,0,0,0.000,0.000,3,0,0,0,58.454
1449,0,0,0.000,0.000,3,0,0,0,57.200
1450,0,0,0.000,0.000,3,0,0,0,58.972
1451,0,0,0.000,0.000,3,0,0,0,58.814
1452,0,0,0.000,0.000,3,0,0,0,56.533
1453,0,0,0.000,0.000,3,0,0,0,56.817
1454,0,0,0.000,0.000,3,0,0,0,56.510
1455,0,0,0.000,0.000,3,0,0,0,56.944
1456,0,0,0.000,0.000,3,0,0,0,58.531
1457,0,0,0.000,0.000,3,0,0,0,58.665
1458,0,0,0.000,0.000,3,0,0,0,55.929
1459,0,0,0.000,0.000,3,0,0,0,57.975
1460,0,1,96.078,100.022,3,0,0,0,57.351
1461,0,0,0.000,0.000,3,0,0,0,57.629
1462,0,0,0.000,0.000,3,0,0,0,55.081
1463,0,0,0.000,0.000,3,0,0,0,57.066
1464,0,0,0.000,0.000,3,0,0,0,56.302
1465,0,0,0.000,0.000,3,0,0,0,55.808
1466,0,0,0.000,0.000,3,0,0,0,55.500
1467,0,0,0.000,0.000,3,0,0,0,56.686
1468,0,0,0.000,0.000,3,0,0,0,57.013
1469,0,0,0.000,0.000,3,0,0,0,55.795
1470,0,0,0.000,0.000,3,0,0,0,58.019
1471,0,0,0.000,0.000,3,0,0,0,56.364
1472,0,0,0.000,0.000,3,0,0,0,56.891
1473,0,0,0.000,0.000,3,0,0,0,58.084
1474,0,0,0.000,0.000,3,0,0,0,56.303
1475,0,0,0.000,0.000,3,0,0,0,57.113
1476,0,0,0.000,0.000,3,0,0,0,59.105
1477,0,0,0.000,0.000,3,0,0,0,62.254
1478,0,0,0.000,0.000,3,0,0,0,59.235
1479,0,0,0.000,0.000,3,0,0,0,58.691
1480,0,1,94.449,99.352,3,0,0,0,57.135
1481,0,0,0.000,0.000,3,0,0,0,59.118
1482,0,0,0.000,0.000,3,0,0,0,63.514
1483,0,0,0.000,0.000,3,0,0,0,58.604
1484,0,0,0.000,0.000,3,0,0,0,56.691
1485,0,0,0.000,0.000,3,0,0,0,58.499
1486,0,0,0.000,0.000,3,0,0,0,61.464
1487,0,0,0.000,0.000,3,0,0,0,59.982
1488,0,0,0.000,0.000,3,0,0,0,57.361
1489,0,0,0.000,0.000,3,0,0,0,56.259
1490,0,0,0.000,0.000,3,0,0,0,60.273
1491,0,0,0.000,0.000,3,0,0,0,57.329
1492,0,0,0.000,0.000,3,0,0,0,56.831
1493,0,0,0.000,0.000,3,0,0,0,57.269
1494,0,0,0.000,0.000,3,0,0,0,58.228
1495,0,0,0.000,0.000,3,0,0,0,58.372
1496,0,0,0.000,0.000,3,0,0,0,57.581
1497,0,0,0.000,0.000,3,0,0,0,57.343
1498,0,0,0.000,0.000,3,0,0,0,58.969
1499,0,0,0.000,0.000,3,0,0,0,58.062
1500,0,1,98.500,102.852,3,0,0,0,56.998
1501,0,0,0.000,0.000,3,0,0,0,57.175
1502,0,0,0.000,0.000,3,0,0,0,58.103
1503,0,0,0.000,0.000,3,0,0,0,57.016
1504,0,0,0.000,0.000,3,0,0,0,58.105
1505,0,0,0.000,0.000,3,0,0,0,55.560
1506,0,0,0.000,0.000,3,0,0,0,58.176
1507,0,0,0.000,0.000,3,0,0,0,57.123
1508,0,0,0.000,0.000,3,0,0,0,56.633
1509,0,0,0.000,0.000,3,0,0,0,57.064
1510,0,0,0.000,0.000,3,0,0,0,60.022
1511,0,0,0.000,0.000,3,0,0,0,57.911
1512,0,0,0.000,0.000,3,0,0,0,57.552
1513,0,0,0.000,0.000,3,0,0,0,56.870
1514,0,0,0.000,0.000,3,0,0,0,59.116
1515,0,0,0.000,0.000,3,0,0,0,58.686
1516,0,0,0.000,0.000,3,0,0,0,59.934
1517,0,0,0.000,0.000,3,0,0,0,56.965
1518,0,0,0.000,0.000,3,0,0,0,60.015
1519,0,0,0.000,0.000,3,0,0,0,58.709
1520,0,1,98.406,102.886,3,0,0,0,56.067
1521,0,0,0.000,0.000,3,0,0,0,56.086
1522,0,0,0.000,0.000,3,0,0,0,58.592
1523,0,0,0.000,0.000,3,0,0,0,60.030
1524,0,0,0.000,0.000,3,0,0,0,56.642
1525,0,0,0.000,0.000,3,0,0,0,56.812
1526,0,0,0.000,0.000,3,0,0,0,54.635
1527,0,0,0.000,0.000,3,0,0,0,58.504
1528,0,0,0.000,0.000,3,0,0,0,55.706
1529,0,0,0.000,0.000,3,0,0,0,57.772
1530,0,0,0.000,0.000,3,0,0,0,58.745
1531,0,0,0.000,0.000,3,0,0,0,54.074
1532,0,0,0.000,0.000,3,0,0,0,57.428
1533,0,0,0.000,0.000,3,0,0,0,60.627
1534,0,0,0.000,0.000,3,0,0,0,59.065
1535,0,0,0.000,0.000,3,0,0,0,57.421
1536,0,0,0.000,0.000,3,0,0,0,56.015
1537,0,0,0.000,0.000,3,0,0,0,59.232
1538,0,0,0.000,0.000,3,0,0,0,59.723
1539,0,0,0.000,0.000,3,0,0,0,57.496
1540,0,1,97.832,101.497,3,0,0,0,58.036
1541,0,0,0.000,0.000,3,0,0,0,58.353
1542,0,0,0.000,0.000,3,0,0,0,57.996
1543,0,0,0.000,0.000,3,0,0,0,56.949
1544,0,0,0.000,0.000,3,0,0,0,56.823
1545,0,0,0.000,0.000,3,0,0,0,58.207
1546,0,0,0.000,0.000,3,0,0,0,57.685
1547,0,0,0.000,0.000,3,0,0,0,58.350
1548,0,0,0.000,0.000,3,0,0,0,56.883
1549,0,0,0.000,0.000,3,0,0,0,56.233
1550,0,0,0.000,0.000,3,0,0,0,55.285
1551,0,0,0.000,0.000,3,0,0,0,59.242
1552,0,0,0.000,0.000,3,0,0,0,57.468
1553,0,0,0.000,0.000,3,0,0,0,56.257
1554,0,0,0.000,0.000,3,0,0,0,54.719
1555,0,0,0.000,0.000,3,0,0,0,59.119
1556,0,0,0.000,0.000,3,0,0,0,56.512
1557,0,0,0.000,0.000,3,0,0,0,60.643
1558,0,0,0.000,0.000,3,0,0,0,56.886
1559,0,0,0.000,0.000,3,0,0,0,57.616
1560,0,1,97.831,101.469,3,0,0,0,57.452
1561,0,0,0.000,0.000,3,0,0,0,58.578
1562,0,0,0.000,0.000,3,0,0,0,57.750
1563,0,0,0.000,0.000,3,0,0,0,58.806
1564,0,0,0.000,0.000,3,0,0,0,56.664
1565,0,0,0.000,0.000,3,0,0,0,56.571
1566,0,0,0.000,0.000,3,0,0,0,56.283
1567,0,0,0.000,0.000,3,0,0,0,57.489
1568,0,0,0.000,0.000,3,0,0,0,62.818
1569,0,0,0.000,0.000,3,0,0,0,57.755
1570,0,0,0.000,0.000,3,0,0,0,57.508
1571,0,0,0.000,0.000,3,0,0,0,60.192
1572,0,0,0.000,0.000,3,0,0,0,58.565
1573,0,0,0.000,0.000,3,0,0,0,57.445
1574,0,0,0.000,0.000,3,0,0,0,60.073
1575,0,0,0.000,0.000,3,0,0,0,60.927
1576,0,0,0.000,0.000,3,0,0,0,58.291
1577,0,0,0.000,0.000,3,0,0,0,57.727
1578,0,0,0.000,0.000,3,0,0,0,57.518
1579,0,0,0.000,0.000,3,0,0,0,57.555
1580,0,1,98.447,101.880,3,0,0,0,62.225
1581,0,0,0.000,0.000,3,0,0,0,56.395
1582,0,0,0.000,0.000,3,0,0,0,58.127
1583,0,0,0.000,0.000,3,0,0,0,58.012
1584,0,0,0.000,0.000,3,0,0,0,57.980
1585,0,0,0.000,0.000,3,0,0,0,55.521
1586,0,0,0.000,0.000,3,0,0,0,58.960
1587,0,0,0.000,0.000,3,0,0,0,57.449
1588,0,0,0.000,0.000,3,0,0,0,58.135
1589,0,0,0.000,0.000,3,0,0,0,55.603
1590,0,0,0.000,0.000,3,0,0,0,58.585
1591,0,0,0.000,0.000,3,0,0,0,56.176
1592,0,0,0.000,0.000,3,0,0,0,58.848
1593,0,0,0.000,0.000,3,0,0,0,58.822
1594,0,0,0.000,0.000,3,0,0,0,59.367
1595,0,0,0.000,0.000,3,0,0,0,59.155
1596,0,0,0.000,0.000,3,0,0,0,57.547
1597,0,0,0.000,0.000,3,0,0,0,57.661
1598,0,0,0.000,0.000,3,0,0,0,58.772
1599,0,0,0.000,0.000,3,0,0,0,57.604
1600,0,1,97.747,101.894,3,0,0,0,57.651
1601,0,0,0.000,0.000,3,0,0,0,59.790
1602,0,0,0.000,0.000,3,0,0,0,59.385
1603,0,0,0.000,0.000,3,0,0,0,60.982
1604,0,0,0.000,0.000,3,0,0,0,57.099
1605,0,0,0.000,0.000,3,0,0,0,57.978
1606,0,0,0.000,0.000,3,0,0,0,57.807
1607,0,0,0.000,0.000,3,0,0,0,60.002
1608,0,0,0.000,0.000,3,0,0,0,66.163
1609,0,0,0.000,0.000,3,0,0,0,62.244
1610,0,0,0.000,0.000,3,0,0,0,61.032
1611,0,0,0.000,0.000,3,0,0,0,58.199
1612,0,0,0.000,0.000,3,0,0,0,58.525
1613,0,0,0.000,0.000,3,0,0,0,59.896
1614,0,0,0.000,0.000,3,0,0,0,58.909
1615,0,0,0.000,0.000,3,0,0,0,54.184
1616,0,0,0.000,0.000,3,0,0,0,61.324
1617,0,0,0.000,0.000,3,0,0,0,57.935
1618,0,0,0.000,0.000,3,0,0,0,57.605
1619,0,0,0.000,0.000,3,0,0,0,57.179
1620,0,1,95.173,100.010,3,0,0,0,58.913
1621,0,0,0.000,0.000,3,0,0,0,53.287
1622,0,0,0.000,0.000,3,0,0,0,57.229
1623,0,0,0.000,0.000,3,0,0,0,59.104
1624,0,0,0.000,0.000,3,0,0,0,60.235
1625,0,0,0.000,0.000,3,0,0,0,57.605
1626,0,0,0.000,0.000,3,0,0,0,59.324
1627,0,0,0.000,0.000,3,0,0,0,56.455
1628,0,0,0.000,0.000,3,0,0,0,59.141
1629,0,0,0.000,0.000,3,0,0,0,58.718
1630,0,0,0.000,0.000,3,0,0,0,58.298
1631,0,0,0.000,0.000,3,0,0,0,57.895
1632,0,0,0.000,0.000,3,0,0,0,56.589
1633,0,0,0.000,0.000,3,0,0,0,55.388
1634,0,0,0.000,0.000,3,0,0,0,56.389
1635,0,0,0.000,0.000,3,0,0,0,58.340
1636,0,0,0.000,0.000,3,0,0,0,56.248
1637,0,0,0.000,0.000,3,0,0,0,54.233
1638,0,0,0.000,0.000,3,0,0,0,57.916
1639,0,0,0.000,0.000,3,0,0,0,58.867
1640,0,1,94.422,97.433,3,0,0,0,58.268
1641,0,0,0.000,0.000,3,0,0,0,57.507
1642,0,0,0.000,0.000,3,0,0,0,61.027
1643,0,0,0.000,0.000,3,0,0,0,56.866
1644,0,0,0.000,0.000,3,0,0,0,56.423
1645,0,0,0.000,0.000,3,0,0,0,56.597
1646,0,0,0.000,0.000,3,0,0,0,58.172
1647,0,0,0.000,0.000,3,0,0,0,57.121
1648,0,0,0.000,0.000,3,0,0,0,57.366
1649,0,0,0.000,0.000,3,0,0,0,57.030
1650,0,0,0.000,0.000,3,0,0,0,58.770
1651,0,0,0.000,0.000,3,0,0,0,57.804
1652,0,0,0.000,0.000,3,0,0,0,55.985
1653,0,0,0.000,0.000,3,0,0,0,58.968
1654,0,0,0.000,0.000,3,0,0,0,56.223
1655,0,0,0.000,0.000,3,0,0,0,55.999
1656,0,0,0.000,0.000,3,0,0,0,56.615
1657,0,0,0.000,0.000,3,0,0,0,59.134
1658,0,0,0.000,0.000,3,0,0,0,58.190
1659,0,0,0.000,0.000,3,0,0,0,56.752
1660,0,1,93.875,98.192,3,0,0,0,56.940
1661,0,0,0.000,0.000,3,0,0,0,56.338
1662,0,0,0.000,0.000,3,0,0,0,59.012
1663,0,0,0.000,0.000,3,0,0,0,54.184
1664,0,0,0.000,0.000,3,0,0,0,57.245
1665,0,0,0.000,0.000,3,0,0,0,56.682
1666,0,0,0.000,0.000,3,0,0,0,56.141
1667,0,0,0.000,0.000,3,0,0,0,55.586
1668,0,0,0.000,0.000,3,0,0,0,58.507
1669,0,0,0.000,0.000,3,0,0,0,66.181
1670,0,0,0.000,0.000,3,0,0,0,60.311
1671,0,0,0.000,0.000,3,0,0,0,58.600
1672,0,0,0.000,0.000,3,0,0,0,57.056
1673,0,0,0.000,0.000,3,0,0,0,60.022
1674,0,0,0.000,0.000,3,0,0,0,56.192
1675,0,0,0.000,0.000,3,0,0,0,57.399
1676,0,0,0.000,0.000,3,0,0,0,58.393
1677,0,0,0.000,0.000,3,0,0,0,57.822
1678,0,0,0.000,0.000,3,0,0,0,57.503
1679,0,0,0.000,0.000,3,0,0,0,57.728
1680,0,1,94.381,97.189,3,0,0,0,56.007
1681,0,0,0.000,0.000,3,0,0,0,57.475
1682,0,0,0.000,0.000,3,0,0,0,53.941
1683,0,0,0.000,0.000,3,0,0,0,52.019
1684,0,0,0.000,0.000,3,0,0,0,57.101
1685,0,0,0.000,0.000,3,0,0,0,57.879
1686,0,0,0.000,0.000,3,0,0,0,57.894
1687,0,0,0.000,0.000,3,0,0,0,55.227
1688,0,0,0.000,0.000,3,0,0,0,56.937
1689,0,0,0.000,0.000,3,0,0,0,56.463
1690,0,0,0.000,0.000,3,0,0,0,53.741
1691,0,0,0.000,0.000,3,0,0,0,55.922
1692,0,0,0.000,0.000,3,0,0,0,57.859
1693,0,0,0.000,0.000,3,0,0,0,57.322
1694,0,0,0.000,0.000,3,0,0,0,54.850
1695,0,0,0.000,0.000,3,0,0,0,59.817
1696,0,0,0.000,0.000,3,0,0,0,54.032
1697,0,0,0.000,0.000,3,0,0,0,58.055
1698,0,0,0.000,0.000,3,0,0,0,52.871
1699,0,0,0.000,0.000,3,0,0,0,56.051
1700,0,1,97.007,100.793,3,0,0,0,59.222
1701,0,0,0.000,0.000,3,0,0,0,54.536
1702,0,0,0.000,0.000,3,0,0,0,55.690
1703,0,0,0.000,0.000,3,0,0,0,56.311
1704,0,0,0.000,0.000,3,0,0,0,56.443
1705,0,0,0.000,0.000,3,0,0,0,54.466
1706,0,0,0.000,0.000,3,0,0,0,56.159
1707,0,0,0.000,0.000,3,0,0,0,56.698
1708,0,0,0.000,0.000,3,0,0,0,60.916
1709,0,0,0.000,0.000,3,0,0,0,56.111
1710,0,0,0.000,0.000,3,0,0,0,54.470
1711,0,0,0.000,0.000,3,0,0,0,58.211
1712,0,0,0.000,0.000,3,0,0,0,57.231
1713,0,0,0.000,0.000,3,0,0,0,56.845
1714,0,0,0.000,0.000,3,0,0,0,58.245
1715,0,0,0.000,0.000,3,0,0,0,56.749
1716,0,0,0.000,0.000,3,0,0,0,54.935
1717,0,0,0.000,0.000,3,0,0,0,57.808
1718,0,0,0.000,0.000,3,0,0,0,57.086
1719,0,0,0.000,0.000,3,0,0,0,58.227
1720,0,1,93.176,98.061,3,0,0,0,56.398
1721,0,0,0.000,0.000,3,0,0,0,58.179
1722,0,0,0.000,0.000,3,0,0,0,56.588
1723,0,0,0.000,0.000,3,0,0,0,57.802
1724,0,0,0.000,0.000,3,0,0,0,57.003
1725,0,0,0.000,0.000,3,0,0,0,62.635
1726,0,0,0.000,0.000,3,0,0,0,60.232
1727,0,0,0.000,0.000,3,0,0,0,58.026
1728,0,0,0.000,0.000,3,0,0,0,57.988
1729,0,0,0.000,0.000,3,0,0,0,58.174
1730,0,0,0.000,0.000,3,0,0,0,60.873
1731,0,0,0.000,0.000,3,0,0,0,56.572
1732,0,0,0.000,0.000,3,0,0,0,58.355
1733,0,0,0.000,0.000,3,0,0,0,57.487
1734,0,0,0.000,0.000,3,0,0,0,59.241
1735,0,0,0.000,0.000,3,0,0,0,56.700
1736,0,0,0.000,0.000,3,0,0,0,59.159
1737,0,0,0.000,0.000,3,0,0,0,60.994
1738,0,0,0.000,0.000,3,0,0,0,58.156
1739,0,0,0.000,0.000,3,0,0,0,56.880
1740,0,1,94.602,98.501,3,0,0,0,57.197
1741,0,0,0.000,0.000,3,0,0,0,57.016
1742,0,0,0.000,0.000,3,0,0,0,54.459
1743,0,0,0.000,0.000,3,0,0,0,53.589
1744,0,0,0.000,0.000,3,0,0,0,57.860
1745,0,0,0.000,0.000,3,0,0,0,58.723
1746,0,0,0.000,0.000,3,0,0,0,56.298
1747,0,0,0.000,0.000,3,0,0,0,58.255
1748,0,0,0.000,0.000,3,0,0,0,57.000
1749,0,0,0.000,0.000,3,0,0,0,58.499
1750,0,0,0.000,0.000,3,0,0,0,57.911
1751,0,0,0.000,0.000,3,0,0,0,55.724
1752,0,0,0.000,0.000,3,0,0,0,55.999
1753,0,0,0.000,0.000,3,0,0,0,57.537
1754,0,0,0.000,0.000,3,0,0,0,57.643
1755,0,0,0.000,0.000,3,0,0,0,57.939
1756,0,0,0.000,0.000,3,0,0,0,57.533
1757,0,0,0.000,0.000,3,0,0,0,56.110
1758,0,0,0.000,0.000,3,0,0,0,57.327
1759,0,0,0.000,0.000,3,0,0,0,55.270
1760,0,1,95.252,99.224,3,0,0,0,54.892
1761,0,0,0.000,0.000,3,0,0,0,58.166
1762,0,0,0.000,0.000,3,0,0,0,54.897
1763,0,0,0.000,0.000,3,0,0,0,55.121
1764,0,0,0.000,0.000,3,0,0,0,57.292
1765,0,0,0.000,0.000,3,0,0,0,56.110
1766,0,0,0.000,0.000,3,0,0,0,57.773
1767,0,0,0.000,0.000,3,0,0,0,57.250
1768,0,0,0.000,0.000,3,0,0,0,60.487
1769,0,0,0.000,0.000,3,0,0,0,54.690
1770,0,0,0.000,0.000,3,0,0,0,57.286
1771,0,0,0.000,0.000,3,0,0,0,55.490
1772,0,0,0.000,0.000,3,0,0,0,59.756
1773,0,0,0.000,0.000,3,0,0,0,58.185
1774,0,0,0.000,0.000,3,0,0,0,57.731
1775,0,0,0.000,0.000,3,0,0,0,61.472
1776,0,0,0.000,0.000,3,0,0,0,55.057
1777,0,0,0.000,0.000,3,0,0,0,57.753
1778,0,0,0.000,0.000,3,0,0,0,55.703
1779,0,0,0.000,0.000,3,0,0,0,59.931
1780,0,1,94.470,98.912,3,0,0,0,57.379
1781,0,0,0.000,0.000,3,0,0,0,61.370
1782,0,0,0.000,0.000,3,0,0,0,56.882
1783,0,0,0.000,0.000,3,0,0,0,57.929
1784,0,0,0.000,0.000,3,0,0,0,58.166
1785,0,0,0.000,0.000,3,0,0,0,58.830
1786,0,0,0.000,0.000,3,0,0,0,56.118
1787,0,0,0.000,0.000,3,0,0,0,56.372
1788,0,0,0.000,0.000,3,0,0,0,59.116
1789,0,0,0.000,0.000,3,0,0,0,57.864
1790,0,0,0.000,0.000,3,0,0,0,59.409
1791,0,0,0.000,0.000,3,0,0,0,56.960
1792,0,0,0.000,0.000,3,0,0,0,56.574
1793,0,0,0.000,0.000,3,0,0,0,60.683
1794,0,0,0.000,0.000,3,0,0,0,57.810
1795,0,0,0.000,0.000,3,0,0,0,59.185
1796,0,0,0.000,0.000,3,0,0,0,57.345
1797,0,0,0.000,0.000,3,0,0,0,55.490
1798,0,0,0.000,0.000,3,0,0,0,56.269
1799,0,0,0.000,0.000,3,0,0,0,57.424
1800,0,1,94.030,97.707,3,0,0,0,59.068
1801,0,0,0.000,0.000,3,0,0,0,56.910
1802,0,0,0.000,0.000,3,0,0,0,57.583
1803,0,0,0.000,0.000,3,0,0,0,58.500
1804,0,0,0.000,0.000,3,0,0,0,56.603
1805,0,0,0.000,0.000,3,0,0,0,55.459
1806,0,0,0.000,0.000,3,0,0,0,59.653
1807,0,0,0.000,0.000,3,0,0,0,57.693
1808,0,0,0.000,0.000,3,0,0,0,56.859
1809,0,0,0.000,0.000,3,0,0,0,58.442
1810,0,0,0.000,0.000,3,0,0,0,57.325
1811,0,0,0.000,0.000,3,0,0,0,56.190
1812,0,0,0.000,0.000,3,0,0,0,55.133
1813,0,0,0.000,0.000,3,0,0,0,58.147
1814,0,0,0.000,0.000,3,0,0,0,60.933
1815,0,0,0.000,0.000,3,0,0,0,58.061
1816,0,0,0.000,0.000,3,0,0,0,58.108
1817,0,0,0.000,0.000,3,0,0,0,55.236
1818,0,0,0.000,0.000,3,0,0,0,57.889
1819,0,0,0.000,0.000,3,0,0,0,56.382
1820,0,1,95.243,100.209,3,0,0,0,56.342
1821,0,0,0.000,0.000,3,0,0,0,54.179
1822,0,0,0.000,0.000,3,0,0,0,55.406
1823,0,0,0.000,0.000,3,0,0,0,55.092
1824,0,0,0.000,0.000,3,0,0,0,57.294
1825,0,0,0.000,0.000,3,0,0,0,56.202
1826,0,0,0.000,0.000,3,0,0,0,57.268
1827,0,0,0.000,0.000,3,0,0,0,57.604
1828,0,0,0.000,0.000,3,0,0,0,57.241
1829,0,0,0.000,0.000,3,0,0,0,58.570
1830,0,0,0.000,0.000,3,0,0,0,57.688
1831,0,0,0.000,0.000,3,0,0,0,59.017
1832,0,0,0.000,0.000,3,0,0,0,57.800
1833,0,0,0.000,0.000,3,0,0,0,57.170
1834,0,0,0.000,0.000,3,0,0,0,59.033
1835,0,0,0.000,0.000,3,0,0,0,57.060
1836,0,0,0.000,0.000,3,0,0,0,58.424
1837,0,0,0.000,0.000,3,0,0,0,58.052
1838,0,0,0.000,0.000,3,0,0,0,58.230
1839,0,0,0.000,0.000,3,0,0,0,57.426
1840,0,1,95.251,99.845,3,0,0,0,56.137
1841,0,0,0.000,0.000,3,0,0,0,58.743
1842,0,0,0.000,0.000,3,0,0,0,57.541
1843,0,0,0.000,0.000,3,0,0,0,54.829
1844,0,0,0.000,0.000,3,0,0,0,57.716
1845,0,0,0.000,0.000,3,0,0,0,55.127
1846,0,0,0.000,0.000,3,0,0,0,57.463
1847,0,0,0.000,0.000,3,0,0,0,58.862
1848,0,0,0.000,0.000,3,0,0,0,57.763
1849,0,0,0.000,0.000,3,0,0,0,55.162
1850,0,0,0.000,0.000,3,0,0,0,58.451
1851,0,0,0.000,0.000,3,0,0,0,56.792
1852,0,0,0.000,0.000,3,0,0,0,58.636
1853,0,0,0.000,0.000,3,0,0,0,58.024
1854,0,0,0.000,0.000,3,0,0,0,58.077
1855,0,0,0.000,0.000,3,0,0,0,58.045
1856,0,0,0.000,0.000,3,0,0,0,56.401
1857,0,0,0.000,0.000,3,0,0,0,52.588
1858,0,0,0.000,0.000,3,0,0,0,57.778
1859,0,0,0.000,0.000,3,0,0,0,57.450
1860,0,1,95.073,99.634,3,0,0,0,55.548
1861,0,0,0.000,0.000,3,0,0,0,58.964
1862,0,0,0.000,0.000,3,0,0,0,55.264
1863,0,0,0.000,0.000,3,0,0,0,55.145
1864,0,0,0.000,0.000,3,0,0,0,57.389
1865,0,0,0.000,0.000,3,0,0,0,60.443
1866,0,0,0.000,0.000,3,0,0,0,58.738
1867,0,0,0.000,0.000,3,0,0,0,57.473
1868,0,0,0.000,0.000,3,0,0,0,58.701
1869,0,0,0.000,0.000,3,0,0,0,60.035
1870,0,0,0.000,0.000,3,0,0,0,57.146
1871,0,0,0.000,0.000,3,0,0,0,57.628
1872,0,0,0.000,0.000,3,0,0,0,59.639
1873,0,0,0.000,0.000,3,0,0,0,60.989
1874,0,0,0.000,0.000,3,0,0,0,60.352
1875,0,0,0.000,0.000,3,0,0,0,57.512
1876,0,0,0.000,0.000,3,0,0,0,56.397
1877,0,0,0.000,0.000,3,0,0,0,58.167
1878,0,0,0.000,0.000,3,0,0,0,57.340
1879,0,0,0.000,0.000,3,0,0,0,59.524
1880,0,1,96.468,100.414,3,0,0,0,59.723
1881,0,0,0.000,0.000,3,0,0,0,58.096
1882,0,0,0.000,0.000,3,0,0,0,59.117
1883,0,0,0.000,0.000,3,0,0,0,57.953
1884,0,0,0.000,0.000,3,0,0,0,59.031
1885,0,0,0.000,0.000,3,0,0,0,59.161
1886,0,0,0.000,0.000,3,0,0,0,60.077
1887,0,0,0.000,0.000,3,0,0,0,59.917
1888,0,0,0.000,0.000,3,0,0,0,57.554
1889,0,0,0.000,0.000,3,0,0,0,56.211
1890,0,0,0.000,0.000,3,0,0,0,55.798
1891,0,0,0.000,0.000,3,0,0,0,56.819
1892,0,0,0.000,0.000,3,0,0,0,57.148
1893,0,0,0.000,0.000,3,0,0,0,55.942
1894,0,0,0.000,0.000,3,0,0,0,55.928
1895,0,0,0.000,0.000,3,0,0,0,60.409
1896,0,0,0.000,0.000,3,0,0,0,57.699
1897,0,0,0.000,0.000,3,0,0,0,56.038
1898,0,0,0.000,0.000,3,0,0,0,58.180
1899,0,0,0.000,0.000,3,0,0,0,58.168
1900,0,1,95.302,99.453,3,0,0,0,58.866
1901,0,0,0.000,0.000,3,0,0,0,57.980
1902,0,0,0.000,0.000,3,0,0,0,59.751
1903,0,0,0.000,0.000,3,0,0,0,57.626
1904,0,0,0.000,0.000,3,0,0,0,57.604
1905,0,0,0.000,0.000,3,0,0,0,57.704
1906,0,0,0.000,0.000,3,0,0,0,60.526
1907,0,0,0.000,0.000,3,0,0,0,58.245
1908,0,0,0.000,0.000,3,0,0,0,58.112
1909,0,0,0.000,0.000,3,0,0,0,59.737
1910,0,0,0.000,0.000,3,0,0,0,58.042
1911,0,0,0.000,0.000,3,0,0,0,57.566
1912,0,0,0.000,0.000,3,0,0,0,56.392
1913,0,0,0.000,0.000,3,0,0,0,58.513
1914,0,0,0.000,0.000,3,0,0,0,60.150
1915,0,0,0.000,0.000,3,0,0,0,57.648
1916,0,0,0.000,0.000,3,0,0,0,56.059
1917,0,0,0.000,0.000,3,0,0,0,54.453
1918,0,0,0.000,0.000,3,0,0,0,56.275
1919,0,0,0.000,0.000,3,0,0,0,58.989
1920,0,1,95.195,98.821,3,0,0,0,58.802
1921,0,0,0.000,0.000,3,0,0,0,58.906
1922,0,0,0.000,0.000,3,0,0,0,56.846
1923,0,0,0.000,0.000,3,0,0,0,54.012
1924,0,0,0.000,0.000,3,0,0,0,56.017
1925,0,0,0.000,0.000,3,0,0,0,58.740
1926,0,0,0.000,0.000,3,0,0,0,56.295
1927,0,0,0.000,0.000,3,0,0,0,59.085
1928,0,0,0.000,0.000,3,0,0,0,56.363
1929,0,0,0.000,0.000,3,0,0,0,58.491
1930,0,0,0.000,0.000,3,0,0,0,57.447
1931,0,0,0.000,0.000,3,0,0,0,57.529
1932,0,0,0.000,0.000,3,0,0,0,54.859
1933,0,0,0.000,0.000,3,0,0,0,55.773
1934,0,0,0.000,0.000,3,0,0,0,58.095
1935,0,0,0.000,0.000,3,0,0,0,57.331
1936,0,0,0.000,0.000,3,0,0,0,60.812
1937,0,0,0.000,0.000,3,0,0,0,58.038
1938,0,0,0.000,0.000,3,0,0,0,58.630
1939,0,0,0.000,0.000,3,0,0,0,59.350
1940,0,1,93.051,95.284,3,0,0,0,59.693
1941,0,0,0.000,0.000,3,0,0,0,56.335
1942,0,0,0.000,0.000,3,0,0,0,56.229
1943,0,0,0.000,0.000,3,0,0,0,55.330
1944,0,0,0.000,0.000,3,0,0,0,59.520
1945,0,0,0.000,0.000,3,0,0,0,59.075
1946,0,0,0.000,0.000,3,0,0,0,55.582
1947,0,0,0.000,0.000,3,0,0,0,56.126
1948,0,0,0.000,0.000,3,0,0,0,56.530
1949,0,0,0.000,0.000,3,0,0,0,55.968
1950,0,0,0.000,0.000,3,0,0,0,56.627
1951,0,0,0.000,0.000,3,0,0,0,55.168
1952,0,0,0.000,0.000,3,0,0,0,57.689
1953,0,0,0.000,0.000,3,0,0,0,57.525
1954,0,0,0.000,0.000,3,0,0,0,56.743
1955,0,0,0.000,0.000,3,0,0,0,56.183
1956,0,0,0.000,0.000,3,0,0,0,58.533
1957,0,0,0.000,0.000,3,0,0,0,58.557
1958,0,0,0.000,0.000,3,0,0,0,58.599
1959,0,0,0.000,0.000,3,0,0,0,58.536
1960,0,1,95.228,99.389,3,0,0,0,57.418
1961,0,0,0.000,0.000,3,0,0,0,59.408
1962,0,0,0.000,0.000,3,0,0,0,57.510
1963,0,0,0.000,0.000,3,0,0,0,55.663
1964,0,0,0.000,0.000,3,0,0,0,60.907
1965,0,0,0.000,0.000,3,0,0,0,58.984
1966,0,0,0.000,0.000,3,0,0,0,54.981
1967,0,0,0.000,0.000,3,0,0,0,56.361
1968,0,0,0.000,0.000,3,0,0,0,52.465
1969,0,0,0.000,0.000,3,0,0,0,56.987
1970,0,0,0.000,0.000,3,0,0,0,57.329
1971,0,0,0.000,0.000,3,0,0,0,57.467
1972,0,0,0.000,0.000,3,0,0,0,58.635
1973,0,0,0.000,0.000,3,0,0,0,56.300
1974,0,0,0.000,0.000,3,0,0,0,60.489
1975,0,0,0.000,0.000,3,0,0,0,57.538
1976,0,0,0.000,0.000,3,0,0,0,57.498
1977,0,0,0.000,0.000,3,0,0,0,55.347
1978,0,0,0.000,0.000,3,0,0,0,59.402
1979,0,0,0.000,0.000,3,0,0,0,59.898
1980,0,1,94.632,98.580,3,0,0,0,58.781
1981,0,0,0.000,0.000,3,0,0,0,58.935
1982,0,0,0.000,0.000,3,0,0,0,59.296
1983,0,0,0.000,0.000,3,0,0,0,54.080
1984,0,0,0.000,0.000,3,0,0,0,58.249
1985,0,0,0.000,0.000,3,0,0,0,56.694
1986,0,0,0.000,0.000,3,0,0,0,56.117
1987,0,0,0.000,0.000,3,0,0,0,60.457
1988,0,0,0.000,0.000,3,0,0,0,59.966
1989,0,0,0.000,0.000,3,0,0,0,61.247
1990,0,0,0.000,0.000,3,0,0,0,58.677
1991,0,0,0.000,0.000,3,0,0,0,58.502
1992,0,0,0.000,0.000,3,0,0,0,58.419
1993,0,0,0.000,0.000,3,0,0,0,55.599
1994,0,0,0.000,0.000,3,0,0,0,55.350
1995,0,0,0.000,0.000,3,0,0,0,54.974
1996,0,0,0.000,0.000,3,0,0,0,55.377
1997,0,0,0.000,0.000,3,0,0,0,57.881
1998,0,0,0.000,0.000,3,0,0,0,56.167
1999,0,0,0.000,0.000,3,0,0,0,55.628
2000,0,1,93.113,96.142,3,0,0,0,58.636
2001,0,0,0.000,0.000,3,0,0,0,56.368
2002,0,0,0.000,0.000,3,0,0,0,56.472
2003,0,0,0.000,0.000,3,0,0,0,57.575
2004,0,0,0.000,0.000,3,0,0,0,57.276
2005,0,0,0.000,0.000,3,0,0,0,56.440
2006,0,0,0.000,0.000,3,0,0,0,58.924
2007,0,0,0.000,0.000,3,0,0,0,56.370
2008,0,0,0.000,0.000,3,0,0,0,57.622
2009,0,0,0.000,0.000,3,0,0,0,55.098
2010,0,0,0.000,0.000,3,0,0,0,59.101
2011,0,0,0.000,0.000,3,0,0,0,61.222
2012,0,0,0.000,0.000,3,0,0,0,59.643
2013,0,0,0.000,0.000,3,0,0,0,57.683
2014,0,0,0.000,0.000,3,0,0,0,59.309
2015,0,0,0.000,0.000,3,0,0,0,59.806
2016,0,0,0.000,0.000,3,0,0,0,55.461
2017,0,0,0.000,0.000,3,0,0,0,59.162
2018,0,0,0.000,0.000,3,0,0,0,58.095
2019,0,0,0.000,0.000,3,0,0,0,59.800
2020,0,1,96.133,100.082,3,0,0,0,58.861
2021,0,0,0.000,0.000,3,0,0,0,57.738
2022,0,0,0.000,0.000,3,0,0,0,59.196
2023,0,0,0.000,0.000,3,0,0,0,56.319
2024,0,0,0.000,0.000,3,0,0,0,56.010
2025,0,0,0.000,0.000,3,0,0,0,58.012
2026,0,0,0.000,0.000,3,0,0,0,56.082
2027,0,0,0.000,0.000,3,0,0,0,55.911
2028,0,0,0.000,0.000,3,0,0,0,57.001
2029,0,0,0.000,0.000,3,0,0,0,61.134
2030,0,0,0.000,0.000,3,0,0,0,57.767
2031,0,0,0.000,0.000,3,0,0,0,58.160
2032,0,0,0.000,0.000,3,0,0,0,56.683
2033,0,0,0.000,0.000,3,0,0,0,56.348
2034,0,0,0.000,0.000,3,0,0,0,55.259
2035,0,0,0.000,0.000,3,0,0,0,53.515
2036,0,0,0.000,0.000,3,0,0,0,55.118
2037,0,0,0.000,0.000,3,0,0,0,53.964
2038,0,0,0.000,0.000,3,0,0,0,57.580
2039,0,0,0.000,0.000,3,0,0,0,56.922
2040,0,1,94.463,98.858,3,0,0,0,56.638
2041,0,0,0.000,0.000,3,0,0,0,57.630
2042,0,0,0.000,0.000,3,0,0,0,57.568
2043,0,0,0.000,0.000,3,0,0,0,55.962
2044,0,0,0.000,0.000,3,0,0,0,56.050
2045,0,0,0.000,0.000,3,0,0,0,55.992
2046,0,0,0.000,0.000,3,0,0,0,58.506
2047,0,0,0.000,0.000,3,0,0,0,56.660
2048,0,0,0.000,0.000,3,0,0,0,58.137
2049,0,0,0.000,0.000,3,0,0,0,56.186
2050,0,0,0.000,0.000,3,0,0,0,58.706
2051,0,0,0.000,0.000,3,0,0,0,60.566
2052,0,0,0.000,0.000,3,0,0,0,58.450
2053,0,0,0.000,0.000,3,0,0,0,59.524
2054,0,0,0.000,0.000,3,0,0,0,59.960
2055,0,0,0.000,0.000,3,0,0,0,59.070
2056,0,0,0.000,0.000,3,0,0,0,58.238
2057,0,0,0.000,0.000,3,0,0,0,58.720
2058,0,0,0.000,0.000,3,0,0,0,61.435
2059,0,0,0.000,0.000,3,0,0,0,56.743
2060,0,1,94.096,98.840,3,0,0,0,56.079
2061,0,0,0.000,0.000,3,0,0,0,57.024
2062,0,0,0.000,0.000,3,0,0,0,56.381
2063,0,0,0.000,0.000,3,0,0,0,57.779
2064,0,0,0.000,0.000,3,0,0,0,58.463
2065,0,0,0.000,0.000,3,0,0,0,56.593
2066,0,0,0.000,0.000,3,0,0,0,59.267
2067,0,0,0.000,0.000,3,0,0,0,56.771
2068,0,0,0.000,0.000,3,0,0,0,58.062
2069,0,0,0.000,0.000,3,0,0,0,60.749
2070,0,0,0.000,0.000,3,0,0,0,57.210
2071,0,0,0.000,0.000,3,0,0,0,56.719
2072,0,0,0.000,0.000,3,0,0,0,57.956
2073,0,0,0.000,0.000,3,0,0,0,56.243
2074,0,0,0.000,0.000,3,0,0,0,60.739
2075,0,0,0.000,0.000,3,0,0,0,56.718
2076,0,0,0.000,0.000,3,0,0,0,57.178
2077,0,0,0.000,0.000,3,0,0,0,58.515
2078,0,0,0.000,0.000,3,0,0,0,56.352
2079,0,0,0.000,0.000,3,0,0,0,57.769
2080,0,1,95.244,99.922,3,0,0,0,57.715
2081,0,0,0.000,0.000,3,0,0,0,56.174
2082,0,0,0.000,0.000,3,0,0,0,54.663
2083,0,0,0.000,0.000,3,0,0,0,55.709
2084,0,0,0.000,0.000,3,0,0,0,57.457
2085,0,0,0.000,0.000,3,0,0,0,56.568
2086,0,0,0.000,0.000,3,0,0,0,55.483
2087,0,0,0.000,0.000,3,0,0,0,58.517
2088,0,0,0.000,0.000,3,0,0,0,59.042
2089,0,0,0.000,0.000,3,0,0,0,55.067
2090,0,0,0.000,0.000,3,0,0,0,55.924
2091,0,0,0.000,0.000,3,0,0,0,57.834
2092,0,0,0.000,0.000,3,0,0,0,56.154
2093,0,0,0.000,0.000,3,0,0,0,57.604
2094,0,0,0.000,0.000,3,0,0,0,56.651
2095,0,0,0.000,0.000,3,0,0,0,55.612
2096,0,0,0.000,0.000,3,0,0,0,57.712
2097,0,0,0.000,0.000,3,0,0,0,59.491
2098,0,0,0.000,0.000,3,0,0,0,57.564
2099,0,0,0.000,0.000,3,0,0,0,57.380
2100,0,1,96.686,100.677,3,0,0,0,55.529
2101,0,0,0.000,0.000,3,0,0,0,58.009
2102,0,0,0.000,0.000,3,0,0,0,57.527
2103,0,0,0.000,0.000,3,0,0,0,59.549
2104,0,0,0.000,0.000,3,0,0,0,58.567
2105,0,0,0.000,0.000,3,0,0,0,55.486
2106,0,0,0.000,0.000,3,0,0,0,59.635
2107,0,0,0.000,0.000,3,0,0,0,54.746
2108,0,0,0.000,0.000,3,0,0,0,58.126
2109,0,0,0.000,0.000,3,0,0,0,57.832
2110,0,0,0.000,0.000,3,0,0,0,56.411
2111,0,0,0.000,0.000,3,0,0,0,59.829
2112,0,0,0.000,0.000,3,0,0,0,58.363
2113,0,0,0.000,0.000,3,0,0,0,58.674
2114,0,0,0.000,0.000,3,0,0,0,58.899
2115,0,0,0.000,0.000,3,0,0,0,59.840
2116,0,0,0.000,0.000,3,0,0,0,53.013
2117,0,0,0.000,0.000,3,0,0,0,56.837
2118,0,0,0.000,0.000,3,0,0,0,56.272
2119,0,0,0.000,0.000,3,0,0,0,55.966
2120,0,1,95.585,99.833,3,0,0,0,57.185
2121,0,0,0.000,0.000,3,0,0,0,53.951
2122,0,0,0.000,0.000,3,0,0,0,55.457
2123,0,0,0.000,0.000,3,0,0,0,54.033
2124,0,0,0.000,0.000,3,0,0,0,58.019
2125,0,0,0.000,0.000,3,0,0,0,55.256
2126,0,0,0.000,0.000,3,0,0,0,54.316
2127,0,0,0.000,0.000,3,0,0,0,55.460
2128,0,0,0.000,0.000,3,0,0,0,58.322
2129,0,0,0.000,0.000,3,0,0,0,54.497
2130,0,0,0.000,0.000,3,0,0,0,55.740
2131,0,0,0.000,0.000,3,0,0,0,55.489
2132,0,0,0.000,0.000,3,0,0,0,58.688
2133,0,0,0.000,0.000,3,0,0,0,58.820
2134,0,0,0.000,0.000,3,0,0,0,55.904
2135,0,0,0.000,0.000,3,0,0,0,57.553
2136,0,0,0.000,0.000,3,0,0,0,56.871
2137,0,0,0.000,0.000,3,0,0,0,59.942
2138,0,0,0.000,0.000,3,0,0,0,56.825
2139,0,0,0.000,0.000,3,0,0,0,54.902
2140,0,1,96.425,100.593,3,0,0,0,55.570
2141,0,0,0.000,0.000,3,0,0,0,56.069
2142,0,0,0.000,0.000,3,0,0,0,55.211
2143,0,0,0.000,0.000,3,0,0,0,56.570
2144,0,0,0.000,0.000,3,0,0,0,61.888
2145,0,0,0.000,0.000,3,0,0,0,57.555
2146,0,0,0.000,0.000,3,0,0,0,57.352
2147,0,0,0.000,0.000,3,0,0,0,57.551
2148,0,0,0.000,0.000,3,0,0,0,59.752
2149,0,0,0.000,0.000,3,0,0,0,58.608
2150,0,0,0.000,0.000,3,0,0,0,57.183
2151,0,0,0.000,0.000,3,0,0,0,58.021
2152,0,0,0.000,0.000,3,0,0,0,58.187
2153,0,0,0.000,0.000,3,0,0,0,58.415
2154,0,0,0.000,0.000,3,0,0,0,57.685
2155,0,0,0.000,0.000,3,0,0,0,56.052
2156,0,0,0.000,0.000,3,0,0,0,56.887
2157,0,0,0.000,0.000,3,0,0,0,56.198
2158,0,0,0.000,0.000,3,0,0,0,57.310
2159,0,0,0.000,0.000,3,0,0,0,58.805
2160,0,1,94.625,99.324,3,0,0,0,58.915
2161,0,0,0.000,0.000,3,0,0,0,56.361
2162,0,0,0.000,0.000,3,0,0,0,56.855
2163,0,0,0.000,0.000,3,0,0,0,54.106
2164,0,0,0.000,0.000,3,0,0,0,56.874
2165,0,0,0.000,0.000,3,0,0,0,58.603
2166,0,0,0.000,0.000,3,0,0,0,54.796
2167,0,0,0.000,0.000,3,0,0,0,57.734
2168,0,0,0.000,0.000,3,0,0,0,58.028
2169,0,0,0.000,0.000,3,0,0,0,55.517
2170,0,0,0.000,0.000,3,0,0,0,56.535
2171,0,0,0.000,0.000,3,0,0,0,57.019
2172,0,0,0.000,0.000,3,0,0,0,56.871
2173,0,0,0.000,0.000,3,0,0,0,56.664
2174,0,0,0.000,0.000,3,0,0,0,59.760
2175,0,0,0.000,0.000,3,0,0,0,57.192
2176,0,0,0.000,0.000,3,0,0,0,57.284
2177,0,0,0.000,0.000,3,0,0,0,57.180
2178,0,0,0.000,0.000,3,0,0,0,60.696
2179,0,0,0.000,0.000,3,0,0,0,57.344
2180,0,1,96.916,100.783,3,0,0,0,57.666
2181,0,0,0.000,0.000,3,0,0,0,60.225
2182,0,0,0.000,0.000,3,0,0,0,59.446
2183,0,0,0.000,0.000,3,0,0,0,56.304
2184,0,0,0.000,0.000,3,0,0,0,58.982
2185,0,0,0.000,0.000,3,0,0,0,58.930
2186,0,0,0.000,0.000,3,0,0,0,57.393
2187,0,0,0.000,0.000,3,0,0,0,60.117
2188,0,0,0.000,0.000,3,0,0,0,59.144
2189,0,0,0.000,0.000,3,0,0,0,54.898
2190,0,0,0.000,0.000,3,0,0,0,57.822
2191,0,0,0.000,0.000,3,0,0,0,56.273
2192,0,0,0.000,0.000,3,0,0,0,56.204
2193,0,0,0.000,0.000,3,0,0,0,56.688
2194,0,0,0.000,0.000,3,0,0,0,56.344
2195,0,0,0.000,0.000,3,0,0,0,59.652
2196,0,0,0.000,0.000,3,0,0,0,54.932
2197,0,0,0.000,0.000,3,0,0,0,59.919
2198,0,0,0.000,0.000,3,0,0,0,64.179
2199,0,0,0.000,0.000,3,0,0,0,56.406
2200,0,1,98.682,102.863,3,0,0,0,58.333
2201,0,0,0.000,0.000,3,0,0,0,55.165
2202,0,0,0.000,0.000,3,0,0,0,59.856
2203,0,0,0.000,0.000,3,0,0,0,55.739
2204,0,0,0.000,0.000,3,0,0,0,59.713
2205,0,0,0.000,0.000,3,0,0,0,54.538
2206,0,0,0.000,0.000,3,0,0,0,54.999
2207,0,0,0.000,0.000,3,0,0,0,57.185
2208,0,0,0.000,0.000,3,0,0,0,56.037
2209,0,0,0.000,0.000,3,0,0,0,58.680
2210,0,0,0.000,0.000,3,0,0,0,57.884
2211,0,0,0.000,0.000,3,0,0,0,59.112
2212,0,0,0.000,0.000,3,0,0,0,80.022
2213,0,0,0.000,0.000,3,0,0,0,58.237
2214,0,0,0.000,0.000,3,0,0,0,59.471
2215,0,0,0.000,0.000,3,0,0,0,57.514
2216,0,0,0.000,0.000,3,0,0,0,58.167
2217,0,0,0.000,0.000,3,0,0,0,61.654
2218,0,0,0.000,0.000,3,0,0,0,59.947
2219,0,0,0.000,0.000,3,0,0,0,54.669
2220,0,1,93.110,96.932,3,0,0,0,57.049
2221,0,0,0.000,0.000,3,0,0,0,56.113
2222,0,0,0.000,0.000,3,0,0,0,58.360
2223,0,0,0.000,0.000,3,0,0,0,56.026
2224,0,0,0.000,0.000,3,0,0,0,58.244
2225,0,0,0.000,0.000,3,0,0,0,59.844
2226,0,0,0.000,0.000,3,0,0,0,57.234
2227,0,0,0.000,0.000,3,0,0,0,58.191
2228,0,0,0.000,0.000,3,0,0,0,59.830
2229,0,0,0.000,0.000,3,0,0,0,61.369
2230,0,0,0.000,0.000,3,0,0,0,60.280
2231,0,0,0.000,0.000,3,0,0,0,58.948
2232,0,0,0.000,0.000,3,0,0,0,59.181
2233,0,0,0.000,0.000,3,0,0,0,56.909
2234,0,0,0.000,0.000,3,0,0,0,56.570
2235,0,0,0.000,0.000,3,0,0,0,57.201
2236,0,0,0.000,0.000,3,0,0,0,56.623
2237,0,0,0.000,0.000,3,0,0,0,56.310
2238,0,0,0.000,0.000,3,0,0,0,60.000
2239,0,0,0.000,0.000,3,0,0,0,55.255
2240,0,1,94.443,98.568,3,0,0,0,58.528
2241,0,0,0.000,0.000,3,0,0,0,59.596
2242,0,0,0.000,0.000,3,0,0,0,59.182
2243,0,0,0.000,0.000,3,0,0,0,53.707
2244,0,0,0.000,0.000,3,0,0,0,61.290
2245,0,0,0.000,0.000,3,0,0,0,60.247
2246,0,0,0.000,0.000,3,0,0,0,58.121
2247,0,0,0.000,0.000,3,0,0,0,56.095
2248,0,0,0.000,0.000,3,0,0,0,58.304
2249,0,0,0.000,0.000,3,0,0,0,57.929
2250,0,0,0.000,0.000,3,0,0,0,57.582
2251,0,0,0.000,0.000,3,0,0,0,55.561
2252,0,0,0.000,0.000,3,0,0,0,57.770
2253,0,0,0.000,0.000,3,0,0,0,58.890
2254,0,0,0.000,0.000,3,0,0,0,58.624
2255,0,0,0.000,0.000,3,0,0,0,58.377
2256,0,0,0.000,0.000,3,0,0,0,60.381
2257,0,0,0.000,0.000,3,0,0,0,59.941
2258,0,0,0.000,0.000,3,0,0,0,56.272
2259,0,0,0.000,0.000,3,0,0,0,59.074
2260,0,1,97.824,101.842,3,0,0,0,57.116
2261,0,0,0.000,0.000,3,0,0,0,59.271
2262,0,0,0.000,0.000,3,0,0,0,58.111
2263,0,0,0.000,0.000,3,0,0,0,56.527
2264,0,0,0.000,0.000,3,0,0,0,58.718
2265,0,0,0.000,0.000,3,0,0,0,56.638
2266,0,0,0.000,0.000,3,0,0,0,59.579
2267,0,0,0.000,0.000,3,0,0,0,58.602
2268,0,0,0.000,0.000,3,0,0,0,56.992
2269,0,0,0.000,0.000,3,0,0,0,56.732
2270,0,0,0.000,0.000,3,0,0,0,58.147
2271,0,0,0.000,0.000,3,0,0,0,60.528
2272,0,0,0.000,0.000,3,0,0,0,58.015
2273,0,0,0.000,0.000,3,0,0,0,56.751
2274,0,0,0.000,0.000,3,0,0,0,58.172
2275,0,0,0.000,0.000,3,0,0,0,57.846
2276,0,0,0.000,0.000,3,0,0,0,57.759
2277,0,0,0.000,0.000,3,0,0,0,57.595
2278,0,0,0.000,0.000,3,0,0,0,57.611
2279,0,0,0.000,0.000,3,0,0,0,59.301
2280,0,1,94.411,98.680,3,0,0,0,59.636
2281,0,0,0.000,0.000,3,0,0,0,58.153
2282,0,0,0.000,0.000,3,0,0,0,58.406
2283,0,0,0.000,0.000,3,0,0,0,56.830
2284,0,0,0.000,0.000,3,0,0,0,56.645
2285,0,0,0.000,0.000,3,0,0,0,60.097
2286,0,0,0.000,0.000,3,0,0,0,58.079
2287,0,0,0.000,0.000,3,0,0,0,57.947
2288,0,0,0.000,0.000,3,0,0,0,55.752
2289,0,0,0.000,0.000,3,0,0,0,58.499
2290,0,0,0.000,0.000,3,0,0,0,58.124
2291,0,0,0.000,0.000,3,0,0,0,59.237
2292,0,0,0.000,0.000,3,0,0,0,59.426
2293,0,0,0.000,0.000,3,0,0,0,58.929
2294,0,0,0.000,0.000,3,0,0,0,56.942
2295,0,0,0.000,0.000,3,0,0,0,57.202
2296,0,0,0.000,0.000,3,0,0,0,57.036
2297,0,0,0.000,0.000,3,0,0,0,57.946
2298,0,0,0.000,0.000,3,0,0,0,58.129
2299,0,0,0.000,0.000,3,0,0,0,58.638
2300,0,1,95.646,99.464,3,0,0,0,57.300
2301,0,0,0.000,0.000,3,0,0,0,55.996
2302,0,0,0.000,0.000,3,0,0,0,57.294
2303,0,0,0.000,0.000,3,0,0,0,55.018
2304,0,0,0.000,0.000,3,0,0,0,58.685
2305,0,0,0.000,0.000,3,0,0,0,57.048
2306,0,0,0.000,0.000,3,0,0,0,61.865
2307,0,0,0.000,0.000,3,0,0,0,59.642
2308,0,0,0.000,0.000,3,0,0,0,56.133
2309,0,0,0.000,0.000,3,0,0,0,58.068
2310,0,0,0.000,0.000,3,0,0,0,58.578
2311,0,0,0.000,0.000,3,0,0,0,56.802
2312,0,0,0.000,0.000,3,0,0,0,55.796
2313,0,0,0.000,0.000,3,0,0,0,61.802
2314,0,0,0.000,0.000,3,0,0,0,55.076
2315,0,0,0.000,0.000,3,0,0,0,57.270
2316,0,0,0.000,0.000,3,0,0,0,57.724
2317,0,0,0.000,0.000,3,0,0,0,55.613
2318,0,0,0.000,0.000,3,0,0,0,57.960
2319,0,0,0.000,0.000,3,0,0,0,57.108
2320,0,1,95.576,100.195,3,0,0,0,57.853
2321,0,0,0.000,0.000,3,0,0,0,59.254
2322,0,0,0.000,0.000,3,0,0,0,56.432
2323,0,0,0.000,0.000,3,0,0,0,58.521
2324,0,0,0.000,0.000,3,0,0,0,57.032
2325,0,0,0.000,0.000,3,0,0,0,58.556
2326,0,0,0.000,0.000,3,0,0,0,59.093
2327,0,0,0.000,0.000,3,0,0,0,56.211
2328,0,0,0.000,0.000,3,0,0,0,57.664
2329,0,0,0.000,0.000,3,0,0,0,56.978
2330,0,0,0.000,0.000,3,0,0,0,59.143
2331,0,0,0.000,0.000,3,0,0,0,57.313
2332,0,0,0.000,0.000,3,0,0,0,61.344
2333,0,0,0.000,0.000,3,0,0,0,57.960
2334,0,0,0.000,0.000,3,0,0,0,58.008
2335,0,0,0.000,0.000,3,0,0,0,53.508
2336,0,0,0.000,0.000,3,0,0,0,53.859
2337,0,0,0.000,0.000,3,0,0,0,58.153
2338,0,0,0.000,0.000,3,0,0,0,56.874
2339,0,0,0.000,0.000,3,0,0,0,58.915
2340,0,1,95.897,100.223,3,0,0,0,56.251
2341,0,0,0.000,0.000,3,0,0,0,60.926
2342,0,0,0.000,0.000,3,0,0,0,57.372
2343,0,0,0.000,0.000,3,0,0,0,54.342
2344,0,0,0.000,0.000,3,0,0,0,60.655
2345,0,0,0.000,0.000,3,0,0,0,56.486
2346,0,0,0.000,0.000,3,0,0,0,61.043
2347,0,0,0.000,0.000,3,0,0,0,55.551
2348,0,0,0.000,0.000,3,0,0,0,56.359
2349,0,0,0.000,0.000,3,0,0,0,56.502
2350,0,0,0.000,0.000,3,0,0,0,56.226
2351,0,0,0.000,0.000,3,0,0,0,55.898
2352,0,0,0.000,0.000,3,0,0,0,56.103
2353,0,0,0.000,0.000,3,0,0,0,58.550
2354,0,0,0.000,0.000,3,0,0,0,56.523
2355,0,0,0.000,0.000,3,0,0,0,58.771
2356,0,0,0.000,0.000,3,0,0,0,57.366
2357,0,0,0.000,0.000,3,0,0,0,57.635
2358,0,0,0.000,0.000,3,0,0,0,54.841
2359,0,0,0.000,0.000,3,0,0,0,58.968
2360,0,1,94.073,98.825,3,0,0,0,59.336
2361,0,0,0.000,0.000,3,0,0,0,58.547
2362,0,0,0.000,0.000,3,0,0,0,56.533
2363,0,0,0.000,0.000,3,0,0,0,52.778
2364,0,0,0.000,0.000,3,0,0,0,55.808
2365,0,0,0.000,0.000,3,0,0,0,61.114
2366,0,0,0.000,0.000,3,0,0,0,55.375
2367,0,0,0.000,0.000,3,0,0,0,60.209
2368,0,0,0.000,0.000,3,0,0,0,59.215
2369,0,0,0.000,0.000,3,0,0,0,55.239
2370,0,0,0.000,0.000,3,0,0,0,58.348
2371,0,0,0.000,0.000,3,0,0,0,59.337
2372,0,0,0.000,0.000,3,0,0,0,62.059
2373,0,0,0.000,0.000,3,0,0,0,57.914
2374,0,0,0.000,0.000,3,0,0,0,56.848
2375,0,0,0.000,0.000,3,0,0,0,54.296
2376,0,0,0.000,0.000,3,0,0,0,57.426
2377,0,0,0.000,0.000,3,0,0,0,58.281
2378,0,0,0.000,0.000,3,0,0,0,55.699
2379,0,0,0.000,0.000,3,0,0,0,57.349
2380,0,1,96.552,101.024,3,0,0,0,56.996
2381,0,0,0.000,0.000,3,0,0,0,60.511
2382,0,0,0.000,0.000,3,0,0,0,61.890
2383,0,0,0.000,0.000,3,0,0,0,56.507
2384,0,0,0.000,0.000,3,0,0,0,58.725
2385,0,0,0.000,0.000,3,0,0,0,58.269
2386,0,0,0.000,0.000,3,0,0,0,63.505
2387,0,0,0.000,0.000,3,0,0,0,61.173
2388,0,0,0.000,0.000,3,0,0,0,56.396
2389,0,0,0.000,0.000,3,0,0,0,60.995
2390,0,0,0.000,0.000,3,0,0,0,62.796
2391,0,0,0.000,0.000,3,0,0,0,60.876
2392,0,0,0.000,0.000,3,0,0,0,63.842
2393,0,0,0.000,0.000,3,0,0,0,59.488
2394,0,0,0.000,0.000,3,0,0,0,61.167
2395,0,0,0.000,0.000,3,0,0,0,58.100
2396,0,0,0.000,0.000,3,0,0,0,58.473
2397,0,0,0.000,0.000,3,0,0,0,57.134
2398,0,0,0.000,0.000,3,0,0,0,59.115
2399,0,0,0.000,0.000,3,0,0,0,55.861
2400,0,1,97.795,100.452,3,0,0,0,57.960
2401,0,0,0.000,0.000,3,0,0,0,60.392
2402,0,0,0.000,0.000,3,0,0,0,59.363
2403,0,0,0.000,0.000,3,0,0,0,58.021
2404,0,0,0.000,0.000,3,0,0,0,58.116
2405,0,0,0.000,0.000,3,0,0,0,61.225
2406,0,0,0.000,0.000,3,0,0,0,61.376
2407,0,0,0.000,0.000,3,0,0,0,57.713
2408,0,0,0.000,0.000,3,0,0,0,57.022
2409,0,0,0.000,0.000,3,0,0,0,59.939
2410,0,0,0.000,0.000,3,0,0,0,59.362
2411,0,0,0.000,0.000,3,0,0,0,57.388
2412,0,0,0.000,0.000,3,0,0,0,59.252
2413,0,0,0.000,0.000,3,0,0,0,57.250
2414,0,0,0.000,0.000,3,0,0,0,56.878
2415,0,0,0.000,0.000,3,0,0,0,57.477
2416,0,0,0.000,0.000,3,0,0,0,58.090
2417,0,0,0.000,0.000,3,0,0,0,59.125
2418,0,0,0.000,0.000,3,0,0,0,58.971
2419,0,0,0.000,0.000,3,0,0,0,57.039
2420,0,1,96.324,100.280,3,0,0,0,55.308
2421,0,0,0.000,0.000,3,0,0,0,55.852
2422,0,0,0.000,0.000,3,0,0,0,58.329
2423,0,0,0.000,0.000,3,0,0,0,57.355
2424,0,0,0.000,0.000,3,0,0,0,57.225
2425,0,0,0.000,0.000,3,0,0,0,54.570
2426,0,0,0.000,0.000,3,0,0,0,66.403
2427,0,0,0.000,0.000,3,0,0,0,66.494
2428,0,0,0.000,0.000,3,0,0,0,58.167
2429,0,0,0.000,0.000,3,0,0,0,59.660
2430,0,0,0.000,0.000,3,0,0,0,57.291
2431,0,0,0.000,0.000,3,0,0,0,57.981
2432,0,0,0.000,0.000,3,0,0,0,56.299
2433,0,0,0.000,0.000,3,0,0,0,59.036
2434,0,0,0.000,0.000,3,0,0,0,58.157
2435,0,0,0.000,0.000,3,0,0,0,60.480
2436,0,0,0.000,0.000,3,0,0,0,57.393
2437,0,0,0.000,0.000,3,0,0,0,58.287
2438,0,0,0.000,0.000,3,0,0,0,57.212
2439,0,0,0.000,0.000,3,0,0,0,57.203
2440,0,1,97.539,100.336,3,0,0,0,56.817
2441,0,0,0.000,0.000,3,0,0,0,60.756
2442,0,0,0.000,0.000,3,0,0,0,59.595
2443,0,0,0.000,0.000,3,0,0,0,56.657
2444,0,0,0.000,0.000,3,0,0,0,58.483
2445,0,0,0.000,0.000,3,0,0,0,56.951
2446,0,0,0.000,0.000,3,0,0,0,56.432
2447,0,0,0.000,0.000,3,0,0,0,56.341
2448,0,0,0.000,0.000,3,0,0,0,57.075
2449,0,0,0.000,0.000,3,0,0,0,58.279
2450,0,0,0.000,0.000,3,0,0,0,58.445
2451,0,0,0.000,0.000,3,0,0,0,55.790
2452,0,0,0.000,0.000,3,0,0,0,56.327
2453,0,0,0.000,0.000,3,0,0,0,54.945
2454,0,0,0.000,0.000,3,0,0,0,55.691
2455,0,0,0.000,0.000,3,0,0,0,56.234
2456,0,0,0.000,0.000,3,0,0,0,58.643
2457,0,0,0.000,0.000,3,0,0,0,56.056
2458,0,0,0.000,0.000,3,0,0,0,57.096
2459,0,0,0.000,0.000,3,0,0,0,58.424
2460,0,1,93.710,98.236,3,0,0,0,60.306
2461,0,0,0.000,0.000,3,0,0,0,55.669
2462,0,0,0.000,0.000,3,0,0,0,55.252
2463,0,0,0.000,0.000,3,0,0,0,57.588
2464,0,0,0.000,0.000,3,0,0,0,58.384
2465,0,0,0.000,0.000,3,0,0,0,56.445
2466,0,0,0.000,0.000,3,0,0,0,57.567
2467,0,0,0.000,0.000,3,0,0,0,55.700
2468,0,0,0.000,0.000,3,0,0,0,55.758
2469,0,0,0.000,0.000,3,0,0,0,57.134
2470,0,0,0.000,0.000,3,0,0,0,55.240
2471,0,0,0.000,0.000,3,0,0,0,57.120
2472,0,0,0.000,0.000,3,0,0,0,58.067
2473,0,0,0.000,0.000,3,0,0,0,57.424
2474,0,0,0.000,0.000,3,0,0,0,54.172
2475,0,0,0.000,0.000,3,0,0,0,60.523
2476,0,0,0.000,0.000,3,0,0,0,57.935
2477,0,0,0.000,0.000,3,0,0,0,56.646
2478,0,0,0.000,0.000,3,0,0,0,56.966
2479,0,0,0.000,0.000,3,0,0,0,58.360
2480,0,1,94.937,99.159,3,0,0,0,55.484
2481,0,0,0.000,0.000,3,0,0,0,54.270
2482,0,0,0.000,0.000,3,0,0,0,56.547
2483,0,0,0.000,0.000,3,0,0,0,57.926
2484,0,0,0.000,0.000,3,0,0,0,54.613
2485,0,0,0.000,0.000,3,0,0,0,54.600
2486,0,0,0.000,0.000,3,0,0,0,58.185
2487,0,0,0.000,0.000,3,0,0,0,56.379
2488,0,0,0.000,0.000,3,0,0,0,58.310
2489,0,0,0.000,0.000,3,0,0,0,59.249
2490,0,0,0.000,0.000,3,0,0,0,62.083
2491,0,0,0.000,0.000,3,0,0,0,56.072
2492,0,0,0.000,0.000,3,0,0,0,58.403
2493,0,0,0.000,0.000,3,0,0,0,55.140
2494,0,0,0.000,0.000,3,0,0,0,58.154
2495,0,0,0.000,0.000,3,0,0,0,57.307
2496,0,0,0.000,0.000,3,0,0,0,56.270
2497,0,0,0.000,0.000,3,0,0,0,68.184
2498,0,0,0.000,0.000,3,0,0,0,58.698
2499,0,0,0.000,0.000,3,0,0,0,55.470
2500,0,1,93.189,97.143,3,0,0,0,58.394
2501,0,0,0.000,0.000,3,0,0,0,58.442
2502,0,0,0.000,0.000,3,0,0,0,58.121
2503,0,0,0.000,0.000,3,0,0,0,57.704
2504,0,0,0.000,0.000,3,0,0,0,57.951
2505,0,0,0.000,0.000,3,0,0,0,59.669
2506,0,0,0.000,0.000,3,0,0,0,59.110
2507,0,0,0.000,0.000,3,0,0,0,57.771
2508,0,0,0.000,0.000,3,0,0,0,60.046
2509,0,0,0.000,0.000,3,0,0,0,59.297
2510,0,0,0.000,0.000,3,0,0,0,57.008
2511,0,0,0.000,0.000,3,0,0,0,58.017
2512,0,0,0.000,0.000,3,0,0,0,59.484
2513,0,0,0.000,0.000,3,0,0,0,57.589
2514,0,0,0.000,0.000,3,0,0,0,56.263
2515,0,0,0.000,0.000,3,0,0,0,60.150
2516,0,0,0.000,0.000,3,0,0,0,57.932
2517,0,0,0.000,0.000,3,0,0,0,57.702
2518,0,0,0.000,0.000,3,0,0,0,56.830
2519,0,0,0.000,0.000,3,0,0,0,59.118
2520,0,1,96.264,100.053,3,0,0,0,56.458
2521,0,0,0.000,0.000,3,0,0,0,58.475
2522,0,0,0.000,0.000,3,0,0,0,58.383
2523,0,0,0.000,0.000,3,0,0,0,56.483
2524,0,0,0.000,0.000,3,0,0,0,57.940
2525,0,0,0.000,0.000,3,0,0,0,56.842
2526,0,0,0.000,0.000,3,0,0,0,58.600
2527,0,0,0.000,0.000,3,0,0,0,59.021
2528,0,0,0.000,0.000,3,0,0,0,59.312
2529,0,0,0.000,0.000,3,0,0,0,58.922
2530,0,0,0.000,0.000,3,0,0,0,57.636
2531,0,0,0.000,0.000,3,0,0,0,58.985
2532,0,0,0.000,0.000,3,0,0,0,57.009
2533,0,0,0.000,0.000,3,0,0,0,58.454
2534,0,0,0.000,0.000,3,0,0,0,65.335
2535,0,0,0.000,0.000,3,0,0,0,59.971
2536,0,0,0.000,0.000,3,0,0,0,59.656
2537,0,0,0.000,0.000,3,0,0,0,58.434
2538,0,0,0.000,0.000,3,0,0,0,59.376
2539,0,0,0.000,0.000,3,0,0,0,59.139
2540,0,1,94.432,98.091,3,0,0,0,60.253
2541,0,0,0.000,0.000,3,0,0,0,60.357
2542,0,0,0.000,0.000,3,0,0,0,57.959
2543,0,0,0.000,0.000,3,0,0,0,55.929
2544,0,0,0.000,0.000,3,0,0,0,60.249
2545,0,0,0.000,0.000,3,0,0,0,57.786
2546,0,0,0.000,0.000,3,0,0,0,60.087
2547,0,0,0.000,0.000,3,0,0,0,54.134
2548,0,0,0.000,0.000,3,0,0,0,58.075
2549,0,0,0.000,0.000,3,0,0,0,55.856
2550,0,0,0.000,0.000,3,0,0,0,56.775
2551,0,0,0.000,0.000,3,0,0,0,55.663
2552,0,0,0.000,0.000,3,0,0,0,54.134
2553,0,0,0.000,0.000,3,0,0,0,53.238
2554,0,0,0.000,0.000,3,0,0,0,53.367
2555,0,0,0.000,0.000,3,0,0,0,54.891
2556,0,0,0.000,0.000,3,0,0,0,56.299
2557,0,0,0.000,0.000,3,0,0,0,55.900
2558,0,0,0.000,0.000,3,0,0,0,57.924
2559,0,0,0.000,0.000,3,0,0,0,57.208
2560,0,1,94.324,98.233,3,0,0,0,55.072
2561,0,0,0.000,0.000,3,0,0,0,58.269
2562,0,0,0.000,0.000,3,0,0,0,56.040
2563,0,0,0.000,0.000,3,0,0,0,53.837
2564,0,0,0.000,0.000,3,0,0,0,58.682
2565,0,0,0.000,0.000,3,0,0,0,57.521
2566,0,0,0.000,0.000,3,0,0,0,59.689
2567,0,0,0.000,0.000,3,0,0,0,56.582
2568,0,0,0.000,0.000,3,0,0,0,56.748
2569,0,0,0.000,0.000,3,0,0,0,56.655
2570,0,0,0.000,0.000,3,0,0,0,57.263
2571,0,0,0.000,0.000,3,0,0,0,57.003
2572,0,0,0.000,0.000,3,0,0,0,58.219
2573,0,0,0.000,0.000,3,0,0,0,55.788
2574,0,0,0.000,0.000,3,0,0,0,58.435
2575,0,0,0.000,0.000,3,0,0,0,58.910
2576,0,0,0.000,0.000,3,0,0,0,59.543
2577,0,0,0.000,0.000,3,0,0,0,60.292
2578,0,0,0.000,0.000,3,0,0,0,57.154
2579,0,0,0.000,0.000,3,0,0,0,58.158
2580,0,1,95.506,99.423,3,0,0,0,56.660
2581,0,0,0.000,0.000,3,0,0,0,56.447
2582,0,0,0.000,0.000,3,0,0,0,58.945
2583,0,0,0.000,0.000,3,0,0,0,57.104
2584,0,0,0.000,0.000,3,0,0,0,60.810
2585,0,0,0.000,0.000,3,0,0,0,55.427
2586,0,0,0.000,0.000,3,0,0,0,59.644
2587,0,0,0.000,0.000,3,0,0,0,62.609
2588,0,0,0.000,0.000,3,0,0,0,59.918
2589,0,0,0.000,0.000,3,0,0,0,61.526
2590,0,0,0.000,0.000,3,0,0,0,59.582
2591,0,0,0.000,0.000,3,0,0,0,62.604
2592,0,0,0.000,0.000,3,0,0,0,65.100
2593,0,0,0.000,0.000,3,0,0,0,67.705
2594,0,0,0.000,0.000,3,0,0,0,59.224
2595,0,0,0.000,0.000,3,0,0,0,60.404
2596,0,0,0.000,0.000,3,0,0,0,59.013
2597,0,0,0.000,0.000,3,0,0,0,60.637
2598,0,0,0.000,0.000,3,0,0,0,67.054
2599,0,0,0.000,0.000,3,0,0,0,61.607
2600,0,1,94.288,95.493,2,0,0,0,60.964
2601,0,0,0.000,0.000,2,0,0,0,63.264
2602,0,0,0.000,0.000,2,0,0,0,60.322
2603,0,0,0.000,0.000,2,0,0,0,60.549
2604,0,0,0.000,0.000,2,0,0,0,60.698
2605,0,0,0.000,0.000,2,0,0,0,60.305
2606,0,0,0.000,0.000,2,0,0,0,62.496
2607,0,0,0.000,0.000,2,0,0,0,65.151
2608,0,0,0.000,0.000,2,0,0,0,59.557
2609,0,0,0.000,0.000,2,0,0,0,61.637
2610,0,0,0.000,0.000,2,0,0,0,58.919
2611,0,0,0.000,0.000,2,0,0,0,60.056
2612,0,0,0.000,0.000,2,0,0,0,59.760
2613,0,0,0.000,0.000,2,0,0,0,59.844
2614,0,0,0.000,0.000,2,0,0,0,59.049
2615,0,0,0.000,0.000,2,0,0,0,64.559
2616,0,0,0.000,0.000,2,0,0,0,59.764
2617,0,0,0.000,0.000,2,0,0,0,58.315
2618,0,0,0.000,0.000,2,0,0,0,62.752
2619,0,0,0.000,0.000,2,0,0,0,62.133
2620,0,1,94.194,97.346,2,0,0,0,62.239
2621,0,0,0.000,0.000,2,0,0,0,61.656
2622,0,0,0.000,0.000,2,0,0,0,59.330
2623,0,0,0.000,0.000,2,0,0,0,59.029
2624,0,0,0.000,0.000,2,0,0,0,60.032
2625,0,0,0.000,0.000,2,0,0,0,59.950
2626,0,0,0.000,0.000,2,0,0,0,62.394
2627,0,0,0.000,0.000,2,0,0,0,61.200
2628,0,0,0.000,0.000,2,0,0,0,61.708
2629,0,0,0.000,0.000,2,0,0,0,59.395
2630,0,0,0.000,0.000,2,0,0,0,59.523
2631,0,0,0.000,0.000,2,0,0,0,59.687
2632,0,0,0.000,0.000,2,0,0,0,59.146
2633,0,0,0.000,0.000,2,0,0,0,60.807
2634,0,0,0.000,0.000,2,0,0,0,56.967
2635,0,0,0.000,0.000,2,0,0,0,57.814
2636,0,0,0.000,0.000,2,0,0,0,58.759
2637,0,0,0.000,0.000,2,0,0,0,62.785
2638,0,0,0.000,0.000,2,0,0,0,61.161
2639,0,0,0.000,0.000,2,0,0,0,62.451
2640,0,1,94.395,97.865,2,0,0,0,59.549
2641,0,0,0.000,0.000,2,0,0,0,62.824
2642,0,0,0.000,0.000,2,0,0,0,60.903
2643,0,0,0.000,0.000,2,0,0,0,59.747
2644,0,0,0.000,0.000,2,0,0,0,74.161
2645,0,0,0.000,0.000,2,0,0,0,58.525
2646,0,0,0.000,0.000,2,0,0,0,58.938
2647,0,0,0.000,0.000,2,0,0,0,58.829
2648,0,0,0.000,0.000,2,0,0,0,63.725
2649,0,0,0.000,0.000,2,0,0,0,59.039
2650,0,0,0.000,0.000,2,0,0,0,58.394
2651,0,0,0.000,0.000,2,0,0,0,57.173
2652,0,0,0.000,0.000,2,0,0,0,58.408
2653,0,0,0.000,0.000,2,0,0,0,60.526
2654,0,0,0.000,0.000,2,0,0,0,58.571
2655,0,0,0.000,0.000,2,0,0,0,58.931
2656,0,0,0.000,0.000,2,0,0,0,59.764
2657,0,0,0.000,0.000,2,0,0,0,61.489
2658,0,0,0.000,0.000,2,0,0,0,59.832
2659,0,0,0.000,0.000,2,0,0,0,61.370
2660,0,1,93.508,94.244,2,0,0,0,67.230
2661,0,0,0.000,0.000,2,0,0,0,62.947
2662,0,0,0.000,0.000,2,0,0,0,58.458
2663,0,0,0.000,0.000,2,0,0,0,61.389
2664,0,0,0.000,0.000,2,0,0,0,56.303
2665,0,0,0.000,0.000,2,0,0,0,64.539
2666,0,0,0.000,0.000,2,0,0,0,64.734
2667,0,0,0.000,0.000,2,0,0,0,59.748
2668,0,0,0.000,0.000,2,0,0,0,63.094
2669,0,0,0.000,0.000,2,0,0,0,59.882
2670,0,0,0.000,0.000,2,0,0,0,59.550
2671,0,0,0.000,0.000,2,0,0,0,60.187
2672,0,0,0.000,0.000,2,0,0,0,61.003
2673,0,0,0.000,0.000,2,0,0,0,55.766
2674,0,0,0.000,0.000,2,0,0,0,53.771
2675,0,0,0.000,0.000,2,0,0,0,55.593
2676,0,0,0.000,0.000,2,0,0,0,55.833
2677,0,0,0.000,0.000,2,0,0,0,57.511
2678,0,0,0.000,0.000,2,0,0,0,55.714
2679,0,0,0.000,0.000,2,0,0,0,56.228
2680,0,1,93.255,96.101,2,0,0,0,61.314
2681,0,0,0.000,0.000,2,0,0,0,64.165
2682,0,0,0.000,0.000,2,0,0,0,62.008
2683,0,0,0.000,0.000,2,0,0,0,58.125
2684,0,0,0.000,0.000,2,0,0,0,59.487
2685,0,0,0.000,0.000,2,0,0,0,57.392
2686,0,0,0.000,0.000,2,0,0,0,58.804
2687,0,0,0.000,0.000,2,0,0,0,62.946
2688,0,0,0.000,0.000,2,0,0,0,57.810
2689,0,0,0.000,0.000,2,0,0,0,57.217
2690,0,0,0.000,0.000,2,0,0,0,59.604
2691,0,0,0.000,0.000,2,0,0,0,60.368
2692,0,0,0.000,0.000,2,0,0,0,58.887
2693,0,0,0.000,0.000,2,0,0,0,57.552
2694,0,0,0.000,0.000,2,0,0,0,56.299
2695,0,0,0.000,0.000,2,0,0,0,58.986
2696,0,0,0.000,0.000,2,0,0,0,58.345
2697,0,0,0.000,0.000,2,0,0,0,53.525
2698,0,0,0.000,0.000,2,0,0,0,58.435
2699,0,0,0.000,0.000,2,0,0,0,56.880
2700,0,1,94.293,97.774,2,0,0,0,56.253
2701,0,0,0.000,0.000,2,0,0,0,56.912
2702,0,0,0.000,0.000,2,0,0,0,58.205
2703,0,0,0.000,0.000,2,0,0,0,58.614
2704,0,0,0.000,0.000,2,0,0,0,58.201
2705,0,0,0.000,0.000,2,0,0,0,59.160
2706,0,0,0.000,0.000,2,0,0,0,55.195
2707,0,0,0.000,0.000,2,0,0,0,58.833
2708,0,0,0.000,0.000,2,0,0,0,58.045
2709,0,0,0.000,0.000,2,0,0,0,60.774
2710,0,0,0.000,0.000,2,0,0,0,56.949
2711,0,0,0.000,0.000,2,0,0,0,57.729
2712,0,0,0.000,0.000,2,0,0,0,60.578
2713,0,0,0.000,0.000,2,0,0,0,57.729
2714,0,0,0.000,0.000,2,0,0,0,58.453
2715,0,0,0.000,0.000,2,0,0,0,56.108
2716,0,0,0.000,0.000,2,0,0,0,56.817
2717,0,0,0.000,0.000,2,0,0,0,55.681
2718,0,0,0.000,0.000,2,0,0,0,55.365
2719,0,0,0.000,0.000,2,0,0,0,57.052
2720,0,1,94.959,98.594,2,0,0,0,59.079
2721,0,0,0.000,0.000,2,0,0,0,62.929
2722,0,0,0.000,0.000,2,0,0,0,59.047
2723,0,0,0.000,0.000,2,0,0,0,57.640
2724,0,0,0.000,0.000,2,0,0,0,55.928
2725,0,0,0.000,0.000,2,0,0,0,65.203
2726,0,0,0.000,0.000,2,0,0,0,59.009
2727,0,0,0.000,0.000,2,0,0,0,62.034
2728,0,0,0.000,0.000,2,0,0,0,58.299
2729,0,0,0.000,0.000,2,0,0,0,63.215
2730,0,0,0.000,0.000,2,0,0,0,67.605
2731,0,0,0.000,0.000,2,0,0,0,59.408
2732,0,0,0.000,0.000,2,0,0,0,59.761
2733,0,0,0.000,0.000,2,0,0,0,58.035
2734,0,0,0.000,0.000,2,0,0,0,61.207
2735,0,0,0.000,0.000,2,0,0,0,60.194
2736,0,0,0.000,0.000,2,0,0,0,58.716
2737,0,0,0.000,0.000,2,0,0,0,59.110
2738,0,0,0.000,0.000,2,0,0,0,59.697
2739,0,0,0.000,0.000,2,0,0,0,58.009
2740,0,1,95.282,99.050,2,0,0,0,59.931
2741,0,0,0.000,0.000,2,0,0,0,59.454
2742,0,0,0.000,0.000,2,0,0,0,59.545
2743,0,0,0.000,0.000,2,0,0,0,57.554
2744,0,0,0.000,0.000,2,0,0,0,60.196
2745,0,0,0.000,0.000,2,0,0,0,60.249
2746,0,0,0.000,0.000,2,0,0,0,56.623
2747,0,0,0.000,0.000,2,0,0,0,55.698
2748,0,0,0.000,0.000,2,0,0,0,61.837
2749,0,0,0.000,0.000,2,0,0,0,59.439
2750,0,0,0.000,0.000,2,0,0,0,60.038
2751,0,0,0.000,0.000,2,0,0,0,60.310
2752,0,0,0.000,0.000,2,0,0,0,59.751
2753,0,0,0.000,0.000,2,0,0,0,59.654
2754,0,0,0.000,0.000,2,0,0,0,58.680
2755,0,0,0.000,0.000,2,0,0,0,61.482
2756,0,0,0.000,0.000,2,0,0,0,58.402
2757,0,0,0.000,0.000,2,0,0,0,57.038
2758,0,0,0.000,0.000,2,0,0,0,59.376
2759,0,0,0.000,0.000,2,0,0,0,59.333
2760,0,1,94.168,98.403,3,0,0,0,58.731
2761,0,0,0.000,0.000,3,0,0,0,58.842
2762,0,0,0.000,0.000,3,0,0,0,57.601
2763,0,0,0.000,0.000,3,0,0,0,60.152
2764,0,0,0.000,0.000,3,0,0,0,59.264
2765,0,0,0.000,0.000,3,0,0,0,58.250
2766,0,0,0.000,0.000,3,0,0,0,60.846
2767,0,0,0.000,0.000,3,0,0,0,60.004
2768,0,0,0.000,0.000,3,0,0,0,58.587
2769,0,0,0.000,0.000,3,0,0,0,58.424
2770,0,0,0.000,0.000,3,0,0,0,58.529
2771,0,0,0.000,0.000,3,0,0,0,56.820
2772,0,0,0.000,0.000,3,0,0,0,58.473
2773,0,0,0.000,0.000,3,0,0,0,66.829
2774,0,0,0.000,0.000,3,0,0,0,58.376
2775,0,0,0.000,0.000,3,0,0,0,57.185
2776,0,0,0.000,0.000,3,0,0,0,57.235
2777,0,0,0.000,0.000,3,0,0,0,60.403
2778,0,0,0.000,0.000,3,0,0,0,59.899
2779,0,0,0.000,0.000,3,0,0,0,58.654
2780,0,1,95.306,99.040,3,0,0,0,60.882
2781,0,0,0.000,0.000,3,0,0,0,58.739
2782,0,0,0.000,0.000,3,0,0,0,58.152
2783,0,0,0.000,0.000,3,0,0,0,57.886
2784,0,0,0.000,0.000,3,0,0,0,57.809
2785,0,0,0.000,0.000,3,0,0,0,56.119
2786,0,0,0.000,0.000,3,0,0,0,59.680
2787,0,0,0.000,0.000,3,0,0,0,59.662
2788,0,0,0.000,0.000,3,0,0,0,60.410
2789,0,0,0.000,0.000,3,0,0,0,60.062
2790,0,0,0.000,0.000,3,0,0,0,57.617
2791,0,0,0.000,0.000,3,0,0,0,59.368
2792,0,0,0.000,0.000,3,0,0,0,60.018
2793,0,0,0.000,0.000,3,0,0,0,66.150
2794,0,0,0.000,0.000,3,0,0,0,61.629
2795,0,0,0.000,0.000,3,0,0,0,58.644
2796,0,0,0.000,0.000,3,0,0,0,63.852
2797,0,0,0.000,0.000,3,0,0,0,61.802
2798,0,0,0.000,0.000,3,0,0,0,67.044
2799,0,0,0.000,0.000,3,0,0,0,69.498
